instance_name,method,generator,use_time_windows,initial_routes,initial_distance,final_routes,final_distance,delta_routes,delta_distance,distance_improvement_pct,runtime_seconds,history_length,param_fill_ratio,param_seed,param_sa_initial_temp,param_sa_cooling_rate,param_sa_min_temp,param_sa_iterations_per_temp,param_sa_p_relocate,param_sa_p_exchange,param_tabu_tenure,param_tabu_max_iterations,param_tabu_max_no_improve,param_tabu_no_2opt
data1201.vrp,sa,random,True,44,5526.798446898165,6,1348.0691409886183,38,4178.729305909546,75.60849823019686,142.4445801,104849,0.75,1,200,0.98,0.001,1000,0.7,0.1,10,200,50,False
data1201.vrp,sa,random,True,44,5526.798446898165,7,1339.7257904953112,37,4187.072656402854,75.75945995918826,144.3986875,101000,0.75,1,200,0.98,0.001,1000,0.8,0.1,10,200,50,False
data1201.vrp,sa,random,True,44,5526.798446898165,6,1354.6277138404662,38,4172.170733057699,75.48982965715476,159.17508930000002,95260,0.75,1,200,0.98,0.001,1000,0.8,0.2,10,200,50,False
data1201.vrp,sa,random,True,44,5526.798446898165,6,1347.5257785005376,38,4179.272668397627,75.61832964513448,162.33159640000002,100324,0.75,1,200,0.98,0.001,1000,0.7,0.2,10,200,50,False
data1201.vrp,sa,random,True,44,5526.798446898165,6,1393.917063239882,38,4132.881383658283,74.77894161271256,205.53763659999998,152044,0.75,1,200,0.98,0.001,1500,0.8,0.1,10,200,50,False
data1201.vrp,sa,random,True,44,5526.798446898165,7,1311.898281866287,37,4214.900165031878,76.26296137861566,213.580112,149733,0.75,1,200,0.98,0.001,1500,0.7,0.2,10,200,50,False
data1201.vrp,sa,random,True,44,5526.798446898165,6,1444.6184382444837,38,4082.1800086536814,73.86156828180961,216.826953,143053,0.75,1,200,0.98,0.001,1500,0.8,0.2,10,200,50,False
data1201.vrp,sa,random,True,44,5526.798446898165,6,1355.6405574063715,38,4171.157889491793,75.47150361223675,234.4662015,158493,0.75,1,200,0.98,0.001,1500,0.7,0.1,10,200,50,False
data1201.vrp,sa,random,True,44,5526.798446898165,7,1313.396172107735,37,4213.40227479043,76.23585906511826,239.4227255,211826,0.75,1,200,0.98,0.001,2000,0.7,0.1,10,200,50,False
data1201.vrp,sa,random,True,44,5526.798446898165,6,1393.5758523623347,38,4133.2225945358305,74.78511536557917,270.8236599,199285,0.75,1,200,0.98,0.001,2000,0.7,0.2,10,200,50,False
data1201.vrp,sa,random,True,44,5526.798446898165,6,1391.6157416387189,38,4135.182705259446,74.82058093832347,301.9750955,190932,0.75,1,200,0.98,0.001,2000,0.8,0.2,10,200,50,False
data1201.vrp,sa,random,True,44,5526.798446898165,6,1366.1745300813122,38,4160.623916816852,75.2809055150535,356.1259583000001,201968,0.75,1,200,0.98,0.001,2000,0.8,0.1,10,200,50,False
data1201.vrp,sa,random,True,44,5526.798446898165,6,1321.2451032531499,38,4205.553343645015,76.09384319063274,211.83360849999997,141300,0.75,1,200,0.985,0.001,1000,0.7,0.1,10,200,50,False
data1201.vrp,sa,random,True,44,5526.798446898165,6,1323.7484682679292,38,4203.049978630235,76.0485481606288,251.60871820000006,133964,0.75,1,200,0.985,0.001,1000,0.7,0.2,10,200,50,False
data1201.vrp,sa,random,True,44,5526.798446898165,7,1368.134882451293,37,4158.6635644468715,75.24543557004256,163.24771020000003,126118,0.75,1,200,0.985,0.001,1000,0.8,0.2,10,200,50,False
data1201.vrp,sa,random,True,44,5526.798446898165,6,1348.7113110860253,38,4178.087135812139,75.59687902418497,515.6937356999999,318429,0.75,1,200,0.98,0.001,3000,0.7,0.1,10,200,50,False
data1201.vrp,sa,random,True,44,5526.798446898165,6,1355.7946359016844,38,4171.003810996481,75.46871576866343,510.51540719999997,299887,0.75,1,200,0.98,0.001,3000,0.7,0.2,10,200,50,False
data1201.vrp,sa,random,True,44,5526.798446898165,6,1351.6802787983743,38,4175.118168099791,75.54315953828595,261.9333125,136358,0.75,1,200,0.985,0.001,1000,0.8,0.1,10,200,50,False
data1201.vrp,sa,random,True,44,5526.798446898165,6,1336.8241224049436,38,4189.9743244932215,75.81196174875498,543.4430355,286088,0.75,1,200,0.98,0.001,3000,0.8,0.2,10,200,50,False
data1201.vrp,sa,random,True,44,5526.798446898165,6,1321.2745407186212,38,4205.523906179544,76.09331055920508,612.3139486,305108,0.75,1,200,0.98,0.001,3000,0.8,0.1,10,200,50,False
data1201.vrp,sa,random,True,44,5526.798446898165,7,1312.248894216303,37,4214.549552681862,76.2566175187231,273.2649658,211425,0.75,1,200,0.985,0.001,1500,0.7,0.1,10,200,50,False
data1201.vrp,sa,random,True,44,5526.798446898165,6,1329.7982657471234,38,4197.000181151041,75.9390851950924,320.6192863,201039,0.75,1,200,0.985,0.001,1500,0.7,0.2,10,200,50,False
data1201.vrp,sa,random,True,44,5526.798446898165,6,1368.8649599901885,38,4157.933486907977,75.23222579686357,356.2114167000001,202638,0.75,1,200,0.985,0.001,1500,0.8,0.1,10,200,50,False
data1201.vrp,sa,random,True,44,5526.798446898165,6,1361.4942596480676,38,4165.304187250097,75.36558872682997,315.3995598999999,191673,0.75,1,200,0.985,0.001,1500,0.8,0.2,10,200,50,False
data1201.vrp,sa,random,True,44,5526.798446898165,6,1375.423113495811,38,4151.375333402354,75.11356481132857,370.6718329999999,255735,0.75,1,200,0.985,0.001,2000,0.8,0.2,10,200,50,False
data1201.vrp,sa,random,True,44,5526.798446898165,6,1310.8416735362105,38,4215.956773361954,76.28207928820163,502.75496580000004,267782,0.75,1,200,0.985,0.001,2000,0.7,0.2,10,200,50,False
data1201.vrp,sa,random,True,44,5526.798446898165,5,1365.9155030420102,39,4160.882943856155,75.28559226167167,516.2794673999999,280561,0.75,1,200,0.985,0.001,2000,0.7,0.1,10,200,50,False
data1201.vrp,sa,random,True,44,5526.798446898165,6,1311.9241966043853,38,4214.874250293779,76.26249248621173,502.56462080000006,269243,0.75,1,200,0.985,0.001,2000,0.8,0.1,10,200,50,False
data1201.vrp,sa,random,True,44,5526.798446898165,6,1342.475126728063,38,4184.323320170102,75.70971441013003,545.8137764000002,423494,0.75,1,200,0.985,0.001,3000,0.7,0.1,10,200,50,False
data1201.vrp,sa,random,True,44,5526.798446898165,6,1328.2683418081394,38,4198.530105090025,75.9667671153521,262.2536577000001,209647,0.75,1,200,0.99,0.001,1000,0.7,0.1,10,200,50,False
data1201.vrp,sa,random,True,44,5526.798446898165,6,1371.855231153421,38,4154.943215744744,75.17812085361362,243.92906249999987,190067,0.75,1,200,0.99,0.001,1000,0.8,0.2,10,200,50,False
data1201.vrp,sa,random,True,44,5526.798446898165,6,1335.8315234122995,38,4190.966923485866,75.82992149529146,541.7113351,402404,0.75,1,200,0.985,0.001,3000,0.7,0.2,10,200,50,False
data1201.vrp,sa,random,True,44,5526.798446898165,6,1343.0706495347656,38,4183.727797363399,75.69893922423488,314.38471819999995,200412,0.75,1,200,0.99,0.001,1000,0.7,0.2,10,200,50,False
data1201.vrp,sa,random,True,44,5526.798446898165,6,1343.7552849923543,38,4183.043161905811,75.68655166452619,314.83768570000007,202742,0.75,1,200,0.99,0.001,1000,0.8,0.1,10,200,50,False
data1201.vrp,sa,random,True,44,5526.798446898165,8,3067.2235905690486,36,2459.5748563291163,44.502705860560496,55.7142808000001,108872,0.75,1,200,0.99,0.001,1500,0.8,0.1,10,200,50,False
data1201.vrp,sa,random,True,44,5526.798446898165,8,2981.5781554466125,36,2545.2202914515524,46.05234505846726,94.52322600000002,189158,0.75,1,200,0.99,0.001,2000,0.7,0.2,10,200,50,False
data1201.vrp,sa,random,True,44,5526.798446898165,6,1399.5001580232758,38,4127.298288874889,74.67792300606285,669.7693912,384078,0.75,1,200,0.985,0.001,3000,0.8,0.2,10,200,50,False
data1201.vrp,sa,random,True,44,5526.798446898165,6,1333.8076007094787,38,4192.990846188686,75.86654166015302,679.6687363000001,407115,0.75,1,200,0.985,0.001,3000,0.8,0.1,10,200,50,False
data1201.vrp,sa,random,True,44,5526.798446898165,6,1325.5073757176472,38,4201.291071180518,76.01672309107693,444.788323,319318,0.75,1,200,0.99,0.001,1500,0.7,0.1,10,200,50,False
data1201.vrp,sa,random,True,44,5526.798446898165,6,1327.4029177668338,38,4199.395529131331,75.98242580183434,397.57844820000014,300229,0.75,1,200,0.99,0.001,1500,0.7,0.2,10,200,50,False
data1201.vrp,sa,random,True,44,5526.798446898165,7,1333.8145003852137,37,4192.983946512952,75.86641681978112,386.8860104999999,287965,0.75,1,200,0.99,0.001,1500,0.8,0.2,10,200,50,False
data1201.vrp,sa,random,True,44,5526.798446898165,8,2962.274620265881,36,2564.523826632284,46.40161661895931,131.3815156999999,240659,0.75,1,200,0.99,0.001,3000,0.8,0.1,10,200,50,False
data1201.vrp,sa,random,True,44,5526.798446898165,6,1371.6188968717868,38,4155.179550026378,75.1823970052393,149.51110889999995,114414,0.75,1,250,0.98,0.001,1000,0.7,0.1,10,200,50,False
data1201.vrp,sa,random,True,44,5526.798446898165,6,1322.4196915173547,38,4204.378755380811,76.07259059248771,591.3505510000002,428873,0.75,1,200,0.99,0.001,2000,0.7,0.1,10,200,50,False
data1201.vrp,sa,random,True,44,5526.798446898165,6,1397.414092699324,38,4129.384354198841,74.7156675582479,501.5778527,380823,0.75,1,200,0.99,0.001,2000,0.8,0.2,10,200,50,False
data1201.vrp,sa,random,True,44,5526.798446898165,6,1389.8015427866908,38,4136.996904111475,74.85340643158976,177.15044330000023,110124,0.75,1,250,0.98,0.001,1000,0.7,0.2,10,200,50,False
data1201.vrp,sa,random,True,44,5526.798446898165,6,1325.075981975615,38,4201.72246492255,76.02452858183575,593.1756629000001,402808,0.75,1,200,0.99,0.001,2000,0.8,0.1,10,200,50,False
data1201.vrp,sa,random,True,44,5526.798446898165,6,1333.485270991131,38,4193.313175907034,75.87237378378562,194.24915800000008,111995,0.75,1,250,0.98,0.001,1000,0.8,0.1,10,200,50,False
data1201.vrp,sa,random,True,44,5526.798446898165,7,1362.422385230312,37,4164.376061667853,75.34879554012049,144.5199889999999,105255,0.75,1,250,0.98,0.001,1000,0.8,0.2,10,200,50,False
data1201.vrp,sa,random,True,44,5526.798446898165,6,1322.4559844310552,38,4204.34246246711,76.07193392092552,238.7187498000003,173768,0.75,1,250,0.98,0.001,1500,0.7,0.1,10,200,50,False
data1201.vrp,sa,random,True,44,5526.798446898165,7,1315.3529533079682,37,4211.445493590197,76.20045373563079,230.7876685000001,167287,0.75,1,250,0.98,0.001,1500,0.8,0.1,10,200,50,False
data1201.vrp,sa,random,True,44,5526.798446898165,7,1397.9512914620686,37,4128.847155436097,74.70594766764748,174.18593379999993,157733,0.75,1,250,0.98,0.001,1500,0.8,0.2,10,200,50,False
data1201.vrp,sa,random,True,44,5526.798446898165,6,1324.6492426394548,38,4202.149204258711,76.03224985736735,280.76343989999987,165229,0.75,1,250,0.98,0.001,1500,0.7,0.2,10,200,50,False
data1201.vrp,sa,random,True,44,5526.798446898165,6,1300.1741069192758,38,4226.624339978889,76.47509458845963,794.8774863000001,599601,0.75,1,200,0.99,0.001,3000,0.7,0.2,10,200,50,False
data1201.vrp,sa,random,True,44,5526.798446898165,6,1318.276822953472,38,4208.521623944693,76.14755023872209,331.4857059000001,232385,0.75,1,250,0.98,0.001,2000,0.7,0.1,10,200,50,False
data1201.vrp,sa,random,True,44,5526.798446898165,6,1311.1742777086051,38,4215.624169189559,76.27606126211309,948.1219262,637065,0.75,1,200,0.99,0.001,3000,0.7,0.1,10,200,50,False
data1201.vrp,sa,random,True,44,5526.798446898165,6,1335.8475578156463,38,4190.950889082518,75.82963137428376,342.1823481000001,220382,0.75,1,250,0.98,0.001,2000,0.7,0.2,10,200,50,False
data1201.vrp,sa,random,True,44,5526.798446898165,6,1389.8031396391966,38,4136.995307258969,74.85337753868693,342.5541264999997,212320,0.75,1,250,0.98,0.001,2000,0.8,0.2,10,200,50,False
data1201.vrp,sa,random,True,44,5526.798446898165,6,1374.5749638810792,38,4152.2234830170855,75.12891094024717,944.2724639,576449,0.75,1,200,0.99,0.001,3000,0.8,0.2,10,200,50,False
data1201.vrp,sa,random,True,44,5526.798446898165,5,1353.566230168169,39,4173.232216729995,75.50903577951465,191.0420105000003,154243,0.75,1,250,0.985,0.001,1000,0.7,0.1,10,200,50,False
data1201.vrp,sa,random,True,44,5526.798446898165,5,1373.4007558251108,39,4153.397691073054,75.15015665903447,528.7181805,221994,0.75,1,250,0.98,0.001,2000,0.8,0.1,10,200,50,False
data1201.vrp,sa,random,True,44,5526.798446898165,6,1315.580461171862,38,4211.217985726303,76.19633728618759,527.7694991999997,349400,0.75,1,250,0.98,0.001,3000,0.7,0.1,10,200,50,False
data1201.vrp,sa,random,True,44,5526.798446898165,6,1325.3171882510424,38,4201.481258647123,76.02016427802144,204.30730429999994,147612,0.75,1,250,0.985,0.001,1000,0.8,0.1,10,200,50,False
data1201.vrp,sa,random,True,44,5526.798446898165,6,1333.959296210278,38,4192.839150687887,75.86379693366703,256.7499514000001,148204,0.75,1,250,0.985,0.001,1000,0.7,0.2,10,200,50,False
data1201.vrp,sa,random,True,44,5526.798446898165,6,1361.4284524055106,38,4165.369994492654,75.3667794205596,488.9182012000001,316684,0.75,1,250,0.98,0.001,3000,0.8,0.2,10,200,50,False
data1201.vrp,sa,random,True,44,5526.798446898165,6,1406.2255275620041,38,4120.57291933616,74.55623647084094,223.6802077000002,141506,0.75,1,250,0.985,0.001,1000,0.8,0.2,10,200,50,False
data1201.vrp,sa,random,True,44,5526.798446898165,5,1373.0007724567768,39,4153.797674441388,75.15739382123925,654.7956813000001,332074,0.75,1,250,0.98,0.001,3000,0.7,0.2,10,200,50,False
data1201.vrp,sa,random,True,44,5526.798446898165,6,1321.8162050863768,38,4204.982241811788,76.08350986947558,297.5606597000001,233341,0.75,1,250,0.985,0.001,1500,0.7,0.1,10,200,50,False
data1201.vrp,sa,random,True,44,5526.798446898165,5,1370.8741664910453,39,4155.92428040712,75.19587190192492,685.1248328000001,334841,0.75,1,250,0.98,0.001,3000,0.8,0.1,10,200,50,False
data1201.vrp,sa,random,True,44,5526.798446898165,6,1312.054821534692,38,4214.743625363473,76.26012900341856,324.5281828000002,221585,0.75,1,250,0.985,0.001,1500,0.7,0.2,10,200,50,False
data1201.vrp,sa,random,True,44,5526.798446898165,6,1325.1572579461604,38,4201.641188952004,76.0230580022348,325.66124590000027,222867,0.75,1,250,0.985,0.001,1500,0.8,0.1,10,200,50,False
data1201.vrp,sa,random,True,44,5526.798446898165,6,1357.958732976772,38,4168.839713921393,75.42955933667336,310.5164774,212295,0.75,1,250,0.985,0.001,1500,0.8,0.2,10,200,50,False
data1201.vrp,sa,random,True,44,5526.798446898165,6,1340.987186918481,38,4185.811259979684,75.73663668391796,367.30657999999994,309882,0.75,1,250,0.985,0.001,2000,0.7,0.1,10,200,50,False
data1201.vrp,sa,random,True,44,5526.798446898165,7,2817.751244221444,37,2709.047202676721,49.01657313371241,173.65549099999998,272038,0.75,1,250,0.985,0.001,3000,0.8,0.2,10,200,50,False
data1201.vrp,sa,random,True,44,5526.798446898165,6,1319.6069036828133,38,4207.191543215352,76.12348421311758,398.12571469999966,299261,0.75,1,250,0.985,0.001,2000,0.8,0.1,10,200,50,False
data1201.vrp,sa,random,True,44,5526.798446898165,6,1365.4446438192235,38,4161.353803078941,75.29411182733541,365.9018395000003,281494,0.75,1,250,0.985,0.001,2000,0.8,0.2,10,200,50,False
data1201.vrp,sa,random,True,44,5526.798446898165,6,1375.212409292738,38,4151.586037605427,75.11737722108256,489.65318780000007,296045,0.75,1,250,0.985,0.001,2000,0.7,0.2,10,200,50,False
data1201.vrp,sa,random,True,44,5526.798446898165,6,1333.807115690508,38,4192.991331207657,75.86655043592032,290.7985590999997,220669,0.75,1,250,0.99,0.001,1000,0.7,0.2,10,200,50,False
data1201.vrp,sa,random,True,44,5526.798446898165,6,1322.0081253138783,38,4204.790321584287,76.0800373305483,305.3288808000002,233073,0.75,1,250,0.99,0.001,1000,0.7,0.1,10,200,50,False
data1201.vrp,sa,random,True,44,5526.798446898165,6,1310.4533471952052,38,4216.3450997029595,76.2891055321426,598.7738936000001,467319,0.75,1,250,0.985,0.001,3000,0.7,0.1,10,200,50,False
data1201.vrp,sa,random,True,44,5526.798446898165,6,1306.8678574155233,38,4219.930589482641,76.35398015737331,561.2997865000002,443851,0.75,1,250,0.985,0.001,3000,0.8,0.1,10,200,50,False
data1201.vrp,sa,random,True,44,5526.798446898165,6,1329.951702766632,38,4196.846744131533,75.9363089581628,348.09503600000016,224226,0.75,1,250,0.99,0.001,1000,0.8,0.1,10,200,50,False
data1201.vrp,sa,random,True,44,5526.798446898165,6,1392.3343830952585,38,4134.464063802907,74.80757808570556,327.8968315000002,212727,0.75,1,250,0.99,0.001,1000,0.8,0.2,10,200,50,False
data1201.vrp,sa,random,True,44,5526.798446898165,6,1349.408415428758,38,4177.390031469407,75.58426585673496,641.4870875000001,442903,0.75,1,250,0.985,0.001,3000,0.7,0.2,10,200,50,False
data1201.vrp,sa,random,True,44,5526.798446898165,8,2951.558141339556,36,2575.2403055586087,46.59551692180714,140.8731904000001,252893,0.75,1,250,0.99,0.001,2000,0.8,0.1,10,200,50,False
data1201.vrp,sa,random,True,44,5526.798446898165,7,2835.0824484156224,37,2691.7159984825425,48.702988255220866,157.16232290000016,260990,0.75,1,250,0.99,0.001,2000,0.7,0.2,10,200,50,False
data1201.vrp,sa,random,True,44,5526.798446898165,6,1316.522292505542,38,4210.276154392623,76.1792961123013,469.25191010000026,348571,0.75,1,250,0.99,0.001,1500,0.7,0.1,10,200,50,False
data1201.vrp,sa,random,True,44,5526.798446898165,6,1363.41551553516,38,4163.382931363005,75.3308261802028,409.3121243999999,316926,0.75,1,250,0.99,0.001,1500,0.8,0.2,10,200,50,False
data1201.vrp,sa,random,True,44,5526.798446898165,6,1322.3701303984283,38,4204.428316499737,76.0734873344153,488.8196861000006,332462,0.75,1,250,0.99,0.001,1500,0.8,0.1,10,200,50,False
data1201.vrp,sa,random,True,44,5526.798446898165,6,1364.1071919882343,38,4162.691254909931,75.318311223131,522.1095293999997,333293,0.75,1,250,0.99,0.001,1500,0.7,0.2,10,200,50,False
data1201.vrp,sa,random,True,44,5526.798446898165,6,1332.3866553181915,38,4194.411791579973,75.89225175985975,193.62465339999926,124811,0.75,1,300,0.98,0.001,1000,0.7,0.1,10,200,50,False
data1201.vrp,sa,random,True,44,5526.798446898165,6,1417.596324848475,38,4109.20212204969,74.35049715547198,572.7021087000003,421230,0.75,1,250,0.99,0.001,2000,0.8,0.2,10,200,50,False
data1201.vrp,sa,random,True,44,5526.798446898165,6,1329.8183427631975,38,4196.980104134967,75.9387219284333,636.1406948999997,466105,0.75,1,250,0.99,0.001,2000,0.7,0.1,10,200,50,False
data1201.vrp,sa,random,True,44,5526.798446898165,6,1372.5016576176154,38,4154.29678928055,75.1664246343575,208.10563889999958,120461,0.75,1,300,0.98,0.001,1000,0.7,0.2,10,200,50,False
data1201.vrp,sa,random,True,44,5526.798446898165,7,1401.0854773198266,37,4125.712969578339,74.64923878115792,152.88049880000017,114349,0.75,1,300,0.98,0.001,1000,0.8,0.2,10,200,50,False
data1201.vrp,sa,random,True,44,5526.798446898165,7,1367.480762436273,37,4159.317684461892,75.25727099377485,174.58669969999937,120364,0.75,1,300,0.98,0.001,1000,0.8,0.1,10,200,50,False
data1201.vrp,sa,random,True,44,5526.798446898165,6,1345.743947917435,38,4181.0544989807295,75.65056947801824,251.1360756999993,186525,0.75,1,300,0.98,0.001,1500,0.7,0.1,10,200,50,False
data1201.vrp,sa,random,True,44,5526.798446898165,6,1358.3478952886646,38,4168.4505516095005,75.4225179669612,282.33796340000026,178872,0.75,1,300,0.98,0.001,1500,0.7,0.2,10,200,50,False
data1201.vrp,sa,random,True,44,5526.798446898165,6,1350.946543921113,38,4175.851902977052,75.55643548609392,778.1927980999999,695445,0.75,1,250,0.99,0.001,3000,0.7,0.1,10,200,50,False
data1201.vrp,sa,random,True,44,5526.798446898165,7,1322.7522766006143,37,4204.046170297551,76.06657291179147,227.2178533999995,170720,0.75,1,300,0.98,0.001,1500,0.8,0.2,10,200,50,False
data1201.vrp,sa,random,True,44,5526.798446898165,6,1309.7955802798506,38,4217.002866618314,76.3010069416417,250.83928780000042,178877,0.75,1,300,0.98,0.001,1500,0.8,0.1,10,200,50,False
data1201.vrp,sa,random,True,44,5526.798446898165,6,1313.2585177084377,38,4213.539929189727,76.2383497367181,973.8605197000002,666197,0.75,1,250,0.99,0.001,3000,0.7,0.2,10,200,50,False
data1201.vrp,sa,random,True,44,5526.798446898165,6,1324.69809829441,38,4202.100348603755,76.03136587986346,1002.7707155999997,672175,0.75,1,250,0.99,0.001,3000,0.8,0.1,10,200,50,False
data1201.vrp,sa,random,True,44,5526.798446898165,6,1334.2805587490927,38,4192.517888149072,75.85798411921574,347.60260519999974,249526,0.75,1,300,0.98,0.001,2000,0.7,0.1,10,200,50,False
data1201.vrp,sa,random,True,44,5526.798446898165,6,1302.9425348051457,38,4223.8559120930195,76.42500360156244,387.4342429999997,237304,0.75,1,300,0.98,0.001,2000,0.7,0.2,10,200,50,False
data1201.vrp,sa,random,True,44,5526.798446898165,6,1327.2642661724644,38,4199.534180725701,75.98493451634062,403.83856449999985,239760,0.75,1,300,0.98,0.001,2000,0.8,0.1,10,200,50,False
data1201.vrp,sa,random,True,44,5526.798446898165,6,1363.3079377532151,38,4163.49050914495,75.33277265577956,384.62643170000047,228483,0.75,1,300,0.98,0.001,2000,0.8,0.2,10,200,50,False
data1201.vrp,sa,random,True,44,5526.798446898165,5,1435.110856561487,39,4091.687590336678,74.03359521158363,1067.8637517999996,638861,0.75,1,250,0.99,0.001,3000,0.8,0.2,10,200,50,False
data1201.vrp,sa,random,True,44,5526.798446898165,7,1335.3386161930855,37,4191.459830705079,75.83883998985841,192.2933663999993,166389,0.75,1,300,0.985,0.001,1000,0.7,0.1,10,200,50,False
data1201.vrp,sa,random,True,44,5526.798446898165,6,1300.7534191762086,38,4226.045027721956,76.46461271070528,494.0380613999996,373493,0.75,1,300,0.98,0.001,3000,0.7,0.1,10,200,50,False
data1201.vrp,sa,random,True,44,5526.798446898165,7,1310.6233707744316,37,4216.175076123734,76.28602918367686,194.95389410000007,158662,0.75,1,300,0.985,0.001,1000,0.7,0.2,10,200,50,False
data1201.vrp,sa,random,True,44,5526.798446898165,7,1328.8165444735655,37,4197.981902424599,75.95684812390174,203.8443368999997,159761,0.75,1,300,0.985,0.001,1000,0.8,0.1,10,200,50,False
data1201.vrp,sa,random,True,44,5526.798446898165,6,1417.4377550662557,38,4109.360691831909,74.35336626285383,240.8482942999999,152620,0.75,1,300,0.985,0.001,1000,0.8,0.2,10,200,50,False
data1201.vrp,sa,random,True,44,5526.798446898165,6,1312.7377537243956,38,4214.060693173769,76.24777226205616,594.8008385000003,356835,0.75,1,300,0.98,0.001,3000,0.7,0.2,10,200,50,False
data1201.vrp,sa,random,True,44,5526.798446898165,6,1421.1966749533153,38,4105.60177194485,74.2853536526026,586.9538484999994,361976,0.75,1,300,0.98,0.001,3000,0.8,0.1,10,200,50,False
data1201.vrp,sa,random,True,44,5526.798446898165,6,1351.8736823610986,38,4174.924764537066,75.53966016039868,570.9963812999995,343010,0.75,1,300,0.98,0.001,3000,0.8,0.2,10,200,50,False
data1201.vrp,sa,random,True,44,5526.798446898165,5,1331.6397185351111,39,4195.158728363054,75.90576657843431,336.33071650000056,249756,0.75,1,300,0.985,0.001,1500,0.7,0.1,10,200,50,False
data1201.vrp,sa,random,True,44,5526.798446898165,6,1338.1957872816863,38,4188.602659616478,75.78714331381617,338.69973800000025,238767,0.75,1,300,0.985,0.001,1500,0.7,0.2,10,200,50,False
data1201.vrp,sa,random,True,44,5526.798446898165,7,1364.2189933699117,37,4162.579453528253,75.31628832718587,263.6610344999999,228769,0.75,1,300,0.985,0.001,1500,0.8,0.2,10,200,50,False
data1201.vrp,sa,random,True,44,5526.798446898165,6,1328.8420746097331,38,4197.956372288432,75.95638619035356,350.0504173999998,239957,0.75,1,300,0.985,0.001,1500,0.8,0.1,10,200,50,False
data1201.vrp,sa,random,True,44,5526.798446898165,6,1366.4594830323447,38,4160.33896386582,75.27574967385955,390.1657804999995,317693,0.75,1,300,0.985,0.001,2000,0.7,0.2,10,200,50,False
data1201.vrp,sa,random,True,44,5526.798446898165,6,1355.4816337066143,38,4171.316813191551,75.47437912328142,445.4949443000005,332367,0.75,1,300,0.985,0.001,2000,0.7,0.1,10,200,50,False
data1201.vrp,sa,random,True,44,5526.798446898165,8,2881.88386697519,36,2644.914579922975,47.856179401790826,74.07024550000006,160508,0.75,1,300,0.99,0.001,1000,0.7,0.1,10,200,50,False
data1201.vrp,sa,random,True,44,5526.798446898165,9,3053.1776233439477,35,2473.620823554217,44.75684878543926,52.049829199999294,118264,0.75,1,300,0.99,0.001,1000,0.7,0.2,10,200,50,False
data1201.vrp,sa,random,True,44,5526.798446898165,6,1328.2094240983351,38,4198.58902279983,75.9678331522335,498.9919966999996,319805,0.75,1,300,0.985,0.001,2000,0.8,0.1,10,200,50,False
data1201.vrp,sa,random,True,44,5526.798446898165,6,1407.3089118525468,38,4119.489535045618,74.5366340861882,508.2456758999997,306110,0.75,1,300,0.985,0.001,2000,0.8,0.2,10,200,50,False
data1201.vrp,sa,random,True,44,5526.798446898165,8,3238.4431392978927,36,2288.355307600272,41.40471793185399,55.49595980000049,108699,0.75,1,300,0.99,0.001,1500,0.7,0.1,10,200,50,False
data1201.vrp,sa,random,True,44,5526.798446898165,8,3154.1323842175902,36,2372.6660626805747,42.9302078857643,82.67979680000008,155604,0.75,1,300,0.99,0.001,1500,0.8,0.1,10,200,50,False
data1201.vrp,sa,random,True,44,5526.798446898165,7,1350.1424396782659,37,4176.656007219899,75.57098467312457,565.7079381999993,457426,0.75,1,300,0.985,0.001,3000,0.8,0.2,10,200,50,False
data1201.vrp,sa,random,True,44,5526.798446898165,6,1347.903012744729,38,4178.895434153435,75.61150409779788,624.6679013000003,500825,0.75,1,300,0.985,0.001,3000,0.7,0.1,10,200,50,False
data1201.vrp,sa,random,True,44,5526.798446898165,9,3335.47253964434,35,2191.325907253825,39.64910116242206,55.60793829999966,130385,0.75,1,300,0.99,0.001,2000,0.7,0.1,10,200,50,False
data1201.vrp,sa,random,True,44,5526.798446898165,6,1323.033485168523,38,4203.764961729642,76.06148482018453,330.4367167999999,240230,0.75,1,300,0.99,0.001,1000,0.8,0.1,10,200,50,False
data1201.vrp,sa,random,True,44,5526.798446898165,6,1325.3957313466585,38,4201.402715551507,76.01874314612436,702.2344923,477356,0.75,1,300,0.985,0.001,3000,0.7,0.2,10,200,50,False
data1201.vrp,sa,random,True,44,5526.798446898165,6,1375.7962605051637,38,4151.0021863930015,75.10681321702063,342.16944799999965,229537,0.75,1,300,0.99,0.001,1000,0.8,0.2,10,200,50,False
data1201.vrp,sa,random,True,44,5526.798446898165,8,3153.2506815918086,36,2373.5477653063563,42.94616111138403,105.38363320000008,205275,0.75,1,300,0.99,0.001,2000,0.7,0.2,10,200,50,False
data1201.vrp,sa,random,True,44,5526.798446898165,8,3051.3280421730665,36,2475.4704047250984,44.79031447427615,170.73336899999958,328085,0.75,1,300,0.99,0.001,3000,0.7,0.1,10,200,50,False
data1201.vrp,sa,random,True,44,5526.798446898165,6,1347.6278646177634,38,4179.1705822804015,75.6164825338601,477.33867980000014,357692,0.75,1,300,0.99,0.001,1500,0.7,0.2,10,200,50,False
data1201.vrp,sa,random,True,44,5526.798446898165,6,1357.3379819655358,38,4169.460464932629,75.44079099306902,440.9669291,341833,0.75,1,300,0.99,0.001,1500,0.8,0.2,10,200,50,False
data1201.vrp,sa,random,True,44,5526.798446898165,5,1326.403288566308,39,4200.395158331857,76.0005127505467,1026.1906210999996,480560,0.75,1,300,0.985,0.001,3000,0.8,0.1,10,200,50,False
data1201.vrp,sa,random,True,44,5526.798446898165,7,2787.405258808746,37,2739.393188089419,49.56564301031935,190.87971950000065,284712,0.75,1,300,0.99,0.001,3000,0.8,0.2,10,200,50,False
data1201.vrp,sa,random,True,44,5526.798446898165,6,1322.804220788738,38,4203.9942261094275,76.06563305142524,197.25320009999996,132470,0.75,1,350,0.98,0.001,1000,0.7,0.1,10,200,50,False
data1201.vrp,sa,random,True,44,5526.798446898165,7,1306.686084908071,37,4220.112361990094,76.35726908692627,160.47829940000065,127268,0.75,1,350,0.98,0.001,1000,0.7,0.2,10,200,50,False
data1201.vrp,sa,random,True,44,5526.798446898165,6,1439.560447471277,38,4087.2379994268877,73.95308583617322,167.35265939999954,121133,0.75,1,350,0.98,0.001,1000,0.8,0.2,10,200,50,False
data1201.vrp,sa,random,True,44,5526.798446898165,6,1359.4657714441805,38,4167.332675453985,75.40229149830567,220.88849719999962,128569,0.75,1,350,0.98,0.001,1000,0.8,0.1,10,200,50,False
data1201.vrp,sa,random,True,44,5526.798446898165,6,1362.8502395721976,38,4163.948207325968,75.34105409005684,246.99603119999938,197117,0.75,1,350,0.98,0.001,1500,0.7,0.1,10,200,50,False
data1201.vrp,sa,random,True,44,5526.798446898165,5,1367.764261493232,39,4159.034185404933,75.25214145884279,726.2770712000001,456986,0.75,1,300,0.99,0.001,2000,0.8,0.2,10,200,50,False
data1201.vrp,sa,random,True,44,5526.798446898165,6,1311.355842096366,38,4215.4426048017995,76.27277609820663,745.1165319000002,482527,0.75,1,300,0.99,0.001,2000,0.8,0.1,10,200,50,False
data1201.vrp,sa,random,True,44,5526.798446898165,6,1332.8262036788637,38,4193.972243219301,75.88429872222149,274.4452384999995,189304,0.75,1,350,0.98,0.001,1500,0.7,0.2,10,200,50,False
data1201.vrp,sa,random,True,44,5526.798446898165,7,1386.7083414687936,37,4140.090105429372,74.90937375783872,241.47999940000045,181852,0.75,1,350,0.98,0.001,1500,0.8,0.2,10,200,50,False
data1201.vrp,sa,random,True,44,5526.798446898165,6,1335.7828817963634,38,4191.015565101801,75.83080160004654,268.49923489999946,190694,0.75,1,350,0.98,0.001,1500,0.8,0.1,10,200,50,False
data1201.vrp,sa,random,True,44,5526.798446898165,6,1331.6572808253052,38,4195.14116607286,75.90544881236481,332.70740529999966,262933,0.75,1,350,0.98,0.001,2000,0.7,0.1,10,200,50,False
data1201.vrp,sa,random,True,44,5526.798446898165,6,1333.1179132113025,38,4193.680533686862,75.87902062975544,1049.9287628000002,717427,0.75,1,300,0.99,0.001,3000,0.7,0.2,10,200,50,False
data1201.vrp,sa,random,True,44,5526.798446898165,6,1329.0715285001704,38,4197.726918397994,75.95223453017194,390.7049000999996,255061,0.75,1,350,0.98,0.001,2000,0.8,0.1,10,200,50,False
data1201.vrp,sa,random,True,44,5526.798446898165,6,1376.448511831523,38,4150.349935066642,75.09501160470154,343.2378284999995,242984,0.75,1,350,0.98,0.001,2000,0.8,0.2,10,200,50,False
data1201.vrp,sa,random,True,44,5526.798446898165,6,1333.4890717412738,38,4193.309375156891,75.87230501431303,396.2375077000006,252186,0.75,1,350,0.98,0.001,2000,0.7,0.2,10,200,50,False
data1201.vrp,sa,random,True,44,5526.798446898165,8,3214.3470277194624,36,2312.4514191787025,41.84070472981573,30.536552500000653,60411,0.75,1,350,0.985,0.001,1000,0.8,0.1,10,200,50,False
data1201.vrp,sa,random,True,44,5526.798446898165,6,1329.3374650415042,38,4197.4609818566605,75.94742276538824,1128.3888867000005,724822,0.75,1,300,0.99,0.001,3000,0.8,0.1,10,200,50,False
data1201.vrp,sa,random,True,44,5526.798446898165,7,1319.448391857907,37,4207.350055040258,76.12635227183962,495.3266970000004,398766,0.75,1,350,0.98,0.001,3000,0.7,0.1,10,200,50,False
data1201.vrp,sa,random,True,44,5526.798446898165,6,1372.853785282415,38,4153.94466161575,75.16005335687773,228.30828230000043,175935,0.75,1,350,0.985,0.001,1000,0.7,0.1,10,200,50,False
data1201.vrp,sa,random,True,44,5526.798446898165,7,1381.7989094962081,37,4144.999537401956,74.99820334009605,217.04102619999958,162262,0.75,1,350,0.985,0.001,1000,0.8,0.2,10,200,50,False
data1201.vrp,sa,random,True,44,5526.798446898165,6,1344.9756152127588,38,4181.822831685406,75.66447142707715,253.9135572999994,168289,0.75,1,350,0.985,0.001,1000,0.7,0.2,10,200,50,False
data1201.vrp,sa,random,True,44,5526.798446898165,5,1349.3467402774163,39,4177.451706620748,75.58538178582,606.9475143,378205,0.75,1,350,0.98,0.001,3000,0.7,0.2,10,200,50,False
data1201.vrp,sa,random,True,44,5526.798446898165,6,1334.3684735072961,38,4192.429973390868,75.8563934196625,364.273048,265200,0.75,1,350,0.985,0.001,1500,0.7,0.1,10,200,50,False
data1201.vrp,sa,random,True,44,5526.798446898165,6,1334.277133049688,38,4192.521313848477,75.8580461026486,564.4461162000007,383281,0.75,1,350,0.98,0.001,3000,0.8,0.1,10,200,50,False
data1201.vrp,sa,random,True,44,5526.798446898165,6,1356.8455352676017,38,4169.952911630563,75.44970115512152,372.35577269999976,252821,0.75,1,350,0.985,0.001,1500,0.7,0.2,10,200,50,False
data1201.vrp,sa,random,True,44,5526.798446898165,6,1389.9664401121213,38,4136.832006786044,74.85042283580616,630.7769105000007,364845,0.75,1,350,0.98,0.001,3000,0.8,0.2,10,200,50,False
data1201.vrp,sa,random,True,44,5526.798446898165,6,1354.2642575265081,38,4172.534189371657,75.49640591133608,350.25787279999986,242347,0.75,1,350,0.985,0.001,1500,0.8,0.2,10,200,50,False
data1201.vrp,sa,random,True,44,5526.798446898165,6,1351.8041000603214,38,4174.994346837843,75.54091915874005,410.13076750000073,256276,0.75,1,350,0.985,0.001,1500,0.8,0.1,10,200,50,False
data1201.vrp,sa,random,True,44,5526.798446898165,6,1358.543445790759,38,4168.255001107405,75.41897974308758,406.89017690000037,351523,0.75,1,350,0.985,0.001,2000,0.7,0.1,10,200,50,False
data1201.vrp,sa,random,True,44,5526.798446898165,8,3132.4112849477347,36,2394.3871619504303,43.32322202366987,119.22347190000073,225570,0.75,1,350,0.985,0.001,3000,0.7,0.2,10,200,50,False
data1201.vrp,sa,random,True,44,5526.798446898165,6,1327.6462785911888,38,4199.152168306976,75.97802251434895,462.1464136000004,336275,0.75,1,350,0.985,0.001,2000,0.7,0.2,10,200,50,False
data1201.vrp,sa,random,True,44,5526.798446898165,6,1411.4439002954293,38,4115.354546602735,74.46181702016685,442.05389190000005,322893,0.75,1,350,0.985,0.001,2000,0.8,0.2,10,200,50,False
data1201.vrp,sa,random,True,44,5526.798446898165,8,3202.1747051657803,36,2324.6237417323846,42.060946569112645,43.77888519999942,83602,0.75,1,350,0.99,0.001,1000,0.8,0.2,10,200,50,False
data1201.vrp,sa,random,True,44,5526.798446898165,6,1321.2096482064107,38,4205.588798691754,76.09448470211683,384.98244349999914,264369,0.75,1,350,0.99,0.001,1000,0.7,0.1,10,200,50,False
data1201.vrp,sa,random,True,44,5526.798446898165,6,1316.194850486411,38,4210.603596411754,76.185220736155,354.75201860000016,251786,0.75,1,350,0.99,0.001,1000,0.7,0.2,10,200,50,False
data1201.vrp,sa,random,True,44,5526.798446898165,5,1347.9603666505673,39,4178.838080247598,75.61046635585036,652.1557437000001,340865,0.75,1,350,0.985,0.001,2000,0.8,0.1,10,200,50,False
data1201.vrp,sa,random,True,44,5526.798446898165,8,3260.3168217943867,36,2266.4816251037782,41.00894300525484,51.38211550000051,101245,0.75,1,350,0.99,0.001,1500,0.8,0.1,10,200,50,False
data1201.vrp,sa,random,True,44,5526.798446898165,6,1410.6400088763446,38,4116.15843802182,74.47636235643719,371.03777790000095,255814,0.75,1,350,0.99,0.001,1000,0.8,0.1,10,200,50,False
data1201.vrp,sa,random,True,44,5526.798446898165,8,3053.620929631212,36,2473.1775172669527,44.74882775316309,95.80649710000034,184474,0.75,1,350,0.99,0.001,1500,0.7,0.2,10,200,50,False
data1201.vrp,sa,random,True,44,5526.798446898165,6,1302.7899302326791,38,4224.008516665486,76.42776477648013,587.5875007000004,528160,0.75,1,350,0.985,0.001,3000,0.7,0.1,10,200,50,False
data1201.vrp,sa,random,True,44,5526.798446898165,8,3170.7367906097734,36,2356.0616562883915,42.629773438014496,113.08929759999955,210402,0.75,1,350,0.99,0.001,2000,0.8,0.1,10,200,50,False
data1201.vrp,sa,random,True,44,5526.798446898165,8,3049.3438513788774,36,2477.4545955192875,44.82621574357796,129.900247399999,265722,0.75,1,350,0.99,0.001,2000,0.7,0.2,10,200,50,False
data1201.vrp,sa,random,True,44,5526.798446898165,6,1400.3528987044572,38,4126.4455481937075,74.66249380795884,636.9746882999989,487444,0.75,1,350,0.985,0.001,3000,0.8,0.2,10,200,50,False
data1201.vrp,sa,random,True,44,5526.798446898165,7,2882.5837598019134,37,2644.2146870962515,47.8435157804656,182.4059984000014,280005,0.75,1,350,0.99,0.001,2000,0.7,0.1,10,200,50,False
data1201.vrp,sa,random,True,44,5526.798446898165,7,1294.6941435584556,37,4232.104303339709,76.57424717043763,369.15098279999984,395631,0.75,1,350,0.99,0.001,1500,0.7,0.1,10,200,50,False
data1201.vrp,sa,random,True,44,5526.798446898165,5,1346.4315300125584,39,4180.366916885607,75.63812860285825,872.0637513000001,509126,0.75,1,350,0.985,0.001,3000,0.8,0.1,10,200,50,False
data1201.vrp,sa,random,True,44,5526.798446898165,7,2972.219087782484,37,2554.5793591156807,46.22168482640074,234.99631349999981,397447,0.75,1,350,0.99,0.001,3000,0.8,0.1,10,200,50,False
data1201.vrp,sa,random,True,44,5526.798446898165,6,1379.4543015972029,38,4147.344145300962,75.0406258731689,458.4332617,364103,0.75,1,350,0.99,0.001,1500,0.8,0.2,10,200,50,False
data1201.vrp,sa,random,True,44,5526.798446898165,6,1376.0964866905476,38,4150.701960207617,75.10138102715031,742.195918899999,490990,0.75,1,350,0.99,0.001,2000,0.8,0.2,10,200,50,False
data1201.vrp,sa,random,True,44,5526.798446898165,7,1320.4086226328898,37,4206.389824265275,76.10897818475812,810.6672899999994,730727,0.75,1,350,0.99,0.001,3000,0.8,0.2,10,200,50,False
data1201.vrp,sa,random,True,44,5526.798446898165,7,1305.2204872423704,37,4221.577959655795,76.38378710960762,876.9110987999993,795866,0.75,1,350,0.99,0.001,3000,0.7,0.1,10,200,50,False
data1201.vrp,sa,random,True,44,5526.798446898165,6,1307.6495785670606,38,4219.1488683311045,76.33983596233803,994.6600001999996,759120,0.75,1,350,0.99,0.001,3000,0.7,0.2,10,200,50,False
data1201.vrp,sa,random,True,46,5415.692541493366,7,1371.2297133000625,39,4044.4628281933033,74.68043647614552,119.38076289999844,104318,0.75,2,200,0.98,0.001,1000,0.7,0.1,10,200,50,False
data1201.vrp,sa,random,True,46,5415.692541493366,7,1324.8207859650859,39,4090.87175552828,75.53737078287371,161.65292880000015,99194,0.75,2,200,0.98,0.001,1000,0.7,0.2,10,200,50,False
data1201.vrp,sa,random,True,46,5415.692541493366,7,1313.840959433609,39,4101.851582059757,75.74011173331269,118.05002579999928,100161,0.75,2,200,0.98,0.001,1000,0.8,0.1,10,200,50,False
data1201.vrp,sa,random,True,46,5415.692541493366,6,1350.227199425647,40,4065.4653420677187,75.06824493671635,139.7557336000009,94155,0.75,2,200,0.98,0.001,1000,0.8,0.2,10,200,50,False
data1201.vrp,sa,random,True,46,5415.692541493366,6,1322.3680537431399,40,4093.3244877502257,75.5826601378944,281.461688899999,159634,0.75,2,200,0.98,0.001,1500,0.7,0.1,10,200,50,False
data1201.vrp,sa,random,True,46,5415.692541493366,6,1399.0796457866604,40,4016.6128957067053,74.16619139533229,227.48471659999996,142563,0.75,2,200,0.98,0.001,1500,0.8,0.2,10,200,50,False
data1201.vrp,sa,random,True,46,5415.692541493366,6,1331.9694813315373,40,4083.7230601618285,75.40537112979739,270.3808976,152313,0.75,2,200,0.98,0.001,1500,0.8,0.1,10,200,50,False
data1201.vrp,sa,random,True,46,5415.692541493366,6,1341.7545865816444,40,4073.937954911721,75.22469053954717,313.15418169999975,150197,0.75,2,200,0.98,0.001,1500,0.7,0.2,10,200,50,False
data1201.vrp,sa,random,True,46,5415.692541493366,6,1340.5304143626527,40,4075.162127130713,75.24729470715108,298.2052860999993,210307,0.75,2,200,0.98,0.001,2000,0.7,0.1,10,200,50,False
data1201.vrp,sa,random,True,46,5415.692541493366,7,1300.9343750062267,39,4114.7581664871395,75.97842999692341,270.0511743999996,199738,0.75,2,200,0.98,0.001,2000,0.7,0.2,10,200,50,False
data1201.vrp,sa,random,True,46,5415.692541493366,6,1334.5538525135873,40,4081.1386889797786,75.3576510799192,354.1907783000006,201680,0.75,2,200,0.98,0.001,2000,0.8,0.1,10,200,50,False
data1201.vrp,sa,random,True,46,5415.692541493366,6,1397.7156092959726,40,4017.976932197393,74.19137813701374,350.2981729000021,190384,0.75,2,200,0.98,0.001,2000,0.8,0.2,10,200,50,False
data1201.vrp,sa,random,True,46,5415.692541493366,7,1323.7285897840713,39,4091.9639517092946,75.55753803152467,181.69102290000046,139672,0.75,2,200,0.985,0.001,1000,0.7,0.1,10,200,50,False
data1201.vrp,sa,random,True,46,5415.692541493366,6,1350.0645683534933,40,4065.6279731398727,75.07124789655774,194.1362575000021,133337,0.75,2,200,0.985,0.001,1000,0.7,0.2,10,200,50,False
data1201.vrp,sa,random,True,46,5415.692541493366,6,1313.8913621078984,40,4101.801179385468,75.73918105503095,516.0020348999988,316707,0.75,2,200,0.98,0.001,3000,0.7,0.1,10,200,50,False
data1201.vrp,sa,random,True,46,5415.692541493366,7,1345.0720752123161,39,4070.6204662810496,75.16343357923685,367.1095981999988,284403,0.75,2,200,0.98,0.001,3000,0.8,0.2,10,200,50,False
data1201.vrp,sa,random,True,46,5415.692541493366,6,1328.509090633815,40,4087.1834508595507,75.46926675664861,207.04872660000183,135281,0.75,2,200,0.985,0.001,1000,0.8,0.1,10,200,50,False
data1201.vrp,sa,random,True,46,5415.692541493366,6,1386.0192985261174,40,4029.6732429672484,74.40734886800045,221.81182190000254,127611,0.75,2,200,0.985,0.001,1000,0.8,0.2,10,200,50,False
data1201.vrp,sa,random,True,46,5415.692541493366,6,1323.2016018446143,40,4092.4909396487515,75.5672687896026,531.359417300002,300565,0.75,2,200,0.98,0.001,3000,0.7,0.2,10,200,50,False
data1201.vrp,sa,random,True,46,5415.692541493366,6,1317.45656680247,40,4098.235974690896,75.67335005249053,538.2257936000005,303259,0.75,2,200,0.98,0.001,3000,0.8,0.1,10,200,50,False
data1201.vrp,sa,random,True,46,5415.692541493366,6,1336.2932995146145,40,4079.399241978751,75.32553243603938,346.5035222000006,210547,0.75,2,200,0.985,0.001,1500,0.7,0.1,10,200,50,False
data1201.vrp,sa,random,True,46,5415.692541493366,7,1361.353879309822,39,4054.3386621835434,74.86279235980349,248.65818030000082,189540,0.75,2,200,0.985,0.001,1500,0.8,0.2,10,200,50,False
data1201.vrp,sa,random,True,46,5415.692541493366,6,1339.1248448896758,40,4076.56769660369,75.27324834950075,309.73520449999705,200943,0.75,2,200,0.985,0.001,1500,0.7,0.2,10,200,50,False
data1201.vrp,sa,random,True,46,5415.692541493366,6,1306.0507796013442,40,4109.641761892021,75.88395630669972,325.9679872000015,202108,0.75,2,200,0.985,0.001,1500,0.8,0.1,10,200,50,False
data1201.vrp,sa,random,True,46,5415.692541493366,6,1341.2451754981182,40,4074.4473659952473,75.23409674345595,416.27669799999785,281217,0.75,2,200,0.985,0.001,2000,0.7,0.1,10,200,50,False
data1201.vrp,sa,random,True,46,5415.692541493366,6,1326.1981402463337,40,4089.4944012470323,75.51193813006532,454.22883450000154,267845,0.75,2,200,0.985,0.001,2000,0.7,0.2,10,200,50,False
data1201.vrp,sa,random,True,46,5415.692541493366,6,1345.396593187058,40,4070.2959483063078,75.15744140054029,437.5551583999986,270437,0.75,2,200,0.985,0.001,2000,0.8,0.1,10,200,50,False
data1201.vrp,sa,random,True,46,5415.692541493366,6,1341.1330497085855,40,4074.55949178478,75.2361671303672,418.0127042999993,254289,0.75,2,200,0.985,0.001,2000,0.8,0.2,10,200,50,False
data1201.vrp,sa,random,True,46,5415.692541493366,6,1384.1353713324283,40,4031.5571701609374,74.44213531828828,274.9222797000002,211815,0.75,2,200,0.99,0.001,1000,0.7,0.1,10,200,50,False
data1201.vrp,sa,random,True,46,5415.692541493366,6,1327.6068609968854,40,4088.0856804964806,75.48592629981908,556.2367183999995,423445,0.75,2,200,0.985,0.001,3000,0.7,0.1,10,200,50,False
data1201.vrp,sa,random,True,46,5415.692541493366,7,1309.6211363340403,39,4106.071405159326,75.818030172501,528.695594599998,399484,0.75,2,200,0.985,0.001,3000,0.7,0.2,10,200,50,False
data1201.vrp,sa,random,True,46,5415.692541493366,8,2905.3975255004552,38,2510.2950159929105,46.3522439052772,85.13075840000238,172870,0.75,2,200,0.99,0.001,1500,0.7,0.1,10,200,50,False
data1201.vrp,sa,random,True,46,5415.692541493366,6,1348.1919122105876,40,4067.5006292827784,75.10582622848035,300.81289169999945,203423,0.75,2,200,0.99,0.001,1000,0.8,0.1,10,200,50,False
data1201.vrp,sa,random,True,46,5415.692541493366,6,1301.1545609161813,40,4114.5379805771845,75.9743642951084,342.20156099999804,201125,0.75,2,200,0.99,0.001,1000,0.7,0.2,10,200,50,False
data1201.vrp,sa,random,True,46,5415.692541493366,6,1353.7529412729327,40,4061.939600220433,75.0031426100929,270.4349172000002,190985,0.75,2,200,0.99,0.001,1000,0.8,0.2,10,200,50,False
data1201.vrp,sa,random,True,46,5415.692541493366,6,1302.8708744943524,40,4112.821666999013,75.94267280662339,568.0361718999993,403881,0.75,2,200,0.985,0.001,3000,0.8,0.1,10,200,50,False
data1201.vrp,sa,random,True,46,5415.692541493366,8,2862.319351510037,38,2553.3731899833288,47.14767632062143,125.70320929999798,255070,0.75,2,200,0.99,0.001,2000,0.7,0.1,10,200,50,False
data1201.vrp,sa,random,True,46,5415.692541493366,6,1367.6674901389085,40,4048.025051354457,74.7462124250913,667.2442847999991,382370,0.75,2,200,0.985,0.001,3000,0.8,0.2,10,200,50,False
data1201.vrp,sa,random,True,46,5415.692541493366,6,1375.294983814246,40,4040.39755767912,74.60537182867824,321.6162517999983,299320,0.75,2,200,0.99,0.001,1500,0.8,0.1,10,200,50,False
data1201.vrp,sa,random,True,46,5415.692541493366,8,2908.456264936408,38,2507.236276556958,46.295764712403574,198.49568420000287,353144,0.75,2,200,0.99,0.001,3000,0.7,0.2,10,200,50,False
data1201.vrp,sa,random,True,46,5415.692541493366,6,1385.8818850784573,40,4029.8106564149084,74.40988618795735,414.7773598999993,286656,0.75,2,200,0.99,0.001,1500,0.8,0.2,10,200,50,False
data1201.vrp,sa,random,True,46,5415.692541493366,6,1306.2942182471559,40,4109.39832324621,75.87946124639217,471.73586609999984,298155,0.75,2,200,0.99,0.001,1500,0.7,0.2,10,200,50,False
data1201.vrp,sa,random,True,46,5415.692541493366,6,1341.8526157616323,40,4073.8399257317333,75.2228804445457,437.4444490999995,398430,0.75,2,200,0.99,0.001,2000,0.7,0.2,10,200,50,False
data1201.vrp,sa,random,True,46,5415.692541493366,8,3046.7409202113054,38,2368.9516212820604,43.74235802959426,125.4454160000023,216897,0.75,2,200,0.99,0.001,3000,0.8,0.2,10,200,50,False
data1201.vrp,sa,random,True,46,5415.692541493366,7,1337.3901181445174,39,4078.3024233488486,75.30527983452077,136.982497099998,116506,0.75,2,250,0.98,0.001,1000,0.7,0.1,10,200,50,False
data1201.vrp,sa,random,True,46,5415.692541493366,6,1301.3173532806854,40,4114.37518821268,75.97135835702647,570.4369366999999,403059,0.75,2,200,0.99,0.001,2000,0.8,0.1,10,200,50,False
data1201.vrp,sa,random,True,46,5415.692541493366,6,1354.8582373512465,40,4060.8343041421194,74.98273347368337,552.4996924000006,382395,0.75,2,200,0.99,0.001,2000,0.8,0.2,10,200,50,False
data1201.vrp,sa,random,True,46,5415.692541493366,7,1309.82814145242,39,4105.864400040946,75.81420785214594,180.3698688000004,111181,0.75,2,250,0.98,0.001,1000,0.7,0.2,10,200,50,False
data1201.vrp,sa,random,True,46,5415.692541493366,6,1351.9588805258393,40,4063.7336609675267,75.03626968910169,173.87408289999803,112077,0.75,2,250,0.98,0.001,1000,0.8,0.1,10,200,50,False
data1201.vrp,sa,random,True,46,5415.692541493366,7,1388.1721760922378,39,4027.520365401128,74.36759628696625,141.06798849999905,105424,0.75,2,250,0.98,0.001,1000,0.8,0.2,10,200,50,False
data1201.vrp,sa,random,True,46,5415.692541493366,6,1318.1220673940916,40,4097.570474099274,75.66106167779934,258.14252249999845,173473,0.75,2,250,0.98,0.001,1500,0.7,0.1,10,200,50,False
data1201.vrp,sa,random,True,46,5415.692541493366,7,1318.4625226422902,39,4097.230018851075,75.65477521959312,235.06274259999918,167367,0.75,2,250,0.98,0.001,1500,0.8,0.1,10,200,50,False
data1201.vrp,sa,random,True,46,5415.692541493366,7,1306.0444368713647,39,4109.6481046220015,75.88407342431546,242.42587429999912,166591,0.75,2,250,0.98,0.001,1500,0.7,0.2,10,200,50,False
data1201.vrp,sa,random,True,46,5415.692541493366,6,1361.5265537285281,40,4054.1659877648376,74.85960395098259,238.66754240000228,158873,0.75,2,250,0.98,0.001,1500,0.8,0.2,10,200,50,False
data1201.vrp,sa,random,True,46,5415.692541493366,6,1348.63015180305,40,4067.0623896903157,75.09773419612982,359.91918989999976,233685,0.75,2,250,0.98,0.001,2000,0.7,0.1,10,200,50,False
data1201.vrp,sa,random,True,46,5415.692541493366,6,1310.2122896186224,40,4105.480251874744,75.80711461036276,356.7252131000023,219731,0.75,2,250,0.98,0.001,2000,0.7,0.2,10,200,50,False
data1201.vrp,sa,random,True,46,5415.692541493366,7,1319.9787508006978,39,4095.713790692668,75.62677828020281,312.78127889999814,222271,0.75,2,250,0.98,0.001,2000,0.8,0.1,10,200,50,False
data1201.vrp,sa,random,True,46,5415.692541493366,6,1445.8597534494445,40,3969.832788043921,73.3024032961304,352.3595619000007,211659,0.75,2,250,0.98,0.001,2000,0.8,0.2,10,200,50,False
data1201.vrp,sa,random,True,46,5415.692541493366,6,1356.899037747685,40,4058.793503745681,74.94505038180172,197.1283074999992,154859,0.75,2,250,0.985,0.001,1000,0.7,0.1,10,200,50,False
data1201.vrp,sa,random,True,46,5415.692541493366,5,1327.9530350861432,41,4087.7395064072225,75.47953424401815,1211.5310223999986,639206,0.75,2,200,0.99,0.001,3000,0.7,0.1,10,200,50,False
data1201.vrp,sa,random,True,46,5415.692541493366,7,1304.579156609666,39,4111.1133848837,75.91112961796884,192.43927059999987,147143,0.75,2,250,0.985,0.001,1000,0.7,0.2,10,200,50,False
data1201.vrp,sa,random,True,46,5415.692541493366,6,1334.4206211693654,40,4081.2719203240003,75.36011117792515,544.1142943000013,333299,0.75,2,250,0.98,0.001,3000,0.7,0.2,10,200,50,False
data1201.vrp,sa,random,True,46,5415.692541493366,5,1330.7427092498965,41,4084.9498322434692,75.42802330349893,1170.8544771000015,606717,0.75,2,200,0.99,0.001,3000,0.8,0.1,10,200,50,False
data1201.vrp,sa,random,True,46,5415.692541493366,6,1365.0001376689293,40,4050.6924038244365,74.79546471276352,463.85988169999837,316949,0.75,2,250,0.98,0.001,3000,0.8,0.2,10,200,50,False
data1201.vrp,sa,random,True,46,5415.692541493366,5,1342.2548646618593,41,4073.4376768315065,75.21545297525817,647.9734076000022,349690,0.75,2,250,0.98,0.001,3000,0.7,0.1,10,200,50,False
data1201.vrp,sa,random,True,46,5415.692541493366,6,1393.8654659429626,40,4021.827075550403,74.26247049174975,160.9366031999998,139957,0.75,2,250,0.985,0.001,1000,0.8,0.2,10,200,50,False
data1201.vrp,sa,random,True,46,5415.692541493366,6,1313.7792802553902,40,4101.913261237975,75.74125063065122,593.0876305999991,335705,0.75,2,250,0.98,0.001,3000,0.8,0.1,10,200,50,False
data1201.vrp,sa,random,True,46,5415.692541493366,6,1366.5156609152793,40,4049.1768805780866,74.76748078947507,307.56728909999947,148893,0.75,2,250,0.985,0.001,1000,0.8,0.1,10,200,50,False
data1201.vrp,sa,random,True,46,5415.692541493366,6,1336.1131723749818,40,4079.579369118384,75.32885845830252,328.6270723999987,233941,0.75,2,250,0.985,0.001,1500,0.7,0.1,10,200,50,False
data1201.vrp,sa,random,True,46,5415.692541493366,6,1339.6487766440832,40,4076.0437648492825,75.26357402344931,365.9637376999999,221720,0.75,2,250,0.985,0.001,1500,0.7,0.2,10,200,50,False
data1201.vrp,sa,random,True,46,5415.692541493366,6,1378.453859268163,40,4037.238682225203,74.54704363833666,379.7392884000001,222746,0.75,2,250,0.985,0.001,1500,0.8,0.1,10,200,50,False
data1201.vrp,sa,random,True,46,5415.692541493366,5,1408.4080131502142,41,4007.2845283431516,73.99394440582758,408.82083590000184,210115,0.75,2,250,0.985,0.001,1500,0.8,0.2,10,200,50,False
data1201.vrp,sa,random,True,46,5415.692541493366,6,1347.1747266665345,40,4068.5178148268315,75.12460841628477,445.42742440000075,310416,0.75,2,250,0.985,0.001,2000,0.7,0.1,10,200,50,False
data1201.vrp,sa,random,True,46,5415.692541493366,6,1330.3348215497888,40,4085.3577199435767,75.43555489243207,474.0752160000011,296518,0.75,2,250,0.985,0.001,2000,0.7,0.2,10,200,50,False
data1201.vrp,sa,random,True,46,5415.692541493366,9,3170.670880055046,37,2245.02166143832,41.4540087761197,31.959645399998408,79062,0.75,2,250,0.99,0.001,1000,0.7,0.1,10,200,50,False
data1201.vrp,sa,random,True,46,5415.692541493366,6,1302.725362041864,40,4112.967179451502,75.94535967356373,467.0044839000002,296331,0.75,2,250,0.985,0.001,2000,0.8,0.1,10,200,50,False
data1201.vrp,sa,random,True,46,5415.692541493366,6,1369.7770139679078,40,4045.915527525458,74.70726036470684,481.4664812999981,282664,0.75,2,250,0.985,0.001,2000,0.8,0.2,10,200,50,False
data1201.vrp,sa,random,True,46,5415.692541493366,6,1355.7567024569685,40,4059.9358390363973,74.96614344205143,249.5290786000005,219853,0.75,2,250,0.99,0.001,1000,0.7,0.2,10,200,50,False
data1201.vrp,sa,random,True,46,5415.692541493366,6,1347.6149009424416,40,4068.077640550924,75.11648066027693,348.40986429999975,222595,0.75,2,250,0.99,0.001,1000,0.8,0.1,10,200,50,False
data1201.vrp,sa,random,True,46,5415.692541493366,6,1344.0654218062111,40,4071.627119687155,75.18202129259745,615.1084781999998,467310,0.75,2,250,0.985,0.001,3000,0.7,0.1,10,200,50,False
data1201.vrp,sa,random,True,46,5415.692541493366,7,1355.8029014565882,39,4059.8896400367776,74.9652903840304,273.6906818999996,210587,0.75,2,250,0.99,0.001,1000,0.8,0.2,10,200,50,False
data1201.vrp,sa,random,True,46,5415.692541493366,8,2980.309161588528,38,2435.383379904838,44.96901109591583,91.32829579999816,163578,0.75,2,250,0.99,0.001,1500,0.8,0.2,10,200,50,False
data1201.vrp,sa,random,True,46,5415.692541493366,6,1416.06954981152,40,3999.6229916818456,73.85247521047341,532.055910199997,421875,0.75,2,250,0.985,0.001,3000,0.8,0.2,10,200,50,False
data1201.vrp,sa,random,True,46,5415.692541493366,6,1310.9247118567728,40,4104.767829636593,75.79395983407714,674.16806,440163,0.75,2,250,0.985,0.001,3000,0.7,0.2,10,200,50,False
data1201.vrp,sa,random,True,46,5415.692541493366,7,2774.7716878112174,39,2640.9208536821484,48.764231600081196,118.77284009999858,196485,0.75,2,250,0.99,0.001,1500,0.8,0.1,10,200,50,False
data1201.vrp,sa,random,True,46,5415.692541493366,9,3194.4126544944356,37,2221.27988699893,41.01562025503052,70.47525900000255,157430,0.75,2,250,0.99,0.001,2000,0.8,0.1,10,200,50,False
data1201.vrp,sa,random,True,46,5415.692541493366,6,1322.942097032731,40,4092.7504444606348,75.5720605094038,423.68243359999906,348360,0.75,2,250,0.99,0.001,1500,0.7,0.1,10,200,50,False
data1201.vrp,sa,random,True,46,5415.692541493366,8,3095.9800785293414,38,2319.7124629640243,42.83316390639061,114.97103290000086,208242,0.75,2,250,0.99,0.001,2000,0.8,0.2,10,200,50,False
data1201.vrp,sa,random,True,46,5415.692541493366,7,2641.6437152083327,39,2774.048826285033,51.22242086364997,236.80538199999864,395751,0.75,2,250,0.99,0.001,3000,0.7,0.1,10,200,50,False
data1201.vrp,sa,random,True,46,5415.692541493366,6,1317.8863866755307,40,4097.806154817835,75.66541348907288,458.38889239999844,332763,0.75,2,250,0.99,0.001,1500,0.7,0.2,10,200,50,False
data1201.vrp,sa,random,True,46,5415.692541493366,5,1342.0676363545092,41,4073.624905138857,75.21891011958303,912.7039654999971,445024,0.75,2,250,0.985,0.001,3000,0.8,0.1,10,200,50,False
data1201.vrp,sa,random,True,46,5415.692541493366,7,1317.6242461972565,39,4098.068295296109,75.67025387608277,161.6318382999998,118923,0.75,2,300,0.98,0.001,1000,0.7,0.2,10,200,50,False
data1201.vrp,sa,random,True,46,5415.692541493366,6,1317.2632766009438,40,4098.429264892422,75.67691912883755,506.7251439000029,463063,0.75,2,250,0.99,0.001,2000,0.7,0.1,10,200,50,False
data1201.vrp,sa,random,True,46,5415.692541493366,6,1344.021698553184,40,4071.6708429401815,75.18282863630635,192.58145520000107,125065,0.75,2,300,0.98,0.001,1000,0.7,0.1,10,200,50,False
data1201.vrp,sa,random,True,46,5415.692541493366,6,1336.6037637961804,40,4079.0887776971854,75.31979975680792,187.02922580000086,120467,0.75,2,300,0.98,0.001,1000,0.8,0.1,10,200,50,False
data1201.vrp,sa,random,True,46,5415.692541493366,7,1383.3605437498522,39,4032.3319977435135,74.45644240046919,140.8299616000004,114101,0.75,2,300,0.98,0.001,1000,0.8,0.2,10,200,50,False
data1201.vrp,sa,random,True,46,5415.692541493366,7,1347.047973959648,39,4068.6445675337177,75.1269488871648,236.1358110000001,187529,0.75,2,300,0.98,0.001,1500,0.7,0.1,10,200,50,False
data1201.vrp,sa,random,True,46,5415.692541493366,6,1324.4817228286777,40,4091.2108186646883,75.5436315359318,670.0616169999994,444747,0.75,2,250,0.99,0.001,2000,0.7,0.2,10,200,50,False
data1201.vrp,sa,random,True,46,5415.692541493366,6,1298.653083030743,40,4117.039458462623,76.02055373193984,263.7949262000002,177873,0.75,2,300,0.98,0.001,1500,0.7,0.2,10,200,50,False
data1201.vrp,sa,random,True,46,5415.692541493366,6,1343.2574717062223,40,4072.435069787143,75.1969399773972,228.9034090999994,169133,0.75,2,300,0.98,0.001,1500,0.8,0.2,10,200,50,False
data1201.vrp,sa,random,True,46,5415.692541493366,7,1318.0098883199878,39,4097.682653173378,75.66313304860269,253.6799155999979,179899,0.75,2,300,0.98,0.001,1500,0.8,0.1,10,200,50,False
data1201.vrp,sa,random,True,46,5415.692541493366,6,1384.992073408055,40,4030.7004680853106,74.4263164351249,770.9149023999998,633421,0.75,2,250,0.99,0.001,3000,0.8,0.2,10,200,50,False
data1201.vrp,sa,random,True,46,5415.692541493366,6,1343.3715983467955,40,4072.3209431465702,75.19483264505331,797.3424446000026,664589,0.75,2,250,0.99,0.001,3000,0.8,0.1,10,200,50,False
data1201.vrp,sa,random,True,46,5415.692541493366,6,1333.8811500765532,40,4081.8113914168125,75.37007243567157,310.50681140000233,250176,0.75,2,300,0.98,0.001,2000,0.7,0.1,10,200,50,False
data1201.vrp,sa,random,True,46,5415.692541493366,6,1369.4329188527197,40,4046.259622640646,74.71361403254437,350.27306580000004,240168,0.75,2,300,0.98,0.001,2000,0.8,0.1,10,200,50,False
data1201.vrp,sa,random,True,46,5415.692541493366,6,1341.231085572899,40,4074.4614559204665,75.23435691194062,990.2770764999987,666322,0.75,2,250,0.99,0.001,3000,0.7,0.2,10,200,50,False
data1201.vrp,sa,random,True,46,5415.692541493366,6,1368.2475370454176,40,4047.445004447948,74.73550194065992,438.58123160000105,238710,0.75,2,300,0.98,0.001,2000,0.7,0.2,10,200,50,False
data1201.vrp,sa,random,True,46,5415.692541493366,7,1388.0326065318745,39,4027.659934961491,74.37017341924054,352.2665713000024,229300,0.75,2,300,0.98,0.001,2000,0.8,0.2,10,200,50,False
data1201.vrp,sa,random,True,46,5415.692541493366,6,1372.9907735096988,40,4042.701767983667,74.64791874741287,226.55760670000018,166296,0.75,2,300,0.985,0.001,1000,0.7,0.1,10,200,50,False
data1201.vrp,sa,random,True,46,5415.692541493366,6,1358.915430962286,40,4056.7771105310794,74.90781796509503,513.7318498000022,375356,0.75,2,300,0.98,0.001,3000,0.7,0.1,10,200,50,False
data1201.vrp,sa,random,True,46,5415.692541493366,6,1424.7172004194542,40,3990.9753410739113,73.69279755998498,209.36973429999853,151776,0.75,2,300,0.985,0.001,1000,0.8,0.2,10,200,50,False
data1201.vrp,sa,random,True,46,5415.692541493366,5,1378.6132909507744,41,4037.0792505425916,74.54409975477255,316.5241958000006,159129,0.75,2,300,0.985,0.001,1000,0.7,0.2,10,200,50,False
data1201.vrp,sa,random,True,46,5415.692541493366,6,1370.9404803149116,40,4044.752061178454,74.685777122479,283.26675539999997,160026,0.75,2,300,0.985,0.001,1000,0.8,0.1,10,200,50,False
data1201.vrp,sa,random,True,46,5415.692541493366,6,1315.2020429429028,40,4100.490498550463,75.71497951801675,531.7818183000018,359397,0.75,2,300,0.98,0.001,3000,0.8,0.1,10,200,50,False
data1201.vrp,sa,random,True,46,5415.692541493366,6,1330.986114898701,40,4084.7064265946647,75.42352885247647,539.4414844999992,358049,0.75,2,300,0.98,0.001,3000,0.7,0.2,10,200,50,False
data1201.vrp,sa,random,True,46,5415.692541493366,9,3047.1823994469282,37,2368.5101420464375,43.73420617768907,56.230766500000755,135135,0.75,2,300,0.985,0.001,2000,0.7,0.1,10,200,50,False
data1201.vrp,sa,random,True,46,5415.692541493366,8,2878.2735439209127,38,2537.418997572453,46.853084404838924,80.67327160000059,144589,0.75,2,300,0.985,0.001,1500,0.8,0.2,10,200,50,False
data1201.vrp,sa,random,True,46,5415.692541493366,6,1396.628323836519,40,4019.0642176568467,74.21145470988274,614.2026396000001,343821,0.75,2,300,0.98,0.001,3000,0.8,0.2,10,200,50,False
data1201.vrp,sa,random,True,46,5415.692541493366,6,1314.5938878636139,40,4101.098653629751,75.7262090158996,303.9807843999988,249139,0.75,2,300,0.985,0.001,1500,0.7,0.1,10,200,50,False
data1201.vrp,sa,random,True,46,5415.692541493366,6,1313.441239866143,40,4102.251301627222,75.74749249882704,300.0777229999985,238452,0.75,2,300,0.985,0.001,1500,0.7,0.2,10,200,50,False
data1201.vrp,sa,random,True,46,5415.692541493366,6,1315.5928478297328,40,4100.099693663633,75.70776336082476,377.5560448000033,239876,0.75,2,300,0.985,0.001,1500,0.8,0.1,10,200,50,False
data1201.vrp,sa,random,True,46,5415.692541493366,8,2989.014586735077,38,2426.6779547582887,44.808266646709185,60.73612940000021,129102,0.75,2,300,0.99,0.001,1000,0.7,0.1,10,200,50,False
data1201.vrp,sa,random,True,46,5415.692541493366,6,1387.1641033236253,40,4028.52843816974,74.38621020865564,444.82624609999766,305170,0.75,2,300,0.985,0.001,2000,0.8,0.2,10,200,50,False
data1201.vrp,sa,random,True,46,5415.692541493366,6,1308.044199464606,40,4107.6483420287595,75.84714808968982,480.97421349999786,320626,0.75,2,300,0.985,0.001,2000,0.8,0.1,10,200,50,False
data1201.vrp,sa,random,True,46,5415.692541493366,9,3238.7312578070423,37,2176.9612836863234,40.197283486961595,41.88802120000037,91650,0.75,2,300,0.99,0.001,1000,0.8,0.2,10,200,50,False
data1201.vrp,sa,random,True,46,5415.692541493366,5,1310.436723766271,41,4105.255817727095,75.80297046543708,587.5786503000018,316906,0.75,2,300,0.985,0.001,2000,0.7,0.2,10,200,50,False
data1201.vrp,sa,random,True,46,5415.692541493366,8,3084.5272797270854,38,2331.1652617662803,43.04463822319327,102.35459899999842,197438,0.75,2,300,0.99,0.001,1500,0.7,0.1,10,200,50,False
data1201.vrp,sa,random,True,46,5415.692541493366,6,1328.7496495519456,40,4086.9428919414204,75.4648248701071,317.6155766999982,238036,0.75,2,300,0.99,0.001,1000,0.7,0.2,10,200,50,False
data1201.vrp,sa,random,True,46,5415.692541493366,6,1338.11711904511,40,4077.5754224482557,75.2918558652865,734.6817368999982,502529,0.75,2,300,0.985,0.001,3000,0.7,0.1,10,200,50,False
data1201.vrp,sa,random,True,46,5415.692541493366,6,1324.924648294862,40,4090.7678931985038,75.53545297958298,324.0681947000012,239852,0.75,2,300,0.99,0.001,1000,0.8,0.1,10,200,50,False
data1201.vrp,sa,random,True,46,5415.692541493366,6,1339.8083589649043,40,4075.8841825284617,75.26062735837189,657.2495123000008,455492,0.75,2,300,0.985,0.001,3000,0.8,0.2,10,200,50,False
data1201.vrp,sa,random,True,46,5415.692541493366,8,3145.417457919622,38,2270.275083573744,41.920309659006605,100.04932879999978,209826,0.75,2,300,0.99,0.001,2000,0.7,0.1,10,200,50,False
data1201.vrp,sa,random,True,46,5415.692541493366,6,1321.6050132897155,40,4094.0875282036504,75.59674957239567,805.0367971000014,477388,0.75,2,300,0.985,0.001,3000,0.7,0.2,10,200,50,False
data1201.vrp,sa,random,True,46,5415.692541493366,7,2885.5973931264825,39,2530.095148366883,46.717850560793,130.7860679000005,199290,0.75,2,300,0.99,0.001,2000,0.8,0.1,10,200,50,False
data1201.vrp,sa,random,True,46,5415.692541493366,6,1362.0130924439154,40,4053.6794490494503,74.85062008213,397.18536120000135,358148,0.75,2,300,0.99,0.001,1500,0.7,0.2,10,200,50,False
data1201.vrp,sa,random,True,46,5415.692541493366,6,1325.3196604797572,40,4090.3728810136085,75.52815913522478,835.3298621000031,485062,0.75,2,300,0.985,0.001,3000,0.8,0.1,10,200,50,False
data1201.vrp,sa,random,True,46,5415.692541493366,7,1364.5172117089135,39,4051.1753297844525,74.80438187259702,398.3900022000016,342561,0.75,2,300,0.99,0.001,1500,0.8,0.2,10,200,50,False
data1201.vrp,sa,random,True,46,5415.692541493366,6,1332.698500012172,40,4082.9940414811936,75.39190990253883,504.91845159999866,361890,0.75,2,300,0.99,0.001,1500,0.8,0.1,10,200,50,False
data1201.vrp,sa,random,True,46,5415.692541493366,6,1388.6669335737427,40,4027.0256079196233,74.35846065975487,156.28727459999936,131619,0.75,2,350,0.98,0.001,1000,0.7,0.1,10,200,50,False
data1201.vrp,sa,random,True,46,5415.692541493366,7,1291.4718194997138,39,4124.220721993652,76.15315475158799,156.27778979999857,124825,0.75,2,350,0.98,0.001,1000,0.7,0.2,10,200,50,False
data1201.vrp,sa,random,True,46,5415.692541493366,6,1316.613192313947,40,4099.079349179419,75.68892284363518,576.963089300003,475304,0.75,2,300,0.99,0.001,2000,0.7,0.2,10,200,50,False
data1201.vrp,sa,random,True,46,5415.692541493366,7,1308.1602288272215,39,4107.532312666144,75.84500562385139,162.486739699998,126758,0.75,2,350,0.98,0.001,1000,0.8,0.1,10,200,50,False
data1201.vrp,sa,random,True,46,5415.692541493366,7,1382.222476616469,39,4033.4700648768967,74.47745664979489,139.67655890000242,121249,0.75,2,350,0.98,0.001,1000,0.8,0.2,10,200,50,False
data1201.vrp,sa,random,True,46,5415.692541493366,6,1368.6446314922937,40,4047.047910001072,74.72816964762751,693.0325211999989,459159,0.75,2,300,0.99,0.001,2000,0.8,0.2,10,200,50,False
data1201.vrp,sa,random,True,46,5415.692541493366,6,1349.0014017665271,40,4066.6911397268386,75.09087911784329,252.5137993999997,199940,0.75,2,350,0.98,0.001,1500,0.7,0.1,10,200,50,False
data1201.vrp,sa,random,True,46,5415.692541493366,6,1337.6187208598221,40,4078.0738206335436,75.30105871758043,296.9429195999983,190874,0.75,2,350,0.98,0.001,1500,0.7,0.2,10,200,50,False
data1201.vrp,sa,random,True,46,5415.692541493366,6,1334.7228085450338,40,4080.969732948332,75.35453133059532,796.3861632000007,745850,0.75,2,300,0.99,0.001,3000,0.7,0.1,10,200,50,False
data1201.vrp,sa,random,True,46,5415.692541493366,6,1345.9198258341264,40,4069.772715659239,75.1477799834074,323.12568340000144,191363,0.75,2,350,0.98,0.001,1500,0.8,0.1,10,200,50,False
data1201.vrp,sa,random,True,46,5415.692541493366,6,1398.3548485675,40,4017.3376929258657,74.17957467389928,295.71147810000184,182886,0.75,2,350,0.98,0.001,1500,0.8,0.2,10,200,50,False
data1201.vrp,sa,random,True,46,5415.692541493366,6,1324.4172184037018,40,4091.275323089664,75.54482260105378,869.8916375000008,686282,0.75,2,300,0.99,0.001,3000,0.8,0.2,10,200,50,False
data1201.vrp,sa,random,True,46,5415.692541493366,6,1340.6588544673832,40,4075.0336870259825,75.2449230787075,968.5932799000002,713794,0.75,2,300,0.99,0.001,3000,0.7,0.2,10,200,50,False
data1201.vrp,sa,random,True,46,5415.692541493366,6,1312.9715700433026,40,4102.720971450063,75.75616488595466,982.3582121999971,724400,0.75,2,300,0.99,0.001,3000,0.8,0.1,10,200,50,False
data1201.vrp,sa,random,True,46,5415.692541493366,6,1317.846011786965,40,4097.846529706401,75.6661590057036,361.67821300000287,263860,0.75,2,350,0.98,0.001,2000,0.7,0.1,10,200,50,False
data1201.vrp,sa,random,True,46,5415.692541493366,6,1353.2263533198573,40,4062.4661881735083,75.01286598247862,359.55435809999835,252504,0.75,2,350,0.98,0.001,2000,0.7,0.2,10,200,50,False
data1201.vrp,sa,random,True,46,5415.692541493366,8,3130.3594602152366,38,2285.333081278129,42.19835346575922,29.388277599999128,60388,0.75,2,350,0.985,0.001,1000,0.7,0.2,10,200,50,False
data1201.vrp,sa,random,True,46,5415.692541493366,7,1311.104722895967,39,4104.587818597399,75.79063595559225,346.4474216999988,255504,0.75,2,350,0.98,0.001,2000,0.8,0.1,10,200,50,False
data1201.vrp,sa,random,True,46,5415.692541493366,6,1416.5312690447886,40,3999.161272448577,73.84394962986242,341.4037989999997,242385,0.75,2,350,0.98,0.001,2000,0.8,0.2,10,200,50,False
data1201.vrp,sa,random,True,46,5415.692541493366,8,3156.6489592873413,38,2259.0435822060244,41.7129215681638,53.72126159999971,106777,0.75,2,350,0.985,0.001,1500,0.7,0.1,10,200,50,False
data1201.vrp,sa,random,True,46,5415.692541493366,6,1344.393063595205,40,4071.299477898161,75.17597143311073,210.17482100000052,176762,0.75,2,350,0.985,0.001,1000,0.7,0.1,10,200,50,False
data1201.vrp,sa,random,True,46,5415.692541493366,7,1354.7833178226267,39,4060.9092236707393,74.98411685222722,185.21135299999878,161529,0.75,2,350,0.985,0.001,1000,0.8,0.2,10,200,50,False
data1201.vrp,sa,random,True,46,5415.692541493366,6,1332.0891758515968,40,4083.603365641769,75.40316098734297,252.61168879999968,169256,0.75,2,350,0.985,0.001,1000,0.8,0.1,10,200,50,False
data1201.vrp,sa,random,True,46,5415.692541493366,6,1371.0430078856584,40,4044.6495336077073,74.68388396532576,562.7399789999981,381984,0.75,2,350,0.98,0.001,3000,0.7,0.2,10,200,50,False
data1201.vrp,sa,random,True,46,5415.692541493366,6,1304.1565893724523,40,4111.535952120914,75.91893226248709,583.8539944000004,397002,0.75,2,350,0.98,0.001,3000,0.7,0.1,10,200,50,False
data1201.vrp,sa,random,True,46,5415.692541493366,6,1317.3901512285413,40,4098.302390264825,75.67457640670875,328.6497492000017,252125,0.75,2,350,0.985,0.001,1500,0.7,0.2,10,200,50,False
data1201.vrp,sa,random,True,46,5415.692541493366,6,1383.4143294783935,40,4032.2782120149723,74.45544925456717,526.8804604000034,363387,0.75,2,350,0.98,0.001,3000,0.8,0.2,10,200,50,False
data1201.vrp,sa,random,True,46,5415.692541493366,9,3306.557501822118,37,2109.135039671248,38.944881444278934,54.12294530000145,124317,0.75,2,350,0.985,0.001,2000,0.8,0.1,10,200,50,False
data1201.vrp,sa,random,True,46,5415.692541493366,6,1313.0362640751864,40,4102.656277418179,75.75497031976782,585.1355268000007,381192,0.75,2,350,0.98,0.001,3000,0.8,0.1,10,200,50,False
data1201.vrp,sa,random,True,46,5415.692541493366,6,1342.527865764592,40,4073.1646757287735,75.21041204834732,366.1641290999978,255474,0.75,2,350,0.985,0.001,1500,0.8,0.1,10,200,50,False
data1201.vrp,sa,random,True,46,5415.692541493366,6,1410.874040983652,40,4004.818500509714,73.94840954921332,297.7916167999974,242240,0.75,2,350,0.985,0.001,1500,0.8,0.2,10,200,50,False
data1201.vrp,sa,random,True,46,5415.692541493366,8,2958.593910093584,38,2457.098631399782,45.369980156263495,72.82281890000013,147479,0.75,2,350,0.99,0.001,1000,0.7,0.1,10,200,50,False
data1201.vrp,sa,random,True,46,5415.692541493366,8,3131.1223503745146,38,2284.570191118851,42.18426680641818,41.86999800000194,85484,0.75,2,350,0.99,0.001,1000,0.7,0.2,10,200,50,False
data1201.vrp,sa,random,True,46,5415.692541493366,9,3097.9558818083306,37,2317.736659685035,42.79668097712807,54.2789397000015,127934,0.75,2,350,0.99,0.001,1000,0.8,0.1,10,200,50,False
data1201.vrp,sa,random,True,46,5415.692541493366,6,1314.1681046861204,40,4101.524436807245,75.73407104230216,432.20311669999865,351100,0.75,2,350,0.985,0.001,2000,0.7,0.1,10,200,50,False
data1201.vrp,sa,random,True,46,5415.692541493366,9,3186.203105725781,37,2229.489435767585,41.16720841676156,57.23775740000201,135551,0.75,2,350,0.99,0.001,1500,0.7,0.1,10,200,50,False
data1201.vrp,sa,random,True,46,5415.692541493366,7,2697.2034416521747,39,2718.489099841191,50.19651834023011,77.56136870000046,133955,0.75,2,350,0.99,0.001,1000,0.8,0.2,10,200,50,False
data1201.vrp,sa,random,True,46,5415.692541493366,8,3039.0658719517196,38,2376.626669541646,43.8840767147076,94.06220690000191,176995,0.75,2,350,0.99,0.001,1500,0.8,0.1,10,200,50,False
data1201.vrp,sa,random,True,46,5415.692541493366,6,1392.8894535369354,40,4022.8030879564303,74.2804924233596,446.06621989999985,325210,0.75,2,350,0.985,0.001,2000,0.8,0.2,10,200,50,False
data1201.vrp,sa,random,True,46,5415.692541493366,9,3353.180451740495,37,2062.512089752871,38.08399524069248,54.46434539999973,122574,0.75,2,350,0.99,0.001,1500,0.8,0.2,10,200,50,False
data1201.vrp,sa,random,True,46,5415.692541493366,5,1363.027315421148,41,4052.6652260722176,74.83189259770467,584.6911610999996,337771,0.75,2,350,0.985,0.001,2000,0.7,0.2,10,200,50,False
data1201.vrp,sa,random,True,46,5415.692541493366,6,1332.5008563209112,40,4083.1916851724545,75.39555936546064,557.3125037999998,527340,0.75,2,350,0.985,0.001,3000,0.7,0.1,10,200,50,False
data1201.vrp,sa,random,True,46,5415.692541493366,6,1316.7299830688114,40,4098.962558424554,75.68676631879612,611.924162700001,503755,0.75,2,350,0.985,0.001,3000,0.7,0.2,10,200,50,False
data1201.vrp,sa,random,True,46,5415.692541493366,8,3018.1794370001626,38,2397.513104493203,44.26974179431711,165.82373799999914,295029,0.75,2,350,0.99,0.001,2000,0.8,0.1,10,200,50,False
data1201.vrp,sa,random,True,46,5415.692541493366,6,1350.5468345837492,40,4065.145706909617,75.06234291854133,375.2166012000016,376489,0.75,2,350,0.99,0.001,1500,0.7,0.2,10,200,50,False
data1201.vrp,sa,random,True,46,5415.692541493366,6,1345.2819432810627,40,4070.410598212303,75.15955839490651,681.6951189000029,510209,0.75,2,350,0.985,0.001,3000,0.8,0.1,10,200,50,False
data1201.vrp,sa,random,True,46,5415.692541493366,6,1349.3135351979809,40,4066.379006295385,75.08511561799425,647.4296710999988,487468,0.75,2,350,0.985,0.001,3000,0.8,0.2,10,200,50,False
data1201.vrp,sa,random,True,46,5415.692541493366,8,2987.09488121737,38,2428.5976602759956,44.84371373871078,177.92425569999978,352920,0.75,2,350,0.99,0.001,3000,0.7,0.1,10,200,50,False
data1201.vrp,sa,random,True,46,5415.692541493366,8,3059.535140998297,38,2356.157400495069,43.506114544777375,196.97133910000048,371109,0.75,2,350,0.99,0.001,3000,0.7,0.2,10,200,50,False
data1201.vrp,sa,random,True,46,5415.692541493366,7,2925.9295092915345,39,2489.7630322018313,45.973123716422876,250.66084229999979,402191,0.75,2,350,0.99,0.001,3000,0.8,0.2,10,200,50,False
data1201.vrp,sa,random,True,46,5415.692541493366,6,1378.8382995192103,40,4036.8542419741552,74.53994500324794,532.0277753000009,484500,0.75,2,350,0.99,0.001,2000,0.8,0.2,10,200,50,False
data1201.vrp,sa,random,True,46,5415.692541493366,6,1326.312657445831,40,4089.3798840475347,75.50982358610588,676.7078385999994,506155,0.75,2,350,0.99,0.001,2000,0.7,0.2,10,200,50,False
data1201.vrp,sa,random,True,46,5415.692541493366,5,1358.1677069931138,41,4057.524834500252,74.92162458287187,796.9946171999982,529752,0.75,2,350,0.99,0.001,2000,0.7,0.1,10,200,50,False
data1201.vrp,sa,random,True,46,5415.692541493366,6,1331.5669604761097,40,4084.125581017256,75.41280362069939,1088.9405818999985,763489,0.75,2,350,0.99,0.001,3000,0.8,0.1,10,200,50,False
data1201.vrp,sa,random,True,42,5453.992662146416,7,1329.3357406591688,35,4124.656921487247,75.6263746028582,133.9542513000015,105337,0.75,3,200,0.98,0.001,1000,0.7,0.1,10,200,50,False
data1201.vrp,sa,random,True,42,5453.992662146416,7,1338.6266719374069,35,4115.3659902090085,75.4560235984881,151.76686709999922,101918,0.75,3,200,0.98,0.001,1000,0.8,0.1,10,200,50,False
data1201.vrp,sa,random,True,42,5453.992662146416,6,1395.205935817843,36,4058.7867263285725,74.41863195927438,168.69916229999944,95345,0.75,3,200,0.98,0.001,1000,0.8,0.2,10,200,50,False
data1201.vrp,sa,random,True,42,5453.992662146416,5,1357.4305055701975,37,4096.562156576218,75.11125170755213,243.1663449000007,100187,0.75,3,200,0.98,0.001,1000,0.7,0.2,10,200,50,False
data1201.vrp,sa,random,True,42,5453.992662146416,6,1332.44079263921,36,4121.551869507206,75.5694428801298,255.4271493999986,158913,0.75,3,200,0.98,0.001,1500,0.7,0.1,10,200,50,False
data1201.vrp,sa,random,True,42,5453.992662146416,6,1432.4191907735299,36,4021.5734713728857,73.73631980264157,272.5549691999986,150986,0.75,3,200,0.98,0.001,1500,0.7,0.2,10,200,50,False
data1201.vrp,sa,random,True,42,5453.992662146416,6,1373.9446148623265,36,4080.048047284089,74.80846235092639,226.24491729999863,141682,0.75,3,200,0.98,0.001,1500,0.8,0.2,10,200,50,False
data1201.vrp,sa,random,True,42,5453.992662146416,6,1337.6719724759523,36,4116.320689670463,75.47352819595632,287.7594262999992,152147,0.75,3,200,0.98,0.001,1500,0.8,0.1,10,200,50,False
data1201.vrp,sa,random,True,42,5453.992662146416,6,1324.623505253466,36,4129.36915689295,75.7127743415012,309.3486186000009,210405,0.75,3,200,0.98,0.001,2000,0.7,0.1,10,200,50,False
data1201.vrp,sa,random,True,42,5453.992662146416,6,1329.9367725226334,36,4124.055889623782,75.61535456853295,303.62462310000046,200617,0.75,3,200,0.98,0.001,2000,0.7,0.2,10,200,50,False
data1201.vrp,sa,random,True,42,5453.992662146416,6,1305.8331860791016,36,4148.159476067314,76.05729844225365,353.26456600000165,201713,0.75,3,200,0.98,0.001,2000,0.8,0.1,10,200,50,False
data1201.vrp,sa,random,True,42,5453.992662146416,7,1357.5040991500186,35,4096.488562996397,75.10990235517161,309.23735079999824,191310,0.75,3,200,0.98,0.001,2000,0.8,0.2,10,200,50,False
data1201.vrp,sa,random,True,42,5453.992662146416,6,1321.9843298131304,36,4132.008332333286,75.76116412865022,172.38497330000246,139624,0.75,3,200,0.985,0.001,1000,0.7,0.1,10,200,50,False
data1201.vrp,sa,random,True,42,5453.992662146416,6,1347.8300092582379,36,4106.162652888178,75.28727864610292,168.50657330000104,131814,0.75,3,200,0.985,0.001,1000,0.7,0.2,10,200,50,False
data1201.vrp,sa,random,True,42,5453.992662146416,6,1371.7301932030305,36,4082.262468943385,74.84906419615191,190.45055520000096,134687,0.75,3,200,0.985,0.001,1000,0.8,0.1,10,200,50,False
data1201.vrp,sa,random,True,42,5453.992662146416,6,1400.344701931001,36,4053.6479602154145,74.32441169842176,199.58971530000053,127363,0.75,3,200,0.985,0.001,1000,0.8,0.2,10,200,50,False
data1201.vrp,sa,random,True,42,5453.992662146416,6,1342.2862986568766,36,4111.7063634895385,75.38892364170103,538.5189342000012,319319,0.75,3,200,0.98,0.001,3000,0.7,0.1,10,200,50,False
data1201.vrp,sa,random,True,42,5453.992662146416,6,1340.824100031402,36,4113.168562115014,75.41573333353695,270.32930080000006,211284,0.75,3,200,0.985,0.001,1500,0.7,0.1,10,200,50,False
data1201.vrp,sa,random,True,42,5453.992662146416,6,1404.8340505809028,36,4049.1586115655127,74.24209863113327,451.5826194000001,285412,0.75,3,200,0.98,0.001,3000,0.8,0.2,10,200,50,False
data1201.vrp,sa,random,True,42,5453.992662146416,6,1367.1640412313532,36,4086.8286209150624,74.9327854670544,290.90108540000074,200314,0.75,3,200,0.985,0.001,1500,0.7,0.2,10,200,50,False
data1201.vrp,sa,random,True,42,5453.992662146416,6,1361.058375843787,36,4092.9342863026286,75.04473401128223,570.9997461000021,303426,0.75,3,200,0.98,0.001,3000,0.8,0.1,10,200,50,False
data1201.vrp,sa,random,True,42,5453.992662146416,7,1297.1082524885403,35,4156.884409657875,76.21727177062127,246.75506750000204,200219,0.75,3,200,0.985,0.001,1500,0.8,0.1,10,200,50,False
data1201.vrp,sa,random,True,42,5453.992662146416,7,1377.053529717713,35,4076.9391324287026,74.7514598016387,255.52811460000157,190681,0.75,3,200,0.985,0.001,1500,0.8,0.2,10,200,50,False
data1201.vrp,sa,random,True,42,5453.992662146416,6,1328.4642835940108,36,4125.528378552404,75.64235293504787,693.149194200003,302551,0.75,3,200,0.98,0.001,3000,0.7,0.2,10,200,50,False
data1201.vrp,sa,random,True,42,5453.992662146416,6,1321.3831946627267,36,4132.609467483689,75.77218605676126,426.3073764999972,283194,0.75,3,200,0.985,0.001,2000,0.7,0.1,10,200,50,False
data1201.vrp,sa,random,True,42,5453.992662146416,6,1301.668027810113,36,4152.324634336303,76.13366741681969,426.6151800999978,266072,0.75,3,200,0.985,0.001,2000,0.7,0.2,10,200,50,False
data1201.vrp,sa,random,True,42,5453.992662146416,6,1411.145454620391,36,4042.8472075260242,74.12637782931971,436.7869918000033,255814,0.75,3,200,0.985,0.001,2000,0.8,0.2,10,200,50,False
data1201.vrp,sa,random,True,42,5453.992662146416,6,1315.530392458252,36,4138.462269688163,75.8794983060992,511.29309970000395,269991,0.75,3,200,0.985,0.001,2000,0.8,0.1,10,200,50,False
data1201.vrp,sa,random,True,42,5453.992662146416,7,1323.2891959145918,35,4130.703466231824,75.73723915877414,273.5084951000026,213990,0.75,3,200,0.99,0.001,1000,0.7,0.1,10,200,50,False
data1201.vrp,sa,random,True,42,5453.992662146416,7,1321.0340189579058,35,4132.95864318851,75.7785882601827,257.13349919999746,200793,0.75,3,200,0.99,0.001,1000,0.7,0.2,10,200,50,False
data1201.vrp,sa,random,True,42,5453.992662146416,6,1319.7877130520155,36,4134.2049490944,75.80143951765763,569.3268741000029,403277,0.75,3,200,0.985,0.001,3000,0.8,0.1,10,200,50,False
data1201.vrp,sa,random,True,42,5453.992662146416,6,1312.3784350472279,36,4141.614227099188,75.93729004888792,683.8506673999982,426911,0.75,3,200,0.985,0.001,3000,0.7,0.1,10,200,50,False
data1201.vrp,sa,random,True,42,5453.992662146416,8,3020.4533958454,34,2433.5392663010157,44.61940851499602,53.90450389999751,110930,0.75,3,200,0.99,0.001,1500,0.7,0.1,10,200,50,False
data1201.vrp,sa,random,True,42,5453.992662146416,6,1381.6095093984793,36,4072.383152747936,74.66792504163824,616.2620594,382330,0.75,3,200,0.985,0.001,3000,0.8,0.2,10,200,50,False
data1201.vrp,sa,random,True,42,5453.992662146416,6,1343.9584617102219,36,4110.034200436194,75.35826421186808,687.1563943000001,401245,0.75,3,200,0.985,0.001,3000,0.7,0.2,10,200,50,False
data1201.vrp,sa,random,True,42,5453.992662146416,6,1386.837439098577,36,4067.1552230478383,74.5720699493426,302.728489299996,192273,0.75,3,200,0.99,0.001,1000,0.8,0.2,10,200,50,False
data1201.vrp,sa,random,True,42,5453.992662146416,5,1402.0304445936886,37,4051.962217552727,74.29350328385077,420.47436169999855,203913,0.75,3,200,0.99,0.001,1000,0.8,0.1,10,200,50,False
data1201.vrp,sa,random,True,42,5453.992662146416,6,1336.0452480792783,36,4117.947414067137,75.50335449931687,419.13295310000103,300388,0.75,3,200,0.99,0.001,1500,0.7,0.2,10,200,50,False
data1201.vrp,sa,random,True,42,5453.992662146416,6,1373.1473448309996,36,4080.8453173154157,74.82308044964257,428.10188930000004,288608,0.75,3,200,0.99,0.001,1500,0.8,0.2,10,200,50,False
data1201.vrp,sa,random,True,42,5453.992662146416,6,1348.8243471693831,36,4105.168314977032,75.26904727006811,457.154879099995,418500,0.75,3,200,0.99,0.001,2000,0.7,0.1,10,200,50,False
data1201.vrp,sa,random,True,42,5453.992662146416,5,1332.874217295763,37,4121.118444850653,75.56149595604313,614.2252554999941,301526,0.75,3,200,0.99,0.001,1500,0.8,0.1,10,200,50,False
data1201.vrp,sa,random,True,42,5453.992662146416,6,1344.1973383616535,36,4109.795323784762,75.35388436271484,548.882620299999,382910,0.75,3,200,0.99,0.001,2000,0.8,0.2,10,200,50,False
data1201.vrp,sa,random,True,42,5453.992662146416,6,1344.374631852748,36,4109.618030293667,75.35063365260065,655.3371116999988,406071,0.75,3,200,0.99,0.001,2000,0.8,0.1,10,200,50,False
data1201.vrp,sa,random,True,42,5453.992662146416,6,1337.996043915202,36,4115.996618231214,75.46758628405205,677.1134945000013,402604,0.75,3,200,0.99,0.001,2000,0.7,0.2,10,200,50,False
data1201.vrp,sa,random,True,42,5453.992662146416,6,1400.4687747400792,36,4053.523887406336,74.32213679970509,167.34654130000126,116525,0.75,3,250,0.98,0.001,1000,0.7,0.1,10,200,50,False
data1201.vrp,sa,random,True,42,5453.992662146416,7,1314.8062216404157,35,4139.186440506,75.8927761167362,162.34674950000044,110048,0.75,3,250,0.98,0.001,1000,0.7,0.2,10,200,50,False
data1201.vrp,sa,random,True,42,5453.992662146416,7,1364.7676655517703,35,4089.2249965946453,74.97672347408941,165.34033490000002,106738,0.75,3,250,0.98,0.001,1000,0.8,0.2,10,200,50,False
data1201.vrp,sa,random,True,42,5453.992662146416,6,1313.943608528216,36,4140.0490536182,75.9085922933546,185.28490440000314,111616,0.75,3,250,0.98,0.001,1000,0.8,0.1,10,200,50,False
data1201.vrp,sa,random,True,42,5453.992662146416,6,1351.0827139898747,36,4102.909948156541,75.22763968189578,287.137696400001,175110,0.75,3,250,0.98,0.001,1500,0.7,0.1,10,200,50,False
data1201.vrp,sa,random,True,42,5453.992662146416,6,1310.7884298510369,36,4143.2042322953785,75.96644309867521,256.02552259999356,165009,0.75,3,250,0.98,0.001,1500,0.7,0.2,10,200,50,False
data1201.vrp,sa,random,True,42,5453.992662146416,6,1430.5180555085449,36,4023.4746066378707,73.77117748182732,253.72368049999932,158800,0.75,3,250,0.98,0.001,1500,0.8,0.2,10,200,50,False
data1201.vrp,sa,random,True,42,5453.992662146416,6,1354.0520205868638,36,4099.940641559551,75.17319687676334,283.77311539999937,167419,0.75,3,250,0.98,0.001,1500,0.8,0.1,10,200,50,False
data1201.vrp,sa,random,True,42,5453.992662146416,6,1336.1805759126792,36,4117.812086233736,75.5008732375737,811.2187498999992,598144,0.75,3,200,0.99,0.001,3000,0.7,0.2,10,200,50,False
data1201.vrp,sa,random,True,42,5453.992662146416,5,1349.2737258697498,37,4104.718936276666,75.26080782553265,1152.3647412999999,634994,0.75,3,200,0.99,0.001,3000,0.7,0.1,10,200,50,False
data1201.vrp,sa,random,True,42,5453.992662146416,7,1316.0122889990141,35,4137.980373147401,75.87066264073229,301.26113530000293,233415,0.75,3,250,0.98,0.001,2000,0.7,0.1,10,200,50,False
data1201.vrp,sa,random,True,42,5453.992662146416,6,1387.8099883559948,36,4066.1826737904207,74.55423807244685,889.5201132000002,572909,0.75,3,200,0.99,0.001,3000,0.8,0.2,10,200,50,False
data1201.vrp,sa,random,True,42,5453.992662146416,6,1374.8511140585872,36,4079.1415480878286,74.79184151455175,365.9335852000004,221335,0.75,3,250,0.98,0.001,2000,0.7,0.2,10,200,50,False
data1201.vrp,sa,random,True,42,5453.992662146416,6,1316.074279146073,36,4137.918383000342,75.86952603951372,1009.279899299996,607555,0.75,3,200,0.99,0.001,3000,0.8,0.1,10,200,50,False
data1201.vrp,sa,random,True,42,5453.992662146416,6,1323.084272476338,36,4130.908389670078,75.74099646926113,354.64060549999704,221192,0.75,3,250,0.98,0.001,2000,0.8,0.1,10,200,50,False
data1201.vrp,sa,random,True,42,5453.992662146416,6,1398.7862083896873,36,4055.2064537567285,74.35298697598182,360.7157163000011,212125,0.75,3,250,0.98,0.001,2000,0.8,0.2,10,200,50,False
data1201.vrp,sa,random,True,42,5453.992662146416,6,1323.3395178646615,36,4130.653144281754,75.73631649618204,208.97007780000422,154942,0.75,3,250,0.985,0.001,1000,0.7,0.1,10,200,50,False
data1201.vrp,sa,random,True,42,5453.992662146416,6,1320.126775423569,36,4133.865886722847,75.79522274413854,226.74368320000212,147854,0.75,3,250,0.985,0.001,1000,0.7,0.2,10,200,50,False
data1201.vrp,sa,random,True,42,5453.992662146416,6,1299.499973685416,36,4154.4926884609995,76.17341910441812,493.0894386,347850,0.75,3,250,0.98,0.001,3000,0.7,0.1,10,200,50,False
data1201.vrp,sa,random,True,42,5453.992662146416,7,1352.0042778139257,35,4101.98838433249,75.21074263268544,206.06069150000258,148780,0.75,3,250,0.985,0.001,1000,0.8,0.1,10,200,50,False
data1201.vrp,sa,random,True,42,5453.992662146416,6,1393.73970277043,36,4060.2529593759855,74.44551562300921,213.77186880000227,140676,0.75,3,250,0.985,0.001,1000,0.8,0.2,10,200,50,False
data1201.vrp,sa,random,True,42,5453.992662146416,6,1357.696889798022,36,4096.295772348393,75.10636750171751,499.2029825999998,332652,0.75,3,250,0.98,0.001,3000,0.7,0.2,10,200,50,False
data1201.vrp,sa,random,True,42,5453.992662146416,6,1359.4186570249954,36,4094.57400512142,75.07479856986099,548.7487175999995,336237,0.75,3,250,0.98,0.001,3000,0.8,0.1,10,200,50,False
data1201.vrp,sa,random,True,42,5453.992662146416,5,1389.9987958035983,37,4063.9938663428175,74.51410586869831,570.7405384999947,318470,0.75,3,250,0.98,0.001,3000,0.8,0.2,10,200,50,False
data1201.vrp,sa,random,True,42,5453.992662146416,6,1313.4880221753656,36,4140.50463997105,75.91694555638726,302.6772134999992,234204,0.75,3,250,0.985,0.001,1500,0.7,0.1,10,200,50,False
data1201.vrp,sa,random,True,42,5453.992662146416,6,1381.5615317786546,36,4072.431130367761,74.66880472048634,273.924437499998,210260,0.75,3,250,0.985,0.001,1500,0.8,0.2,10,200,50,False
data1201.vrp,sa,random,True,42,5453.992662146416,7,1323.1378924972532,35,4130.854769649162,75.74001333590843,318.0468796000059,224452,0.75,3,250,0.985,0.001,1500,0.8,0.1,10,200,50,False
data1201.vrp,sa,random,True,42,5453.992662146416,6,1374.9953996915042,36,4078.9972624549114,74.78919600983886,353.7192346000011,220364,0.75,3,250,0.985,0.001,1500,0.7,0.2,10,200,50,False
data1201.vrp,sa,random,True,42,5453.992662146416,6,1384.4831573699664,36,4069.509504776449,74.61523615572479,343.9144587999981,307938,0.75,3,250,0.985,0.001,2000,0.7,0.1,10,200,50,False
data1201.vrp,sa,random,True,42,5453.992662146416,8,3066.912306867801,34,2387.0803552786147,43.76757548366742,44.62120990000403,92816,0.75,3,250,0.99,0.001,1000,0.7,0.1,10,200,50,False
data1201.vrp,sa,random,True,42,5453.992662146416,7,1305.0335418129396,35,4148.959120333476,76.07196007302026,436.58491219999996,297887,0.75,3,250,0.985,0.001,2000,0.7,0.2,10,200,50,False
data1201.vrp,sa,random,True,42,5453.992662146416,6,1395.0679955679427,36,4058.924666578473,74.4211611201744,403.6759447000004,282081,0.75,3,250,0.985,0.001,2000,0.8,0.2,10,200,50,False
data1201.vrp,sa,random,True,42,5453.992662146416,6,1335.550051330596,36,4118.4426108158195,75.5124340265432,270.44713839999895,221055,0.75,3,250,0.99,0.001,1000,0.7,0.2,10,200,50,False
data1201.vrp,sa,random,True,42,5453.992662146416,6,1320.9214008140355,36,4133.07126133238,75.780653135419,548.8880995,297439,0.75,3,250,0.985,0.001,2000,0.8,0.1,10,200,50,False
data1201.vrp,sa,random,True,42,5453.992662146416,8,3107.7008902947246,34,2346.291771851691,43.01970899477355,73.06021759999567,152945,0.75,3,250,0.99,0.001,1500,0.7,0.1,10,200,50,False
data1201.vrp,sa,random,True,42,5453.992662146416,8,3039.991480763988,34,2414.0011813824276,44.26117398611238,54.14269880000211,105036,0.75,3,250,0.99,0.001,1500,0.7,0.2,10,200,50,False
data1201.vrp,sa,random,True,42,5453.992662146416,7,1360.9319324813403,35,4093.060729665075,75.04705237454891,541.2053767000034,423977,0.75,3,250,0.985,0.001,3000,0.8,0.2,10,200,50,False
data1201.vrp,sa,random,True,42,5453.992662146416,6,1313.7316054816895,36,4140.261056664726,75.91247940981513,657.6646761999946,466706,0.75,3,250,0.985,0.001,3000,0.7,0.1,10,200,50,False
data1201.vrp,sa,random,True,42,5453.992662146416,6,1310.0300024136218,36,4143.962659732793,75.98034901099297,351.9347187999956,223824,0.75,3,250,0.99,0.001,1000,0.8,0.1,10,200,50,False
data1201.vrp,sa,random,True,42,5453.992662146416,6,1374.6295755715764,36,4079.363086574839,74.79590346513976,273.6659201000002,210613,0.75,3,250,0.99,0.001,1000,0.8,0.2,10,200,50,False
data1201.vrp,sa,random,True,42,5453.992662146416,6,1313.0894095886617,36,4140.903252557754,75.92425419450609,638.199798499998,442667,0.75,3,250,0.985,0.001,3000,0.7,0.2,10,200,50,False
data1201.vrp,sa,random,True,42,5453.992662146416,6,1339.0405228814436,36,4114.952139264972,75.44843556216915,641.7882544000022,446205,0.75,3,250,0.985,0.001,3000,0.8,0.1,10,200,50,False
data1201.vrp,sa,random,True,42,5453.992662146416,7,1321.4729192829661,35,4132.519742863449,75.77054093866526,411.36612340000283,334605,0.75,3,250,0.99,0.001,1500,0.8,0.1,10,200,50,False
data1201.vrp,sa,random,True,42,5453.992662146416,6,1374.5017640238211,36,4079.4908981225944,74.79824691434611,385.74944590000086,316217,0.75,3,250,0.99,0.001,1500,0.8,0.2,10,200,50,False
data1201.vrp,sa,random,True,42,5453.992662146416,8,3069.240817072239,34,2384.7518450741763,43.724881803116666,132.64126810000016,245356,0.75,3,250,0.99,0.001,3000,0.8,0.2,10,200,50,False
data1201.vrp,sa,random,True,42,5453.992662146416,7,2972.936324230199,35,2481.0563379162168,45.49064312345075,183.65896639999846,273317,0.75,3,250,0.99,0.001,3000,0.8,0.1,10,200,50,False
data1201.vrp,sa,random,True,42,5453.992662146416,6,1352.4923947657476,36,4101.500267380668,75.20179291489046,504.3770693999977,440163,0.75,3,250,0.99,0.001,2000,0.7,0.2,10,200,50,False
data1201.vrp,sa,random,True,42,5453.992662146416,6,1319.8082013751346,36,4134.184460771281,75.80106386032935,580.0164380999995,464704,0.75,3,250,0.99,0.001,2000,0.7,0.1,10,200,50,False
data1201.vrp,sa,random,True,42,5453.992662146416,6,1338.23139613052,36,4115.761266015896,75.46327105610993,186.45735489999788,124826,0.75,3,300,0.98,0.001,1000,0.7,0.1,10,200,50,False
data1201.vrp,sa,random,True,42,5453.992662146416,6,1354.4625588193032,36,4099.530103327113,75.16566957964599,195.66441289999784,119210,0.75,3,300,0.98,0.001,1000,0.7,0.2,10,200,50,False
data1201.vrp,sa,random,True,42,5453.992662146416,7,1354.3337054203325,35,4099.6589567260835,75.1680321313939,166.3713807000022,119609,0.75,3,300,0.98,0.001,1000,0.8,0.1,10,200,50,False
data1201.vrp,sa,random,True,42,5453.992662146416,7,1399.5934384418497,35,4054.399223704566,74.33818625837607,172.22613479999563,113861,0.75,3,300,0.98,0.001,1000,0.8,0.2,10,200,50,False
data1201.vrp,sa,random,True,42,5453.992662146416,5,1402.378713600387,37,4051.6139485460285,74.28711770491306,713.8118642000045,422965,0.75,3,250,0.99,0.001,2000,0.8,0.2,10,200,50,False
data1201.vrp,sa,random,True,42,5453.992662146416,6,1335.8828347522804,36,4118.109827394135,75.5063323787725,716.3649284999992,448058,0.75,3,250,0.99,0.001,2000,0.8,0.1,10,200,50,False
data1201.vrp,sa,random,True,42,5453.992662146416,7,1295.008092619763,35,4158.984569526652,76.25577860403439,228.27054999999382,186677,0.75,3,300,0.98,0.001,1500,0.7,0.1,10,200,50,False
data1201.vrp,sa,random,True,42,5453.992662146416,6,1308.9905285391237,36,4145.002133607291,75.99940796356019,825.5863574000032,661024,0.75,3,250,0.99,0.001,3000,0.7,0.2,10,200,50,False
data1201.vrp,sa,random,True,42,5453.992662146416,7,1332.6282294488653,35,4121.36443269755,75.56600619032717,248.3824667999943,177961,0.75,3,300,0.98,0.001,1500,0.7,0.2,10,200,50,False
data1201.vrp,sa,random,True,42,5453.992662146416,6,1325.8992271639117,36,4128.093434982504,75.68938373594905,930.9893376000036,701673,0.75,3,250,0.99,0.001,3000,0.7,0.1,10,200,50,False
data1201.vrp,sa,random,True,42,5453.992662146416,7,1344.8195487142125,35,4109.1731134322035,75.34247601673599,257.1591890999989,172634,0.75,3,300,0.98,0.001,1500,0.8,0.2,10,200,50,False
data1201.vrp,sa,random,True,42,5453.992662146416,6,1335.1553819019805,36,4118.8372802444355,75.51967036610331,304.5944190000009,179315,0.75,3,300,0.98,0.001,1500,0.8,0.1,10,200,50,False
data1201.vrp,sa,random,True,42,5453.992662146416,7,1326.677783193346,35,4127.31487895307,75.67510876204163,316.5232111000005,249509,0.75,3,300,0.98,0.001,2000,0.7,0.1,10,200,50,False
data1201.vrp,sa,random,True,42,5453.992662146416,6,1356.9180468496106,36,4097.074615296805,75.12064773633934,329.98693989999447,238320,0.75,3,300,0.98,0.001,2000,0.7,0.2,10,200,50,False
data1201.vrp,sa,random,True,42,5453.992662146416,9,3281.3415468584667,33,2172.651115287949,39.83597430130944,28.909385699997074,68367,0.75,3,300,0.985,0.001,1000,0.7,0.1,10,200,50,False
data1201.vrp,sa,random,True,42,5453.992662146416,8,2990.2709161659886,34,2463.721745980427,45.172810060416005,55.453503299999284,106814,0.75,3,300,0.985,0.001,1000,0.7,0.2,10,200,50,False
data1201.vrp,sa,random,True,42,5453.992662146416,6,1343.9778105710034,36,4110.014851575412,75.35790944679998,396.8788244000025,239679,0.75,3,300,0.98,0.001,2000,0.8,0.1,10,200,50,False
data1201.vrp,sa,random,True,42,5453.992662146416,6,1367.6759185892574,36,4086.316743557158,74.92340009766332,368.32380450000346,227276,0.75,3,300,0.98,0.001,2000,0.8,0.2,10,200,50,False
data1201.vrp,sa,random,True,42,5453.992662146416,6,1419.6507504081087,36,4034.341911738307,73.9704316021319,196.20619530000113,151850,0.75,3,300,0.985,0.001,1000,0.8,0.2,10,200,50,False
data1201.vrp,sa,random,True,42,5453.992662146416,9,3292.4494025410027,33,2161.543259605413,39.63230964001222,37.00725290000264,80126,0.75,3,300,0.985,0.001,1500,0.8,0.1,10,200,50,False
data1201.vrp,sa,random,True,42,5453.992662146416,6,1308.6648501965644,36,4145.327811949851,76.00537933834438,284.1717045000041,159700,0.75,3,300,0.985,0.001,1000,0.8,0.1,10,200,50,False
data1201.vrp,sa,random,True,42,5453.992662146416,6,1317.068567566867,36,4136.924094579548,75.85129557089401,515.046239700001,374512,0.75,3,300,0.98,0.001,3000,0.7,0.1,10,200,50,False
data1201.vrp,sa,random,True,42,5453.992662146416,6,1374.4155081462804,36,4079.577154000135,74.7998284323804,493.9325480999978,340401,0.75,3,300,0.98,0.001,3000,0.8,0.2,10,200,50,False
data1201.vrp,sa,random,True,42,5453.992662146416,6,1319.2091167579047,36,4134.783545388511,75.81204819152194,528.2478345999989,356014,0.75,3,300,0.98,0.001,3000,0.7,0.2,10,200,50,False
data1201.vrp,sa,random,True,42,5453.992662146416,6,1338.4528390155112,36,4115.539823130905,75.45921085840325,339.11989890000405,237494,0.75,3,300,0.985,0.001,1500,0.7,0.2,10,200,50,False
data1201.vrp,sa,random,True,42,5453.992662146416,6,1357.9352046724944,36,4096.057457473921,75.1019979528524,367.7023149000015,251985,0.75,3,300,0.985,0.001,1500,0.7,0.1,10,200,50,False
data1201.vrp,sa,random,True,42,5453.992662146416,6,1329.96494272778,36,4124.027719418636,75.6148380624265,634.5687519999992,361101,0.75,3,300,0.98,0.001,3000,0.8,0.1,10,200,50,False
data1201.vrp,sa,random,True,42,5453.992662146416,6,1359.079165285563,36,4094.9134968608523,75.08102321592236,344.05858109999826,228844,0.75,3,300,0.985,0.001,1500,0.8,0.2,10,200,50,False
data1201.vrp,sa,random,True,42,5453.992662146416,6,1381.3154204978796,36,4072.677241648536,74.67331721795416,436.57326040000044,334122,0.75,3,300,0.985,0.001,2000,0.7,0.1,10,200,50,False
data1201.vrp,sa,random,True,42,5453.992662146416,6,1337.2042871301328,36,4116.788375016283,75.48210329634223,440.9631088000024,320932,0.75,3,300,0.985,0.001,2000,0.7,0.2,10,200,50,False
data1201.vrp,sa,random,True,42,5453.992662146416,6,1377.9960983008102,36,4075.996563845605,74.73417762614845,416.4874917999987,304888,0.75,3,300,0.985,0.001,2000,0.8,0.2,10,200,50,False
data1201.vrp,sa,random,True,42,5453.992662146416,7,1318.916876171049,35,4135.075785975367,75.81740647865136,430.3990294000032,320320,0.75,3,300,0.985,0.001,2000,0.8,0.1,10,200,50,False
data1201.vrp,sa,random,True,42,5453.992662146416,6,1297.1684691534176,36,4156.824192992998,76.21616768653816,310.2922277999969,249838,0.75,3,300,0.99,0.001,1000,0.7,0.1,10,200,50,False
data1201.vrp,sa,random,True,42,5453.992662146416,7,1332.7574420326887,35,4121.235220113727,75.56363705285621,270.3606415000031,238323,0.75,3,300,0.99,0.001,1000,0.7,0.2,10,200,50,False
data1201.vrp,sa,random,True,42,5453.992662146416,7,1332.5823371545237,35,4121.410324991892,75.56684763433313,264.01802580000367,228246,0.75,3,300,0.99,0.001,1000,0.8,0.2,10,200,50,False
data1201.vrp,sa,random,True,42,5453.992662146416,6,1328.293057698539,36,4125.6996044478765,75.64549239463425,617.1358519999994,475645,0.75,3,300,0.985,0.001,3000,0.7,0.2,10,200,50,False
data1201.vrp,sa,random,True,42,5453.992662146416,6,1308.5294994663593,36,4145.4631626800565,76.00786101990485,319.99521520000417,238944,0.75,3,300,0.99,0.001,1000,0.8,0.1,10,200,50,False
data1201.vrp,sa,random,True,42,5453.992662146416,9,3298.885301558386,33,2155.1073605880297,39.51430619893589,46.850239000006695,108539,0.75,3,300,0.99,0.001,2000,0.7,0.1,10,200,50,False
data1201.vrp,sa,random,True,42,5453.992662146416,6,1334.1363247069871,36,4119.856337439429,75.53835497494164,688.5115585999956,502171,0.75,3,300,0.985,0.001,3000,0.7,0.1,10,200,50,False
data1201.vrp,sa,random,True,42,5453.992662146416,6,1325.9343222328682,36,4128.058339913548,75.68874026113839,591.4295781999972,457347,0.75,3,300,0.985,0.001,3000,0.8,0.2,10,200,50,False
data1201.vrp,sa,random,True,42,5453.992662146416,8,3164.990565522406,34,2289.0020966240095,41.96929182745131,75.9011099000054,137371,0.75,3,300,0.99,0.001,2000,0.8,0.1,10,200,50,False
data1201.vrp,sa,random,True,42,5453.992662146416,5,1342.3714582178345,37,4111.621203928581,75.38736222484125,739.5592859999961,480422,0.75,3,300,0.985,0.001,3000,0.8,0.1,10,200,50,False
data1201.vrp,sa,random,True,42,5453.992662146416,8,3122.9446089131616,34,2331.048053233254,42.74021249445303,88.82277170000452,159660,0.75,3,300,0.99,0.001,2000,0.8,0.2,10,200,50,False
data1201.vrp,sa,random,True,42,5453.992662146416,6,1311.141785118672,36,4142.850877027744,75.95996426216912,458.1559638000035,374679,0.75,3,300,0.99,0.001,1500,0.7,0.1,10,200,50,False
data1201.vrp,sa,random,True,42,5453.992662146416,6,1411.7862712286155,36,4042.2063909178,74.1146283340798,444.40690890000405,341234,0.75,3,300,0.99,0.001,1500,0.8,0.2,10,200,50,False
data1201.vrp,sa,random,True,42,5453.992662146416,6,1338.6154375305323,36,4115.377224615883,75.45622958348974,548.9185520999963,358036,0.75,3,300,0.99,0.001,1500,0.7,0.2,10,200,50,False
data1201.vrp,sa,random,True,42,5453.992662146416,6,1313.8080531860635,36,4140.184608960352,75.9110777265143,578.8212264000031,362439,0.75,3,300,0.99,0.001,1500,0.8,0.1,10,200,50,False
data1201.vrp,sa,random,True,42,5453.992662146416,6,1352.675628257438,36,4101.317033888978,75.19843329372773,163.79211399999622,132425,0.75,3,350,0.98,0.001,1000,0.7,0.1,10,200,50,False
data1201.vrp,sa,random,True,42,5453.992662146416,7,1348.6961408570924,35,4105.296521289323,75.27139795735783,176.39182290000463,126112,0.75,3,350,0.98,0.001,1000,0.7,0.2,10,200,50,False
data1201.vrp,sa,random,True,42,5453.992662146416,7,1368.6281889895165,35,4085.3644731568993,74.90594003749734,152.0478402000008,127169,0.75,3,350,0.98,0.001,1000,0.8,0.1,10,200,50,False
data1201.vrp,sa,random,True,42,5453.992662146416,6,1308.1226044654268,36,4145.870057680989,76.01532151767479,702.9328500000047,478906,0.75,3,300,0.99,0.001,2000,0.7,0.2,10,200,50,False
data1201.vrp,sa,random,True,42,5453.992662146416,6,1358.8918710111948,36,4095.100791135221,75.08445729231319,175.32367430000158,122225,0.75,3,350,0.98,0.001,1000,0.8,0.2,10,200,50,False
data1201.vrp,sa,random,True,42,5453.992662146416,6,1349.6753842167034,36,4104.317277929712,75.25344334281631,763.7813328999982,712030,0.75,3,300,0.99,0.001,3000,0.7,0.2,10,200,50,False
data1201.vrp,sa,random,True,42,5453.992662146416,7,1318.9267766795551,35,4135.06588546686,75.81722495093177,238.67370819999633,188814,0.75,3,350,0.98,0.001,1500,0.7,0.2,10,200,50,False
data1201.vrp,sa,random,True,42,5453.992662146416,6,1310.38011207328,36,4143.612550073136,75.97392968333074,288.3228353000013,198053,0.75,3,350,0.98,0.001,1500,0.7,0.1,10,200,50,False
data1201.vrp,sa,random,True,42,5453.992662146416,6,1294.1666096600266,36,4159.826052486389,76.27120735526057,917.123755200002,750706,0.75,3,300,0.99,0.001,3000,0.7,0.1,10,200,50,False
data1201.vrp,sa,random,True,42,5453.992662146416,6,1400.4916132498824,36,4053.501048896533,74.32171805125385,279.5648929000017,182198,0.75,3,350,0.98,0.001,1500,0.8,0.2,10,200,50,False
data1201.vrp,sa,random,True,42,5453.992662146416,6,1306.7569264172705,36,4147.235735729145,76.04036148624012,328.6130611999979,191729,0.75,3,350,0.98,0.001,1500,0.8,0.1,10,200,50,False
data1201.vrp,sa,random,True,42,5453.992662146416,6,1364.0785061882918,36,4089.914155958124,74.98935934300543,851.1470364000052,685839,0.75,3,300,0.99,0.001,3000,0.8,0.2,10,200,50,False
data1201.vrp,sa,random,True,42,5453.992662146416,7,1306.2065394462975,35,4147.786122700118,76.05045293676208,281.70811870000034,251493,0.75,3,350,0.98,0.001,2000,0.7,0.2,10,200,50,False
data1201.vrp,sa,random,True,42,5453.992662146416,6,1308.2558305616167,36,4145.736831584799,76.0128787916859,1088.3090255999996,726437,0.75,3,300,0.99,0.001,3000,0.8,0.1,10,200,50,False
data1201.vrp,sa,random,True,42,5453.992662146416,6,1359.2569814032138,36,4094.7356807432016,75.07776292335019,347.5364606000003,263481,0.75,3,350,0.98,0.001,2000,0.7,0.1,10,200,50,False
data1201.vrp,sa,random,True,42,5453.992662146416,8,3085.9419109375544,34,2368.050751208861,43.41866404853057,35.52066300000297,70829,0.75,3,350,0.985,0.001,1000,0.7,0.2,10,200,50,False
data1201.vrp,sa,random,True,42,5453.992662146416,6,1360.0082013932754,36,4093.9844607531404,75.06398916096002,409.44350879999547,255053,0.75,3,350,0.98,0.001,2000,0.8,0.1,10,200,50,False
data1201.vrp,sa,random,True,42,5453.992662146416,6,1375.2428005459594,36,4078.749861600456,74.78465986779062,375.0203585999989,241731,0.75,3,350,0.98,0.001,2000,0.8,0.2,10,200,50,False
data1201.vrp,sa,random,True,42,5453.992662146416,6,1335.9244826005788,36,4118.068179545837,75.50556875749763,234.8817068999997,176024,0.75,3,350,0.985,0.001,1000,0.7,0.1,10,200,50,False
data1201.vrp,sa,random,True,42,5453.992662146416,6,1324.1227816210123,36,4129.8698805254035,75.72195520519999,238.78206219999993,170849,0.75,3,350,0.985,0.001,1000,0.8,0.1,10,200,50,False
data1201.vrp,sa,random,True,42,5453.992662146416,9,3331.8211833771693,33,2122.1714787692463,38.91042049796354,38.39918100000068,85238,0.75,3,350,0.985,0.001,1500,0.8,0.1,10,200,50,False
data1201.vrp,sa,random,True,42,5453.992662146416,6,1413.0923017288012,36,4040.900360417614,74.0906820147301,220.70704500000284,161250,0.75,3,350,0.985,0.001,1000,0.8,0.2,10,200,50,False
data1201.vrp,sa,random,True,42,5453.992662146416,6,1339.3427565309023,36,4114.6499056155135,75.44289405032305,493.28680069999973,380139,0.75,3,350,0.98,0.001,3000,0.7,0.2,10,200,50,False
data1201.vrp,sa,random,True,42,5453.992662146416,6,1296.9231680337352,36,4157.06949411268,76.22066532954719,296.4648324000009,264105,0.75,3,350,0.985,0.001,1500,0.7,0.1,10,200,50,False
data1201.vrp,sa,random,True,42,5453.992662146416,5,1356.3839610310285,37,4097.608701115387,75.13044030211026,656.8215115999992,398177,0.75,3,350,0.98,0.001,3000,0.7,0.1,10,200,50,False
data1201.vrp,sa,random,True,42,5453.992662146416,7,1310.7983577459238,35,4143.194304400492,75.9662610688211,535.6671397999962,383469,0.75,3,350,0.98,0.001,3000,0.8,0.1,10,200,50,False
data1201.vrp,sa,random,True,42,5453.992662146416,6,1371.0767805755677,36,4082.915881570848,74.86104464181693,547.587577600003,363555,0.75,3,350,0.98,0.001,3000,0.8,0.2,10,200,50,False
data1201.vrp,sa,random,True,42,5453.992662146416,7,1298.2736448960616,35,4155.719017250354,76.19590407763536,303.79283650000434,252524,0.75,3,350,0.985,0.001,1500,0.7,0.2,10,200,50,False
data1201.vrp,sa,random,True,42,5453.992662146416,7,2806.391197676725,35,2647.6014644696907,48.54427991525256,126.40999790000205,216086,0.75,3,350,0.985,0.001,2000,0.8,0.1,10,200,50,False
data1201.vrp,sa,random,True,42,5453.992662146416,7,1357.5358754793533,35,4096.456786667062,75.10931973008749,298.2624810999987,242444,0.75,3,350,0.985,0.001,1500,0.8,0.2,10,200,50,False
data1201.vrp,sa,random,True,42,5453.992662146416,6,1332.21968235632,36,4121.772979790096,75.57349697951325,456.96869859999424,335331,0.75,3,350,0.985,0.001,2000,0.7,0.2,10,200,50,False
data1201.vrp,sa,random,True,42,5453.992662146416,6,1371.2099062424504,36,4082.782755903965,74.85860375721863,466.1980792000031,354337,0.75,3,350,0.985,0.001,2000,0.7,0.1,10,200,50,False
data1201.vrp,sa,random,True,42,5453.992662146416,6,1368.1718315621838,36,4085.8208305842318,74.9143074383283,453.9758359000043,324379,0.75,3,350,0.985,0.001,2000,0.8,0.2,10,200,50,False
data1201.vrp,sa,random,True,42,5453.992662146416,6,1369.0925294807262,36,4084.9001326656894,74.8974262656613,341.3033288000006,265661,0.75,3,350,0.99,0.001,1000,0.7,0.1,10,200,50,False
data1201.vrp,sa,random,True,42,5453.992662146416,7,1300.9087838460646,35,4153.083878300351,76.14758830030966,297.53408659999695,255247,0.75,3,350,0.99,0.001,1000,0.8,0.1,10,200,50,False
data1201.vrp,sa,random,True,42,5453.992662146416,6,1307.670031655937,36,4146.322630490478,76.02361952681278,339.6568283000015,252690,0.75,3,350,0.99,0.001,1000,0.7,0.2,10,200,50,False
data1201.vrp,sa,random,True,42,5453.992662146416,8,3150.5250190252373,34,2303.4676431211783,42.23452039289415,56.470990800000436,114961,0.75,3,350,0.99,0.001,1500,0.7,0.2,10,200,50,False
data1201.vrp,sa,random,True,42,5453.992662146416,6,1310.246723803167,36,4143.745938343249,75.97637538280955,651.868676500002,510012,0.75,3,350,0.985,0.001,3000,0.8,0.1,10,200,50,False
data1201.vrp,sa,random,True,42,5453.992662146416,6,1383.0650656750302,36,4070.927596471385,74.641237138542,286.787138599997,242408,0.75,3,350,0.99,0.001,1000,0.8,0.2,10,200,50,False
data1201.vrp,sa,random,True,42,5453.992662146416,6,1359.9110717948024,36,4094.081590351613,75.06577005075012,718.0076265000025,510016,0.75,3,350,0.985,0.001,3000,0.7,0.2,10,200,50,False
data1201.vrp,sa,random,True,42,5453.992662146416,8,3154.585104152564,34,2299.4075579938517,42.160077954503905,81.44342300000426,164311,0.75,3,350,0.99,0.001,1500,0.8,0.2,10,200,50,False
data1201.vrp,sa,random,True,42,5453.992662146416,6,1354.950667137632,36,4099.0419950087835,75.15672002014773,745.5914860999983,532938,0.75,3,350,0.985,0.001,3000,0.7,0.1,10,200,50,False
data1201.vrp,sa,random,True,42,5453.992662146416,6,1387.3144852198411,36,4066.6781769265745,74.56332321734617,704.0101852000007,488099,0.75,3,350,0.985,0.001,3000,0.8,0.2,10,200,50,False
data1201.vrp,sa,random,True,42,5453.992662146416,8,3196.826246340312,34,2257.1664158061035,41.3855785225387,79.4325708000033,158858,0.75,3,350,0.99,0.001,2000,0.8,0.1,10,200,50,False
data1201.vrp,sa,random,True,42,5453.992662146416,6,1321.6747809945696,36,4132.317881151846,75.7668397655228,402.0725211999961,394696,0.75,3,350,0.99,0.001,1500,0.7,0.1,10,200,50,False
data1201.vrp,sa,random,True,42,5453.992662146416,8,3045.0584545209213,34,2408.9342076254943,44.16827005186068,163.5296556999965,342496,0.75,3,350,0.99,0.001,3000,0.7,0.1,10,200,50,False
data1201.vrp,sa,random,True,42,5453.992662146416,8,3063.4874186493867,34,2390.505243497029,43.83037146508091,165.23088740000094,314981,0.75,3,350,0.99,0.001,3000,0.8,0.1,10,200,50,False
data1201.vrp,sa,random,True,42,5453.992662146416,6,1330.138033218936,36,4123.85462892748,75.61166441512115,394.5128818000012,377902,0.75,3,350,0.99,0.001,1500,0.8,0.1,10,200,50,False
data1201.vrp,sa,random,True,42,5453.992662146416,7,2805.4304530340255,35,2648.56220911239,48.56189535227665,280.5903681999989,424714,0.75,3,350,0.99,0.001,3000,0.8,0.2,10,200,50,False
data1201.vrp,sa,random,True,42,5453.992662146416,6,1355.0826453489149,36,4098.910016797501,75.15430017436762,532.0449271999969,527178,0.75,3,350,0.99,0.001,2000,0.7,0.1,10,200,50,False
data1201.vrp,sa,random,True,42,5453.992662146416,6,1369.9447416897171,36,4084.047920456698,74.88180079159518,628.4605837999989,486844,0.75,3,350,0.99,0.001,2000,0.8,0.2,10,200,50,False
data1201.vrp,sa,random,True,42,5453.992662146416,6,1329.7986860447616,36,4124.193976101654,75.61788641055082,705.1815872000006,506931,0.75,3,350,0.99,0.001,2000,0.7,0.2,10,200,50,False
data1201.vrp,sa,random,True,42,5453.992662146416,6,1312.5126684976085,36,4141.479993648807,75.93482885286703,968.2430483999997,758970,0.75,3,350,0.99,0.001,3000,0.7,0.2,10,200,50,False
data1201.vrp,sa,greedy,True,15,2468.245614436475,6,1383.3474817145436,9,1084.8981327219315,43.95422102146121,239.81127869999978,124467,0.75,1,150,0.98,0.001,1500,0.8,0.2,10,200,50,False
data1201.vrp,sa,greedy,True,15,2468.245614436475,6,1388.5353823806076,9,1079.7102320558674,43.7440352670241,254.43525859999977,132164,0.75,1,150,0.98,0.001,1500,0.8,0.1,10,200,50,False
data1201.vrp,sa,greedy,True,15,2468.245614436475,6,1323.3203983081085,9,1144.9252161283666,46.38619468953313,261.0599080000002,139171,0.75,1,150,0.98,0.001,1500,0.7,0.1,10,200,50,False
data1201.vrp,sa,greedy,True,15,2468.245614436475,6,1314.271472742173,9,1153.974141694302,46.752808348765804,282.7816671999999,130370,0.75,1,150,0.98,0.001,1500,0.7,0.2,10,200,50,False
data1201.vrp,sa,greedy,True,15,2468.245614436475,6,1383.3474817145436,9,1084.8981327219315,43.95422102146121,236.09480379999968,124467,0.75,1,150,0.98,0.001,1500,0.8,0.2,10,200,50,False
data1201.vrp,sa,greedy,True,15,2468.245614436475,6,1388.5353823806076,9,1079.7102320558674,43.7440352670241,250.8156154999997,132164,0.75,1,150,0.98,0.001,1500,0.8,0.1,10,200,50,False
data1201.vrp,sa,greedy,True,15,2468.245614436475,6,1323.3203983081085,9,1144.9252161283666,46.38619468953313,257.21436870000025,139171,0.75,1,150,0.98,0.001,1500,0.7,0.1,10,200,50,False
data1201.vrp,sa,greedy,True,15,2468.245614436475,6,1314.271472742173,9,1153.974141694302,46.752808348765804,286.80422780000026,130370,0.75,1,150,0.98,0.001,1500,0.7,0.2,10,200,50,False
data1201.vrp,sa,greedy,True,15,2468.245614436475,7,1284.9555617996225,8,1183.2900526368526,47.94053094699854,289.5422967999998,173267,0.75,1,150,0.98,0.001,2000,0.8,0.1,10,200,50,False
data1201.vrp,sa,greedy,True,15,2468.245614436475,6,1347.6768678004807,9,1120.5687466359943,45.39940191048739,366.8810647999999,173510,0.75,1,150,0.98,0.001,2000,0.7,0.2,10,200,50,False
data1201.vrp,sa,greedy,True,15,2468.245614436475,6,1393.0835829529483,9,1075.1620314835268,43.55976671021036,370.7965030999999,166147,0.75,1,150,0.98,0.001,2000,0.8,0.2,10,200,50,False
data1201.vrp,sa,greedy,True,15,2468.245614436475,6,1350.1353223140006,9,1118.1102921224744,45.299798593088966,418.6015677999999,185862,0.75,1,150,0.98,0.001,2000,0.7,0.1,10,200,50,False
data1201.vrp,sa,greedy,True,15,2468.245614436475,5,1311.2427113653703,10,1157.0029030711048,46.8755174243573,400.7813719999999,186305,0.75,1,150,0.985,0.001,1500,0.7,0.1,10,200,50,False
data1201.vrp,sa,greedy,True,15,2468.245614436475,6,1334.3560039502886,9,1133.8896104861865,45.939091468620504,469.71717230000013,277816,0.75,1,150,0.98,0.001,3000,0.7,0.1,10,200,50,False
data1201.vrp,sa,greedy,True,15,2468.245614436475,6,1293.4220806712374,9,1174.8235337652377,47.59751326585306,346.2579912000001,173823,0.75,1,150,0.985,0.001,1500,0.7,0.2,10,200,50,False
data1201.vrp,sa,greedy,True,15,2468.245614436475,6,1362.4728922865734,9,1105.7727221499017,44.799946799555464,408.51608269999997,176478,0.75,1,150,0.985,0.001,1500,0.8,0.1,10,200,50,False
data1201.vrp,sa,greedy,True,15,2468.245614436475,7,1390.7313095804473,8,1077.5143048560278,43.655068140454695,361.7510035999999,164655,0.75,1,150,0.985,0.001,1500,0.8,0.2,10,200,50,False
data1201.vrp,sa,greedy,True,15,2468.245614436475,6,1415.964356445405,9,1052.28125799107,42.63276117402588,500.1581309000003,247852,0.75,1,150,0.98,0.001,3000,0.8,0.2,10,200,50,False
data1201.vrp,sa,greedy,True,15,2468.245614436475,6,1324.17026754104,9,1144.0753468954351,46.351762571920496,549.1427031000003,262718,0.75,1,150,0.98,0.001,3000,0.7,0.2,10,200,50,False
data1201.vrp,sa,greedy,True,15,2468.245614436475,6,1341.6869907678222,9,1126.558623668653,45.64207942189973,638.029098,263914,0.75,1,150,0.98,0.001,3000,0.8,0.1,10,200,50,False
data1201.vrp,sa,greedy,True,15,2468.245614436475,6,1334.310308972812,9,1133.935305463663,45.94094278265543,421.23188279999977,232945,0.75,1,150,0.985,0.001,2000,0.7,0.2,10,200,50,False
data1201.vrp,sa,greedy,True,15,2468.245614436475,6,1333.7793533546433,9,1134.4662610818318,45.962454240634464,448.30815269999994,245812,0.75,1,150,0.985,0.001,2000,0.7,0.1,10,200,50,False
data1201.vrp,sa,greedy,True,15,2468.245614436475,6,1320.2772924048568,9,1147.9683220316183,46.50948492797022,437.23357309999983,235522,0.75,1,150,0.985,0.001,2000,0.8,0.1,10,200,50,False
data1201.vrp,sa,greedy,True,15,2468.245614436475,6,1369.0994913215384,9,1099.1461231149367,44.53147274672187,459.8717922999999,220585,0.75,1,150,0.985,0.001,2000,0.8,0.2,10,200,50,False
data1201.vrp,sa,greedy,True,15,2468.245614436475,7,1306.2658600099082,8,1161.9797544265668,47.077152599007384,506.9149616999998,366983,0.75,1,150,0.985,0.001,3000,0.7,0.1,10,200,50,False
data1201.vrp,sa,greedy,True,15,2468.245614436475,6,1313.425110608521,9,1154.820503827954,46.78709837763091,304.61526619999995,150280,0.75,1,200,0.98,0.001,1500,0.7,0.2,10,200,50,False
data1201.vrp,sa,greedy,True,15,2468.245614436475,6,1346.108043199199,9,1122.137571237276,45.462962221993905,308.6140022000004,151087,0.75,1,200,0.98,0.001,1500,0.8,0.1,10,200,50,False
data1201.vrp,sa,greedy,True,15,2468.245614436475,5,1405.342492925759,10,1062.9031215107161,43.063101795620426,359.5262130000001,160234,0.75,1,200,0.98,0.001,1500,0.7,0.1,10,200,50,False
data1201.vrp,sa,greedy,True,15,2468.245614436475,6,1327.1643224881886,9,1141.0812919482864,46.23045961367206,712.2275817,351682,0.75,1,150,0.985,0.001,3000,0.8,0.1,10,200,50,False
data1201.vrp,sa,greedy,True,15,2468.245614436475,6,1440.077824040438,9,1028.1677903960372,41.655813521247886,655.954902,334266,0.75,1,150,0.985,0.001,3000,0.8,0.2,10,200,50,False
data1201.vrp,sa,greedy,True,15,2468.245614436475,5,1440.5420693182573,10,1027.7035451182178,41.63700480646261,335.0839880999997,142503,0.75,1,200,0.98,0.001,1500,0.8,0.2,10,200,50,False
data1201.vrp,sa,greedy,True,15,2468.245614436475,6,1308.4158082097158,9,1159.8298062267593,46.990048293535,823.8158720000001,349530,0.75,1,150,0.985,0.001,3000,0.7,0.2,10,200,50,False
data1201.vrp,sa,greedy,True,15,2468.245614436475,6,1320.7483909306025,9,1147.4972235058726,46.49039855654145,377.0575325,211771,0.75,1,200,0.98,0.001,2000,0.7,0.1,10,200,50,False
data1201.vrp,sa,greedy,True,15,2468.245614436475,7,1373.9746222381593,8,1094.2709921983158,44.333958735632095,316.4618768999999,190799,0.75,1,200,0.98,0.001,2000,0.8,0.2,10,200,50,False
data1201.vrp,sa,greedy,True,15,2468.245614436475,6,1323.4875525501002,9,1144.758061886375,46.37942250118145,362.4109598,201256,0.75,1,200,0.98,0.001,2000,0.8,0.1,10,200,50,False
data1201.vrp,sa,greedy,True,15,2468.245614436475,6,1319.4119749495592,9,1148.833639486916,46.54454292423431,437.33220319999964,200909,0.75,1,200,0.98,0.001,2000,0.7,0.2,10,200,50,False
data1201.vrp,sa,greedy,True,15,2468.245614436475,6,1310.6114617722594,9,1157.6341526642157,46.90109225327298,376.90366040000026,210712,0.75,1,200,0.985,0.001,1500,0.7,0.1,10,200,50,False
data1201.vrp,sa,greedy,True,15,2468.245614436475,6,1323.2712208615173,9,1144.9743935749577,46.38818709443415,565.2675335000004,317660,0.75,1,200,0.98,0.001,3000,0.7,0.1,10,200,50,False
data1201.vrp,sa,greedy,True,15,2468.245614436475,7,1319.781172338742,8,1148.4644420977331,46.529585037262954,293.1266283999994,203461,0.75,1,200,0.985,0.001,1500,0.8,0.1,10,200,50,False
data1201.vrp,sa,greedy,True,15,2468.245614436475,6,1317.0828315433116,9,1151.1627828931635,46.638907252995786,594.5409179999997,299647,0.75,1,200,0.98,0.001,3000,0.7,0.2,10,200,50,False
data1201.vrp,sa,greedy,True,15,2468.245614436475,6,1328.8446778626371,9,1139.400936573838,46.16238067676966,345.6793419000005,200474,0.75,1,200,0.985,0.001,1500,0.7,0.2,10,200,50,False
data1201.vrp,sa,greedy,True,15,2468.245614436475,6,1334.6412869948254,9,1133.6043274416497,45.92753333830851,546.9803618999999,284573,0.75,1,200,0.98,0.001,3000,0.8,0.2,10,200,50,False
data1201.vrp,sa,greedy,True,15,2468.245614436475,6,1347.2839601351454,9,1120.9616543013296,45.41532040996886,642.9198422,302274,0.75,1,200,0.98,0.001,3000,0.8,0.1,10,200,50,False
data1201.vrp,sa,greedy,True,15,2468.245614436475,6,1396.629603034527,9,1071.616011401948,43.41610110169723,405.8435195000002,191685,0.75,1,200,0.985,0.001,1500,0.8,0.2,10,200,50,False
data1201.vrp,sa,greedy,True,15,2468.245614436475,6,1358.8641763673925,9,1109.3814380690826,44.94615250526295,408.59841830000005,279964,0.75,1,200,0.985,0.001,2000,0.7,0.1,10,200,50,False
data1201.vrp,sa,greedy,True,15,2468.245614436475,6,1322.714252557138,9,1145.531361879337,46.41075244616096,410.31022890000077,268707,0.75,1,200,0.985,0.001,2000,0.8,0.1,10,200,50,False
data1201.vrp,sa,greedy,True,15,2468.245614436475,6,1397.7535761313688,9,1070.4920383051062,43.370563773877514,479.9115646999999,256377,0.75,1,200,0.985,0.001,2000,0.8,0.2,10,200,50,False
data1201.vrp,sa,greedy,True,15,2468.245614436475,6,1344.8828424498377,9,1123.3627719866374,45.512600748329994,578.9217316000004,399699,0.75,1,200,0.985,0.001,3000,0.7,0.2,10,200,50,False
data1201.vrp,sa,greedy,True,15,2468.245614436475,6,1336.5319253953523,9,1131.7136890411227,45.85093486733508,296.71032820000073,173464,0.75,1,250,0.98,0.001,1500,0.7,0.1,10,200,50,False
data1201.vrp,sa,greedy,True,15,2468.245614436475,5,1355.5786624043233,10,1112.6669520321518,45.07926381087421,688.6067402999997,269285,0.75,1,200,0.985,0.001,2000,0.7,0.2,10,200,50,False
data1201.vrp,sa,greedy,True,15,2468.245614436475,6,1335.594522246228,9,1132.651092190247,45.888913387124255,641.7001953999998,422355,0.75,1,200,0.985,0.001,3000,0.7,0.1,10,200,50,False
data1201.vrp,sa,greedy,True,15,2468.245614436475,6,1368.4627596805833,9,1099.7828547558918,44.557269678649185,305.6622665999994,165438,0.75,1,250,0.98,0.001,1500,0.7,0.2,10,200,50,False
data1201.vrp,sa,greedy,True,15,2468.245614436475,6,1307.5065162632302,9,1160.7390981732449,47.02688789900891,2734.6853859000003,405098,0.75,1,200,0.985,0.001,3000,0.8,0.1,10,200,50,False
data1201.vrp,sa,greedy,True,15,2468.245614436475,7,1349.8258580850072,8,1118.4197563514679,45.312336414575746,2331.1965302999997,165449,0.75,1,250,0.98,0.001,1500,0.8,0.1,10,200,50,False
data1201.vrp,sa,greedy,True,15,2468.245614436475,6,1374.1386358836644,9,1094.1069785528107,44.32731378731148,2252.6618103,158301,0.75,1,250,0.98,0.001,1500,0.8,0.2,10,200,50,False
data1201.vrp,sa,greedy,True,15,2468.245614436475,6,1387.7339238302586,9,1080.5116906062165,43.77650604487787,2711.9601371999997,380578,0.75,1,200,0.985,0.001,3000,0.8,0.2,10,200,50,False
data1201.vrp,sa,greedy,True,15,2468.245614436475,6,1355.356200121394,9,1112.889414315081,45.08827678274493,2290.3798947000005,223467,0.75,1,250,0.98,0.001,2000,0.8,0.1,10,200,50,False
data1201.vrp,sa,greedy,True,15,2468.245614436475,6,1375.2827759582563,9,1092.9628384782188,44.28095940232241,2325.8861896999997,221372,0.75,1,250,0.98,0.001,2000,0.7,0.2,10,200,50,False
data1201.vrp,sa,greedy,True,15,2468.245614436475,6,1361.0536421482664,9,1107.1919722882087,44.85744716054086,2263.8832021000007,211642,0.75,1,250,0.98,0.001,2000,0.8,0.2,10,200,50,False
data1201.vrp,sa,greedy,True,15,2468.245614436475,6,1385.2249855303662,9,1083.0206289061089,43.87815469301961,2370.2778677999995,234539,0.75,1,250,0.98,0.001,2000,0.7,0.1,10,200,50,False
data1201.vrp,sa,greedy,True,15,2468.245614436475,7,1319.7056436440241,8,1148.539970792451,46.53264505261458,342.2936784000003,331439,0.75,1,250,0.98,0.001,3000,0.7,0.2,10,200,50,False
data1201.vrp,sa,greedy,True,15,2468.245614436475,6,1344.2784693616316,9,1123.9671450748435,45.53708668622334,423.9539227999994,351657,0.75,1,250,0.98,0.001,3000,0.7,0.1,10,200,50,False
data1201.vrp,sa,greedy,True,15,2468.245614436475,6,1320.276908276851,9,1147.9687061596242,46.50950049076525,329.7421669000005,222333,0.75,1,250,0.985,0.001,1500,0.8,0.1,10,200,50,False
data1201.vrp,sa,greedy,True,15,2468.245614436475,6,1344.5602296606494,9,1123.6853847758257,45.525671278560104,367.51117369999974,220859,0.75,1,250,0.985,0.001,1500,0.7,0.2,10,200,50,False
data1201.vrp,sa,greedy,True,15,2468.245614436475,6,1323.778204691653,9,1144.4674097448221,46.367646844016186,383.9827697999999,232762,0.75,1,250,0.985,0.001,1500,0.7,0.1,10,200,50,False
data1201.vrp,sa,greedy,True,15,2468.245614436475,6,1380.174364577872,9,1088.071249858603,44.082778613870666,532.3914677000002,317865,0.75,1,250,0.98,0.001,3000,0.8,0.2,10,200,50,False
data1201.vrp,sa,greedy,True,15,2468.245614436475,6,1389.1025029974915,9,1079.1431114389836,43.72105859835034,440.18444329999966,212962,0.75,1,250,0.985,0.001,1500,0.8,0.2,10,200,50,False
data1201.vrp,sa,greedy,True,15,2468.245614436475,6,1351.0536715572318,9,1117.1919428792432,45.26259203480077,572.8142754999999,336988,0.75,1,250,0.98,0.001,3000,0.8,0.1,10,200,50,False
data1201.vrp,sa,greedy,True,15,2468.245614436475,6,1321.8877161862715,9,1146.3578982502036,46.44423924204676,513.7974403999997,310207,0.75,1,250,0.985,0.001,2000,0.7,0.1,10,200,50,False
data1201.vrp,sa,greedy,True,15,2468.245614436475,6,1347.8662865675885,9,1120.3793278688865,45.39172768366005,516.4572341000003,296950,0.75,1,250,0.985,0.001,2000,0.7,0.2,10,200,50,False
data1201.vrp,sa,greedy,True,15,2468.245614436475,6,1412.4992232879463,9,1055.7463911485288,42.7731496806312,473.28939679999985,281387,0.75,1,250,0.985,0.001,2000,0.8,0.2,10,200,50,False
data1201.vrp,sa,greedy,True,15,2468.245614436475,6,1325.9086422503822,9,1142.336972186093,46.28133300449112,536.6494901000005,298061,0.75,1,250,0.985,0.001,2000,0.8,0.1,10,200,50,False
data1201.vrp,sa,greedy,True,15,2468.245614436475,7,1331.02234164885,8,1137.223272787625,46.074153485218055,246.58121180000126,187390,0.75,1,300,0.98,0.001,1500,0.7,0.1,10,200,50,False
data1201.vrp,sa,greedy,True,15,2468.245614436475,6,1322.3450077403488,9,1145.9006066961263,46.42571225464313,749.9209042000011,467101,0.75,1,250,0.985,0.001,3000,0.7,0.1,10,200,50,False
data1201.vrp,sa,greedy,True,15,2468.245614436475,6,1325.4816534816437,9,1142.7639609548314,46.29863228646861,283.2647868999993,179535,0.75,1,300,0.98,0.001,1500,0.8,0.1,10,200,50,False
data1201.vrp,sa,greedy,True,15,2468.245614436475,6,1386.934920859847,9,1081.3106935766282,43.80887733587656,283.8943211000005,170485,0.75,1,300,0.98,0.001,1500,0.8,0.2,10,200,50,False
data1201.vrp,sa,greedy,True,15,2468.245614436475,6,1364.6965596238294,9,1103.5490548126456,44.70985579223228,373.85284039999897,179033,0.75,1,300,0.98,0.001,1500,0.7,0.2,10,200,50,False
data1201.vrp,sa,greedy,True,15,2468.245614436475,6,1331.5771100025993,9,1136.6685044338758,46.0516772636255,736.5675600000004,442211,0.75,1,250,0.985,0.001,3000,0.7,0.2,10,200,50,False
data1201.vrp,sa,greedy,True,15,2468.245614436475,6,1401.0491759695642,9,1067.1964384669109,43.23704384300354,805.510723800001,426928,0.75,1,250,0.985,0.001,3000,0.8,0.2,10,200,50,False
data1201.vrp,sa,greedy,True,15,2468.245614436475,6,1346.0510983564568,9,1122.1945160800183,45.4652693198941,347.66724390000127,248215,0.75,1,300,0.98,0.001,2000,0.7,0.1,10,200,50,False
data1201.vrp,sa,greedy,True,15,2468.245614436475,6,1312.2189527844318,9,1156.0266616520432,46.83596538734155,875.3633989000009,447810,0.75,1,250,0.985,0.001,3000,0.8,0.1,10,200,50,False
data1201.vrp,sa,greedy,True,15,2468.245614436475,6,1372.4557752694905,9,1095.7898391669846,44.39549422301574,351.4378070999992,227119,0.75,1,300,0.98,0.001,2000,0.8,0.2,10,200,50,False
data1201.vrp,sa,greedy,True,15,2468.245614436475,6,1354.5399647928855,9,1113.7056496435896,45.121346235952274,384.61723300000085,237513,0.75,1,300,0.98,0.001,2000,0.7,0.2,10,200,50,False
data1201.vrp,sa,greedy,True,15,2468.245614436475,6,1335.6129862400744,9,1132.6326281964007,45.88816532567776,459.9638321000002,239680,0.75,1,300,0.98,0.001,2000,0.8,0.1,10,200,50,False
data1201.vrp,sa,greedy,True,15,2468.245614436475,6,1326.4672541896691,9,1141.778360246806,46.258701061542666,388.0349584000014,248972,0.75,1,300,0.985,0.001,1500,0.7,0.1,10,200,50,False
data1201.vrp,sa,greedy,True,15,2468.245614436475,6,1333.493886565207,9,1134.751727871268,45.974019815298774,575.3006545000007,373386,0.75,1,300,0.98,0.001,3000,0.7,0.1,10,200,50,False
data1201.vrp,sa,greedy,True,15,2468.245614436475,6,1349.6572389161875,9,1118.5883755202876,45.31916795386153,1493.6450064,358440,0.75,1,300,0.98,0.001,3000,0.8,0.1,10,200,50,False
data1201.vrp,sa,greedy,True,15,2468.245614436475,6,1324.6288090120195,9,1143.6168054244556,46.33318494462532,1594.2336981999997,361830,0.75,1,300,0.98,0.001,3000,0.7,0.2,10,200,50,False
data1201.vrp,sa,greedy,True,15,2468.245614436475,7,1313.8607781655894,8,1154.3848362708857,46.76944747795868,1266.2503484000008,237711,0.75,1,300,0.985,0.001,1500,0.7,0.2,10,200,50,False
data1201.vrp,sa,greedy,True,15,2468.245614436475,6,1383.0698881585831,9,1085.175726277892,43.96546761516878,1468.5006725000003,341739,0.75,1,300,0.98,0.001,3000,0.8,0.2,10,200,50,False
data1201.vrp,sa,greedy,True,15,2468.245614436475,6,1342.2622452971466,9,1125.9833691393285,45.61877321096351,1319.9478242999994,240145,0.75,1,300,0.985,0.001,1500,0.8,0.1,10,200,50,False
data1201.vrp,sa,greedy,True,15,2468.245614436475,6,1450.981059833929,9,1017.264554602546,41.21407321267732,1244.1299016999983,230019,0.75,1,300,0.985,0.001,1500,0.8,0.2,10,200,50,False
data1201.vrp,sa,greedy,True,15,2468.245614436475,7,1307.2215272842757,8,1161.0240871521994,47.03843411536954,1302.2096216999998,318547,0.75,1,300,0.985,0.001,2000,0.7,0.2,10,200,50,False
data1201.vrp,sa,greedy,True,15,2468.245614436475,6,1380.5764315165957,9,1087.6691829198794,44.066489030031356,316.6314768000011,303654,0.75,1,300,0.985,0.001,2000,0.8,0.2,10,200,50,False
data1201.vrp,sa,greedy,True,15,2468.245614436475,6,1325.6672256318475,9,1142.5783888046276,46.29111390381178,1362.4541823,332725,0.75,1,300,0.985,0.001,2000,0.7,0.1,10,200,50,False
data1201.vrp,sa,greedy,True,15,2468.245614436475,6,1352.2755524791726,9,1115.9700619573025,45.213088009966526,544.2406174999996,321524,0.75,1,300,0.985,0.001,2000,0.8,0.1,10,200,50,False
data1201.vrp,sa,greedy,True,15,2468.245614436475,7,1337.6625572010162,8,1130.583057235459,45.80512776454714,267.9458918,198255,0.75,1,350,0.98,0.001,1500,0.7,0.1,10,200,50,False
data1201.vrp,sa,greedy,True,15,2468.245614436475,7,1333.5867324961596,8,1134.6588819403155,45.97025819893412,307.0804726000006,191009,0.75,1,350,0.98,0.001,1500,0.8,0.1,10,200,50,False
data1201.vrp,sa,greedy,True,15,2468.245614436475,6,1347.4187427541806,9,1120.8268716822945,45.409859745185464,619.7481512000013,475658,0.75,1,300,0.985,0.001,3000,0.7,0.2,10,200,50,False
data1201.vrp,sa,greedy,True,15,2468.245614436475,6,1360.9364039300374,9,1107.3092105064377,44.862197020827985,346.27274130000114,189571,0.75,1,350,0.98,0.001,1500,0.7,0.2,10,200,50,False
data1201.vrp,sa,greedy,True,15,2468.245614436475,6,1321.835560348387,9,1146.4100540880881,46.44635231529926,664.9995543999994,499946,0.75,1,300,0.985,0.001,3000,0.7,0.1,10,200,50,False
data1201.vrp,sa,greedy,True,15,2468.245614436475,6,1402.1507393372076,9,1066.0948750992675,43.192414436545754,642.4668468,455766,0.75,1,300,0.985,0.001,3000,0.8,0.2,10,200,50,False
data1201.vrp,sa,greedy,True,15,2468.245614436475,6,1397.7090591554777,9,1070.5365552809974,43.372367361641665,257.2517788999994,181653,0.75,1,350,0.98,0.001,1500,0.8,0.2,10,200,50,False
data1201.vrp,sa,greedy,True,15,2468.245614436475,6,1324.263912721758,9,1143.981701714717,46.347968574266034,769.5312333000002,478629,0.75,1,300,0.985,0.001,3000,0.8,0.1,10,200,50,False
data1201.vrp,sa,greedy,True,15,2468.245614436475,6,1310.620896700331,9,1157.624717736144,46.90071000087409,327.5491860000002,261058,0.75,1,350,0.98,0.001,2000,0.7,0.1,10,200,50,False
data1201.vrp,sa,greedy,True,15,2468.245614436475,6,1352.5954640440696,9,1115.6501503924055,45.200126918775844,410.30049990000043,254152,0.75,1,350,0.98,0.001,2000,0.8,0.1,10,200,50,False
data1201.vrp,sa,greedy,True,15,2468.245614436475,6,1319.2737762640268,9,1148.9718381724483,46.550141989607866,472.8869001000003,252621,0.75,1,350,0.98,0.001,2000,0.7,0.2,10,200,50,False
data1201.vrp,sa,greedy,True,15,2468.245614436475,6,1343.2973046443942,9,1124.9483097920809,45.576838188727734,287.5343088999998,263063,0.75,1,350,0.985,0.001,1500,0.7,0.1,10,200,50,False
data1201.vrp,sa,greedy,True,15,2468.245614436475,8,3121.393829037897,7,-653.1482146014218,-26.46204294990886,65.78360509999948,106338,0.75,1,350,0.985,0.001,1500,0.8,0.1,10,200,50,False
data1201.vrp,sa,greedy,True,15,2468.245614436475,5,1386.9793953466633,10,1081.2662190898118,43.807075469540564,540.3261809000014,242610,0.75,1,350,0.98,0.001,2000,0.8,0.2,10,200,50,False
data1201.vrp,sa,greedy,True,15,2468.245614436475,6,1302.8314253902884,9,1165.4141890461867,47.21629736642973,550.0439014999993,395468,0.75,1,350,0.98,0.001,3000,0.7,0.1,10,200,50,False
data1201.vrp,sa,greedy,True,15,2468.245614436475,7,1298.6825427431183,8,1169.5630716933567,47.38438771460674,319.0051062000002,252543,0.75,1,350,0.985,0.001,1500,0.7,0.2,10,200,50,False
data1201.vrp,sa,greedy,True,15,2468.245614436475,6,1360.5804819955913,9,1107.6651324408838,44.87661705797357,559.5790109999998,363291,0.75,1,350,0.98,0.001,3000,0.8,0.2,10,200,50,False
data1201.vrp,sa,greedy,True,15,2468.245614436475,6,1346.5288148788013,9,1121.7167995576738,45.445914822936814,669.5643869999985,384612,0.75,1,350,0.98,0.001,3000,0.8,0.1,10,200,50,False
data1201.vrp,sa,greedy,True,15,2468.245614436475,6,1392.840552610899,9,1075.405061825576,43.56961298890433,339.5642336000001,242105,0.75,1,350,0.985,0.001,1500,0.8,0.2,10,200,50,False
data1201.vrp,sa,greedy,True,15,2468.245614436475,5,1364.1461381430593,10,1104.0994762934158,44.732155901976256,814.369433599999,380739,0.75,1,350,0.98,0.001,3000,0.7,0.2,10,200,50,False
data1201.vrp,sa,greedy,True,15,2468.245614436475,6,1318.2646607179317,9,1149.9809537185433,46.59102590894688,513.2562350000007,353517,0.75,1,350,0.985,0.001,2000,0.7,0.1,10,200,50,False
data1201.vrp,sa,greedy,True,15,2468.245614436475,6,1318.8773149070407,9,1149.3682995294344,46.56620446550845,522.2596274000007,338182,0.75,1,350,0.985,0.001,2000,0.7,0.2,10,200,50,False
data1201.vrp,sa,greedy,True,15,2468.245614436475,6,1321.5694559548967,9,1146.6761584815783,46.45713343010946,546.1295289999998,338973,0.75,1,350,0.985,0.001,2000,0.8,0.1,10,200,50,False
data1201.vrp,sa,greedy,True,15,2468.245614436475,7,1371.5245499607468,8,1096.7210644757283,44.43322245003242,462.8112349000003,325702,0.75,1,350,0.985,0.001,2000,0.8,0.2,10,200,50,False
data1201.vrp,sa,greedy,True,15,2468.245614436475,6,1341.8242980695566,9,1126.4213163669185,45.636516470590045,341.6876319999992,207429,0.75,1,400,0.98,0.001,1500,0.7,0.1,10,200,50,False
data1201.vrp,sa,greedy,True,15,2468.245614436475,6,1332.921326142098,9,1135.324288294377,45.9972168755816,324.08796919999986,198543,0.75,1,400,0.98,0.001,1500,0.7,0.2,10,200,50,False
data1201.vrp,sa,greedy,True,15,2468.245614436475,7,1447.7130952340021,8,1020.5325192024729,41.34647351274523,277.46981510000114,191643,0.75,1,400,0.98,0.001,1500,0.8,0.2,10,200,50,False
data1201.vrp,sa,greedy,True,15,2468.245614436475,6,1325.9014263325944,9,1142.3441881038807,46.28162535456137,351.04217830000016,200852,0.75,1,400,0.98,0.001,1500,0.8,0.1,10,200,50,False
data1201.vrp,sa,greedy,True,15,2468.245614436475,6,1322.056909388818,9,1146.188705047657,46.437384446010384,784.3970038000007,530780,0.75,1,350,0.985,0.001,3000,0.7,0.1,10,200,50,False
data1201.vrp,sa,greedy,True,15,2468.245614436475,6,1334.9350477933342,9,1133.3105666431409,45.915631735129686,671.0638237000003,484739,0.75,1,350,0.985,0.001,3000,0.8,0.2,10,200,50,False
data1201.vrp,sa,greedy,True,15,2468.245614436475,7,1312.5314246459957,8,1155.7141897904794,46.823305712804455,724.3297324000014,511862,0.75,1,350,0.985,0.001,3000,0.8,0.1,10,200,50,False
data1201.vrp,sa,greedy,True,15,2468.245614436475,6,1312.793359058288,9,1155.4522553781871,46.81269354314191,893.5485723000002,506556,0.75,1,350,0.985,0.001,3000,0.7,0.2,10,200,50,False
data1201.vrp,sa,greedy,True,15,2468.245614436475,7,1358.4261716407343,8,1109.8194427957408,44.96389809444161,369.6169888000004,276992,0.75,1,400,0.98,0.001,2000,0.7,0.1,10,200,50,False
data1201.vrp,sa,greedy,True,15,2468.245614436475,6,1345.938386845214,9,1122.3072275912612,45.46983578242861,465.70360489999985,266774,0.75,1,400,0.98,0.001,2000,0.7,0.2,10,200,50,False
data1201.vrp,sa,greedy,True,15,2468.245614436475,6,1410.1160890003246,9,1058.1295254361505,42.86970142871021,424.26427780000085,255942,0.75,1,400,0.98,0.001,2000,0.8,0.2,10,200,50,False
data1201.vrp,sa,greedy,True,15,2468.245614436475,6,1333.1506116972614,9,1135.0950027392137,45.98792746152076,438.1124715999995,267807,0.75,1,400,0.98,0.001,2000,0.8,0.1,10,200,50,False
data1201.vrp,sa,greedy,True,15,2468.245614436475,8,3148.707409713321,7,-680.4617952768458,-27.568641925135232,80.11284499999965,142312,0.75,1,400,0.985,0.001,1500,0.8,0.1,10,200,50,False
data1201.vrp,sa,greedy,True,15,2468.245614436475,6,1353.2132849396776,9,1115.0323294967975,45.175096148256316,344.46230509999987,278068,0.75,1,400,0.985,0.001,1500,0.7,0.1,10,200,50,False
data1201.vrp,sa,greedy,True,15,2468.245614436475,6,1300.9037136333,9,1167.3419008031751,47.29439784985461,596.3323011000011,414878,0.75,1,400,0.98,0.001,3000,0.7,0.1,10,200,50,False
data1201.vrp,sa,greedy,True,15,2468.245614436475,6,1305.2970728641521,9,1162.948541572323,47.116402629072866,661.0507565999997,397987,0.75,1,400,0.98,0.001,3000,0.7,0.2,10,200,50,False
data1201.vrp,sa,greedy,True,15,2468.245614436475,6,1301.328028035751,9,1166.917586400724,47.2772069187751,672.8837087000011,401023,0.75,1,400,0.98,0.001,3000,0.8,0.1,10,200,50,False
data1201.vrp,sa,greedy,True,15,2468.245614436475,7,1354.6738309100883,8,1113.5717835263868,45.11592270288004,403.8556910999996,265698,0.75,1,400,0.985,0.001,1500,0.7,0.2,10,200,50,False
data1201.vrp,sa,greedy,True,15,2468.245614436475,6,1398.9801311924791,9,1069.265483243996,43.32087037813374,383.40809929999887,256798,0.75,1,400,0.985,0.001,1500,0.8,0.2,10,200,50,False
data1201.vrp,sa,greedy,True,15,2468.245614436475,6,1390.986732003889,9,1077.258882432586,43.64471980145845,662.5562450000016,386242,0.75,1,400,0.98,0.001,3000,0.8,0.2,10,200,50,False
data1201.vrp,sa,greedy,True,15,2468.245614436475,7,1345.9116308629127,8,1122.3339835735624,45.47091979052507,451.3853385000002,371336,0.75,1,400,0.985,0.001,2000,0.7,0.1,10,200,50,False
data1201.vrp,sa,greedy,True,15,2468.245614436475,6,1313.1726586488126,9,1155.0729557876625,46.79732636945765,620.7165187999999,354984,0.75,1,400,0.985,0.001,2000,0.7,0.2,10,200,50,False
data1201.vrp,sa,greedy,True,15,2468.245614436475,6,1346.0646779972758,9,1122.1809364391993,45.46471914608888,608.4651985,358595,0.75,1,400,0.985,0.001,2000,0.8,0.1,10,200,50,False
data1201.vrp,sa,greedy,True,15,2468.245614436475,6,1389.6822976026024,9,1078.5633168338727,43.69756844802981,577.0438764999999,341077,0.75,1,400,0.985,0.001,2000,0.8,0.2,10,200,50,False
data1201.vrp,sa,greedy,True,15,2468.245614436475,6,1357.6374562993617,9,1110.6081581371134,44.99585258619719,614.1379608999996,528252,0.75,1,400,0.985,0.001,3000,0.7,0.2,10,200,50,False
data1201.vrp,sa,greedy,True,15,2468.245614436475,6,1344.3411952887473,9,1123.9044191477278,45.53454536996418,758.7073510000009,553443,0.75,1,400,0.985,0.001,3000,0.7,0.1,10,200,50,False
data1201.vrp,sa,greedy,True,15,2468.245614436475,6,1301.9205510864338,9,1166.3250633500413,47.25320108048991,761.7748917999998,534799,0.75,1,400,0.985,0.001,3000,0.8,0.1,10,200,50,False
data1201.vrp,sa,greedy,True,15,2468.245614436475,6,1337.8104347556866,9,1130.4351796807885,45.79913656359835,773.9350076999999,512447,0.75,1,400,0.985,0.001,3000,0.8,0.2,10,200,50,False
data1201.vrp,tabu,random,True,44,5526.798446898165,9,1330.8238992157821,35,4195.974547682383,75.92052773405031,510.45275560000005,843,0.75,1,1000.0,0.995,0.01,400,0.5,0.2,40,2000,400,False
data1201.vrp,tabu,random,True,44,5526.798446898165,8,1327.3876248306685,36,4199.410822067496,75.98270250698855,550.4615603999998,1994,0.75,1,1000.0,0.995,0.01,400,0.5,0.2,40,2000,300,False
data1201.vrp,tabu,random,True,44,5526.798446898165,8,1287.267880833936,36,4239.530566064229,76.70861542713943,808.7733210999997,2970,0.75,1,1000.0,0.995,0.01,400,0.5,0.2,40,3000,300,False
data1201.vrp,tabu,random,True,44,5526.798446898165,8,1304.613444691601,36,4222.185002206564,76.3947707298102,808.1285474000001,2970,0.75,1,1000.0,0.995,0.01,400,0.5,0.2,40,3000,400,False
data1201.vrp,tabu,random,True,44,5526.798446898165,10,1331.6944840421356,34,4195.103962856029,75.90477567008926,542.4550603999996,1356,0.75,1,1000.0,0.995,0.01,400,0.5,0.2,50,2000,300,False
data1201.vrp,tabu,random,True,44,5526.798446898165,8,1320.5970232966165,36,4206.201423601548,76.10556932761348,557.4413098,1977,0.75,1,1000.0,0.995,0.01,400,0.5,0.2,50,2000,400,False
data1201.vrp,tabu,random,True,44,5526.798446898165,7,1338.379005938338,37,4188.419440959827,75.78382821813442,792.6516019999999,2913,0.75,1,1000.0,0.995,0.01,400,0.5,0.2,50,3000,300,False
data1201.vrp,tabu,random,True,44,5526.798446898165,8,1303.367390088661,36,4223.431056809504,76.41731641543475,1054.9540652,3907,0.75,1,1000.0,0.995,0.01,400,0.5,0.2,40,4000,300,False
data1201.vrp,tabu,random,True,44,5526.798446898165,7,1300.3094128003993,37,4226.489034097765,76.47264641014402,1035.7744679,3938,0.75,1,1000.0,0.995,0.01,400,0.5,0.2,40,4000,400,False
data1201.vrp,tabu,random,True,44,5526.798446898165,7,1315.864540221751,37,4210.933906676414,76.1911972570619,794.0383015000002,2922,0.75,1,1000.0,0.995,0.01,400,0.5,0.2,50,3000,400,False
data1201.vrp,tabu,random,True,44,5526.798446898165,8,1305.7459802279966,36,4221.0524666701685,76.37427901933303,560.8384403999999,1943,0.75,1,1000.0,0.995,0.01,400,0.5,0.2,60,2000,300,False
data1201.vrp,tabu,random,True,44,5526.798446898165,8,1309.5540894767144,36,4217.24435742145,76.30537639360301,556.1040810999998,1995,0.75,1,1000.0,0.995,0.01,400,0.5,0.2,60,2000,400,False
data1201.vrp,tabu,random,True,44,5526.798446898165,8,1303.0417849411463,36,4223.756661957019,76.42320780356194,992.9632422999998,1510,0.75,1,1000.0,0.995,0.01,400,0.5,0.2,50,4000,300,False
data1201.vrp,tabu,random,True,44,5526.798446898165,8,1281.7138443661731,36,4245.084602531992,76.80910826256897,1054.8049502999997,3939,0.75,1,1000.0,0.995,0.01,400,0.5,0.2,50,4000,400,False
data1201.vrp,tabu,random,True,44,5526.798446898165,10,1350.2517997968653,34,4176.5466471013,75.56900594855826,732.8279654000003,562,0.75,1,1000.0,0.995,0.01,400,0.5,0.2,60,3000,300,False
data1201.vrp,tabu,random,True,44,5526.798446898165,7,1315.3541146285274,37,4211.444332269637,76.20043272309394,794.8284858999996,2872,0.75,1,1000.0,0.995,0.01,400,0.5,0.2,60,3000,400,False
data1201.vrp,tabu,random,True,44,5526.798446898165,7,1310.4902541447277,37,4216.308192753437,76.28843775042635,1053.9720792999997,3853,0.75,1,1000.0,0.995,0.01,400,0.5,0.2,60,4000,300,False
data1201.vrp,tabu,random,True,44,5526.798446898165,8,1309.5540894767144,36,4217.24435742145,76.30537639360301,1057.6834818999996,3844,0.75,1,1000.0,0.995,0.01,400,0.5,0.2,60,4000,400,False
data1201.vrp,tabu,random,True,46,5415.692541493366,9,1297.764082445312,37,4117.928459048054,76.03696900253765,528.4072129000006,1997,0.75,2,1000.0,0.995,0.01,400,0.5,0.2,40,2000,300,False
data1201.vrp,tabu,random,True,46,5415.692541493366,9,1298.2718541464687,37,4117.4206873468975,76.02759306959341,522.0559632000004,1971,0.75,2,1000.0,0.995,0.01,400,0.5,0.2,40,2000,400,False
data1201.vrp,tabu,random,True,46,5415.692541493366,9,1314.879367113627,37,4100.8131743797385,75.72093768175672,514.7038964999992,1950,0.75,2,1000.0,0.995,0.01,400,0.5,0.2,50,2000,300,False
data1201.vrp,tabu,random,True,46,5415.692541493366,7,1342.4659276305172,39,4073.2266138628484,75.21155572726927,506.48156819999986,1997,0.75,2,1000.0,0.995,0.01,400,0.5,0.2,50,2000,400,False
data1201.vrp,tabu,random,True,46,5415.692541493366,8,1315.30296998278,38,4100.3895715105855,75.71311591444059,734.6801935999993,2992,0.75,2,1000.0,0.995,0.01,400,0.5,0.2,40,3000,400,False
data1201.vrp,tabu,random,True,46,5415.692541493366,7,1301.0098846278192,39,4114.682656865547,75.97703572239594,751.0518531999996,2916,0.75,2,1000.0,0.995,0.01,400,0.5,0.2,40,3000,300,False
data1201.vrp,tabu,random,True,46,5415.692541493366,8,1326.1392081945964,38,4089.5533332987693,75.5130263021003,994.6657480000013,3965,0.75,2,1000.0,0.995,0.01,400,0.5,0.2,40,4000,300,False
data1201.vrp,tabu,random,True,46,5415.692541493366,10,1323.7671527766586,36,4091.925388716707,75.55682597129798,718.1182506000005,1036,0.75,2,1000.0,0.995,0.01,400,0.5,0.2,50,3000,400,False
data1201.vrp,tabu,random,True,46,5415.692541493366,7,1340.561873985364,39,4075.130667508002,75.24671380964868,997.2542776,3837,0.75,2,1000.0,0.995,0.01,400,0.5,0.2,40,4000,400,False
data1201.vrp,tabu,random,True,46,5415.692541493366,7,1345.1584549583633,39,4070.5340865350026,75.16183858939233,749.1922752999999,2943,0.75,2,1000.0,0.995,0.01,400,0.5,0.2,50,3000,300,False
data1201.vrp,tabu,random,True,46,5415.692541493366,8,1327.1105516543025,38,4088.581989839063,75.49509058192668,495.2425848999992,1955,0.75,2,1000.0,0.995,0.01,400,0.5,0.2,60,2000,400,False
data1201.vrp,tabu,random,True,46,5415.692541493366,9,1334.3159253712001,37,4081.3766161221656,75.36204437109228,509.4310912000001,1918,0.75,2,1000.0,0.995,0.01,400,0.5,0.2,60,2000,300,False
data1201.vrp,tabu,random,True,46,5415.692541493366,7,1309.4487028736307,39,4106.2438386197355,75.82121413206089,965.2080535999994,3898,0.75,2,1000.0,0.995,0.01,400,0.5,0.2,50,4000,400,False
data1201.vrp,tabu,random,True,46,5415.692541493366,7,1344.8909214524654,39,4070.8016200409,75.1667785578977,987.239803299999,3938,0.75,2,1000.0,0.995,0.01,400,0.5,0.2,50,4000,300,False
data1201.vrp,tabu,random,True,46,5415.692541493366,8,1343.3464932105476,38,4072.346048282818,75.19529620785816,730.9454353000001,2992,0.75,2,1000.0,0.995,0.01,400,0.5,0.2,60,3000,400,False
data1201.vrp,tabu,random,True,46,5415.692541493366,8,1322.1526725404774,38,4093.5398689528884,75.58663712146597,746.5437213000005,2924,0.75,2,1000.0,0.995,0.01,400,0.5,0.2,60,3000,300,False
data1201.vrp,tabu,random,True,46,5415.692541493366,8,1308.3143882085399,38,4107.378153284826,75.84215909258809,998.8698315000001,3906,0.75,2,1000.0,0.995,0.01,400,0.5,0.2,60,4000,300,False
data1201.vrp,tabu,random,True,46,5415.692541493366,8,1313.4075271712682,38,4102.285014322098,75.7481149989896,999.7272983999992,3947,0.75,2,1000.0,0.995,0.01,400,0.5,0.2,60,4000,400,False
data1201.vrp,sa,random,True,44,5526.798446898165,7,2835.0824484156224,37,2691.7159984825425,48.702988255220866,171.974671,260990,0.75,1,250,0.99,0.001,2000,0.7,0.2,10,200,50,False
data1201.vrp,sa,random,True,44,5526.798446898165,6,1310.2122896186224,38,4216.586157279542,76.2934671454509,402.0807107,326826,0.75,1,250,0.985,0.001,2000,0.7,0.0,10,200,50,False
data1201.vrp,sa,random,True,44,5526.798446898165,6,1340.987186918481,38,4185.811259979684,75.73663668391796,416.1154577,309882,0.75,1,250,0.985,0.001,2000,0.7,0.1,10,200,50,False
data1201.vrp,sa,random,True,44,5526.798446898165,6,1375.212409292738,38,4151.586037605427,75.11737722108256,539.6951657,296045,0.75,1,250,0.985,0.001,2000,0.7,0.2,10,200,50,False
data1201.vrp,sa,random,True,44,5526.798446898165,6,1310.9741579875745,38,4215.82428891059,76.2796821598707,589.126233,487174,0.75,1,250,0.99,0.001,2000,0.7,0.0,10,200,50,False
data1201.vrp,sa,random,True,44,5526.798446898165,6,1324.5703033907814,38,4202.228143507384,76.03367815712228,643.6798923,486462,0.75,1,250,0.985,0.001,3000,0.7,0.0,10,200,50,False
data1201.vrp,sa,random,True,44,5526.798446898165,6,1310.4533471952052,38,4216.3450997029595,76.2891055321426,659.3723344,467319,0.75,1,250,0.985,0.001,3000,0.7,0.1,10,200,50,False
data1201.vrp,sa,random,True,44,5526.798446898165,6,1329.8183427631975,38,4196.980104134967,75.9387219284333,673.2491441999999,466105,0.75,1,250,0.99,0.001,2000,0.7,0.1,10,200,50,False
data1201.vrp,sa,random,True,44,5526.798446898165,6,1349.408415428758,38,4177.390031469407,75.58426585673496,720.6010528,442903,0.75,1,250,0.985,0.001,3000,0.7,0.2,10,200,50,False
data1201.vrp,sa,random,True,44,5526.798446898165,6,1331.1727807057423,38,4195.625666192423,75.91421519174733,436.86937980000005,349040,0.75,1,300,0.985,0.001,2000,0.7,0.0,10,200,50,False
data1201.vrp,sa,random,True,44,5526.798446898165,6,1366.4594830323447,38,4160.33896386582,75.27574967385955,396.2586163000001,317693,0.75,1,300,0.985,0.001,2000,0.7,0.2,10,200,50,False
data1201.vrp,sa,random,True,44,5526.798446898165,6,1355.4816337066143,38,4171.316813191551,75.47437912328142,457.43071869999994,332367,0.75,1,300,0.985,0.001,2000,0.7,0.1,10,200,50,False
data1201.vrp,sa,random,True,44,5526.798446898165,6,1352.8860863757782,38,4173.912360522387,75.52134206857018,905.9540594,731860,0.75,1,250,0.99,0.001,3000,0.7,0.0,10,200,50,False
data1201.vrp,sa,random,True,44,5526.798446898165,9,3335.47253964434,35,2191.325907253825,39.64910116242206,55.88046079999981,130385,0.75,1,300,0.99,0.001,2000,0.7,0.1,10,200,50,False
data1201.vrp,sa,random,True,44,5526.798446898165,8,3153.2506815918086,36,2373.5477653063563,42.94616111138403,108.85356890000003,205275,0.75,1,300,0.99,0.001,2000,0.7,0.2,10,200,50,False
data1201.vrp,sa,random,True,44,5526.798446898165,6,1350.946543921113,38,4175.851902977052,75.55643548609392,790.8392346,695445,0.75,1,250,0.99,0.001,3000,0.7,0.1,10,200,50,False
data1201.vrp,sa,random,True,44,5526.798446898165,8,3051.3280421730665,36,2475.4704047250984,44.79031447427615,171.95775900000012,328085,0.75,1,300,0.99,0.001,3000,0.7,0.1,10,200,50,False
data1201.vrp,sa,random,True,44,5526.798446898165,6,1347.903012744729,38,4178.895434153435,75.61150409779788,655.1912852000002,500825,0.75,1,300,0.985,0.001,3000,0.7,0.1,10,200,50,False
data1201.vrp,sa,random,True,44,5526.798446898165,6,1335.7880762095692,38,4191.010370688596,75.83070761411136,737.7174141999999,527635,0.75,1,300,0.985,0.001,3000,0.7,0.0,10,200,50,False
data1201.vrp,sa,random,True,44,5526.798446898165,6,1313.2585177084377,38,4213.539929189727,76.2383497367181,1010.1699705000001,666197,0.75,1,250,0.99,0.001,3000,0.7,0.2,10,200,50,False
data1201.vrp,sa,random,True,44,5526.798446898165,6,1325.3957313466585,38,4201.402715551507,76.01874314612436,737.1922858,477356,0.75,1,300,0.985,0.001,3000,0.7,0.2,10,200,50,False
data1201.vrp,sa,random,True,44,5526.798446898165,7,1300.7938879066346,37,4226.00455899153,76.46388048334408,489.97487380000007,520367,0.75,1,300,0.99,0.001,2000,0.7,0.0,10,200,50,False
data1201.vrp,sa,random,True,44,5526.798446898165,8,3049.3438513788774,36,2477.4545955192875,44.82621574357796,132.34607789999995,265722,0.75,1,350,0.99,0.001,2000,0.7,0.2,10,200,50,False
data1201.vrp,sa,random,True,44,5526.798446898165,7,2882.5837598019134,37,2644.2146870962515,47.8435157804656,189.77236060000018,280005,0.75,1,350,0.99,0.001,2000,0.7,0.1,10,200,50,False
data1201.vrp,sa,random,True,44,5526.798446898165,6,1327.6462785911888,38,4199.152168306976,75.97802251434895,485.31619179999984,336275,0.75,1,350,0.985,0.001,2000,0.7,0.2,10,200,50,False
data1201.vrp,sa,random,True,44,5526.798446898165,8,3129.1625014798838,36,2397.635945418281,43.38200440010472,132.4477324999998,272687,0.75,1,350,0.99,0.001,3000,0.7,0.0,10,200,50,False
data1201.vrp,sa,random,True,44,5526.798446898165,6,1320.217683417808,38,4206.580763480357,76.11243297358237,797.7080306999999,779223,0.75,1,300,0.99,0.001,3000,0.7,0.0,10,200,50,False
data1201.vrp,sa,random,True,44,5526.798446898165,6,1316.635565032641,38,4210.1628818655245,76.17724659795432,643.0144786999999,552364,0.75,1,350,0.985,0.001,3000,0.7,0.0,10,200,50,False
data1201.vrp,sa,random,True,44,5526.798446898165,6,1302.7899302326791,38,4224.008516665486,76.42776477648013,624.9975686999999,528160,0.75,1,350,0.985,0.001,3000,0.7,0.1,10,200,50,False
data1201.vrp,sa,random,True,44,5526.798446898165,6,1339.5472456624168,38,4187.251201235748,75.76269048830218,625.7148184,553270,0.75,1,350,0.99,0.001,2000,0.7,0.0,10,200,50,False
data1201.vrp,sa,random,True,46,5415.692541493366,6,1329.354054418866,40,4086.3384870744994,75.45366461936742,377.1431522999999,323219,0.75,2,250,0.985,0.001,2000,0.7,0.0,10,200,50,False
data1201.vrp,sa,random,True,44,5526.798446898165,6,1333.1179132113025,38,4193.680533686862,75.87902062975544,1092.2685112999998,717427,0.75,1,300,0.99,0.001,3000,0.7,0.2,10,200,50,False
data1201.vrp,sa,random,True,46,5415.692541493366,6,1347.1747266665345,40,4068.5178148268315,75.12460841628477,454.7032873999999,310416,0.75,2,250,0.985,0.001,2000,0.7,0.1,10,200,50,False
data1201.vrp,sa,random,True,46,5415.692541493366,6,1330.3348215497888,40,4085.3577199435767,75.43555489243207,503.5164282999999,296518,0.75,2,250,0.985,0.001,2000,0.7,0.2,10,200,50,False
data1201.vrp,sa,random,True,44,5526.798446898165,7,1305.2204872423704,37,4221.577959655795,76.38378710960762,886.4698054,795866,0.75,1,350,0.99,0.001,3000,0.7,0.1,10,200,50,False
data1201.vrp,sa,random,True,46,5415.692541493366,6,1344.0654218062111,40,4071.627119687155,75.18202129259745,642.4386448,467310,0.75,2,250,0.985,0.001,3000,0.7,0.1,10,200,50,False
data1201.vrp,sa,random,True,46,5415.692541493366,6,1293.4220806712374,40,4122.270460822128,76.11714345374232,656.6546124000001,490433,0.75,2,250,0.985,0.001,3000,0.7,0.0,10,200,50,False
data1201.vrp,sa,random,True,46,5415.692541493366,6,1319.5256948260133,40,4096.166846667353,75.63514389496423,522.6002647999999,489278,0.75,2,250,0.99,0.001,2000,0.7,0.0,10,200,50,False
data1201.vrp,sa,random,True,46,5415.692541493366,9,3047.1823994469282,37,2368.5101420464375,43.73420617768907,58.68271589999995,135135,0.75,2,300,0.985,0.001,2000,0.7,0.1,10,200,50,False
data1201.vrp,sa,random,True,46,5415.692541493366,6,1317.2632766009438,40,4098.429264892422,75.67691912883755,525.3470520999999,463063,0.75,2,250,0.99,0.001,2000,0.7,0.1,10,200,50,False
data1201.vrp,sa,random,True,46,5415.692541493366,6,1310.9247118567728,40,4104.767829636593,75.79395983407714,690.0244745,440163,0.75,2,250,0.985,0.001,3000,0.7,0.2,10,200,50,False
data1201.vrp,sa,random,True,44,5526.798446898165,6,1307.6495785670606,38,4219.1488683311045,76.33983596233803,1056.6135688999998,759120,0.75,1,350,0.99,0.001,3000,0.7,0.2,10,200,50,False
data1201.vrp,sa,random,True,46,5415.692541493366,7,2641.6437152083327,39,2774.048826285033,51.22242086364997,242.54181240000025,395751,0.75,2,250,0.99,0.001,3000,0.7,0.1,10,200,50,False
data1201.vrp,sa,random,True,46,5415.692541493366,6,1324.4817228286777,40,4091.2108186646883,75.5436315359318,685.4546414000001,444747,0.75,2,250,0.99,0.001,2000,0.7,0.2,10,200,50,False
data1201.vrp,sa,random,True,46,5415.692541493366,8,3036.3375843787962,38,2379.3549571145695,43.934454160473216,97.40677030000006,186782,0.75,2,300,0.99,0.001,2000,0.7,0.0,10,200,50,False
data1201.vrp,sa,random,True,46,5415.692541493366,8,3145.417457919622,38,2270.275083573744,41.920309659006605,105.28315889999976,209826,0.75,2,300,0.99,0.001,2000,0.7,0.1,10,200,50,False
data1201.vrp,sa,random,True,46,5415.692541493366,6,1371.9139240707823,40,4043.7786174225835,74.66780262063253,474.09938839999995,350582,0.75,2,300,0.985,0.001,2000,0.7,0.0,10,200,50,False
data1201.vrp,sa,random,True,46,5415.692541493366,8,3008.4126368234106,38,2407.279904669955,44.45008438396602,174.4322384000002,339836,0.75,2,300,0.99,0.001,3000,0.7,0.0,10,200,50,False
data1201.vrp,sa,random,True,46,5415.692541493366,6,1298.0620362016118,40,4117.630505291754,76.03146732839318,949.0589542000002,735084,0.75,2,250,0.99,0.001,3000,0.7,0.0,10,200,50,False
data1201.vrp,sa,random,True,46,5415.692541493366,5,1310.436723766271,41,4105.255817727095,75.80297046543708,652.6575048,316906,0.75,2,300,0.985,0.001,2000,0.7,0.2,10,200,50,False
data1201.vrp,sa,random,True,46,5415.692541493366,6,1338.563612083941,40,4077.128929409425,75.28361143421124,684.4644819,525003,0.75,2,300,0.985,0.001,3000,0.7,0.0,10,200,50,False
data1201.vrp,sa,random,True,46,5415.692541493366,6,1338.11711904511,40,4077.5754224482557,75.2918558652865,792.9534662000001,502529,0.75,2,300,0.985,0.001,3000,0.7,0.1,10,200,50,False
data1201.vrp,sa,random,True,46,5415.692541493366,6,1316.613192313947,40,4099.079349179419,75.68892284363518,637.4916824000002,475304,0.75,2,300,0.99,0.001,2000,0.7,0.2,10,200,50,False
data1201.vrp,sa,random,True,46,5415.692541493366,6,1321.6050132897155,40,4094.0875282036504,75.59674957239567,892.7006042000003,477388,0.75,2,300,0.985,0.001,3000,0.7,0.2,10,200,50,False
data1201.vrp,sa,random,True,46,5415.692541493366,6,1341.231085572899,40,4074.4614559204665,75.23435691194062,1065.4656452,666322,0.75,2,250,0.99,0.001,3000,0.7,0.2,10,200,50,False
data1201.vrp,sa,random,True,46,5415.692541493366,6,1315.0771362361957,40,4100.61540525717,75.71728590276349,449.08589329999995,368255,0.75,2,350,0.985,0.001,2000,0.7,0.0,10,200,50,False
data1201.vrp,sa,random,True,46,5415.692541493366,6,1314.1681046861204,40,4101.524436807245,75.73407104230216,478.86315700000023,351100,0.75,2,350,0.985,0.001,2000,0.7,0.1,10,200,50,False
data1201.vrp,sa,random,True,46,5415.692541493366,6,1334.7228085450338,40,4080.969732948332,75.35453133059532,883.7056505999999,745850,0.75,2,300,0.99,0.001,3000,0.7,0.1,10,200,50,False
data1201.vrp,sa,random,True,46,5415.692541493366,5,1363.027315421148,41,4052.6652260722176,74.83189259770467,629.9997800000001,337771,0.75,2,350,0.985,0.001,2000,0.7,0.2,10,200,50,False
data1201.vrp,sa,random,True,46,5415.692541493366,8,3216.514582965606,38,2199.1779585277595,40.60751125877875,141.9665613000002,280497,0.75,2,350,0.99,0.001,3000,0.7,0.0,10,200,50,False
data1201.vrp,sa,random,True,46,5415.692541493366,6,1332.5008563209112,40,4083.1916851724545,75.39555936546064,600.0662282999997,527340,0.75,2,350,0.985,0.001,3000,0.7,0.1,10,200,50,False
data1201.vrp,sa,random,True,46,5415.692541493366,6,1327.5305598378147,40,4088.1619816555512,75.4873351899746,677.5152799000002,552292,0.75,2,350,0.985,0.001,3000,0.7,0.0,10,200,50,False
data1201.vrp,sa,random,True,46,5415.692541493366,6,1340.6588544673832,40,4075.0336870259825,75.2449230787075,1029.9514127000002,713794,0.75,2,300,0.99,0.001,3000,0.7,0.2,10,200,50,False
data1201.vrp,sa,random,True,46,5415.692541493366,8,2987.09488121737,38,2428.5976602759956,44.84371373871078,189.86197690000017,352920,0.75,2,350,0.99,0.001,3000,0.7,0.1,10,200,50,False
data1201.vrp,sa,random,True,46,5415.692541493366,7,1310.100843726532,39,4105.591697766834,75.8091724430635,589.0124691999999,552464,0.75,2,350,0.99,0.001,2000,0.7,0.0,10,200,50,False
data1201.vrp,sa,random,True,46,5415.692541493366,6,1316.7299830688114,40,4098.962558424554,75.68676631879612,659.0573398000001,503755,0.75,2,350,0.985,0.001,3000,0.7,0.2,10,200,50,False
data1201.vrp,sa,random,True,46,5415.692541493366,8,3059.535140998297,38,2356.157400495069,43.506114544777375,211.38912410000012,371109,0.75,2,350,0.99,0.001,3000,0.7,0.2,10,200,50,False
data1201.vrp,sa,random,True,42,5453.992662146416,6,1384.4831573699664,36,4069.509504776449,74.61523615572479,370.4049494000001,307938,0.75,3,250,0.985,0.001,2000,0.7,0.1,10,200,50,False
data1201.vrp,sa,random,True,42,5453.992662146416,6,1305.3737393799202,36,4148.618922766495,76.0657224854756,425.28028540000014,323362,0.75,3,250,0.985,0.001,2000,0.7,0.0,10,200,50,False
data1201.vrp,sa,random,True,46,5415.692541493366,6,1326.312657445831,40,4089.3798840475347,75.50982358610588,728.2850383,506155,0.75,2,350,0.99,0.001,2000,0.7,0.2,10,200,50,False
data1201.vrp,sa,random,True,46,5415.692541493366,5,1358.1677069931138,41,4057.524834500252,74.92162458287187,869.3404468999997,529752,0.75,2,350,0.99,0.001,2000,0.7,0.1,10,200,50,False
data1201.vrp,sa,random,True,42,5453.992662146416,7,1305.0335418129396,35,4148.959120333476,76.07196007302026,457.1254738000007,297887,0.75,3,250,0.985,0.001,2000,0.7,0.2,10,200,50,False
data1201.vrp,sa,random,True,42,5453.992662146416,6,1305.7082146767054,36,4148.28444746971,76.05958981685089,640.5724281000003,488818,0.75,3,250,0.985,0.001,3000,0.7,0.0,10,200,50,False
data1201.vrp,sa,random,True,42,5453.992662146416,7,2638.46884854725,35,2815.5238135991654,51.6231683467487,294.82483740000043,459797,0.75,3,250,0.99,0.001,3000,0.7,0.0,10,200,50,False
data1201.vrp,sa,random,True,42,5453.992662146416,6,1313.7316054816895,36,4140.261056664726,75.91247940981513,714.7984323999999,466706,0.75,3,250,0.985,0.001,3000,0.7,0.1,10,200,50,False
data1201.vrp,sa,random,True,42,5453.992662146416,6,1313.0894095886617,36,4140.903252557754,75.92425419450609,699.2174093000003,442667,0.75,3,250,0.985,0.001,3000,0.7,0.2,10,200,50,False
data1201.vrp,sa,random,True,42,5453.992662146416,6,1346.5442256502474,36,4107.448436496168,75.31085373480653,722.6013293000005,490027,0.75,3,250,0.99,0.001,2000,0.7,0.0,10,200,50,False
data1201.vrp,sa,random,True,42,5453.992662146416,6,1352.4923947657476,36,4101.500267380668,75.20179291489046,545.9901583999999,440163,0.75,3,250,0.99,0.001,2000,0.7,0.2,10,200,50,False
data1201.vrp,sa,random,True,42,5453.992662146416,8,3117.04877620168,34,2336.9438859447355,42.84831371637806,107.86004429999957,204265,0.75,3,300,0.985,0.001,3000,0.7,0.0,10,200,50,False
data1201.vrp,sa,random,True,42,5453.992662146416,6,1319.8082013751346,36,4134.184460771281,75.80106386032935,631.1811553000007,464704,0.75,3,250,0.99,0.001,2000,0.7,0.1,10,200,50,False
data1201.vrp,sa,random,True,42,5453.992662146416,9,3298.885301558386,33,2155.1073605880297,39.51430619893589,48.997120999999424,108539,0.75,3,300,0.99,0.001,2000,0.7,0.1,10,200,50,False
data1201.vrp,sa,random,True,42,5453.992662146416,6,1374.3970986089503,36,4079.5955635374653,74.80016597477311,460.4018392000007,348990,0.75,3,300,0.985,0.001,2000,0.7,0.0,10,200,50,False
data1201.vrp,sa,random,True,42,5453.992662146416,6,1381.3154204978796,36,4072.677241648536,74.67331721795416,466.3411331999996,334122,0.75,3,300,0.985,0.001,2000,0.7,0.1,10,200,50,False
data1201.vrp,sa,random,True,42,5453.992662146416,8,2973.6832681916985,34,2480.309393954717,45.47694776286319,128.82432189999963,256235,0.75,3,300,0.99,0.001,3000,0.7,0.0,10,200,50,False
data1201.vrp,sa,random,True,42,5453.992662146416,6,1337.2042871301328,36,4116.788375016283,75.48210329634223,472.9974941999999,320932,0.75,3,300,0.985,0.001,2000,0.7,0.2,10,200,50,False
data1201.vrp,sa,random,True,42,5453.992662146416,6,1308.9905285391237,36,4145.002133607291,75.99940796356019,867.4199042999999,661024,0.75,3,250,0.99,0.001,3000,0.7,0.2,10,200,50,False
data1201.vrp,sa,random,True,42,5453.992662146416,6,1325.8992271639117,36,4128.093434982504,75.68938373594905,1017.2826654999999,701673,0.75,3,250,0.99,0.001,3000,0.7,0.1,10,200,50,False
data1201.vrp,sa,random,True,42,5453.992662146416,6,1328.531578878887,36,4125.461083267528,75.64111906311138,617.6710054000005,527355,0.75,3,300,0.99,0.001,2000,0.7,0.0,10,200,50,False
data1201.vrp,sa,random,True,42,5453.992662146416,6,1328.293057698539,36,4125.6996044478765,75.64549239463425,648.9533809000004,475645,0.75,3,300,0.985,0.001,3000,0.7,0.2,10,200,50,False
data1201.vrp,sa,random,True,42,5453.992662146416,6,1334.1363247069871,36,4119.856337439429,75.53835497494164,734.5972917999998,502171,0.75,3,300,0.985,0.001,3000,0.7,0.1,10,200,50,False
data1201.vrp,sa,random,True,42,5453.992662146416,8,3021.849287305933,34,2432.1433748404825,44.593814577728345,145.1799605999995,281525,0.75,3,350,0.985,0.001,3000,0.7,0.0,10,200,50,False
data1201.vrp,sa,random,True,42,5453.992662146416,6,1354.4687873856474,36,4099.523874760768,75.16555537768917,431.6079235999996,368334,0.75,3,350,0.985,0.001,2000,0.7,0.0,10,200,50,False
data1201.vrp,sa,random,True,42,5453.992662146416,6,1308.1226044654268,36,4145.870057680989,76.01532151767479,744.8844730000001,478906,0.75,3,300,0.99,0.001,2000,0.7,0.2,10,200,50,False
data1201.vrp,sa,random,True,42,5453.992662146416,8,3146.998055930049,34,2306.9946062163667,42.2991879367225,98.69820149999941,211845,0.75,3,350,0.99,0.001,2000,0.7,0.0,10,200,50,False
data1201.vrp,sa,random,True,42,5453.992662146416,6,1371.2099062424504,36,4082.782755903965,74.85860375721863,467.1397044000005,354337,0.75,3,350,0.985,0.001,2000,0.7,0.1,10,200,50,False
data1201.vrp,sa,random,True,42,5453.992662146416,6,1332.21968235632,36,4121.772979790096,75.57349697951325,476.7335884000004,335331,0.75,3,350,0.985,0.001,2000,0.7,0.2,10,200,50,False
data1201.vrp,sa,random,True,42,5453.992662146416,8,3045.0584545209213,34,2408.9342076254943,44.16827005186068,156.07010449999962,342496,0.75,3,350,0.99,0.001,3000,0.7,0.1,10,200,50,False
data1201.vrp,sa,random,True,42,5453.992662146416,6,1349.6753842167034,36,4104.317277929712,75.25344334281631,777.4598729999998,712030,0.75,3,300,0.99,0.001,3000,0.7,0.2,10,200,50,False
data1201.vrp,sa,random,True,42,5453.992662146416,6,1294.1666096600266,36,4159.826052486389,76.27120735526057,926.5296141999997,750706,0.75,3,300,0.99,0.001,3000,0.7,0.1,10,200,50,False
data1201.vrp,sa,random,True,42,5453.992662146416,6,1355.0826453489149,36,4098.910016797501,75.15430017436762,478.5706607000002,527178,0.75,3,350,0.99,0.001,2000,0.7,0.1,10,200,50,False
data1201.vrp,sa,random,True,42,5453.992662146416,6,1354.950667137632,36,4099.0419950087835,75.15672002014773,659.6985415999998,532938,0.75,3,350,0.985,0.001,3000,0.7,0.1,10,200,50,False
data1201.vrp,sa,random,True,42,5453.992662146416,6,1359.9110717948024,36,4094.081590351613,75.06577005075012,630.5839887000002,510016,0.75,3,350,0.985,0.001,3000,0.7,0.2,10,200,50,False
data1201.vrp,sa,random,True,42,5453.992662146416,6,1329.7986860447616,36,4124.193976101654,75.61788641055082,563.2555489999995,506931,0.75,3,350,0.99,0.001,2000,0.7,0.2,10,200,50,False
data1201.vrp,sa,random,True,42,5453.992662146416,6,1312.5126684976085,36,4141.479993648807,75.93482885286703,707.9914434000002,758970,0.75,3,350,0.99,0.001,3000,0.7,0.2,10,200,50,False
data1201.vrp,sa,random,True,42,5453.992662146416,5,1336.3366982704993,37,4117.655963875916,75.49801070424277,861.5208998000007,829686,0.75,3,350,0.99,0.001,3000,0.7,0.0,10,200,50,False
data1201.vrp,sa,random,True,46,5415.692541493366,5,1310.436723766271,41,4105.255817727095,75.80297046543708,367.89294169999994,316906,0.75,2,300,0.985,0.001,2000,0.7,0.2,10,200,50,False
data1201.vrp,milp,greedy,False,3,940.8426806362924,2,1273.4948033913126,1,-332.6521227550203,-35.35682740604917,301.03893470000185,2,0.75,42,1000.0,0.995,0.01,400,0.5,0.2,10,200,50,False
data1201.vrp,milp,greedy,False,3,940.8426806362924,5,4824.995679697697,-2,-3884.1529990614044,-412.8376697828536,480.9017970000059,5,0.75,42,1000.0,0.995,0.01,400,0.5,0.2,10,200,50,False
data1201.vrp,milp,greedy,False,3,940.8426806362924,12,2014.1472499567965,-9,-1073.304569320504,-114.07906884014102,662.1339389999994,12,0.75,42,1000.0,0.995,0.01,400,0.5,0.2,10,200,50,False
data1201.vrp,milp,greedy,False,3,940.8426806362924,2,1029.9432355915174,1,-89.100554955225,-9.470292620543772,1000.2970850000056,2,0.75,42,1000.0,0.995,0.01,400,0.5,0.2,10,200,50,False
data1201.vrp,milp,greedy,False,3,940.8426806362924,2,752.0148277329589,1,188.82785290333345,20.070077260486215,2000.3416284999985,2,0.75,42,1000.0,0.995,0.01,400,0.5,0.2,10,200,50,False
data1201.vrp,milp,random,False,3,4901.489853630434,3,1136.1198208445494,0,3765.370032785884,76.82092884466446,240.48853180000003,3,0.75,1,1000.0,0.995,0.01,400,0.5,0.2,10,200,50,False
data1201.vrp,milp,random,False,3,4901.489853630434,3,1136.1198208445494,0,3765.370032785884,76.82092884466446,240.46552510000004,3,0.75,1,1000.0,0.995,0.01,400,0.5,0.2,10,200,50,False
data1201.vrp,milp,random,False,3,4901.489853630434,2,1259.8051662955882,1,3641.6846873348454,74.29750537252514,300.20801240000014,2,0.75,1,1000.0,0.995,0.01,400,0.5,0.2,10,200,50,False
data1201.vrp,milp,random,False,3,4901.489853630434,2,1115.9077427840998,1,3785.5821108463338,77.23329485304208,300.39702310000007,2,0.75,1,1000.0,0.995,0.01,400,0.5,0.2,10,200,50,False
