instance_name,method,generator,use_time_windows,initial_routes,initial_distance,final_routes,final_distance,delta_routes,delta_distance,distance_improvement_pct,runtime_seconds,history_length,param_fill_ratio,param_seed,param_sa_initial_temp,param_sa_cooling_rate,param_sa_min_temp,param_sa_iterations_per_temp,param_sa_p_relocate,param_sa_p_exchange,param_tabu_tenure,param_tabu_max_iterations,param_tabu_max_no_improve,param_tabu_no_2opt
data202.vrp,sa,random,True,35,4078.3851190906616,6,1096.1701550905264,29,2982.2149640001353,73.12244618686393,58.271290799999406,107096,0.75,1,350,0.985,0.01,500,0.3,0.1,10,200,50,False
data202.vrp,sa,random,True,35,4078.3851190906616,7,1117.4604884134715,28,2960.92463067719,72.60041767064347,67.2749169000017,103739,0.75,1,350,0.985,0.01,500,0.3,0.2,10,200,50,False
data202.vrp,sa,random,True,35,4078.3851190906616,6,1112.2748398724195,29,2966.110279218242,72.72756722591176,64.46613669999715,102033,0.75,1,350,0.985,0.01,500,0.5,0.1,10,200,50,False
data202.vrp,sa,random,True,35,4078.3851190906616,6,1133.0088801798142,29,2945.3762389108474,72.21917874120638,69.33211690000098,101405,0.75,1,350,0.985,0.01,500,0.3,0.3,10,200,50,False
data202.vrp,sa,random,True,35,4078.3851190906616,6,1075.735719589935,29,3002.6493995007268,73.62348850885896,68.71896269999706,97009,0.75,1,350,0.985,0.01,500,0.5,0.3,10,200,50,False
data202.vrp,sa,random,True,35,4078.3851190906616,6,1073.862423395789,29,3004.5226956948727,73.66942081146021,70.82323840000026,98777,0.75,1,350,0.985,0.01,500,0.5,0.2,10,200,50,False
data202.vrp,sa,random,True,35,4078.3851190906616,6,1075.4082531847723,29,3002.976865905889,73.6315178242767,67.23192299999937,127222,0.75,1,350,0.985,0.01,600,0.3,0.1,10,200,50,False
data202.vrp,sa,random,True,35,4078.3851190906616,7,1112.441153738233,28,2965.9439653524287,72.72348929160793,71.79539709999881,124716,0.75,1,350,0.985,0.01,600,0.3,0.2,10,200,50,False
data202.vrp,sa,random,True,35,4078.3851190906616,6,1068.1589808262756,29,3010.226138264386,73.80926642198915,77.42429679999987,120617,0.75,1,350,0.985,0.01,600,0.3,0.3,10,200,50,False
data202.vrp,sa,random,True,35,4078.3851190906616,6,1133.4744681257623,29,2944.910650964899,72.20776275344767,83.43989900000088,123478,0.75,1,350,0.985,0.01,600,0.5,0.1,10,200,50,False
data202.vrp,sa,random,True,35,4078.3851190906616,6,1084.10398802225,29,2994.281131068412,73.41830267701725,75.61865810000018,115568,0.75,1,350,0.985,0.01,600,0.5,0.3,10,200,50,False
data202.vrp,sa,random,True,35,4078.3851190906616,5,1055.3651272076945,30,3023.019991882967,74.12296542894889,81.56689470000128,119060,0.75,1,350,0.985,0.01,600,0.5,0.2,10,200,50,False
data202.vrp,sa,random,True,35,4078.3851190906616,6,1109.727760742557,29,2968.657358348105,72.7900203551648,84.82291100000293,148865,0.75,1,350,0.985,0.01,700,0.3,0.1,10,200,50,False
data202.vrp,sa,random,True,35,4078.3851190906616,7,1072.74300129858,28,3005.6421177920815,73.6968684914738,92.42434879999928,144041,0.75,1,350,0.985,0.01,700,0.3,0.2,10,200,50,False
data202.vrp,sa,random,True,35,4078.3851190906616,8,2567.5655583621347,27,1510.819560728527,37.04455358216361,18.828305799997906,74546,0.75,1,350,0.985,0.01,800,0.3,0.3,10,200,50,False
data202.vrp,sa,random,True,35,4078.3851190906616,6,1069.920084761012,29,3008.46503432965,73.76608501848479,96.57057139999961,140069,0.75,1,350,0.985,0.01,700,0.3,0.3,10,200,50,False
data202.vrp,sa,random,True,35,4078.3851190906616,5,1088.461876255529,30,2989.9232428351324,73.31144939793674,101.95614950000163,142807,0.75,1,350,0.985,0.01,700,0.5,0.1,10,200,50,False
data202.vrp,sa,random,True,35,4078.3851190906616,7,2422.321058321021,28,1656.0640607696405,40.605877385578665,28.494018999997934,99413,0.75,1,350,0.985,0.01,800,0.5,0.2,10,200,50,False
data202.vrp,sa,random,True,35,4078.3851190906616,6,1092.9206659216056,29,2985.464453169056,73.20212206528232,91.45587820000219,138099,0.75,1,350,0.985,0.01,700,0.5,0.2,10,200,50,False
data202.vrp,sa,random,True,35,4078.3851190906616,8,2703.740721560682,27,1374.6443975299799,33.705605463676214,16.668957099998806,67489,0.75,1,350,0.985,0.01,900,0.3,0.1,10,200,50,False
data202.vrp,sa,random,True,35,4078.3851190906616,7,1103.5321638109513,28,2974.8529552797104,72.94193334892806,89.32042490000094,133350,0.75,1,350,0.985,0.01,700,0.5,0.3,10,200,50,False
data202.vrp,sa,random,True,35,4078.3851190906616,6,1085.6372737155166,29,2992.747845375145,73.38070726489958,88.66014350000114,163984,0.75,1,350,0.985,0.01,800,0.3,0.2,10,200,50,False
data202.vrp,sa,random,True,35,4078.3851190906616,6,1106.6442110384528,29,2971.740908052209,72.86562747940792,102.57638189999852,169434,0.75,1,350,0.985,0.01,800,0.3,0.1,10,200,50,False
data202.vrp,sa,random,True,35,4078.3851190906616,6,1103.2283535240374,29,2975.156765566624,72.94938262794517,92.17672369999855,164089,0.75,1,350,0.985,0.01,800,0.5,0.1,10,200,50,False
data202.vrp,sa,random,True,35,4078.3851190906616,7,1092.4638139753968,28,2985.9213051152647,73.21332385061815,112.24732360000053,154066,0.75,1,350,0.985,0.01,800,0.5,0.3,10,200,50,False
data202.vrp,sa,random,True,35,4078.3851190906616,6,1104.9069358110892,29,2973.4781832795725,72.9082246147111,95.88125500000024,185960,0.75,1,350,0.985,0.01,900,0.3,0.2,10,200,50,False
data202.vrp,sa,random,True,35,4078.3851190906616,6,1089.831898649406,29,2988.5532204412557,73.27785712173252,121.24972030000208,181491,0.75,1,350,0.985,0.01,900,0.3,0.3,10,200,50,False
data202.vrp,sa,random,True,35,4078.3851190906616,6,1078.2851995702729,29,3000.0999195203885,73.56097651193143,114.12205220000033,184568,0.75,1,350,0.985,0.01,900,0.5,0.1,10,200,50,False
data202.vrp,sa,random,True,35,4078.3851190906616,6,1074.7249403233698,29,3003.6601787672917,73.64827232002561,124.33968839999943,178094,0.75,1,350,0.985,0.01,900,0.5,0.2,10,200,50,False
data202.vrp,sa,random,True,35,4078.3851190906616,6,1090.391101716183,29,2987.994017374479,73.26414573719065,122.10046589999911,174856,0.75,1,350,0.985,0.01,900,0.5,0.3,10,200,50,False
data202.vrp,sa,random,True,35,4078.3851190906616,7,1105.9970232173291,28,2972.3880958733325,72.8814962069122,113.10349500000302,212487,0.75,1,350,0.985,0.01,1000,0.3,0.1,10,200,50,False
data202.vrp,sa,random,True,35,4078.3851190906616,8,2595.306050282042,27,1483.0790688086195,36.36437034517463,27.424173799998243,101903,0.75,1,350,0.985,0.01,1000,0.5,0.3,10,200,50,False
data202.vrp,sa,random,True,35,4078.3851190906616,8,2722.5444970728977,27,1355.840622017764,33.24454612368901,15.937883300000976,66275,0.75,1,350,0.99,0.01,500,0.3,0.1,10,200,50,False
data202.vrp,sa,random,True,35,4078.3851190906616,9,2768.681136222731,26,1309.7039828679308,32.11329839198583,8.421320699999342,34951,0.75,1,350,0.99,0.01,500,0.5,0.1,10,200,50,False
data202.vrp,sa,random,True,35,4078.3851190906616,7,2681.3009175588277,28,1397.084201531834,34.255818436375016,17.992656700000225,57000,0.75,1,350,0.99,0.01,500,0.5,0.2,10,200,50,False
data202.vrp,sa,random,True,35,4078.3851190906616,6,1082.3764491722695,29,2996.008669918392,73.46066108112905,129.9340004000005,205549,0.75,1,350,0.985,0.01,1000,0.3,0.2,10,200,50,False
data202.vrp,sa,random,True,35,4078.3851190906616,7,2460.011377485329,28,1618.3737416053327,39.681729271466494,29.386465799998405,96721,0.75,1,350,0.99,0.01,500,0.5,0.3,10,200,50,False
data202.vrp,sa,random,True,35,4078.3851190906616,8,2658.0956753416126,27,1420.289443749049,34.824799578165496,17.704336000002513,72739,0.75,1,350,0.99,0.01,600,0.3,0.1,10,200,50,False
data202.vrp,sa,random,True,35,4078.3851190906616,8,2693.959005014095,27,1384.4261140765666,33.94544834905747,16.037946700002067,63203,0.75,1,350,0.99,0.01,600,0.3,0.2,10,200,50,False
data202.vrp,sa,random,True,35,4078.3851190906616,7,1096.016241542819,28,2982.3688775478427,73.12622007145826,113.70855809999921,203664,0.75,1,350,0.985,0.01,1000,0.5,0.1,10,200,50,False
data202.vrp,sa,random,True,35,4078.3851190906616,6,1073.214332231973,29,3005.1707868586886,73.68531168848364,120.09703580000132,200791,0.75,1,350,0.985,0.01,1000,0.3,0.3,10,200,50,False
data202.vrp,sa,random,True,35,4078.3851190906616,7,2581.5499679683776,28,1496.835151122284,36.70166272713417,23.843204799999512,86469,0.75,1,350,0.99,0.01,600,0.5,0.2,10,200,50,False
data202.vrp,sa,random,True,35,4078.3851190906616,8,2664.8429178697243,27,1413.5422012209374,34.659360505319526,18.081338599997252,67651,0.75,1,350,0.99,0.01,600,0.5,0.3,10,200,50,False
data202.vrp,sa,random,True,35,4078.3851190906616,8,2673.2437752215587,27,1405.141343869103,34.45337560917741,19.03562530000272,78350,0.75,1,350,0.99,0.01,700,0.3,0.1,10,200,50,False
data202.vrp,sa,random,True,35,4078.3851190906616,6,1078.5455854122717,29,2999.8395336783897,73.5545919789755,88.59800739999991,155697,0.75,1,350,0.99,0.01,500,0.3,0.2,10,200,50,False
data202.vrp,sa,random,True,35,4078.3851190906616,7,1092.7231734721402,28,2985.6619456185217,73.20696448314376,95.54666680000082,151597,0.75,1,350,0.99,0.01,500,0.3,0.3,10,200,50,False
data202.vrp,sa,random,True,35,4078.3851190906616,8,2694.567362677024,27,1383.8177564136377,33.930531717960484,10.758977800000139,42237,0.75,1,350,0.99,0.01,700,0.5,0.2,10,200,50,False
data202.vrp,sa,random,True,35,4078.3851190906616,8,2630.572849329664,27,1447.8122697609974,35.499645753999054,24.214700399999856,93656,0.75,1,350,0.99,0.01,700,0.3,0.3,10,200,50,False
data202.vrp,sa,random,True,35,4078.3851190906616,8,2524.517301342905,27,1553.8678177477568,38.10007570089937,34.26459619999878,128660,0.75,1,350,0.99,0.01,700,0.3,0.2,10,200,50,False
data202.vrp,sa,random,True,35,4078.3851190906616,7,2475.0313621964024,28,1603.3537568942593,39.31344662349473,32.73344069999803,117685,0.75,1,350,0.99,0.01,700,0.5,0.1,10,200,50,False
data202.vrp,sa,random,True,35,4078.3851190906616,5,1049.1055104224783,30,3029.2796086681833,74.27644815807899,142.3559239999995,197891,0.75,1,350,0.985,0.01,1000,0.5,0.2,10,200,50,False
data202.vrp,sa,random,True,35,4078.3851190906616,8,2631.0654995739924,27,1447.3196195166693,35.48756621197586,24.83248839999942,92465,0.75,1,350,0.99,0.01,700,0.5,0.3,10,200,50,False
data202.vrp,sa,random,True,35,4078.3851190906616,7,2555.6424566468595,28,1522.7426624438021,37.33690218012861,31.37867290000213,123968,0.75,1,350,0.99,0.01,800,0.3,0.1,10,200,50,False
data202.vrp,sa,random,True,35,4078.3851190906616,6,1101.916364248713,29,2976.468754841949,72.98155196058576,85.85643980000168,182275,0.75,1,350,0.99,0.01,600,0.5,0.1,10,200,50,False
data202.vrp,sa,random,True,35,4078.3851190906616,9,2685.438113271093,26,1392.9470058195689,34.15437642951551,31.785359499997867,129329,0.75,1,350,0.99,0.01,800,0.3,0.2,10,200,50,False
data202.vrp,sa,random,True,35,4078.3851190906616,7,2598.937092828118,28,1479.4480262625439,36.27533896535032,22.20837329999995,82680,0.75,1,350,0.99,0.01,800,0.5,0.1,10,200,50,False
data202.vrp,sa,random,True,35,4078.3851190906616,7,2542.512180042991,28,1535.8729390476706,37.65885011345169,38.696277300001384,135448,0.75,1,350,0.99,0.01,800,0.3,0.3,10,200,50,False
data202.vrp,sa,random,True,35,4078.3851190906616,8,2794.5989137281326,27,1283.786205362529,31.47780721720485,15.43638540000029,63822,0.75,1,350,0.99,0.01,900,0.5,0.1,10,200,50,False
data202.vrp,sa,random,True,35,4078.3851190906616,8,2691.407239035122,27,1386.9778800555396,34.00801639754873,22.35929070000202,95853,0.75,1,350,0.99,0.01,900,0.3,0.1,10,200,50,False
data202.vrp,sa,random,True,35,4078.3851190906616,6,1084.012949082729,29,2994.3721700079327,73.42053490710003,116.45191730000079,183216,0.75,1,350,0.99,0.01,600,0.3,0.3,10,200,50,False
data202.vrp,sa,random,True,35,4078.3851190906616,7,2645.212705205348,28,1433.1724138853137,35.14068367836879,28.02570370000103,106775,0.75,1,350,0.99,0.01,900,0.3,0.3,10,200,50,False
data202.vrp,sa,random,True,35,4078.3851190906616,7,2584.227875619256,28,1494.1572434714058,36.63600174680294,35.97009569999864,127931,0.75,1,350,0.99,0.01,900,0.3,0.2,10,200,50,False
data202.vrp,sa,random,True,35,4078.3851190906616,8,2710.513710123276,27,1367.8714089673858,33.53953511071004,22.785564499998145,94508,0.75,1,350,0.99,0.01,1000,0.3,0.1,10,200,50,False
data202.vrp,sa,random,True,35,4078.3851190906616,8,2741.2227536383098,27,1337.1623654523519,32.78656444662815,27.852634599999874,108924,0.75,1,350,0.99,0.01,1000,0.3,0.2,10,200,50,False
data202.vrp,sa,random,True,35,4078.3851190906616,7,2579.5165222463947,28,1498.868596844267,36.75152181749973,26.650117299999692,95079,0.75,1,350,0.99,0.01,1000,0.5,0.1,10,200,50,False
data202.vrp,sa,random,True,35,4078.3851190906616,8,2692.456173869759,27,1385.9289452209027,33.982297030593244,15.129142699999647,56392,0.75,1,350,0.995,0.01,500,0.3,0.1,10,200,50,False
data202.vrp,sa,random,True,35,4078.3851190906616,7,2542.620237842878,28,1535.7648812477837,37.65620058927162,37.31417430000147,127495,0.75,1,350,0.99,0.01,1000,0.5,0.2,10,200,50,False
data202.vrp,sa,random,True,35,4078.3851190906616,7,2600.5078024683808,28,1477.877316622281,36.2368259364333,31.60485499999777,102855,0.75,1,350,0.99,0.01,1000,0.5,0.3,10,200,50,False
data202.vrp,sa,random,True,35,4078.3851190906616,8,2624.7919331624175,27,1453.593185928244,35.64139097909285,16.969902400000137,66995,0.75,1,350,0.995,0.01,500,0.3,0.3,10,200,50,False
data202.vrp,sa,random,True,35,4078.3851190906616,9,2738.7198170412616,26,1339.6653020494,32.84793522265742,9.768279100000655,42453,0.75,1,350,0.995,0.01,500,0.5,0.1,10,200,50,False
data202.vrp,sa,random,True,35,4078.3851190906616,7,2560.7998652265323,28,1517.5852538641293,37.21044505484313,24.327523400002974,90154,0.75,1,350,0.995,0.01,500,0.3,0.2,10,200,50,False
data202.vrp,sa,random,True,35,4078.3851190906616,9,2822.068559696194,26,1256.3165593944677,30.80426498992775,9.791869600001519,42308,0.75,1,350,0.995,0.01,600,0.3,0.1,10,200,50,False
data202.vrp,sa,random,True,35,4078.3851190906616,8,2804.572702797613,27,1273.8124162930485,31.233254807899662,14.938245599998481,53588,0.75,1,350,0.995,0.01,500,0.5,0.3,10,200,50,False
data202.vrp,sa,random,True,35,4078.3851190906616,7,2657.013571364634,28,1421.3715477260275,34.8513322362,18.787909200000286,69781,0.75,1,350,0.995,0.01,500,0.5,0.2,10,200,50,False
data202.vrp,sa,random,True,35,4078.3851190906616,6,1094.2197612897876,29,2984.165357800874,73.17026888491196,131.91650160000063,231551,0.75,1,350,0.99,0.01,800,0.5,0.3,10,200,50,False
data202.vrp,sa,random,True,35,4078.3851190906616,8,2715.8551685767247,27,1362.529950513937,33.408565172916624,18.389645799998107,68070,0.75,1,350,0.995,0.01,600,0.5,0.1,10,200,50,False
data202.vrp,sa,random,True,35,4078.3851190906616,8,2735.8543798872824,27,1342.5307392033792,32.9181943342986,22.913158200000908,86585,0.75,1,350,0.995,0.01,600,0.3,0.3,10,200,50,False
data202.vrp,sa,random,True,35,4078.3851190906616,7,1073.583339552751,28,3004.8017795379105,73.67626381021803,154.8576451000008,237425,0.75,1,350,0.99,0.01,800,0.5,0.2,10,200,50,False
data202.vrp,sa,random,True,35,4078.3851190906616,9,2803.0771648075797,26,1275.307954283082,31.269924664874008,9.529566299999715,37616,0.75,1,350,0.995,0.01,600,0.5,0.3,10,200,50,False
data202.vrp,sa,random,True,35,4078.3851190906616,7,2584.745869867777,28,1493.6392492228847,36.623300782244776,33.67738299999837,123236,0.75,1,350,0.995,0.01,600,0.3,0.2,10,200,50,False
data202.vrp,sa,random,True,35,4078.3851190906616,7,2660.3386800641683,28,1418.0464390264933,34.76980220403189,25.03469590000168,83816,0.75,1,350,0.995,0.01,600,0.5,0.2,10,200,50,False
data202.vrp,sa,random,True,35,4078.3851190906616,9,2701.2493860638006,26,1377.135733026861,33.76669178642733,15.046347499999683,66224,0.75,1,350,0.995,0.01,700,0.3,0.1,10,200,50,False
data202.vrp,sa,random,True,35,4078.3851190906616,8,2764.5700960080826,27,1313.815023082579,32.214099078890186,17.7774399000009,72673,0.75,1,350,0.995,0.01,700,0.3,0.3,10,200,50,False
data202.vrp,sa,random,True,35,4078.3851190906616,8,2645.420410618829,27,1432.9647084718326,35.13559084364583,23.339869499999622,89778,0.75,1,350,0.995,0.01,700,0.5,0.2,10,200,50,False
data202.vrp,sa,random,True,35,4078.3851190906616,7,2546.5756596617325,28,1531.8094594289291,37.55921558899934,26.901001399997767,107250,0.75,1,350,0.995,0.01,700,0.3,0.2,10,200,50,False
data202.vrp,sa,random,True,35,4078.3851190906616,7,2631.4181534045597,28,1446.966965686102,35.478919313258125,28.40187760000117,105310,0.75,1,350,0.995,0.01,700,0.5,0.1,10,200,50,False
data202.vrp,sa,random,True,35,4078.3851190906616,8,2675.108461824386,27,1403.2766572662758,34.40765440952662,15.32546100000036,66412,0.75,1,350,0.995,0.01,800,0.3,0.1,10,200,50,False
data202.vrp,sa,random,True,35,4078.3851190906616,7,2707.3662635303344,28,1371.0188555603272,33.61670895528416,29.327005900002405,100781,0.75,1,350,0.995,0.01,700,0.5,0.3,10,200,50,False
data202.vrp,sa,random,True,35,4078.3851190906616,8,2728.135419474026,27,1350.2496996166356,33.10745945242402,18.551347500000702,76349,0.75,1,350,0.995,0.01,800,0.3,0.2,10,200,50,False
data202.vrp,sa,random,True,35,4078.3851190906616,8,2844.054718338598,27,1234.3304007520637,30.265175178632383,16.425364399998216,60194,0.75,1,350,0.995,0.01,800,0.5,0.1,10,200,50,False
data202.vrp,sa,random,True,35,4078.3851190906616,6,1068.290644732769,29,3010.094474357893,73.80603808766935,171.5606829999997,260828,0.75,1,350,0.99,0.01,900,0.5,0.3,10,200,50,False
data202.vrp,sa,random,True,35,4078.3851190906616,8,2754.3290945071244,27,1324.0560245835372,32.46520340577243,20.57717970000158,78475,0.75,1,350,0.995,0.01,800,0.3,0.3,10,200,50,False
data202.vrp,sa,random,True,35,4078.3851190906616,8,2702.783804242479,27,1375.6013148481825,33.729068606323615,16.743870300000708,60111,0.75,1,350,0.995,0.01,800,0.5,0.2,10,200,50,False
data202.vrp,sa,random,True,35,4078.3851190906616,7,2569.6585308734548,28,1508.7265882172069,36.99323492416039,32.43441570000141,107766,0.75,1,350,0.995,0.01,800,0.5,0.3,10,200,50,False
data202.vrp,sa,random,True,35,4078.3851190906616,8,2726.758933160067,27,1351.6261859305946,33.14121022077386,27.894335100001626,109112,0.75,1,350,0.995,0.01,900,0.3,0.1,10,200,50,False
data202.vrp,sa,random,True,35,4078.3851190906616,6,1081.9092478400103,29,2996.4758712506514,73.47211662832768,184.9923932999991,302320,0.75,1,350,0.99,0.01,1000,0.3,0.3,10,200,50,False
data202.vrp,sa,random,True,35,4078.3851190906616,5,1103.0983210350457,30,2975.2867980556157,72.95257096070911,212.6115355999973,270010,0.75,1,350,0.99,0.01,900,0.5,0.2,10,200,50,False
data202.vrp,sa,random,True,35,4078.3851190906616,7,2613.691052963187,28,1464.6940661274748,35.913579109322825,41.351639700002124,148514,0.75,1,350,0.995,0.01,900,0.3,0.3,10,200,50,False
data202.vrp,sa,random,True,35,4078.3851190906616,7,2642.4884424657707,28,1435.896676624891,35.20748126270738,37.823237299999164,135798,0.75,1,350,0.995,0.01,900,0.5,0.2,10,200,50,False
data202.vrp,sa,random,True,35,4078.3851190906616,8,2748.39108028877,27,1329.9940388018917,32.61080059791985,21.651207400002022,80385,0.75,1,350,0.995,0.01,900,0.5,0.3,10,200,50,False
data202.vrp,sa,random,True,35,4078.3851190906616,7,2568.718884050824,28,1509.6662350398378,37.01627460273887,55.01696630000151,194312,0.75,1,350,0.995,0.01,900,0.5,0.1,10,200,50,False
data202.vrp,sa,random,True,35,4078.3851190906616,8,2689.421773960832,27,1388.9633451298296,34.0566990259988,31.11986379999871,131408,0.75,1,350,0.995,0.01,1000,0.3,0.2,10,200,50,False
data202.vrp,sa,random,True,35,4078.3851190906616,8,2719.9299680950703,27,1358.4551509955913,33.308653090085805,33.99221970000144,130569,0.75,1,350,0.995,0.01,1000,0.5,0.1,10,200,50,False
data202.vrp,sa,random,True,35,4078.3851190906616,7,2454.9848622022255,28,1623.4002568884362,39.80497695740902,77.47759669999868,277595,0.75,1,350,0.995,0.01,900,0.3,0.2,10,200,50,False
data202.vrp,sa,random,True,35,4078.3851190906616,7,2669.8098935643156,28,1408.575225526346,34.53757270084414,40.42522749999989,145381,0.75,1,350,0.995,0.01,1000,0.3,0.3,10,200,50,False
data202.vrp,sa,random,True,35,4078.3851190906616,7,2582.125870272032,28,1496.2592488186297,36.687541885505986,50.11867050000001,172336,0.75,1,350,0.995,0.01,1000,0.5,0.2,10,200,50,False
data202.vrp,sa,random,True,35,4078.3851190906616,7,2618.92969360713,28,1459.4554254835316,35.78513021371899,48.343005200000334,159832,0.75,1,350,0.995,0.01,1000,0.5,0.3,10,200,50,False
data202.vrp,sa,random,True,35,4078.3851190906616,9,2755.9035852312168,26,1322.4815338594449,32.426597666537006,9.088044000000082,39183,0.75,1,400,0.985,0.01,600,0.3,0.1,10,200,50,False
data202.vrp,sa,random,True,35,4078.3851190906616,7,2377.6969810311703,28,1700.6881380594914,41.70003784337772,80.01129280000168,312075,0.75,1,350,0.995,0.01,1000,0.3,0.1,10,200,50,False
data202.vrp,sa,random,True,35,4078.3851190906616,7,1106.2505580974266,28,2972.134560993235,72.8752796561772,57.1938568000005,107995,0.75,1,400,0.985,0.01,500,0.3,0.2,10,200,50,False
data202.vrp,sa,random,True,35,4078.3851190906616,9,2777.6472169414524,26,1300.7379021492093,31.89345449650004,11.169864399998914,46714,0.75,1,400,0.985,0.01,600,0.3,0.3,10,200,50,False
data202.vrp,sa,random,True,35,4078.3851190906616,7,1114.0539243211956,28,2964.331194769466,72.68394494903436,63.26708089999738,110569,0.75,1,400,0.985,0.01,500,0.3,0.1,10,200,50,False
data202.vrp,sa,random,True,35,4078.3851190906616,7,1124.0729632357047,28,2954.312155854957,72.43828303575377,58.9720047999981,106393,0.75,1,400,0.985,0.01,500,0.5,0.1,10,200,50,False
data202.vrp,sa,random,True,35,4078.3851190906616,7,1098.582735080858,28,2979.802384009804,73.06329091045224,61.318550299998606,104774,0.75,1,400,0.985,0.01,500,0.3,0.3,10,200,50,False
data202.vrp,sa,random,True,35,4078.3851190906616,8,2748.427523408537,27,1329.9575956821245,32.609907030522386,13.107895699999062,54207,0.75,1,400,0.985,0.01,700,0.3,0.1,10,200,50,False
data202.vrp,sa,random,True,35,4078.3851190906616,6,1087.2540707540998,29,2991.131048336562,73.34106419561182,63.2427228000015,101218,0.75,1,400,0.985,0.01,500,0.5,0.3,10,200,50,False
data202.vrp,sa,random,True,35,4078.3851190906616,5,1117.9441635100452,30,2960.4409555806164,72.58855819483503,77.84521510000195,103575,0.75,1,400,0.985,0.01,500,0.5,0.2,10,200,50,False
data202.vrp,sa,random,True,35,4078.3851190906616,6,1037.982341778232,29,3040.40277731243,74.54918279003368,76.16422669999884,128786,0.75,1,400,0.985,0.01,600,0.3,0.2,10,200,50,False
data202.vrp,sa,random,True,35,4078.3851190906616,7,1123.3664564377175,28,2955.018662652944,72.45560623543591,75.56302370000049,126892,0.75,1,400,0.985,0.01,600,0.5,0.1,10,200,50,False
data202.vrp,sa,random,True,35,4078.3851190906616,6,1068.6374111235223,29,3009.7477079671394,73.7975355460842,79.64557140000034,124156,0.75,1,400,0.985,0.01,600,0.5,0.2,10,200,50,False
data202.vrp,sa,random,True,35,4078.3851190906616,7,2645.183973167419,28,1433.2011459232426,35.14138817382692,17.85701060000065,69928,0.75,1,400,0.985,0.01,800,0.3,0.1,10,200,50,False
data202.vrp,sa,random,True,35,4078.3851190906616,6,1100.3562688980924,29,2978.0288501925693,73.01980473233401,90.01674909999929,120879,0.75,1,400,0.985,0.01,600,0.5,0.3,10,200,50,False
data202.vrp,sa,random,True,35,4078.3851190906616,6,1099.9793874864574,29,2978.4057316042044,73.02904567944005,77.65916760000255,149528,0.75,1,400,0.985,0.01,700,0.3,0.2,10,200,50,False
data202.vrp,sa,random,True,35,4078.3851190906616,6,1161.2315938507581,29,2917.1535252399035,71.52717166372771,73.5381118999976,148466,0.75,1,400,0.985,0.01,700,0.5,0.1,10,200,50,False
data202.vrp,sa,random,True,35,4078.3851190906616,6,1108.2261423715508,29,2970.158976719111,72.82683930009418,97.58462750000035,147734,0.75,1,400,0.985,0.01,700,0.3,0.3,10,200,50,False
data202.vrp,sa,random,True,35,4078.3851190906616,6,1094.0524620728809,29,2984.3326570177805,73.17437097954063,93.84580809999898,144383,0.75,1,400,0.985,0.01,700,0.5,0.2,10,200,50,False
data202.vrp,sa,random,True,35,4078.3851190906616,6,1083.6892237789987,29,2994.6958953116628,73.42847249254812,89.92501279999851,140722,0.75,1,400,0.985,0.01,700,0.5,0.3,10,200,50,False
data202.vrp,sa,random,True,35,4078.3851190906616,7,1093.1233824517283,28,2985.261736638933,73.19715155552899,84.7953978000005,173360,0.75,1,400,0.985,0.01,800,0.3,0.2,10,200,50,False
data202.vrp,sa,random,True,35,4078.3851190906616,8,2654.4325840806855,27,1423.9525350099761,34.91461677673706,16.705556799999613,66104,0.75,1,400,0.985,0.01,900,0.5,0.1,10,200,50,False
data202.vrp,sa,random,True,35,4078.3851190906616,6,1108.8106644630955,29,2969.5744546275664,72.81250710550057,105.80587410000226,167785,0.75,1,400,0.985,0.01,800,0.3,0.3,10,200,50,False
data202.vrp,sa,random,True,35,4078.3851190906616,6,1136.758682677576,29,2941.6264364130857,72.1272354256963,107.78362130000096,170441,0.75,1,400,0.985,0.01,800,0.5,0.1,10,200,50,False
data202.vrp,sa,random,True,35,4078.3851190906616,6,1061.0008330577855,29,3017.384286032876,73.98478068951096,113.88949429999775,165513,0.75,1,400,0.985,0.01,800,0.5,0.2,10,200,50,False
data202.vrp,sa,random,True,35,4078.3851190906616,7,2711.873194855205,28,1366.5119242354567,33.506201212801145,19.16115609999906,63390,0.75,1,400,0.985,0.01,900,0.5,0.3,10,200,50,False
data202.vrp,sa,random,True,35,4078.3851190906616,6,1082.4003668801633,29,2995.9847522104983,73.4600746306788,111.62388790000114,159820,0.75,1,400,0.985,0.01,800,0.5,0.3,10,200,50,False
data202.vrp,sa,random,True,35,4078.3851190906616,6,1075.6757008328373,29,3002.7094182578244,73.62496013930445,112.31365540000115,201367,0.75,1,400,0.985,0.01,900,0.3,0.1,10,200,50,False
data202.vrp,sa,random,True,35,4078.3851190906616,6,1145.7919537563469,29,2932.593165334315,71.905744055583,136.1677297999995,196160,0.75,1,400,0.985,0.01,900,0.3,0.2,10,200,50,False
data202.vrp,sa,random,True,35,4078.3851190906616,6,1097.1151254174347,29,2981.269993673227,73.09927597857524,124.24455999999918,187438,0.75,1,400,0.985,0.01,900,0.3,0.3,10,200,50,False
data202.vrp,sa,random,True,35,4078.3851190906616,8,2739.322609056991,27,1339.0625100336706,32.833155058496175,16.575448100000358,66426,0.75,1,400,0.99,0.01,500,0.3,0.1,10,200,50,False
data202.vrp,sa,random,True,35,4078.3851190906616,9,2812.774211321535,26,1265.6109077691267,31.03215784710675,10.155585699998483,43165,0.75,1,400,0.99,0.01,500,0.3,0.2,10,200,50,False
data202.vrp,sa,random,True,35,4078.3851190906616,6,1100.9334046350318,29,2977.45171445563,73.00565364752748,132.65411890000178,186531,0.75,1,400,0.985,0.01,900,0.5,0.2,10,200,50,False
data202.vrp,sa,random,True,35,4078.3851190906616,8,2767.785543355633,27,1310.5995757350288,32.13525788921197,12.217776100002084,47352,0.75,1,400,0.99,0.01,500,0.3,0.3,10,200,50,False
data202.vrp,sa,random,True,35,4078.3851190906616,8,2798.584360801015,27,1279.8007582896466,31.380086012450874,12.013747299999523,45461,0.75,1,400,0.99,0.01,500,0.5,0.2,10,200,50,False
data202.vrp,sa,random,True,35,4078.3851190906616,6,1090.1755733476634,29,2988.209545742998,73.26943038692886,125.4514726999987,215821,0.75,1,400,0.985,0.01,1000,0.3,0.2,10,200,50,False
data202.vrp,sa,random,True,35,4078.3851190906616,6,1097.3926729710429,29,2980.9924461196188,73.09247064887968,122.06929269999819,209837,0.75,1,400,0.985,0.01,1000,0.3,0.3,10,200,50,False
data202.vrp,sa,random,True,35,4078.3851190906616,6,1120.950173297298,29,2957.4349457933636,72.51485231126895,143.97167289999925,220572,0.75,1,400,0.985,0.01,1000,0.3,0.1,10,200,50,False
data202.vrp,sa,random,True,35,4078.3851190906616,8,2712.1278567872805,27,1366.2572623033811,33.499957027305186,11.488933200002066,43273,0.75,1,400,0.99,0.01,600,0.3,0.3,10,200,50,False
data202.vrp,sa,random,True,35,4078.3851190906616,9,2786.1459899209517,26,1292.23912916971,31.685068757259355,8.198889799998142,33608,0.75,1,400,0.99,0.01,600,0.5,0.1,10,200,50,False
data202.vrp,sa,random,True,35,4078.3851190906616,6,1093.8894061296646,29,2984.495712960997,73.17836903118251,147.79266129999814,211827,0.75,1,400,0.985,0.01,1000,0.5,0.1,10,200,50,False
data202.vrp,sa,random,True,35,4078.3851190906616,7,2624.586815667405,28,1453.7983034232566,35.64642035932603,21.479557800001203,76376,0.75,1,400,0.99,0.01,600,0.5,0.3,10,200,50,False
data202.vrp,sa,random,True,35,4078.3851190906616,8,2554.3591077107435,27,1524.0260113799181,37.36836926571866,32.098218900002394,114379,0.75,1,400,0.99,0.01,600,0.5,0.2,10,200,50,False
data202.vrp,sa,random,True,35,4078.3851190906616,5,1100.5415077739412,30,2977.8436113167204,73.01526276607925,158.95492549999835,207103,0.75,1,400,0.985,0.01,1000,0.5,0.2,10,200,50,False
data202.vrp,sa,random,True,35,4078.3851190906616,6,1068.7742128905288,29,3009.610906200133,73.79418123394811,92.43811859999914,159728,0.75,1,400,0.99,0.01,500,0.5,0.1,10,200,50,False
data202.vrp,sa,random,True,35,4078.3851190906616,6,1096.742611885931,29,2981.6425072047305,73.10840982740574,142.18409939999765,200292,0.75,1,400,0.985,0.01,1000,0.5,0.3,10,200,50,False
data202.vrp,sa,random,True,35,4078.3851190906616,8,2737.1502809931503,27,1341.2348380975113,32.886419475671296,14.908663199999864,59720,0.75,1,400,0.99,0.01,700,0.3,0.3,10,200,50,False
data202.vrp,sa,random,True,35,4078.3851190906616,7,1111.609747990988,28,2966.775371099674,72.74387495218112,92.38019809999969,151109,0.75,1,400,0.99,0.01,500,0.5,0.3,10,200,50,False
data202.vrp,sa,random,True,35,4078.3851190906616,8,2787.205549745392,27,1291.1795693452696,31.659088870772404,16.93370330000107,61605,0.75,1,400,0.99,0.01,700,0.5,0.2,10,200,50,False
data202.vrp,sa,random,True,35,4078.3851190906616,6,1090.5545532674819,29,2987.8305658231798,73.26013798543288,96.4693729999999,195415,0.75,1,400,0.99,0.01,600,0.3,0.2,10,200,50,False
data202.vrp,sa,random,True,35,4078.3851190906616,6,1078.7567136434916,29,2999.62840544717,73.5494152184427,104.49867860000086,199808,0.75,1,400,0.99,0.01,600,0.3,0.1,10,200,50,False
data202.vrp,sa,random,True,35,4078.3851190906616,8,2491.8181076694163,27,1586.5670114212453,38.90184386939394,40.29491600000256,154987,0.75,1,400,0.99,0.01,800,0.3,0.1,10,200,50,False
data202.vrp,sa,random,True,35,4078.3851190906616,7,2513.2181176478994,28,1565.1670014427623,38.37712613544795,37.26864099999875,139670,0.75,1,400,0.99,0.01,800,0.3,0.3,10,200,50,False
data202.vrp,sa,random,True,35,4078.3851190906616,7,2588.486670091314,28,1489.8984489993477,36.53157819807717,38.291836699998385,135458,0.75,1,400,0.99,0.01,800,0.5,0.1,10,200,50,False
data202.vrp,sa,random,True,35,4078.3851190906616,7,2636.8227643034475,28,1441.5623547872142,35.346400908520195,34.062556400000176,114805,0.75,1,400,0.99,0.01,800,0.5,0.2,10,200,50,False
data202.vrp,sa,random,True,35,4078.3851190906616,8,2707.959088882062,27,1370.4260302085995,33.60217316882906,16.52977870000177,61798,0.75,1,400,0.99,0.01,900,0.3,0.1,10,200,50,False
data202.vrp,sa,random,True,35,4078.3851190906616,6,1109.9209842516477,29,2968.464134839014,72.78528260962463,120.65077389999715,234811,0.75,1,400,0.99,0.01,700,0.3,0.1,10,200,50,False
data202.vrp,sa,random,True,35,4078.3851190906616,6,1078.0046362868593,29,3000.3804828038024,73.56785578584064,116.55139250000138,220940,0.75,1,400,0.99,0.01,700,0.5,0.1,10,200,50,False
data202.vrp,sa,random,True,35,4078.3851190906616,5,1073.1342943011814,30,3005.2508247894802,73.68727417923562,138.5022506000023,225991,0.75,1,400,0.99,0.01,700,0.3,0.2,10,200,50,False
data202.vrp,sa,random,True,35,4078.3851190906616,6,1071.6776763617665,29,3006.7074427288953,73.72298973568456,121.22825170000215,210479,0.75,1,400,0.99,0.01,700,0.5,0.3,10,200,50,False
data202.vrp,sa,random,True,35,4078.3851190906616,7,2454.779685653175,28,1623.6054334374867,39.810007785618204,38.5116065000002,127177,0.75,1,400,0.99,0.01,900,0.5,0.3,10,200,50,False
data202.vrp,sa,random,True,35,4078.3851190906616,8,2644.0936625899135,27,1434.2914565007482,35.16812205367563,35.0311913000005,132894,0.75,1,400,0.99,0.01,1000,0.3,0.1,10,200,50,False
data202.vrp,sa,random,True,35,4078.3851190906616,5,1085.631907259517,30,2992.7532118311447,73.38083884776495,148.74183040000207,258962,0.75,1,400,0.99,0.01,800,0.3,0.2,10,200,50,False
data202.vrp,sa,random,True,35,4078.3851190906616,6,2330.6735290369174,29,1747.7115900537442,42.85302979046332,59.49802120000095,189823,0.75,1,400,0.99,0.01,900,0.5,0.2,10,200,50,False
data202.vrp,sa,random,True,35,4078.3851190906616,6,1076.0005731034175,29,3002.384545987244,73.61699443079254,127.4156647000018,240594,0.75,1,400,0.99,0.01,800,0.5,0.3,10,200,50,False
data202.vrp,sa,random,True,35,4078.3851190906616,6,1072.6483318383896,29,3005.736787252272,73.69918974014026,154.71410529999775,290095,0.75,1,400,0.99,0.01,900,0.3,0.2,10,200,50,False
data202.vrp,sa,random,True,35,4078.3851190906616,6,1069.5596362809515,29,3008.82548280971,73.77492303817972,156.55864669999937,284950,0.75,1,400,0.99,0.01,900,0.3,0.3,10,200,50,False
data202.vrp,sa,random,True,35,4078.3851190906616,8,2767.119542641144,27,1311.2655764495175,32.15158789962151,15.641041999999288,61360,0.75,1,400,0.995,0.01,500,0.3,0.2,10,200,50,False
data202.vrp,sa,random,True,35,4078.3851190906616,7,2680.120298467069,28,1398.2648206235926,34.28476663663771,28.561549100002594,108137,0.75,1,400,0.995,0.01,500,0.3,0.1,10,200,50,False
data202.vrp,sa,random,True,35,4078.3851190906616,8,2757.9657360832966,27,1320.419383007365,32.376034740480144,15.29545700000017,56002,0.75,1,400,0.995,0.01,500,0.3,0.3,10,200,50,False
data202.vrp,sa,random,True,35,4078.3851190906616,6,1121.863756263573,29,2956.5213628270885,72.49245170564691,171.3053493999978,287281,0.75,1,400,0.99,0.01,900,0.5,0.1,10,200,50,False
data202.vrp,sa,random,True,35,4078.3851190906616,8,2739.6702649880076,27,1338.714854102654,32.82463070582066,14.350070599997707,53609,0.75,1,400,0.995,0.01,500,0.5,0.1,10,200,50,False
data202.vrp,sa,random,True,35,4078.3851190906616,8,2712.152428569518,27,1366.2326905211435,33.49935453927328,13.161092400001507,47315,0.75,1,400,0.995,0.01,500,0.5,0.3,10,200,50,False
data202.vrp,sa,random,True,35,4078.3851190906616,8,2693.5295392794483,27,1384.8555798112134,33.955978637936674,14.374722399999882,53495,0.75,1,400,0.995,0.01,500,0.5,0.2,10,200,50,False
data202.vrp,sa,random,True,35,4078.3851190906616,8,2709.3436222896,27,1369.0414968010618,33.56822508969703,15.150283700000728,65036,0.75,1,400,0.995,0.01,600,0.3,0.1,10,200,50,False
data202.vrp,sa,random,True,35,4078.3851190906616,8,2681.884009101656,27,1396.5011099890057,34.241521318133316,21.569469600002776,86063,0.75,1,400,0.995,0.01,600,0.3,0.2,10,200,50,False
data202.vrp,sa,random,True,35,4078.3851190906616,8,2688.9050060103973,27,1389.4801130802643,34.069369922330196,18.2063487000014,68382,0.75,1,400,0.995,0.01,600,0.5,0.1,10,200,50,False
data202.vrp,sa,random,True,35,4078.3851190906616,8,2706.272916806734,27,1372.1122022839277,33.64351727994391,28.434572300000582,110327,0.75,1,400,0.995,0.01,600,0.3,0.3,10,200,50,False
data202.vrp,sa,random,True,35,4078.3851190906616,6,1094.6776671109094,29,2983.7074519797525,73.1590412590809,150.3046601999995,318441,0.75,1,400,0.99,0.01,1000,0.5,0.1,10,200,50,False
data202.vrp,sa,random,True,35,4078.3851190906616,7,2701.5326982727274,28,1376.8524208179342,33.759745110214716,23.040643100001034,81525,0.75,1,400,0.995,0.01,600,0.5,0.2,10,200,50,False
data202.vrp,sa,random,True,35,4078.3851190906616,7,2696.3783954776027,28,1382.006723613059,33.88612608318849,25.908292599997367,90855,0.75,1,400,0.995,0.01,600,0.5,0.3,10,200,50,False
data202.vrp,sa,random,True,35,4078.3851190906616,6,2500.0952151296315,29,1578.2899039610302,38.69889325981392,35.59246319999875,137069,0.75,1,400,0.995,0.01,700,0.3,0.1,10,200,50,False
data202.vrp,sa,random,True,35,4078.3851190906616,6,1090.2185309272093,29,2988.1665881634526,73.26837708817725,191.54656960000284,324146,0.75,1,400,0.99,0.01,1000,0.3,0.2,10,200,50,False
data202.vrp,sa,random,True,35,4078.3851190906616,8,2615.1164669337577,27,1463.268652156904,35.87862865886393,22.58885790000204,88333,0.75,1,400,0.995,0.01,700,0.3,0.3,10,200,50,False
data202.vrp,sa,random,True,35,4078.3851190906616,8,2669.6691739590005,27,1408.715945131661,34.541023076451296,39.31605340000169,154216,0.75,1,400,0.995,0.01,700,0.3,0.2,10,200,50,False
data202.vrp,sa,random,True,35,4078.3851190906616,6,1079.056795656334,29,2999.3283234343276,73.54205735487466,195.61764250000124,314779,0.75,1,400,0.99,0.01,1000,0.3,0.3,10,200,50,False
data202.vrp,sa,random,True,35,4078.3851190906616,7,2629.5272584673494,28,1448.8578606233123,35.525283128395614,27.531218700001773,100505,0.75,1,400,0.995,0.01,700,0.5,0.1,10,200,50,False
data202.vrp,sa,random,True,35,4078.3851190906616,6,1081.1567070190968,29,2997.228412071565,73.49056855964213,201.50182119999954,312415,0.75,1,400,0.99,0.01,1000,0.5,0.2,10,200,50,False
data202.vrp,sa,random,True,35,4078.3851190906616,7,2701.9859446503574,28,1376.3991744403043,33.74863173164955,25.44710550000309,94370,0.75,1,400,0.995,0.01,800,0.3,0.2,10,200,50,False
data202.vrp,sa,random,True,35,4078.3851190906616,7,2649.990197378652,28,1428.3949217120098,35.02354191676955,34.79363739999826,121363,0.75,1,400,0.995,0.01,700,0.5,0.2,10,200,50,False
data202.vrp,sa,random,True,35,4078.3851190906616,7,2555.6833440964983,28,1522.7017749941633,37.33589963994555,34.5153164000003,115736,0.75,1,400,0.995,0.01,700,0.5,0.3,10,200,50,False
data202.vrp,sa,random,True,35,4078.3851190906616,8,2727.6059411017186,27,1350.779177988943,33.12044200205693,33.204962499999965,137140,0.75,1,400,0.995,0.01,800,0.3,0.1,10,200,50,False
data202.vrp,sa,random,True,35,4078.3851190906616,6,1096.134840165065,29,2982.250278925597,73.12331209149114,200.41447269999844,302500,0.75,1,400,0.99,0.01,1000,0.5,0.3,10,200,50,False
data202.vrp,sa,random,True,35,4078.3851190906616,9,2807.0638052998615,26,1271.3213137908,31.172174198062507,34.46197939999911,131925,0.75,1,400,0.995,0.01,800,0.3,0.3,10,200,50,False
data202.vrp,sa,random,True,35,4078.3851190906616,8,2603.7460531127444,27,1474.6390659779172,36.15742562111718,25.342616800000542,95545,0.75,1,400,0.995,0.01,800,0.5,0.2,10,200,50,False
data202.vrp,sa,random,True,35,4078.3851190906616,7,2692.1547533108164,28,1386.2303657798452,33.98968771465424,19.07390139999916,71556,0.75,1,400,0.995,0.01,900,0.5,0.1,10,200,50,False
data202.vrp,sa,random,True,35,4078.3851190906616,8,2646.760762593675,27,1431.6243564969868,35.10272607154347,19.866441599999234,78328,0.75,1,400,0.995,0.01,900,0.3,0.3,10,200,50,False
data202.vrp,sa,random,True,35,4078.3851190906616,7,2661.2441712202667,28,1417.140947870395,34.74760000562105,31.887609900000825,128526,0.75,1,400,0.995,0.01,900,0.3,0.1,10,200,50,False
data202.vrp,sa,random,True,35,4078.3851190906616,7,2678.3080400011695,28,1400.0770790894921,34.32920232412138,37.47601349999968,130293,0.75,1,400,0.995,0.01,800,0.5,0.3,10,200,50,False
data202.vrp,sa,random,True,35,4078.3851190906616,7,2553.2103528626967,28,1525.174766227965,37.39653617037584,53.4592788000009,196021,0.75,1,400,0.995,0.01,800,0.5,0.1,10,200,50,False
data202.vrp,sa,random,True,35,4078.3851190906616,8,2666.1831754317095,27,1412.2019436589521,34.62649804817413,19.83472559999791,83396,0.75,1,400,0.995,0.01,1000,0.3,0.2,10,200,50,False
data202.vrp,sa,random,True,35,4078.3851190906616,8,2743.1826328306056,27,1335.202486260056,32.73850917143793,34.16628540000238,126930,0.75,1,400,0.995,0.01,900,0.5,0.3,10,200,50,False
data202.vrp,sa,random,True,35,4078.3851190906616,8,2762.501108435462,27,1315.8840106551997,32.26482963797682,16.79765950000001,63972,0.75,1,400,0.995,0.01,1000,0.5,0.1,10,200,50,False
data202.vrp,sa,random,True,35,4078.3851190906616,7,2615.5152333295705,28,1462.8698857610912,35.86885110269479,46.015277499998774,156866,0.75,1,400,0.995,0.01,900,0.5,0.2,10,200,50,False
data202.vrp,sa,random,True,35,4078.3851190906616,8,2751.4488749388383,27,1326.9362441518233,32.53582497495195,19.352792900001077,71645,0.75,1,400,0.995,0.01,1000,0.5,0.2,10,200,50,False
data202.vrp,sa,random,True,35,4078.3851190906616,7,2652.052916801974,28,1426.3322022886878,34.97296504962509,33.795960799998284,129571,0.75,1,400,0.995,0.01,1000,0.3,0.1,10,200,50,False
data202.vrp,sa,random,True,35,4078.3851190906616,7,2597.7364481093023,28,1480.6486709813594,36.30477818415277,56.57780229999844,213111,0.75,1,400,0.995,0.01,900,0.3,0.2,10,200,50,False
data202.vrp,sa,random,True,35,4078.3851190906616,8,2651.858713511907,27,1426.5264055787547,34.977726818913574,12.106796899999608,44900,0.75,1,450,0.985,0.01,500,0.5,0.3,10,200,50,False
data202.vrp,sa,random,True,35,4078.3851190906616,8,2651.4769692557875,27,1426.9081498348742,34.987087000577944,36.22279580000031,128722,0.75,1,400,0.995,0.01,1000,0.5,0.3,10,200,50,False
data202.vrp,sa,random,True,35,4078.3851190906616,7,2581.7296209534984,28,1496.6554981371632,36.69725772417651,61.68855100000292,220804,0.75,1,400,0.995,0.01,1000,0.3,0.3,10,200,50,False
data202.vrp,sa,random,True,35,4078.3851190906616,7,1103.2967504407425,28,2975.088368649919,72.94770556914106,59.415837000000465,114728,0.75,1,450,0.985,0.01,500,0.3,0.1,10,200,50,False
data202.vrp,sa,random,True,35,4078.3851190906616,6,1115.157502758793,29,2963.2276163318684,72.65688574777276,67.05543229999967,111211,0.75,1,450,0.985,0.01,500,0.3,0.2,10,200,50,False
data202.vrp,sa,random,True,35,4078.3851190906616,6,1074.5500641330389,29,3003.8350549576226,73.65256019832118,61.00714710000102,106567,0.75,1,450,0.985,0.01,500,0.5,0.2,10,200,50,False
data202.vrp,sa,random,True,35,4078.3851190906616,6,1107.3951817340474,29,2970.989937356614,72.8472140467951,62.809396199998446,110260,0.75,1,450,0.985,0.01,500,0.5,0.1,10,200,50,False
data202.vrp,sa,random,True,35,4078.3851190906616,7,1103.2387665949705,28,2975.146352495691,72.94912730456034,67.83247050000136,108654,0.75,1,450,0.985,0.01,500,0.3,0.3,10,200,50,False
data202.vrp,sa,random,True,35,4078.3851190906616,9,2713.4387212885144,26,1364.9463978021472,33.46781527357286,15.64706290000322,67855,0.75,1,450,0.985,0.01,700,0.3,0.1,10,200,50,False
data202.vrp,sa,random,True,35,4078.3851190906616,8,2652.123213014068,27,1426.2619060765937,34.971241421030896,13.753863899997668,55578,0.75,1,450,0.985,0.01,700,0.3,0.2,10,200,50,False
data202.vrp,sa,random,True,35,4078.3851190906616,6,1117.0316544496525,29,2961.353464641009,72.61093246881227,70.94874490000075,138028,0.75,1,450,0.985,0.01,600,0.3,0.1,10,200,50,False
data202.vrp,sa,random,True,35,4078.3851190906616,6,1126.0017510759733,29,2952.383368014688,72.39099010524457,67.17921849999766,134428,0.75,1,450,0.985,0.01,600,0.3,0.2,10,200,50,False
data202.vrp,sa,random,True,35,4078.3851190906616,8,2652.002747738842,27,1426.3823713518195,34.97419517041229,16.194539399999485,59219,0.75,1,450,0.985,0.01,700,0.5,0.2,10,200,50,False
data202.vrp,sa,random,True,35,4078.3851190906616,6,1094.6413498799886,29,2983.7437692106732,73.15993173974567,84.95378300000084,130807,0.75,1,450,0.985,0.01,600,0.3,0.3,10,200,50,False
data202.vrp,sa,random,True,35,4078.3851190906616,6,1084.852509372555,29,2993.532609718107,73.39994930114791,84.93556259999968,132362,0.75,1,450,0.985,0.01,600,0.5,0.1,10,200,50,False
data202.vrp,sa,random,True,35,4078.3851190906616,6,1088.5903937722173,29,2989.7947253184443,73.3082982115496,78.2832931999983,124765,0.75,1,450,0.985,0.01,600,0.5,0.3,10,200,50,False
data202.vrp,sa,random,True,35,4078.3851190906616,6,1093.609178991792,29,2984.77594009887,73.18524006296813,89.61696980000124,128309,0.75,1,450,0.985,0.01,600,0.5,0.2,10,200,50,False
data202.vrp,sa,random,True,35,4078.3851190906616,7,1086.3180509453507,28,2992.067068145311,73.36401494159135,80.45075409999845,151942,0.75,1,450,0.985,0.01,700,0.3,0.3,10,200,50,False
data202.vrp,sa,random,True,35,4078.3851190906616,8,2733.4575720306448,27,1344.9275470600169,32.976962885738686,19.920969400001923,71086,0.75,1,450,0.985,0.01,800,0.5,0.3,10,200,50,False
data202.vrp,sa,random,True,35,4078.3851190906616,5,1097.6447202034492,30,2980.7403988872125,73.0862905745354,103.04779260000214,154834,0.75,1,450,0.985,0.01,700,0.5,0.1,10,200,50,False
data202.vrp,sa,random,True,35,4078.3851190906616,6,1065.6697829450784,29,3012.715336145583,73.87030033145359,104.46784060000209,145589,0.75,1,450,0.985,0.01,700,0.5,0.3,10,200,50,False
data202.vrp,sa,random,True,35,4078.3851190906616,5,1122.8547188144025,30,2955.530400276259,72.46815379061701,120.09367890000067,182459,0.75,1,450,0.985,0.01,800,0.3,0.1,10,200,50,False
data202.vrp,sa,random,True,35,4078.3851190906616,7,1106.5466215514045,28,2971.8384975392573,72.86802032569878,104.1183123999981,179286,0.75,1,450,0.985,0.01,800,0.3,0.2,10,200,50,False
data202.vrp,sa,random,True,35,4078.3851190906616,7,1084.3909479688493,28,2993.9941711218125,73.4112665600685,111.32890899999984,173993,0.75,1,450,0.985,0.01,800,0.3,0.3,10,200,50,False
data202.vrp,sa,random,True,35,4078.3851190906616,7,1079.2810176063178,28,2999.104101484344,73.53655954278884,108.53201980000085,175698,0.75,1,450,0.985,0.01,800,0.5,0.1,10,200,50,False
data202.vrp,sa,random,True,35,4078.3851190906616,7,2607.2174930700307,28,1471.167626020631,36.07230761838034,25.46481870000207,87941,0.75,1,450,0.985,0.01,900,0.5,0.1,10,200,50,False
data202.vrp,sa,random,True,35,4078.3851190906616,6,1131.4249177171025,29,2946.9602013735594,72.25801672282066,103.64538979999998,170931,0.75,1,450,0.985,0.01,800,0.5,0.2,10,200,50,False
data202.vrp,sa,random,True,35,4078.3851190906616,7,2592.6714654769853,28,1485.7136536136763,36.428969070604566,27.36798329999874,99446,0.75,1,450,0.985,0.01,1000,0.3,0.2,10,200,50,False
data202.vrp,sa,random,True,35,4078.3851190906616,8,2668.3110523874616,27,1410.0740667032,34.57432355033694,28.13359290000153,107037,0.75,1,450,0.985,0.01,1000,0.3,0.3,10,200,50,False
data202.vrp,sa,random,True,35,4078.3851190906616,6,1081.688343754798,29,2996.6967753358635,73.47753308799888,124.94926449999912,205703,0.75,1,450,0.985,0.01,900,0.3,0.1,10,200,50,False
data202.vrp,sa,random,True,35,4078.3851190906616,7,1077.3114484553093,28,3001.0736706353523,73.5848524110074,125.8379657000005,198687,0.75,1,450,0.985,0.01,900,0.3,0.2,10,200,50,False
data202.vrp,sa,random,True,35,4078.3851190906616,8,2773.493724532464,27,1304.8913945581976,31.995296090359,17.31498410000131,66008,0.75,1,450,0.985,0.01,1000,0.5,0.3,10,200,50,False
data202.vrp,sa,random,True,35,4078.3851190906616,8,2638.0877774605697,27,1440.297341630092,35.31538340722537,12.83128299999953,53234,0.75,1,450,0.99,0.01,500,0.3,0.1,10,200,50,False
data202.vrp,sa,random,True,35,4078.3851190906616,6,1085.7946616867025,29,2992.590457403959,73.37684818914803,126.5896791999985,195068,0.75,1,450,0.985,0.01,900,0.3,0.3,10,200,50,False
data202.vrp,sa,random,True,35,4078.3851190906616,6,1098.8532032734881,29,2979.5319158171733,73.0566591632108,109.48857349999889,192468,0.75,1,450,0.985,0.01,900,0.5,0.2,10,200,50,False
data202.vrp,sa,random,True,35,4078.3851190906616,8,2749.222863293054,27,1329.1622557976075,32.59040568718935,17.902379099999962,66951,0.75,1,450,0.99,0.01,500,0.3,0.3,10,200,50,False
data202.vrp,sa,random,True,35,4078.3851190906616,7,2695.0539082014543,28,1383.3312108892073,33.91860186067083,18.203349600000365,63635,0.75,1,450,0.99,0.01,500,0.5,0.2,10,200,50,False
data202.vrp,sa,random,True,35,4078.3851190906616,7,1104.4482149104804,28,2973.936904180181,72.91947222589086,109.21512490000168,229380,0.75,1,450,0.985,0.01,1000,0.3,0.1,10,200,50,False
data202.vrp,sa,random,True,35,4078.3851190906616,9,2801.0274760800676,26,1277.357643010594,31.320182025757305,12.767461000003095,56030,0.75,1,450,0.99,0.01,600,0.3,0.1,10,200,50,False
data202.vrp,sa,random,True,35,4078.3851190906616,8,2677.856715588526,27,1400.5284035021355,34.340268577049066,16.123930600002495,66724,0.75,1,450,0.99,0.01,600,0.3,0.2,10,200,50,False
data202.vrp,sa,random,True,35,4078.3851190906616,6,1102.379078960122,29,2976.00604013054,72.97020642312675,131.69921229999818,188017,0.75,1,450,0.985,0.01,900,0.5,0.3,10,200,50,False
data202.vrp,sa,random,True,35,4078.3851190906616,8,2717.977288891093,27,1360.4078301995687,33.35653182509876,19.278839499998867,74882,0.75,1,450,0.99,0.01,600,0.3,0.3,10,200,50,False
data202.vrp,sa,random,True,35,4078.3851190906616,9,2727.31313475852,26,1351.0719843321417,33.127621469778795,11.310825000000477,45691,0.75,1,450,0.99,0.01,600,0.5,0.2,10,200,50,False
data202.vrp,sa,random,True,35,4078.3851190906616,8,2732.9498289049766,27,1345.435290185685,32.989412497799385,13.160809699998936,47841,0.75,1,450,0.99,0.01,600,0.5,0.3,10,200,50,False
data202.vrp,sa,random,True,35,4078.3851190906616,7,2573.8077581004127,28,1504.577360990249,36.89149791046995,28.469973800001753,105094,0.75,1,450,0.99,0.01,600,0.5,0.1,10,200,50,False
data202.vrp,sa,random,True,35,4078.3851190906616,6,1107.1168415079724,29,2971.2682775826893,72.85403881243022,81.65306449999844,169362,0.75,1,450,0.99,0.01,500,0.3,0.2,10,200,50,False
data202.vrp,sa,random,True,35,4078.3851190906616,5,1110.2018524301675,30,2968.183266660494,72.77839585983719,129.62256909999996,220591,0.75,1,450,0.985,0.01,1000,0.5,0.1,10,200,50,False
data202.vrp,sa,random,True,35,4078.3851190906616,8,2731.9105848578697,27,1346.474534232792,33.014894251404314,15.641969000000245,67513,0.75,1,450,0.99,0.01,700,0.3,0.1,10,200,50,False
data202.vrp,sa,random,True,35,4078.3851190906616,6,1103.2522390559784,29,2975.1328800346832,72.94879696643348,96.73510230000102,165097,0.75,1,450,0.99,0.01,500,0.5,0.1,10,200,50,False
data202.vrp,sa,random,True,35,4078.3851190906616,8,2763.0977016245915,27,1315.28741746607,32.250201465999204,18.69487080000181,69843,0.75,1,450,0.99,0.01,700,0.3,0.3,10,200,50,False
data202.vrp,sa,random,True,35,4078.3851190906616,8,2665.432347496858,27,1412.9527715938038,34.64490798036364,21.583989799997653,85620,0.75,1,450,0.99,0.01,700,0.3,0.2,10,200,50,False
data202.vrp,sa,random,True,35,4078.3851190906616,6,1107.043818975976,29,2971.3413001146855,72.85582928904937,140.73113739999826,213290,0.75,1,450,0.985,0.01,1000,0.5,0.2,10,200,50,False
data202.vrp,sa,random,True,35,4078.3851190906616,7,2604.8767776155582,28,1473.5083414751034,36.129700811669416,22.06001230000038,72808,0.75,1,450,0.99,0.01,700,0.5,0.3,10,200,50,False
data202.vrp,sa,random,True,35,4078.3851190906616,7,2594.1091125127355,28,1484.2760065779262,36.3937186713958,33.789229400001204,124965,0.75,1,450,0.99,0.01,700,0.5,0.1,10,200,50,False
data202.vrp,sa,random,True,35,4078.3851190906616,8,2746.758025539807,27,1331.6270935508546,32.65084229828107,21.622806399998808,86901,0.75,1,450,0.99,0.01,800,0.3,0.1,10,200,50,False
data202.vrp,sa,random,True,35,4078.3851190906616,8,2731.0262574646363,27,1347.3588616260254,33.036577524744395,16.083436100001563,64906,0.75,1,450,0.99,0.01,800,0.5,0.1,10,200,50,False
data202.vrp,sa,random,True,35,4078.3851190906616,6,1083.8924657042135,29,2994.492653386448,73.42348910036519,104.27986530000271,156581,0.75,1,450,0.99,0.01,500,0.5,0.3,10,200,50,False
data202.vrp,sa,random,True,35,4078.3851190906616,6,2326.219124978362,29,1752.1659941122998,42.96224959017534,54.34448799999882,155367,0.75,1,450,0.99,0.01,700,0.5,0.2,10,200,50,False
data202.vrp,sa,random,True,35,4078.3851190906616,8,2552.4601223961727,27,1525.924996694489,37.414931452935406,41.67797620000056,166530,0.75,1,450,0.99,0.01,800,0.3,0.2,10,200,50,False
data202.vrp,sa,random,True,35,4078.3851190906616,8,2732.4734620478125,27,1345.9116570428491,33.00109277916698,23.460940999997547,97877,0.75,1,450,0.99,0.01,900,0.3,0.1,10,200,50,False
data202.vrp,sa,random,True,35,4078.3851190906616,8,2633.067698360872,27,1445.3174207297898,35.438473281111946,27.649545899999794,105626,0.75,1,450,0.99,0.01,900,0.3,0.3,10,200,50,False
data202.vrp,sa,random,True,35,4078.3851190906616,7,2652.2803667484504,28,1426.1047523422112,34.96738808865071,20.507611600001837,68639,0.75,1,450,0.99,0.01,900,0.5,0.2,10,200,50,False
data202.vrp,sa,random,True,35,4078.3851190906616,7,2399.879588444981,28,1678.5055306456807,41.1561312046943,49.014598300000216,173534,0.75,1,450,0.99,0.01,900,0.3,0.2,10,200,50,False
data202.vrp,sa,random,True,35,4078.3851190906616,6,2613.286756612666,29,1465.0983624779956,35.92349225726534,27.08369550000134,82950,0.75,1,450,0.99,0.01,900,0.5,0.3,10,200,50,False
data202.vrp,sa,random,True,35,4078.3851190906616,8,2668.7643884729814,27,1409.6207306176802,34.563207972178375,23.861146200000803,91743,0.75,1,450,0.99,0.01,1000,0.3,0.1,10,200,50,False
data202.vrp,sa,random,True,35,4078.3851190906616,7,2547.077327776326,28,1531.3077913143356,37.54691493322642,38.394832099998894,137002,0.75,1,450,0.99,0.01,900,0.5,0.1,10,200,50,False
data202.vrp,sa,random,True,35,4078.3851190906616,8,2706.2120752043784,27,1372.1730438862833,33.645009086151,21.699867299998004,80032,0.75,1,450,0.99,0.01,1000,0.5,0.2,10,200,50,False
data202.vrp,sa,random,True,35,4078.3851190906616,8,2754.387065160124,27,1323.9980539305375,32.46378199383346,17.997004100001504,66558,0.75,1,450,0.99,0.01,1000,0.5,0.3,10,200,50,False
data202.vrp,sa,random,True,35,4078.3851190906616,7,2576.7140167188318,28,1501.6711023718299,36.82023787657038,40.771327700000256,155200,0.75,1,450,0.99,0.01,1000,0.3,0.2,10,200,50,False
data202.vrp,sa,random,True,35,4078.3851190906616,8,2634.879463849239,27,1443.5056552414226,35.39404968119525,14.59564120000141,56854,0.75,1,450,0.995,0.01,500,0.3,0.1,10,200,50,False
data202.vrp,sa,random,True,35,4078.3851190906616,8,2623.2457748440056,27,1455.139344246656,35.679302021656596,43.16893510000227,164057,0.75,1,450,0.99,0.01,1000,0.3,0.3,10,200,50,False
data202.vrp,sa,random,True,35,4078.3851190906616,8,2748.1004606018414,27,1330.2846584888202,32.61792644990396,17.49971160000132,72052,0.75,1,450,0.995,0.01,500,0.3,0.2,10,200,50,False
data202.vrp,sa,random,True,35,4078.3851190906616,7,2512.1157570395753,28,1566.2693620510863,38.404155476133894,47.77297810000164,174996,0.75,1,450,0.99,0.01,1000,0.5,0.1,10,200,50,False
data202.vrp,sa,random,True,35,4078.3851190906616,8,2799.55168956612,27,1278.8334295245418,31.356367586239067,10.554836600000272,41320,0.75,1,450,0.995,0.01,500,0.5,0.1,10,200,50,False
data202.vrp,sa,random,True,35,4078.3851190906616,8,2734.5791326415883,27,1343.8059864490733,32.949462770418684,18.737870900000416,76229,0.75,1,450,0.995,0.01,500,0.3,0.3,10,200,50,False
data202.vrp,sa,random,True,35,4078.3851190906616,8,2754.387065160124,27,1323.9980539305375,32.46378199383346,11.302370900000824,42657,0.75,1,450,0.995,0.01,500,0.5,0.3,10,200,50,False
data202.vrp,sa,random,True,35,4078.3851190906616,8,2775.769997320643,27,1302.6151217700185,31.939482999596084,13.957904100003361,52834,0.75,1,450,0.995,0.01,500,0.5,0.2,10,200,50,False
data202.vrp,sa,random,True,35,4078.3851190906616,9,2866.931411385468,26,1211.4537077051937,29.704249901130126,13.44284830000106,57045,0.75,1,450,0.995,0.01,600,0.3,0.3,10,200,50,False
data202.vrp,sa,random,True,35,4078.3851190906616,7,1077.9004218557743,28,3000.4846972348873,73.57041107250537,135.1733564999995,260949,0.75,1,450,0.99,0.01,800,0.3,0.3,10,200,50,False
data202.vrp,sa,random,True,35,4078.3851190906616,8,2722.8258016917084,27,1355.5593173989532,33.237648672599995,13.550283100001252,53048,0.75,1,450,0.995,0.01,600,0.5,0.1,10,200,50,False
data202.vrp,sa,random,True,35,4078.3851190906616,7,2727.914961185856,28,1350.4701579048055,33.112864981370706,21.098781800003053,85555,0.75,1,450,0.995,0.01,600,0.3,0.1,10,200,50,False
data202.vrp,sa,random,True,35,4078.3851190906616,8,2712.5846906559955,27,1365.8004284346662,33.48875568522063,17.625325100001646,65157,0.75,1,450,0.995,0.01,600,0.5,0.2,10,200,50,False
data202.vrp,sa,random,True,35,4078.3851190906616,8,2734.599138045539,27,1343.7859810451228,32.94897224773957,22.679029700000683,88232,0.75,1,450,0.995,0.01,600,0.3,0.2,10,200,50,False
data202.vrp,sa,random,True,35,4078.3851190906616,7,1068.8624869698806,28,3009.522632120781,73.79201679687867,136.90238580000005,257102,0.75,1,450,0.99,0.01,800,0.5,0.2,10,200,50,False
data202.vrp,sa,random,True,35,4078.3851190906616,9,2846.966174325405,26,1231.4189447652566,30.193787707812653,12.169436600001063,46184,0.75,1,450,0.995,0.01,700,0.5,0.3,10,200,50,False
data202.vrp,sa,random,True,35,4078.3851190906616,8,2801.6884367071266,27,1276.696682383535,31.303975595816073,18.292903199999273,71891,0.75,1,450,0.995,0.01,700,0.3,0.3,10,200,50,False
data202.vrp,sa,random,True,35,4078.3851190906616,7,2673.8652976173553,28,1404.5198214733064,34.43813618529644,35.33766359999936,140960,0.75,1,450,0.995,0.01,700,0.3,0.1,10,200,50,False
data202.vrp,sa,random,True,35,4078.3851190906616,8,2594.253221289054,27,1484.1318978016075,36.39018519498025,35.506425699997635,143157,0.75,1,450,0.995,0.01,700,0.3,0.2,10,200,50,False
data202.vrp,sa,random,True,35,4078.3851190906616,7,2646.763874030561,28,1431.6212450601006,35.10264978063922,43.50841979999677,149329,0.75,1,450,0.995,0.01,600,0.5,0.3,10,200,50,False
data202.vrp,sa,random,True,35,4078.3851190906616,7,2641.670850149119,28,1436.7142689415427,35.22752822474696,42.268978199997946,156931,0.75,1,450,0.995,0.01,700,0.5,0.1,10,200,50,False
data202.vrp,sa,random,True,35,4078.3851190906616,8,2693.8175556805145,27,1384.5675634101472,33.94891661724329,31.063184199996613,127738,0.75,1,450,0.995,0.01,800,0.3,0.1,10,200,50,False
data202.vrp,sa,random,True,35,4078.3851190906616,8,2765.428197819176,27,1312.9569212714855,32.19305884394335,32.417266699998436,129093,0.75,1,450,0.995,0.01,800,0.3,0.2,10,200,50,False
data202.vrp,sa,random,True,35,4078.3851190906616,6,1066.061684461611,29,3012.3234346290506,73.86069109875268,175.13618700000006,250467,0.75,1,450,0.99,0.01,800,0.5,0.3,10,200,50,False
data202.vrp,sa,random,True,35,4078.3851190906616,8,2789.4604496642246,27,1288.924669426437,31.603799832268475,18.79914259999714,75372,0.75,1,450,0.995,0.01,800,0.5,0.1,10,200,50,False
data202.vrp,sa,random,True,35,4078.3851190906616,6,2504.8889343495393,29,1573.4961847411223,38.58135361900196,53.677921999998944,167231,0.75,1,450,0.995,0.01,700,0.5,0.2,10,200,50,False
data202.vrp,sa,random,True,35,4078.3851190906616,8,2687.7537997210397,27,1390.631319369622,34.09759693512427,28.187663200002135,108262,0.75,1,450,0.995,0.01,800,0.5,0.2,10,200,50,False
data202.vrp,sa,random,True,35,4078.3851190906616,7,2721.982486071587,28,1356.4026330190745,33.25832635740652,20.588108299998567,76967,0.75,1,450,0.995,0.01,900,0.3,0.3,10,200,50,False
data202.vrp,sa,random,True,35,4078.3851190906616,7,2618.216106223715,28,1460.1690128669466,35.80262702587817,40.260563299998466,150730,0.75,1,450,0.995,0.01,800,0.3,0.3,10,200,50,False
data202.vrp,sa,random,True,35,4078.3851190906616,7,2658.43534612917,28,1419.9497729614918,34.81647101728567,24.325196999998298,91825,0.75,1,450,0.995,0.01,900,0.3,0.2,10,200,50,False
data202.vrp,sa,random,True,35,4078.3851190906616,8,2645.183583055778,27,1433.2015360348837,35.14139773917275,36.792652299998736,135227,0.75,1,450,0.995,0.01,800,0.5,0.3,10,200,50,False
data202.vrp,sa,random,True,35,4078.3851190906616,7,2621.1284219985973,28,1457.2566970920643,35.73121847347712,26.43847090000054,94209,0.75,1,450,0.995,0.01,900,0.5,0.2,10,200,50,False
data202.vrp,sa,random,True,35,4078.3851190906616,8,2775.654993429382,27,1302.7301256612795,31.94230283852505,17.518004000001383,66384,0.75,1,450,0.995,0.01,900,0.5,0.3,10,200,50,False
data202.vrp,sa,random,True,35,4078.3851190906616,8,2627.6260334907693,27,1450.7590855998924,35.571900231024806,21.03310910000073,87631,0.75,1,450,0.995,0.01,1000,0.3,0.1,10,200,50,False
data202.vrp,sa,random,True,35,4078.3851190906616,7,2680.579356823961,28,1397.8057622667006,34.27351075119563,41.38568660000237,154582,0.75,1,450,0.995,0.01,900,0.5,0.1,10,200,50,False
data202.vrp,sa,random,True,35,4078.3851190906616,7,2573.256708627834,28,1505.1284104628276,36.90500937288676,52.136859500002174,210781,0.75,1,450,0.995,0.01,900,0.3,0.1,10,200,50,False
data202.vrp,sa,random,True,35,4078.3851190906616,8,2699.2814262853594,27,1379.1036928053022,33.814945193621014,13.877166400001443,54454,0.75,1,500,0.985,0.01,500,0.3,0.2,10,200,50,False
data202.vrp,sa,random,True,35,4078.3851190906616,9,2818.203200296189,26,1260.1819187944725,30.89904170392445,12.991092699998262,52071,0.75,1,500,0.985,0.01,500,0.3,0.3,10,200,50,False
data202.vrp,sa,random,True,35,4078.3851190906616,7,2675.0451195153078,28,1403.3399995753539,34.40920753183431,34.584277900001325,125007,0.75,1,450,0.995,0.01,1000,0.5,0.1,10,200,50,False
data202.vrp,sa,random,True,35,4078.3851190906616,7,2622.9629370738003,28,1455.4221820168614,35.686237064864784,45.991806999998516,180468,0.75,1,450,0.995,0.01,1000,0.3,0.2,10,200,50,False
data202.vrp,sa,random,True,35,4078.3851190906616,8,2656.2836777094303,27,1422.1014413812313,34.86922887013453,11.999344100000599,48553,0.75,1,500,0.985,0.01,500,0.5,0.1,10,200,50,False
data202.vrp,sa,random,True,35,4078.3851190906616,7,2622.2238370090727,28,1456.161282081589,35.70435943543905,36.39335220000066,127685,0.75,1,450,0.995,0.01,1000,0.5,0.2,10,200,50,False
data202.vrp,sa,random,True,35,4078.3851190906616,7,2670.413006091422,28,1407.9721129992395,34.52278467790134,35.92207419999977,126324,0.75,1,450,0.995,0.01,1000,0.5,0.3,10,200,50,False
data202.vrp,sa,random,True,35,4078.3851190906616,7,2669.3854216782947,28,1408.999697412367,34.54798054300779,48.64827339999829,174271,0.75,1,450,0.995,0.01,1000,0.3,0.3,10,200,50,False
data202.vrp,sa,random,True,35,4078.3851190906616,8,2696.752443471758,27,1381.6326756189037,33.87695461008743,14.380930700001045,57108,0.75,1,500,0.985,0.01,600,0.5,0.2,10,200,50,False
data202.vrp,sa,random,True,35,4078.3851190906616,7,2500.202248181266,28,1578.1828709093957,38.696268861957684,22.61540420000165,79197,0.75,1,500,0.985,0.01,600,0.3,0.3,10,200,50,False
data202.vrp,sa,random,True,35,4078.3851190906616,7,1134.0805205018376,28,2944.304598588824,72.19290264685208,57.575325599998905,117803,0.75,1,500,0.985,0.01,500,0.3,0.1,10,200,50,False
data202.vrp,sa,random,True,35,4078.3851190906616,8,2667.8528560569157,27,1410.532263033746,34.58555829931642,20.116490800002794,75542,0.75,1,500,0.985,0.01,700,0.3,0.2,10,200,50,False
data202.vrp,sa,random,True,35,4078.3851190906616,7,1109.5255406474241,28,2968.8595784432373,72.794978692576,70.99864499999967,111106,0.75,1,500,0.985,0.01,500,0.5,0.2,10,200,50,False
data202.vrp,sa,random,True,35,4078.3851190906616,6,1099.6103696845857,29,2978.774749406076,73.03809381469692,73.55734429999939,107295,0.75,1,500,0.985,0.01,500,0.5,0.3,10,200,50,False
data202.vrp,sa,random,True,35,4078.3851190906616,7,1101.272167869923,28,2977.112951220739,72.99734733939329,74.77893399999812,140672,0.75,1,500,0.985,0.01,600,0.3,0.2,10,200,50,False
data202.vrp,sa,random,True,35,4078.3851190906616,6,1094.6532064021808,29,2983.731912688481,73.15964102364491,82.70114599999943,141291,0.75,1,500,0.985,0.01,600,0.3,0.1,10,200,50,False
data202.vrp,sa,random,True,35,4078.3851190906616,6,1056.058902229521,29,3022.326216861141,74.10595440616494,81.45217590000175,136373,0.75,1,500,0.985,0.01,600,0.5,0.1,10,200,50,False
data202.vrp,sa,random,True,35,4078.3851190906616,7,1101.031156833257,28,2977.3539622574044,73.0032568116385,77.02240099999835,129390,0.75,1,500,0.985,0.01,600,0.5,0.3,10,200,50,False
data202.vrp,sa,random,True,35,4078.3851190906616,9,2739.0318678028943,26,1339.3532512877673,32.84028389124754,12.976123999997071,55629,0.75,1,500,0.985,0.01,800,0.3,0.1,10,200,50,False
data202.vrp,sa,random,True,35,4078.3851190906616,8,2588.5338293934096,27,1489.851289697252,36.530421875152314,24.198922699997638,85894,0.75,1,500,0.985,0.01,700,0.5,0.3,10,200,50,False
data202.vrp,sa,random,True,35,4078.3851190906616,8,2681.7839400451808,27,1396.6011790454809,34.24397496224865,23.046027700002014,90036,0.75,1,500,0.985,0.01,800,0.3,0.2,10,200,50,False
data202.vrp,sa,random,True,35,4078.3851190906616,7,1063.272829515709,28,3015.1122895749527,73.92907245226556,86.79184150000219,164949,0.75,1,500,0.985,0.01,700,0.3,0.1,10,200,50,False
data202.vrp,sa,random,True,35,4078.3851190906616,7,2638.2903580552124,28,1440.0947610354492,35.31041623054324,20.097931000000244,67339,0.75,1,500,0.985,0.01,800,0.5,0.2,10,200,50,False
data202.vrp,sa,random,True,35,4078.3851190906616,8,2704.456801317336,27,1373.9283177733255,33.688047539749356,20.574531399997795,82923,0.75,1,500,0.985,0.01,900,0.3,0.1,10,200,50,False
data202.vrp,sa,random,True,35,4078.3851190906616,8,2707.99071722717,27,1370.3944018634916,33.601397657341444,24.152797599999758,96475,0.75,1,500,0.985,0.01,900,0.3,0.2,10,200,50,False
data202.vrp,sa,random,True,35,4078.3851190906616,6,1098.7805317580671,29,2979.6045873325947,73.05844103307594,96.54391469999973,156174,0.75,1,500,0.985,0.01,700,0.3,0.3,10,200,50,False
data202.vrp,sa,random,True,35,4078.3851190906616,7,1093.7250274144092,28,2984.6600916762527,73.18239951654513,89.06853240000055,154759,0.75,1,500,0.985,0.01,700,0.5,0.2,10,200,50,False
data202.vrp,sa,random,True,35,4078.3851190906616,6,1111.874198820211,29,2966.5109202704507,72.73739074773498,104.7717124999981,158449,0.75,1,500,0.985,0.01,700,0.5,0.1,10,200,50,False
data202.vrp,sa,random,True,35,4078.3851190906616,7,2424.8191172273937,28,1653.566001863268,40.54462620812906,40.268807899999956,133749,0.75,1,500,0.985,0.01,900,0.5,0.2,10,200,50,False
data202.vrp,sa,random,True,35,4078.3851190906616,7,1105.8155093406342,28,2972.5696097500277,72.88594683801729,96.22488259999955,178142,0.75,1,500,0.985,0.01,800,0.3,0.3,10,200,50,False
data202.vrp,sa,random,True,35,4078.3851190906616,6,1095.3825643972527,29,2983.002554693409,73.14175752383372,98.93967419999899,181280,0.75,1,500,0.985,0.01,800,0.5,0.1,10,200,50,False
data202.vrp,sa,random,True,35,4078.3851190906616,8,2704.4302549992135,27,1373.9548640914481,33.68869844243137,27.35979889999726,115515,0.75,1,500,0.985,0.01,1000,0.3,0.1,10,200,50,False
data202.vrp,sa,random,True,35,4078.3851190906616,7,2542.5908955930604,28,1535.7942234976013,37.65692004682555,20.963637999997445,76888,0.75,1,500,0.985,0.01,1000,0.5,0.1,10,200,50,False
data202.vrp,sa,random,True,35,4078.3851190906616,6,1119.5582473369786,29,2958.826871753683,72.5489816521643,121.44357080000191,171775,0.75,1,500,0.985,0.01,800,0.5,0.3,10,200,50,False
data202.vrp,sa,random,True,35,4078.3851190906616,8,2689.066634384351,27,1389.3184847063108,34.065406873985474,15.079317799998535,64900,0.75,1,500,0.99,0.01,500,0.3,0.1,10,200,50,False
data202.vrp,sa,random,True,35,4078.3851190906616,8,2632.3083351443647,27,1446.076783946297,35.457092494215495,35.97198700000081,124525,0.75,1,500,0.985,0.01,1000,0.5,0.3,10,200,50,False
data202.vrp,sa,random,True,35,4078.3851190906616,6,1103.32446684939,29,2975.060652241272,72.9470259764141,120.35053510000216,204983,0.75,1,500,0.985,0.01,900,0.5,0.1,10,200,50,False
data202.vrp,sa,random,True,35,4078.3851190906616,6,1126.4528325188035,29,2951.932286571858,72.37992980981738,138.65599199999997,202689,0.75,1,500,0.985,0.01,900,0.3,0.3,10,200,50,False
data202.vrp,sa,random,True,35,4078.3851190906616,7,2697.4074909446144,28,1380.9776281460472,33.860893167782976,17.457738700002665,66416,0.75,1,500,0.99,0.01,500,0.5,0.1,10,200,50,False
data202.vrp,sa,random,True,35,4078.3851190906616,6,1080.0229159820487,29,2998.362203108613,73.51836855900316,122.19848400000046,193382,0.75,1,500,0.985,0.01,900,0.5,0.3,10,200,50,False
data202.vrp,sa,random,True,35,4078.3851190906616,8,2684.6570827703977,27,1393.728036320264,34.17352691378535,17.916187400001945,77874,0.75,1,500,0.99,0.01,600,0.3,0.1,10,200,50,False
data202.vrp,sa,random,True,35,4078.3851190906616,7,1088.5851676192908,28,2989.799951471371,73.3084263542525,115.57914729999902,230280,0.75,1,500,0.985,0.01,1000,0.3,0.2,10,200,50,False
data202.vrp,sa,random,True,35,4078.3851190906616,8,2732.0594315206977,27,1346.325687569964,33.011244604338586,17.15655920000063,66526,0.75,1,500,0.99,0.01,600,0.3,0.2,10,200,50,False
data202.vrp,sa,random,True,35,4078.3851190906616,6,1060.1251934395216,29,3018.2599256511403,74.00625094287584,128.9587715000016,223273,0.75,1,500,0.985,0.01,1000,0.3,0.3,10,200,50,False
data202.vrp,sa,random,True,35,4078.3851190906616,6,1118.0820879865926,29,2960.3030311040693,72.5851763544124,127.0943847999988,221073,0.75,1,500,0.985,0.01,1000,0.5,0.2,10,200,50,False
data202.vrp,sa,random,True,35,4078.3851190906616,7,2634.7557028243177,28,1443.629416266344,35.39708424074044,24.312626299997646,91796,0.75,1,500,0.99,0.01,600,0.3,0.3,10,200,50,False
data202.vrp,sa,random,True,35,4078.3851190906616,6,1081.407129697064,29,2996.9779893935975,73.48442831857476,91.85596950000036,172189,0.75,1,500,0.99,0.01,500,0.3,0.2,10,200,50,False
data202.vrp,sa,random,True,35,4078.3851190906616,8,2744.8251926361368,27,1333.5599264545249,32.698234411758115,14.744100299998536,53180,0.75,1,500,0.99,0.01,600,0.5,0.3,10,200,50,False
data202.vrp,sa,random,True,35,4078.3851190906616,6,1076.231707441227,29,3002.153411649435,73.6113271303523,93.89192980000007,168496,0.75,1,500,0.99,0.01,500,0.3,0.3,10,200,50,False
data202.vrp,sa,random,True,35,4078.3851190906616,7,2497.082350994314,28,1581.3027680963478,38.772767208628,36.80136349999884,128472,0.75,1,500,0.99,0.01,600,0.5,0.1,10,200,50,False
data202.vrp,sa,random,True,35,4078.3851190906616,7,2570.3118900764016,28,1508.07322901426,36.977214877404904,31.110685499999818,120125,0.75,1,500,0.99,0.01,700,0.3,0.1,10,200,50,False
data202.vrp,sa,random,True,35,4078.3851190906616,8,2645.8019797918064,27,1432.5831392988553,35.12623495493412,29.38621039999998,113044,0.75,1,500,0.99,0.01,700,0.3,0.3,10,200,50,False
data202.vrp,sa,random,True,35,4078.3851190906616,8,2567.642564402614,27,1510.7425546880477,37.04266543187297,35.077746099999786,137694,0.75,1,500,0.99,0.01,700,0.3,0.2,10,200,50,False
data202.vrp,sa,random,True,35,4078.3851190906616,6,1068.257554701103,29,3010.1275643895588,73.80684943899347,106.50711320000119,165467,0.75,1,500,0.99,0.01,500,0.5,0.2,10,200,50,False
data202.vrp,sa,random,True,35,4078.3851190906616,7,1087.2731108339676,28,2991.112008256694,73.3405973422051,96.347858000001,160830,0.75,1,500,0.99,0.01,500,0.5,0.3,10,200,50,False
data202.vrp,sa,random,True,35,4078.3851190906616,7,2578.909837016121,28,1499.4752820745407,36.766397441369435,22.222102099996846,78462,0.75,1,500,0.99,0.01,700,0.5,0.3,10,200,50,False
data202.vrp,sa,random,True,35,4078.3851190906616,8,2631.7721102060914,27,1446.6130088845703,35.470240466332285,16.643628500001796,68915,0.75,1,500,0.99,0.01,800,0.3,0.2,10,200,50,False
data202.vrp,sa,random,True,35,4078.3851190906616,8,2746.2642229093117,27,1332.12089618135,32.66295009624709,26.783296199999313,98098,0.75,1,500,0.99,0.01,800,0.3,0.3,10,200,50,False
data202.vrp,sa,random,True,35,4078.3851190906616,6,1098.0356972870973,29,2980.3494218035644,73.07670400847478,120.07030989999839,200082,0.75,1,500,0.99,0.01,600,0.5,0.2,10,200,50,False
data202.vrp,sa,random,True,35,4078.3851190906616,8,2637.6134865389954,27,1440.7716325516662,35.327012787671904,36.7275249000013,143518,0.75,1,500,0.99,0.01,900,0.3,0.2,10,200,50,False
data202.vrp,sa,random,True,35,4078.3851190906616,6,1059.5695612459901,29,3018.8155578446713,74.01987477135957,126.26282540000102,231107,0.75,1,500,0.99,0.01,700,0.5,0.2,10,200,50,False
data202.vrp,sa,random,True,35,4078.3851190906616,6,1088.9434774907365,29,2989.441641599925,73.2996407721904,147.8482580000018,237688,0.75,1,500,0.99,0.01,700,0.5,0.1,10,200,50,False
data202.vrp,sa,random,True,35,4078.3851190906616,8,2685.5632188764894,27,1392.8219002141723,34.15130890151745,20.85842799999955,80831,0.75,1,500,0.99,0.01,900,0.3,0.3,10,200,50,False
data202.vrp,sa,random,True,35,4078.3851190906616,8,2700.302691640186,27,1378.0824274504757,33.78990426872047,14.303600499999447,54095,0.75,1,500,0.99,0.01,900,0.5,0.3,10,200,50,False
data202.vrp,sa,random,True,35,4078.3851190906616,6,1070.2673523117564,29,3008.117766778905,73.7575701887028,147.08501389999947,293702,0.75,1,500,0.99,0.01,800,0.3,0.1,10,200,50,False
data202.vrp,sa,random,True,35,4078.3851190906616,6,1100.5124616266967,29,2977.872657463965,73.01597496334351,141.65696649999882,266217,0.75,1,500,0.99,0.01,800,0.5,0.2,10,200,50,False
data202.vrp,sa,random,True,35,4078.3851190906616,5,1080.1552976884493,30,2998.229821402212,73.51512262458219,171.4704967999969,272656,0.75,1,500,0.99,0.01,800,0.5,0.1,10,200,50,False
data202.vrp,sa,random,True,35,4078.3851190906616,6,1096.4325874294575,29,2981.9525316612044,73.11601147480835,154.43765970000095,321024,0.75,1,500,0.99,0.01,900,0.3,0.1,10,200,50,False
data202.vrp,sa,random,True,35,4078.3851190906616,5,1101.296558285696,30,2977.0885608049657,72.996749298378,174.94905939999808,258740,0.75,1,500,0.99,0.01,800,0.5,0.3,10,200,50,False
data202.vrp,sa,random,True,35,4078.3851190906616,7,2577.78481293777,28,1500.6003061528918,36.79398247920916,47.72772789999726,180057,0.75,1,500,0.99,0.01,1000,0.3,0.3,10,200,50,False
data202.vrp,sa,random,True,35,4078.3851190906616,7,2504.6394631164217,28,1573.74565597424,38.587470531108906,59.70033940000212,217135,0.75,1,500,0.99,0.01,1000,0.3,0.2,10,200,50,False
data202.vrp,sa,random,True,35,4078.3851190906616,8,2608.577028055991,27,1469.8080910346707,36.03897248826729,20.332703000000038,77445,0.75,1,500,0.99,0.01,1000,0.5,0.2,10,200,50,False
data202.vrp,sa,random,True,35,4078.3851190906616,8,2701.4846027940443,27,1376.9005162966173,33.76092438772968,29.980627199998708,113461,0.75,1,500,0.99,0.01,1000,0.5,0.1,10,200,50,False
data202.vrp,sa,random,True,35,4078.3851190906616,9,2853.6364452349044,26,1224.7486738557573,30.03023594125004,9.474491600001784,44404,0.75,1,500,0.995,0.01,500,0.3,0.1,10,200,50,False
data202.vrp,sa,random,True,35,4078.3851190906616,8,2739.381719362742,27,1339.0033997279197,32.83170570283149,15.517406899998605,61577,0.75,1,500,0.995,0.01,500,0.5,0.2,10,200,50,False
data202.vrp,sa,random,True,35,4078.3851190906616,8,2725.146120736447,27,1353.2389983542148,33.1807555892598,18.16645029999927,67532,0.75,1,500,0.995,0.01,500,0.5,0.1,10,200,50,False
data202.vrp,sa,random,True,35,4078.3851190906616,7,2584.686406736838,28,1493.6987123538238,36.624758789009775,36.79388319999998,129750,0.75,1,500,0.99,0.01,1000,0.5,0.3,10,200,50,False
data202.vrp,sa,random,True,35,4078.3851190906616,7,2608.4198358129793,28,1469.9652832776824,36.042826764860145,20.553071700000146,76499,0.75,1,500,0.995,0.01,500,0.3,0.3,10,200,50,False
data202.vrp,sa,random,True,35,4078.3851190906616,9,2872.9663375352407,26,1205.418781555421,29.556276476023125,12.858070000002044,53241,0.75,1,500,0.995,0.01,600,0.3,0.2,10,200,50,False
data202.vrp,sa,random,True,35,4078.3851190906616,7,2710.9635220800574,28,1367.4215970106043,33.52850594245724,36.34371219999957,140106,0.75,1,500,0.995,0.01,500,0.3,0.2,10,200,50,False
data202.vrp,sa,random,True,35,4078.3851190906616,8,2669.9911910896926,27,1408.393928000969,34.533127374567115,21.030819199997495,77787,0.75,1,500,0.995,0.01,500,0.5,0.3,10,200,50,False
data202.vrp,sa,random,True,35,4078.3851190906616,8,2793.4464986790995,27,1284.9386204115622,31.506063868192488,24.899709400000575,103118,0.75,1,500,0.995,0.01,600,0.3,0.1,10,200,50,False
data202.vrp,sa,random,True,35,4078.3851190906616,8,2743.1960189882457,27,1335.189100102416,32.73818094942728,39.35729859999992,142013,0.75,1,500,0.995,0.01,600,0.3,0.3,10,200,50,False
data202.vrp,sa,random,True,35,4078.3851190906616,8,2739.087411093022,27,1339.2977079976395,32.83892199705398,27.911818399999902,102294,0.75,1,500,0.995,0.01,600,0.5,0.1,10,200,50,False
data202.vrp,sa,random,True,35,4078.3851190906616,7,2684.319213643923,28,1394.0659054467387,34.18181129882033,32.68353980000029,116321,0.75,1,500,0.995,0.01,600,0.5,0.2,10,200,50,False
data202.vrp,sa,random,True,35,4078.3851190906616,8,2673.6505692079577,27,1404.734549882704,34.443401220429884,21.890526999999565,88596,0.75,1,500,0.995,0.01,700,0.3,0.1,10,200,50,False
data202.vrp,sa,random,True,35,4078.3851190906616,8,2712.908581965865,27,1365.4765371247968,33.48081402938354,28.87755180000022,104046,0.75,1,500,0.995,0.01,600,0.5,0.3,10,200,50,False
data202.vrp,sa,random,True,35,4078.3851190906616,5,1086.7244747990326,30,2991.660644291629,73.35404962831625,169.7206342999998,307355,0.75,1,500,0.99,0.01,900,0.5,0.1,10,200,50,False
data202.vrp,sa,random,True,35,4078.3851190906616,7,2659.6845888950247,28,1418.700530195637,34.785840198239,13.998262999997678,53942,0.75,1,500,0.995,0.01,700,0.5,0.1,10,200,50,False
data202.vrp,sa,random,True,35,4078.3851190906616,8,2766.6911493136463,27,1311.6939697770154,32.16209189360414,24.81388909999805,98625,0.75,1,500,0.995,0.01,700,0.3,0.2,10,200,50,False
data202.vrp,sa,random,True,35,4078.3851190906616,8,2724.670384180398,27,1353.7147349102638,33.192420415953634,30.017724299999827,120461,0.75,1,500,0.995,0.01,700,0.3,0.3,10,200,50,False
data202.vrp,sa,random,True,35,4078.3851190906616,8,2672.3669898862945,27,1406.0181292043671,34.4748739549604,24.61302970000179,94287,0.75,1,500,0.995,0.01,700,0.5,0.3,10,200,50,False
data202.vrp,sa,random,True,35,4078.3851190906616,6,1102.5549210679526,29,2975.830198022709,72.96589486100851,181.9132041999983,300384,0.75,1,500,0.99,0.01,900,0.5,0.2,10,200,50,False
data202.vrp,sa,random,True,35,4078.3851190906616,8,2730.542258330807,27,1347.8428607598548,33.048444945787196,34.790313200002856,132373,0.75,1,500,0.995,0.01,700,0.5,0.2,10,200,50,False
data202.vrp,sa,random,True,35,4078.3851190906616,7,2736.8003024068707,28,1341.584816683791,32.89500077871307,25.324477000001934,97304,0.75,1,500,0.995,0.01,800,0.3,0.2,10,200,50,False
data202.vrp,sa,random,True,35,4078.3851190906616,8,2605.3597806754406,27,1473.025338415221,36.11785781387057,47.481114099999104,191190,0.75,1,500,0.995,0.01,800,0.3,0.1,10,200,50,False
data202.vrp,sa,random,True,35,4078.3851190906616,7,2625.8907616022907,28,1452.494357488371,35.614448245442475,35.60874150000018,128554,0.75,1,500,0.995,0.01,800,0.3,0.3,10,200,50,False
data202.vrp,sa,random,True,35,4078.3851190906616,9,2788.7230749363225,26,1289.6620441543391,31.621879898431196,16.603447599998617,68474,0.75,1,500,0.995,0.01,900,0.3,0.2,10,200,50,False
data202.vrp,sa,random,True,35,4078.3851190906616,7,2721.783162256908,28,1356.6019568337538,33.26321367944352,30.8417440000012,110177,0.75,1,500,0.995,0.01,800,0.5,0.2,10,200,50,False
data202.vrp,sa,random,True,35,4078.3851190906616,5,1090.2146991341988,30,2988.170419956463,73.26847104185985,192.41003710000223,356698,0.75,1,500,0.99,0.01,1000,0.3,0.1,10,200,50,False
data202.vrp,sa,random,True,35,4078.3851190906616,7,2612.6134524038266,28,1465.771666686835,35.94000134576921,31.539249100002053,109994,0.75,1,500,0.995,0.01,800,0.5,0.3,10,200,50,False
data202.vrp,sa,random,True,35,4078.3851190906616,7,2635.559989319465,28,1442.8251297711968,35.37736353090894,52.75769059999948,195743,0.75,1,500,0.995,0.01,800,0.5,0.1,10,200,50,False
data202.vrp,sa,random,True,35,4078.3851190906616,8,2718.9485287631555,27,1359.436590327506,33.332717500465314,26.517598300000827,100647,0.75,1,500,0.995,0.01,900,0.5,0.2,10,200,50,False
data202.vrp,sa,random,True,35,4078.3851190906616,8,2750.132161573851,27,1328.2529575168105,32.568110139950804,24.401611400000547,100347,0.75,1,500,0.995,0.01,1000,0.3,0.2,10,200,50,False
data202.vrp,sa,random,True,35,4078.3851190906616,7,2672.3258139201653,28,1406.0593051704964,34.475883569426095,31.632318200001464,110770,0.75,1,500,0.995,0.01,900,0.5,0.3,10,200,50,False
data202.vrp,sa,random,True,35,4078.3851190906616,7,2719.526753346293,28,1358.8583657443687,33.3185397176848,36.74021340000036,151614,0.75,1,500,0.995,0.01,1000,0.3,0.1,10,200,50,False
data202.vrp,sa,random,True,35,4078.3851190906616,7,2628.7292926361406,28,1449.655826454521,35.54484885865178,44.94988739999826,167574,0.75,1,500,0.995,0.01,900,0.3,0.3,10,200,50,False
data202.vrp,sa,random,True,35,4078.3851190906616,6,2539.9823995263528,29,1538.4027195643089,37.72087908920478,65.72641980000117,253541,0.75,1,500,0.995,0.01,900,0.3,0.1,10,200,50,False
data202.vrp,sa,random,True,35,4078.3851190906616,8,2739.524375455451,27,1338.8607436352108,32.82820784550456,28.95643370000107,118483,0.75,1,500,0.995,0.01,1000,0.3,0.3,10,200,50,False
data202.vrp,sa,random,True,35,4078.3851190906616,9,2845.3746433124543,26,1233.0104757782074,30.232811266561455,10.44468820000111,41929,0.75,1,550,0.985,0.01,500,0.3,0.2,10,200,50,False
data202.vrp,sa,random,True,35,4078.3851190906616,7,2654.844976039816,28,1423.5401430508455,34.90450512844764,55.55620970000018,195121,0.75,1,500,0.995,0.01,900,0.5,0.1,10,200,50,False
data202.vrp,sa,random,True,35,4078.3851190906616,7,2647.038909358109,28,1431.3462097325528,35.09590604949278,30.62569590000203,111912,0.75,1,500,0.995,0.01,1000,0.5,0.1,10,200,50,False
data202.vrp,sa,random,True,35,4078.3851190906616,7,2607.9632688579113,28,1470.4218502327503,36.05402156235317,42.64409230000092,147126,0.75,1,500,0.995,0.01,1000,0.5,0.2,10,200,50,False
data202.vrp,sa,random,True,35,4078.3851190906616,9,2744.491935342907,26,1333.8931837477548,32.70640571690706,10.263120499999786,45162,0.75,1,550,0.985,0.01,600,0.3,0.2,10,200,50,False
data202.vrp,sa,random,True,35,4078.3851190906616,7,2608.8652359594516,28,1469.51988313121,36.03190577202925,66.42850550000003,222458,0.75,1,500,0.995,0.01,1000,0.5,0.3,10,200,50,False
data202.vrp,sa,random,True,35,4078.3851190906616,7,1114.4819819415052,28,2963.9031371491565,72.6734491864271,63.96868220000033,121289,0.75,1,550,0.985,0.01,500,0.3,0.1,10,200,50,False
data202.vrp,sa,random,True,35,4078.3851190906616,8,1063.3456343075795,27,3015.039484783082,73.92728731452736,65.00090989999808,114657,0.75,1,550,0.985,0.01,500,0.3,0.3,10,200,50,False
data202.vrp,sa,random,True,35,4078.3851190906616,8,1071.7719498398974,27,3006.6131692507643,73.72067819630371,58.990819499998906,114344,0.75,1,550,0.985,0.01,500,0.5,0.2,10,200,50,False
data202.vrp,sa,random,True,35,4078.3851190906616,6,1104.3853349180697,29,2973.9997841725917,72.92101401242094,63.55846870000096,111007,0.75,1,550,0.985,0.01,500,0.5,0.3,10,200,50,False
data202.vrp,sa,random,True,35,4078.3851190906616,6,1086.5079672041506,29,2991.877151886511,73.35935828820394,76.32590020000134,116547,0.75,1,550,0.985,0.01,500,0.5,0.1,10,200,50,False
data202.vrp,sa,random,True,35,4078.3851190906616,8,2772.4252140198314,27,1305.9599050708302,32.02149544332424,15.565510299999005,62168,0.75,1,550,0.985,0.01,700,0.3,0.1,10,200,50,False
data202.vrp,sa,random,True,35,4078.3851190906616,7,2550.7230573484876,28,1527.662061742174,37.45752343473609,25.158805200000643,83163,0.75,1,550,0.985,0.01,600,0.5,0.2,10,200,50,False
data202.vrp,sa,random,True,35,4078.3851190906616,7,1121.1404208832735,28,2957.244698207388,72.51018753390191,76.73622260000047,144953,0.75,1,550,0.985,0.01,600,0.3,0.1,10,200,50,False
data202.vrp,sa,random,True,35,4078.3851190906616,7,2754.6807194378434,28,1323.7043996528182,32.45658173517361,13.265862299998844,50089,0.75,1,550,0.985,0.01,700,0.3,0.3,10,200,50,False
data202.vrp,sa,random,True,35,4078.3851190906616,8,2718.8311584767603,27,1359.5539606139014,33.3355953622407,16.51303370000096,63796,0.75,1,550,0.985,0.01,700,0.5,0.1,10,200,50,False
data202.vrp,sa,random,True,35,4078.3851190906616,6,1118.059827395471,29,2960.3252916951906,72.58572217317331,84.40680770000108,138460,0.75,1,550,0.985,0.01,600,0.3,0.3,10,200,50,False
data202.vrp,sa,random,True,35,4078.3851190906616,8,2689.783168527422,27,1388.6019505632398,34.04783780872685,24.484074399999372,99010,0.75,1,550,0.985,0.01,800,0.3,0.2,10,200,50,False
data202.vrp,sa,random,True,35,4078.3851190906616,5,1080.675047988193,30,2997.7100711024686,73.50237860251055,74.80355879999843,139859,0.75,1,550,0.985,0.01,600,0.5,0.1,10,200,50,False
data202.vrp,sa,random,True,35,4078.3851190906616,7,2492.373909703836,28,1586.0112093868256,38.88821587649503,34.9954785000009,124948,0.75,1,550,0.985,0.01,800,0.5,0.1,10,200,50,False
data202.vrp,sa,random,True,35,4078.3851190906616,6,1115.2285237349124,29,2963.1565953557492,72.65514434832065,95.30039500000203,132638,0.75,1,550,0.985,0.01,600,0.5,0.3,10,200,50,False
data202.vrp,sa,random,True,35,4078.3851190906616,6,1097.2962272376549,29,2981.0888918530068,73.09483545089253,110.2548592000021,165134,0.75,1,550,0.985,0.01,700,0.3,0.2,10,200,50,False
data202.vrp,sa,random,True,35,4078.3851190906616,6,1085.4578031739306,29,2992.927315916731,73.38510779443139,100.60113129999809,154937,0.75,1,550,0.985,0.01,700,0.5,0.3,10,200,50,False
data202.vrp,sa,random,True,35,4078.3851190906616,5,1068.7274788467605,30,3009.6576402439014,73.79532712974763,105.86764089999997,158298,0.75,1,550,0.985,0.01,700,0.5,0.2,10,200,50,False
data202.vrp,sa,random,True,35,4078.3851190906616,7,1097.1534813159446,28,2981.231637774717,73.09833551078246,96.14951540000038,193141,0.75,1,550,0.985,0.01,800,0.3,0.1,10,200,50,False
data202.vrp,sa,random,True,35,4078.3851190906616,7,2401.8422507484643,28,1676.5428683421974,41.108007688984706,38.58821650000027,123718,0.75,1,550,0.985,0.01,800,0.5,0.3,10,200,50,False
data202.vrp,sa,random,True,35,4078.3851190906616,7,2632.909402885126,28,1445.4757162055357,35.44235460842959,21.877624900000228,78836,0.75,1,550,0.985,0.01,900,0.3,0.2,10,200,50,False
data202.vrp,sa,random,True,35,4078.3851190906616,6,1072.808561743816,29,3005.5765573468457,73.69526098155696,105.28683810000075,185589,0.75,1,550,0.985,0.01,800,0.3,0.3,10,200,50,False
data202.vrp,sa,random,True,35,4078.3851190906616,6,1104.3378575008771,29,2974.0472615897843,72.92217813537171,112.61623820000023,182183,0.75,1,550,0.985,0.01,800,0.5,0.2,10,200,50,False
data202.vrp,sa,random,True,35,4078.3851190906616,8,2734.769033053681,27,1343.6160860369805,32.94480650558475,23.5681697,92942,0.75,1,550,0.985,0.01,1000,0.3,0.2,10,200,50,False
data202.vrp,sa,random,True,35,4078.3851190906616,6,1075.6315988523115,29,3002.75352023835,73.62604149820604,96.66028170000209,218334,0.75,1,550,0.985,0.01,900,0.3,0.1,10,200,50,False
data202.vrp,sa,random,True,35,4078.3851190906616,7,1085.7214555402954,28,2992.6636635503664,73.37864316790235,115.22628479999912,209446,0.75,1,550,0.985,0.01,900,0.5,0.1,10,200,50,False
data202.vrp,sa,random,True,35,4078.3851190906616,6,1098.1509570091712,29,2980.2341620814905,73.07387789669994,119.45072430000073,207269,0.75,1,550,0.985,0.01,900,0.3,0.3,10,200,50,False
data202.vrp,sa,random,True,35,4078.3851190906616,6,1081.6837422628332,29,2996.7013768278284,73.47764591432181,135.40439669999978,205122,0.75,1,550,0.985,0.01,900,0.5,0.2,10,200,50,False
data202.vrp,sa,random,True,35,4078.3851190906616,7,2645.0529579337885,28,1433.332161156873,35.14460060300672,23.434647900001437,76080,0.75,1,550,0.985,0.01,1000,0.5,0.3,10,200,50,False
data202.vrp,sa,random,True,35,4078.3851190906616,6,1087.1075976320983,29,2991.2775214585636,73.34465564462228,127.44545839999773,243070,0.75,1,550,0.985,0.01,1000,0.3,0.1,10,200,50,False
data202.vrp,sa,random,True,35,4078.3851190906616,7,2427.5010820838875,28,1650.8840370067742,40.47886574710885,31.63664229999995,121083,0.75,1,550,0.99,0.01,500,0.3,0.1,10,200,50,False
data202.vrp,sa,random,True,35,4078.3851190906616,6,1089.4072613871479,29,2988.977857703514,73.2882690188403,144.21922020000056,199626,0.75,1,550,0.985,0.01,900,0.5,0.3,10,200,50,False
data202.vrp,sa,random,True,35,4078.3851190906616,9,2676.2678035046692,26,1402.1173155859924,34.37922792094279,21.278388700000505,88453,0.75,1,550,0.99,0.01,500,0.3,0.2,10,200,50,False
data202.vrp,sa,random,True,35,4078.3851190906616,8,2652.805056304586,27,1425.5800627860758,34.95452295843828,23.10628700000234,87628,0.75,1,550,0.99,0.01,500,0.5,0.1,10,200,50,False
data202.vrp,sa,random,True,35,4078.3851190906616,8,2799.7988992749356,27,1278.586219815726,31.350306125597243,15.082296999997197,58303,0.75,1,550,0.99,0.01,500,0.5,0.2,10,200,50,False
data202.vrp,sa,random,True,35,4078.3851190906616,6,1065.6308218986187,29,3012.754297192043,73.87125563717687,119.18437040000208,230555,0.75,1,550,0.985,0.01,1000,0.3,0.3,10,200,50,False
data202.vrp,sa,random,True,35,4078.3851190906616,6,2382.502318107724,29,1695.8828009829376,41.58221333842697,34.061069999999745,115367,0.75,1,550,0.99,0.01,500,0.3,0.3,10,200,50,False
data202.vrp,sa,random,True,35,4078.3851190906616,7,2410.551435082848,28,1667.8336840078136,40.894462766666884,30.031127999998716,96588,0.75,1,550,0.99,0.01,500,0.5,0.3,10,200,50,False
data202.vrp,sa,random,True,35,4078.3851190906616,6,1075.561983974913,29,3002.8231351157488,73.62774842080813,125.98614689999886,232427,0.75,1,550,0.985,0.01,1000,0.5,0.1,10,200,50,False
data202.vrp,sa,random,True,35,4078.3851190906616,7,2639.36690503412,28,1439.0182140565416,35.284019827372084,23.139374000002135,78385,0.75,1,550,0.99,0.01,600,0.3,0.3,10,200,50,False
data202.vrp,sa,random,True,35,4078.3851190906616,8,2720.576146121781,27,1357.8089729688804,33.29280912224456,21.17414579999968,79069,0.75,1,550,0.99,0.01,600,0.5,0.1,10,200,50,False
data202.vrp,sa,random,True,35,4078.3851190906616,7,2533.204114696068,28,1545.1810043945939,37.88707930405345,34.87795650000044,118334,0.75,1,550,0.99,0.01,600,0.3,0.2,10,200,50,False
data202.vrp,sa,random,True,35,4078.3851190906616,7,1066.5285990892298,28,3011.856520001432,73.84924258141103,134.60475909999877,226068,0.75,1,550,0.985,0.01,1000,0.5,0.2,10,200,50,False
data202.vrp,sa,random,True,35,4078.3851190906616,7,2306.2113305484518,28,1772.1737885422099,43.452830882664244,47.43782839999767,169380,0.75,1,550,0.99,0.01,600,0.3,0.1,10,200,50,False
data202.vrp,sa,random,True,35,4078.3851190906616,8,2715.8762220377916,27,1362.50889705287,33.40804895239178,17.746941000001243,70987,0.75,1,550,0.99,0.01,700,0.3,0.3,10,200,50,False
data202.vrp,sa,random,True,35,4078.3851190906616,9,2857.8965149136334,26,1220.4886041770283,29.92578112508303,13.81338340000002,54956,0.75,1,550,0.99,0.01,700,0.5,0.2,10,200,50,False
data202.vrp,sa,random,True,35,4078.3851190906616,7,2586.575826998619,28,1491.8092920920426,36.57843113218951,24.604050500001904,83957,0.75,1,550,0.99,0.01,700,0.5,0.3,10,200,50,False
data202.vrp,sa,random,True,35,4078.3851190906616,8,2761.524820120444,27,1316.8602989702176,32.28876774795196,25.511919200002012,99172,0.75,1,550,0.99,0.01,800,0.3,0.3,10,200,50,False
data202.vrp,sa,random,True,35,4078.3851190906616,6,1105.3852931366278,29,2972.999825954034,72.8964955280366,98.02272770000127,203734,0.75,1,550,0.99,0.01,600,0.5,0.2,10,200,50,False
data202.vrp,sa,random,True,35,4078.3851190906616,8,2742.436960123777,27,1335.9481589668844,32.75679269996832,22.841426799997862,91186,0.75,1,550,0.99,0.01,800,0.5,0.1,10,200,50,False
data202.vrp,sa,random,True,35,4078.3851190906616,6,1082.8675564566815,29,2995.51756263398,73.44861937172516,129.02284969999891,198851,0.75,1,550,0.99,0.01,600,0.5,0.3,10,200,50,False
data202.vrp,sa,random,True,35,4078.3851190906616,8,2657.5697804238166,27,1420.815338666845,34.83769426325382,35.63189209999837,126679,0.75,1,550,0.99,0.01,800,0.5,0.3,10,200,50,False
data202.vrp,sa,random,True,35,4078.3851190906616,6,1075.716622484294,29,3002.6684966063676,73.62395676050961,126.5292692999974,247443,0.75,1,550,0.99,0.01,700,0.3,0.2,10,200,50,False
data202.vrp,sa,random,True,35,4078.3851190906616,6,1087.3110764301005,29,2991.074042660561,73.33966644443493,132.73552520000158,253548,0.75,1,550,0.99,0.01,700,0.3,0.1,10,200,50,False
data202.vrp,sa,random,True,35,4078.3851190906616,7,2706.6924619157103,28,1371.6926571749514,33.633230239933575,20.349347999999736,76746,0.75,1,550,0.99,0.01,900,0.3,0.3,10,200,50,False
data202.vrp,sa,random,True,35,4078.3851190906616,8,2718.371542811511,27,1360.0135762791506,33.34686491260997,18.520713600002637,76086,0.75,1,550,0.99,0.01,900,0.5,0.1,10,200,50,False
data202.vrp,sa,random,True,35,4078.3851190906616,5,1081.2958868738065,30,2997.089232216855,73.48715593796355,141.89683700000023,244390,0.75,1,550,0.99,0.01,700,0.5,0.1,10,200,50,False
data202.vrp,sa,random,True,35,4078.3851190906616,6,1105.6059436975893,29,2972.7791753930724,72.89108528465549,132.82631799999945,284900,0.75,1,550,0.99,0.01,800,0.3,0.2,10,200,50,False
data202.vrp,sa,random,True,35,4078.3851190906616,8,2716.764966980474,27,1361.6201521101875,33.386257362908914,35.76630069999737,146495,0.75,1,550,0.99,0.01,900,0.3,0.2,10,200,50,False
data202.vrp,sa,random,True,35,4078.3851190906616,6,1080.468618031461,29,2997.9165010592005,73.50744016366046,142.6687512999997,291302,0.75,1,550,0.99,0.01,800,0.3,0.1,10,200,50,False
data202.vrp,sa,random,True,35,4078.3851190906616,7,2726.6668063581474,28,1351.7183127325143,33.14346912470837,21.813328999996884,81077,0.75,1,550,0.99,0.01,900,0.5,0.2,10,200,50,False
data202.vrp,sa,random,True,35,4078.3851190906616,8,2676.4821812892487,27,1401.902937801413,34.37397148295766,24.623046300002898,96173,0.75,1,550,0.99,0.01,1000,0.3,0.1,10,200,50,False
data202.vrp,sa,random,True,35,4078.3851190906616,8,2782.252319297705,27,1296.1327997929566,31.780539648544742,22.29081469999801,80493,0.75,1,550,0.99,0.01,1000,0.5,0.2,10,200,50,False
data202.vrp,sa,random,True,35,4078.3851190906616,7,2617.124392720552,28,1461.2607263701098,35.82939530477495,31.547580799997377,116454,0.75,1,550,0.99,0.01,1000,0.3,0.3,10,200,50,False
data202.vrp,sa,random,True,35,4078.3851190906616,7,2766.1746252984126,28,1312.210493792249,32.174756808764215,18.108121400000528,75078,0.75,1,550,0.995,0.01,500,0.3,0.1,10,200,50,False
data202.vrp,sa,random,True,35,4078.3851190906616,7,2656.0762416205007,28,1422.308877470161,34.874315101151765,25.17792240000199,101721,0.75,1,550,0.995,0.01,500,0.3,0.2,10,200,50,False
data202.vrp,sa,random,True,35,4078.3851190906616,7,2568.6082054244407,28,1509.776913666221,37.0189883882974,48.10493309999947,156719,0.75,1,550,0.99,0.01,1000,0.5,0.3,10,200,50,False
data202.vrp,sa,random,True,35,4078.3851190906616,8,2718.1776379722937,27,1360.207481118368,33.35161936403021,17.313668400001916,66199,0.75,1,550,0.995,0.01,500,0.3,0.3,10,200,50,False
data202.vrp,sa,random,True,35,4078.3851190906616,8,2769.6100505249105,27,1308.775068565751,32.09052186953748,13.964222899998276,49762,0.75,1,550,0.995,0.01,500,0.5,0.1,10,200,50,False
data202.vrp,sa,random,True,35,4078.3851190906616,8,2808.8112803023464,27,1269.5738387883152,31.12932696928303,13.686859899997216,49197,0.75,1,550,0.995,0.01,500,0.5,0.2,10,200,50,False
data202.vrp,sa,random,True,35,4078.3851190906616,8,2697.676685205254,27,1380.7084338854074,33.85429265672824,19.935090899998613,72794,0.75,1,550,0.995,0.01,500,0.5,0.3,10,200,50,False
data202.vrp,sa,random,True,35,4078.3851190906616,6,1080.8978243522815,29,2997.48729473838,73.49691623548087,163.50275689999762,274854,0.75,1,550,0.99,0.01,800,0.5,0.2,10,200,50,False
data202.vrp,sa,random,True,35,4078.3851190906616,7,2679.507263888239,28,1398.8778552024228,34.299797943415506,23.657686800001102,98182,0.75,1,550,0.995,0.01,600,0.3,0.1,10,200,50,False
data202.vrp,sa,random,True,35,4078.3851190906616,8,2782.220428869235,27,1296.1646902214266,31.78132158618768,23.455257699999493,93488,0.75,1,550,0.995,0.01,600,0.3,0.2,10,200,50,False
data202.vrp,sa,random,True,35,4078.3851190906616,7,2606.4077278389314,28,1471.9773912517303,36.092162664126484,22.973117300000013,88016,0.75,1,550,0.995,0.01,600,0.3,0.3,10,200,50,False
data202.vrp,sa,random,True,35,4078.3851190906616,7,2747.3344983607367,28,1331.050620729925,32.636707467849504,14.192643000002136,53860,0.75,1,550,0.995,0.01,600,0.5,0.2,10,200,50,False
data202.vrp,sa,random,True,35,4078.3851190906616,7,2710.3487857121477,28,1368.036333378514,33.54357897626742,25.756614699999773,99705,0.75,1,550,0.995,0.01,600,0.5,0.1,10,200,50,False
data202.vrp,sa,random,True,35,4078.3851190906616,7,1078.0586172748058,28,3000.326501815856,73.56653219852922,152.90699310000127,326813,0.75,1,550,0.99,0.01,900,0.3,0.1,10,200,50,False
data202.vrp,sa,random,True,35,4078.3851190906616,8,2737.909023108412,27,1340.4760959822497,32.867815491665226,18.720893700003217,69417,0.75,1,550,0.995,0.01,600,0.5,0.3,10,200,50,False
data202.vrp,sa,random,True,35,4078.3851190906616,8,2724.2138917325533,27,1354.1712273581084,33.20361338656614,14.031681700002082,54747,0.75,1,550,0.995,0.01,700,0.5,0.1,10,200,50,False
data202.vrp,sa,random,True,35,4078.3851190906616,8,2706.7092770780177,27,1371.675842012644,33.63281794041265,16.847800100000313,68276,0.75,1,550,0.995,0.01,700,0.3,0.3,10,200,50,False
data202.vrp,sa,random,True,35,4078.3851190906616,9,2732.62260841471,26,1345.7625106759515,32.99743578350467,20.400934200002666,86670,0.75,1,550,0.995,0.01,700,0.3,0.2,10,200,50,False
data202.vrp,sa,random,True,35,4078.3851190906616,7,2625.997554916171,28,1452.3875641744908,35.61182972583822,31.60109730000113,131848,0.75,1,550,0.995,0.01,700,0.3,0.1,10,200,50,False
data202.vrp,sa,random,True,35,4078.3851190906616,8,2699.808326775954,27,1378.5767923147077,33.802025852381554,18.656874000000244,69504,0.75,1,550,0.995,0.01,700,0.5,0.3,10,200,50,False
data202.vrp,sa,random,True,35,4078.3851190906616,7,2693.337983786945,28,1385.0471353037165,33.960675484529375,28.68207340000299,102646,0.75,1,550,0.995,0.01,700,0.5,0.2,10,200,50,False
data202.vrp,sa,random,True,35,4078.3851190906616,8,2781.353623985168,27,1297.0314951054938,31.802575216209274,18.611796099998173,75658,0.75,1,550,0.995,0.01,800,0.3,0.3,10,200,50,False
data202.vrp,sa,random,True,35,4078.3851190906616,7,2660.224415422864,28,1418.1607036677979,34.772603916914996,34.44155730000057,139387,0.75,1,550,0.995,0.01,800,0.3,0.1,10,200,50,False
data202.vrp,sa,random,True,35,4078.3851190906616,5,1093.3395348168972,30,2985.0455842737647,73.19185160569941,169.48378520000188,354472,0.75,1,550,0.99,0.01,1000,0.3,0.2,10,200,50,False
data202.vrp,sa,random,True,35,4078.3851190906616,7,2618.5194139003424,28,1459.8657051903192,35.79519007061841,35.70405409999876,128866,0.75,1,550,0.995,0.01,800,0.5,0.2,10,200,50,False
data202.vrp,sa,random,True,35,4078.3851190906616,7,2679.3137967347166,28,1399.071322355945,34.30454166299747,39.310185499998624,145968,0.75,1,550,0.995,0.01,800,0.5,0.1,10,200,50,False
data202.vrp,sa,random,True,35,4078.3851190906616,7,2661.1670572027106,28,1417.218061887951,34.749490803456574,34.993422100000316,120170,0.75,1,550,0.995,0.01,800,0.5,0.3,10,200,50,False
data202.vrp,sa,random,True,35,4078.3851190906616,7,2586.2413668060103,28,1492.1437522846513,36.5866319318404,64.64908800000194,246249,0.75,1,550,0.995,0.01,800,0.3,0.2,10,200,50,False
data202.vrp,sa,random,True,35,4078.3851190906616,6,1073.0433935737522,29,3005.3417255169097,73.6895030204258,204.72636070000226,300005,0.75,1,550,0.99,0.01,900,0.5,0.3,10,200,50,False
data202.vrp,sa,random,True,35,4078.3851190906616,8,2720.392229565203,27,1357.9928895254588,33.29731866588028,32.968513700001495,137559,0.75,1,550,0.995,0.01,900,0.3,0.2,10,200,50,False
data202.vrp,sa,random,True,35,4078.3851190906616,8,2781.647979693328,27,1296.7371393973335,31.795357758819524,22.75784279999789,90433,0.75,1,550,0.995,0.01,900,0.5,0.1,10,200,50,False
data202.vrp,sa,random,True,35,4078.3851190906616,8,2791.381268174459,27,1287.0038509162027,31.556702305817552,19.108207299999776,76461,0.75,1,550,0.995,0.01,900,0.5,0.2,10,200,50,False
data202.vrp,sa,random,True,35,4078.3851190906616,7,2691.8035534826245,28,1386.5815656080372,33.998298961947874,33.2154718999991,125273,0.75,1,550,0.995,0.01,900,0.3,0.3,10,200,50,False
data202.vrp,sa,random,True,35,4078.3851190906616,6,1069.25722829847,29,3009.1278907921915,73.78233793338092,216.14630059999763,351813,0.75,1,550,0.99,0.01,1000,0.5,0.1,10,200,50,False
data202.vrp,sa,random,True,35,4078.3851190906616,7,2652.9346921005554,28,1425.4504269901063,34.95134435239241,56.85590990000128,225758,0.75,1,550,0.995,0.01,900,0.3,0.1,10,200,50,False
data202.vrp,sa,random,True,35,4078.3851190906616,8,2744.455501859124,27,1333.9296172315376,32.70729904803492,31.366901999997935,117164,0.75,1,550,0.995,0.01,900,0.5,0.3,10,200,50,False
data202.vrp,sa,random,True,35,4078.3851190906616,8,2786.579526226586,27,1291.8055928640756,31.674438659978815,30.83595289999721,130763,0.75,1,550,0.995,0.01,1000,0.3,0.1,10,200,50,False
data202.vrp,sa,random,True,35,4078.3851190906616,8,2715.9254686570494,27,1362.4596504336123,33.406841449475316,27.260158999997657,112201,0.75,1,550,0.995,0.01,1000,0.3,0.2,10,200,50,False
data202.vrp,sa,random,True,35,4078.3851190906616,8,2752.230780904411,27,1326.1543381862507,32.5166530247133,10.661952000002202,44011,0.75,1,600,0.985,0.01,500,0.3,0.1,10,200,50,False
data202.vrp,sa,random,True,35,4078.3851190906616,9,2860.923529363744,26,1217.4615897269177,29.85156021750024,13.582991800001764,54746,0.75,1,550,0.995,0.01,1000,0.5,0.3,10,200,50,False
data202.vrp,sa,random,True,35,4078.3851190906616,8,2790.1684363518402,27,1288.2166827388214,31.586440346419494,9.582903700000315,38172,0.75,1,600,0.985,0.01,500,0.3,0.3,10,200,50,False
data202.vrp,sa,random,True,35,4078.3851190906616,8,2688.8453135368713,27,1389.5398055537903,34.07083355246278,8.713786499996786,36782,0.75,1,600,0.985,0.01,500,0.5,0.1,10,200,50,False
data202.vrp,sa,random,True,35,4078.3851190906616,8,2688.4183553447688,27,1389.9667637458929,34.0813023576304,30.359238400000322,118886,0.75,1,550,0.995,0.01,1000,0.3,0.3,10,200,50,False
data202.vrp,sa,random,True,35,4078.3851190906616,7,2650.575967026082,28,1427.8091520645798,35.00917913271839,39.32979079999859,142016,0.75,1,550,0.995,0.01,1000,0.5,0.1,10,200,50,False
data202.vrp,sa,random,True,35,4078.3851190906616,8,2651.8547457658974,27,1426.5303733247642,34.97782410609695,20.146776699999464,73108,0.75,1,600,0.985,0.01,600,0.3,0.2,10,200,50,False
data202.vrp,sa,random,True,35,4078.3851190906616,8,2580.7657107634363,27,1497.6194083272253,36.72089232860732,26.408726800000295,92947,0.75,1,600,0.985,0.01,600,0.3,0.3,10,200,50,False
data202.vrp,sa,random,True,35,4078.3851190906616,7,2684.1081254736637,28,1394.276993616998,34.18698707707804,14.649032199999056,53810,0.75,1,600,0.985,0.01,600,0.5,0.1,10,200,50,False
data202.vrp,sa,random,True,35,4078.3851190906616,6,2549.1042558271156,29,1529.280863263546,37.49721565295733,65.18841579999935,218214,0.75,1,550,0.995,0.01,1000,0.5,0.2,10,200,50,False
data202.vrp,sa,random,True,35,4078.3851190906616,6,1111.2571635288923,29,2967.1279555617693,72.752520150018,63.25679189999937,115742,0.75,1,600,0.985,0.01,500,0.5,0.2,10,200,50,False
data202.vrp,sa,random,True,35,4078.3851190906616,6,1122.2225861006834,29,2956.162532989978,72.48365337428211,71.33043059999909,122309,0.75,1,600,0.985,0.01,500,0.3,0.2,10,200,50,False
data202.vrp,sa,random,True,35,4078.3851190906616,7,1081.8084729062348,28,2996.576646184427,73.47458758020773,69.3140170000006,113383,0.75,1,600,0.985,0.01,500,0.5,0.3,10,200,50,False
data202.vrp,sa,random,True,35,4078.3851190906616,8,2638.969600291133,27,1439.4155187995289,35.29376154453184,13.706449699999212,51502,0.75,1,600,0.985,0.01,700,0.5,0.1,10,200,50,False
data202.vrp,sa,random,True,35,4078.3851190906616,6,1123.9323701447738,29,2954.452748945888,72.44173030929036,79.34562709999955,148570,0.75,1,600,0.985,0.01,600,0.3,0.1,10,200,50,False
data202.vrp,sa,random,True,35,4078.3851190906616,8,2775.8965102779803,27,1302.4886088126814,31.936380964019676,15.687266600001749,56715,0.75,1,600,0.985,0.01,700,0.5,0.3,10,200,50,False
data202.vrp,sa,random,True,35,4078.3851190906616,5,1103.945510981077,30,2974.4396081095847,72.93179827933419,82.77762330000041,140215,0.75,1,600,0.985,0.01,600,0.5,0.2,10,200,50,False
data202.vrp,sa,random,True,35,4078.3851190906616,7,1102.9096918925206,28,2975.475427198141,72.95719605463765,74.49990669999897,174154,0.75,1,600,0.985,0.01,700,0.3,0.1,10,200,50,False
data202.vrp,sa,random,True,35,4078.3851190906616,6,1083.3523629574288,29,2995.032756133233,73.43673215444207,104.14733920000072,136309,0.75,1,600,0.985,0.01,600,0.5,0.3,10,200,50,False
data202.vrp,sa,random,True,35,4078.3851190906616,7,1098.7063231135608,28,2979.678795977101,73.06026059259126,87.36439029999747,168821,0.75,1,600,0.985,0.01,700,0.3,0.2,10,200,50,False
data202.vrp,sa,random,True,35,4078.3851190906616,7,1085.0014456609474,28,2993.3836734297142,73.39629745650737,89.1453591999998,165858,0.75,1,600,0.985,0.01,700,0.3,0.3,10,200,50,False
data202.vrp,sa,random,True,35,4078.3851190906616,6,1092.6386107196772,29,2985.7465083709844,73.20903792030072,87.09436909999931,163409,0.75,1,600,0.985,0.01,700,0.5,0.2,10,200,50,False
data202.vrp,sa,random,True,35,4078.3851190906616,7,1091.6667903168418,28,2986.71832877382,73.23286647926359,97.67020589999811,199604,0.75,1,600,0.985,0.01,800,0.3,0.1,10,200,50,False
data202.vrp,sa,random,True,35,4078.3851190906616,6,1084.846926460761,29,2993.5381926299005,73.40008619140302,107.20595890000186,193511,0.75,1,600,0.985,0.01,800,0.3,0.2,10,200,50,False
data202.vrp,sa,random,True,35,4078.3851190906616,6,1103.5396602991118,29,2974.84545879155,72.9417495387203,111.62348009999914,192121,0.75,1,600,0.985,0.01,800,0.5,0.1,10,200,50,False
data202.vrp,sa,random,True,35,4078.3851190906616,6,1084.4831313086263,29,2993.9019877820356,73.40900626985349,128.61360210000203,189143,0.75,1,600,0.985,0.01,800,0.3,0.3,10,200,50,False
data202.vrp,sa,random,True,35,4078.3851190906616,6,1070.7656691127095,29,3007.619449977952,73.74535170549433,109.1723759000015,185175,0.75,1,600,0.985,0.01,800,0.5,0.2,10,200,50,False
data202.vrp,sa,random,True,35,4078.3851190906616,6,1067.0157282397295,29,3011.369390850932,73.8372984138968,103.7612181000004,218359,0.75,1,600,0.985,0.01,900,0.3,0.2,10,200,50,False
data202.vrp,sa,random,True,35,4078.3851190906616,6,1113.6918109899148,29,2964.693308100747,72.69282379006351,115.70734160000211,223197,0.75,1,600,0.985,0.01,900,0.3,0.1,10,200,50,False
data202.vrp,sa,random,True,35,4078.3851190906616,5,1097.5342615579684,30,2980.850857532693,73.08899896627024,132.04113810000126,182207,0.75,1,600,0.985,0.01,800,0.5,0.3,10,200,50,False
data202.vrp,sa,random,True,35,4078.3851190906616,8,2725.052242933311,27,1353.3328761573507,33.183057426884126,16.776043599998957,70827,0.75,1,600,0.985,0.01,1000,0.3,0.2,10,200,50,False
data202.vrp,sa,random,True,35,4078.3851190906616,8,2779.4414740087095,27,1298.9436450819521,31.849460194469607,22.032830100000865,83060,0.75,1,600,0.985,0.01,1000,0.5,0.1,10,200,50,False
data202.vrp,sa,random,True,35,4078.3851190906616,8,2714.0218312796587,27,1364.363287811003,33.45351770298751,28.540296299997863,109768,0.75,1,600,0.985,0.01,1000,0.5,0.2,10,200,50,False
data202.vrp,sa,random,True,35,4078.3851190906616,6,1099.005721240016,29,2979.3793978506455,73.05291949758153,125.7919830000028,213874,0.75,1,600,0.985,0.01,900,0.3,0.3,10,200,50,False
data202.vrp,sa,random,True,35,4078.3851190906616,6,1092.481907608262,29,2985.9032114823995,73.21288020362708,130.59685000000172,214846,0.75,1,600,0.985,0.01,900,0.5,0.1,10,200,50,False
data202.vrp,sa,random,True,35,4078.3851190906616,8,2532.926289811129,27,1545.4588292795324,37.89389143377701,26.226980499999627,104530,0.75,1,600,0.99,0.01,500,0.3,0.3,10,200,50,False
data202.vrp,sa,random,True,35,4078.3851190906616,5,1064.3818084267766,30,3014.003310663885,73.90188083404695,151.28437180000037,210290,0.75,1,600,0.985,0.01,900,0.5,0.2,10,200,50,False
data202.vrp,sa,random,True,35,4078.3851190906616,6,1083.8349736233686,29,2994.550145467293,73.42489877794999,131.84299870000177,248805,0.75,1,600,0.985,0.01,1000,0.3,0.1,10,200,50,False
data202.vrp,sa,random,True,35,4078.3851190906616,8,2793.455342563568,27,1284.9297765270935,31.505847020489036,16.228400899999542,57457,0.75,1,600,0.99,0.01,500,0.5,0.2,10,200,50,False
data202.vrp,sa,random,True,35,4078.3851190906616,7,2764.998803054861,28,1313.3863160358005,32.20358739266487,12.031295699998736,40337,0.75,1,600,0.99,0.01,500,0.5,0.3,10,200,50,False
data202.vrp,sa,random,True,35,4078.3851190906616,6,1111.203026306288,29,2967.1820927843737,72.75384756812649,89.20518860000084,187150,0.75,1,600,0.99,0.01,500,0.3,0.1,10,200,50,False
data202.vrp,sa,random,True,35,4078.3851190906616,5,1084.4554141025146,30,2993.929704988147,73.4096858821339,159.3428049999966,204506,0.75,1,600,0.985,0.01,900,0.5,0.3,10,200,50,False
data202.vrp,sa,random,True,35,4078.3851190906616,6,1072.4443095619604,29,3005.9408095287013,73.70419226615171,141.79093909999938,236427,0.75,1,600,0.985,0.01,1000,0.3,0.3,10,200,50,False
data202.vrp,sa,random,True,35,4078.3851190906616,8,2759.2215589772445,27,1319.1635601134171,32.345242579924495,21.181358800000453,92276,0.75,1,600,0.99,0.01,600,0.3,0.1,10,200,50,False
data202.vrp,sa,random,True,35,4078.3851190906616,6,1101.2194552614665,29,2977.165663829195,72.99863982666255,107.57713549999971,182921,0.75,1,600,0.99,0.01,500,0.3,0.2,10,200,50,False
data202.vrp,sa,random,True,35,4078.3851190906616,8,2662.3874611506326,27,1415.997657940029,34.71956709806129,19.46296579999762,74749,0.75,1,600,0.99,0.01,600,0.3,0.3,10,200,50,False
data202.vrp,sa,random,True,35,4078.3851190906616,7,2639.5137242885658,28,1438.871394802096,35.28041989136412,24.413620100000117,90548,0.75,1,600,0.99,0.01,600,0.5,0.1,10,200,50,False
data202.vrp,sa,random,True,35,4078.3851190906616,7,2701.4302839799966,28,1376.954835110665,33.76225625837116,18.474263000000064,64522,0.75,1,600,0.99,0.01,600,0.5,0.2,10,200,50,False
data202.vrp,sa,random,True,35,4078.3851190906616,8,2762.5025999195354,27,1315.8825191711262,32.26479306751988,20.81905259999985,78423,0.75,1,600,0.99,0.01,600,0.5,0.3,10,200,50,False
data202.vrp,sa,random,True,35,4078.3851190906616,8,2756.083501635337,27,1322.3016174553245,32.42218620467485,17.918392499999754,78061,0.75,1,600,0.99,0.01,700,0.3,0.1,10,200,50,False
data202.vrp,sa,random,True,35,4078.3851190906616,8,2673.471612210523,27,1404.9135068801388,34.447789158111334,21.686402100000123,81877,0.75,1,600,0.99,0.01,700,0.3,0.3,10,200,50,False
data202.vrp,sa,random,True,35,4078.3851190906616,8,2609.0415909311673,27,1469.3435281594943,36.02758163474044,28.881703499999276,114529,0.75,1,600,0.99,0.01,700,0.3,0.2,10,200,50,False
data202.vrp,sa,random,True,35,4078.3851190906616,6,1076.203492353768,29,3002.1816267368936,73.6120189504388,151.00012630000128,226724,0.75,1,600,0.985,0.01,1000,0.5,0.3,10,200,50,False
data202.vrp,sa,random,True,35,4078.3851190906616,9,2851.464436555574,26,1226.9206825350875,30.08349252727384,14.62219720000212,53026,0.75,1,600,0.99,0.01,700,0.5,0.3,10,200,50,False
data202.vrp,sa,random,True,35,4078.3851190906616,6,1091.1896058156563,29,2987.1955132750054,73.24456680886101,92.86825859999954,179942,0.75,1,600,0.99,0.01,500,0.5,0.1,10,200,50,False
data202.vrp,sa,random,True,35,4078.3851190906616,7,2664.0860059690935,28,1414.299113121568,34.677919613361766,24.632015699997282,87975,0.75,1,600,0.99,0.01,700,0.5,0.1,10,200,50,False
data202.vrp,sa,random,True,35,4078.3851190906616,8,2655.128143198417,27,1423.2569758922446,34.89756200879778,25.468848200001958,102776,0.75,1,600,0.99,0.01,800,0.3,0.2,10,200,50,False
data202.vrp,sa,random,True,35,4078.3851190906616,7,2446.5041746950274,28,1631.8809443956343,40.012919249751654,46.081373999997595,154607,0.75,1,600,0.99,0.01,700,0.5,0.2,10,200,50,False
data202.vrp,sa,random,True,35,4078.3851190906616,7,2487.715180260114,28,1590.6699388305478,39.00244563429586,55.56489800000054,182635,0.75,1,600,0.99,0.01,800,0.5,0.3,10,200,50,False
data202.vrp,sa,random,True,35,4078.3851190906616,6,1070.1257666973786,29,3008.259352393283,73.76104179842683,119.48270090000005,217836,0.75,1,600,0.99,0.01,600,0.3,0.2,10,200,50,False
data202.vrp,sa,random,True,35,4078.3851190906616,8,2674.3958810704553,27,1403.9892380202064,34.42512653962525,41.58114370000112,163492,0.75,1,600,0.99,0.01,900,0.3,0.2,10,200,50,False
data202.vrp,sa,random,True,35,4078.3851190906616,8,2733.1799610585845,27,1345.2051580320772,32.98376977042353,26.73286029999872,107094,0.75,1,600,0.99,0.01,900,0.5,0.1,10,200,50,False
data202.vrp,sa,random,True,35,4078.3851190906616,7,2671.456081417161,28,1406.9290376735007,34.49720898322611,30.494754100000137,117088,0.75,1,600,0.99,0.01,900,0.3,0.3,10,200,50,False
data202.vrp,sa,random,True,35,4078.3851190906616,8,2763.943634256881,27,1314.4414848337806,32.229459613339685,16.96545960000003,62156,0.75,1,600,0.99,0.01,900,0.5,0.3,10,200,50,False
data202.vrp,sa,random,True,35,4078.3851190906616,7,2694.287276192441,28,1384.0978428982207,33.93739930099653,37.264084999998886,133724,0.75,1,600,0.99,0.01,900,0.5,0.2,10,200,50,False
data202.vrp,sa,random,True,35,4078.3851190906616,6,1119.2083270689884,29,2959.1767920216735,72.55756152527024,120.88906830000269,295767,0.75,1,600,0.99,0.01,800,0.3,0.1,10,200,50,False
data202.vrp,sa,random,True,35,4078.3851190906616,8,2751.1255528163865,27,1327.2595662742751,32.54375267459312,25.59095399999933,105746,0.75,1,600,0.99,0.01,1000,0.3,0.2,10,200,50,False
data202.vrp,sa,random,True,35,4078.3851190906616,8,2757.3090724751014,27,1321.0760466155602,32.39213580962934,21.140131799998926,84667,0.75,1,600,0.99,0.01,1000,0.5,0.1,10,200,50,False
data202.vrp,sa,random,True,35,4078.3851190906616,6,1090.6560360169929,29,2987.729083073669,73.25764967825866,142.2109347000005,279764,0.75,1,600,0.99,0.01,800,0.5,0.2,10,200,50,False
data202.vrp,sa,random,True,35,4078.3851190906616,6,1090.6013325401927,29,2987.783786550469,73.25899098064188,151.07893790000162,286246,0.75,1,600,0.99,0.01,800,0.5,0.1,10,200,50,False
data202.vrp,sa,random,True,35,4078.3851190906616,7,2528.136138266033,28,1550.2489808246287,38.01134359695487,63.83229070000016,239065,0.75,1,600,0.99,0.01,1000,0.3,0.1,10,200,50,False
data202.vrp,sa,random,True,35,4078.3851190906616,8,2679.5609293017733,27,1398.8241897888884,34.29848209383369,47.43111629999839,184583,0.75,1,600,0.99,0.01,1000,0.3,0.3,10,200,50,False
data202.vrp,sa,random,True,35,4078.3851190906616,6,1062.8084268234052,29,3015.5766922672565,73.94045937818706,162.42417639999985,283327,0.75,1,600,0.99,0.01,800,0.3,0.3,10,200,50,False
data202.vrp,sa,random,True,35,4078.3851190906616,8,2709.853649136525,27,1368.5314699541368,33.555719481912774,14.664903400000185,64073,0.75,1,600,0.995,0.01,500,0.3,0.1,10,200,50,False
data202.vrp,sa,random,True,35,4078.3851190906616,8,2831.7615458948917,27,1246.62357319577,30.566597729096358,15.978090799999336,66383,0.75,1,600,0.995,0.01,500,0.3,0.2,10,200,50,False
data202.vrp,sa,random,True,35,4078.3851190906616,8,2826.164573342355,27,1252.2205457483064,30.703832747102318,10.737763599998289,41059,0.75,1,600,0.995,0.01,500,0.5,0.2,10,200,50,False
data202.vrp,sa,random,True,35,4078.3851190906616,8,2734.9992469967624,27,1343.3858720938993,32.93916177277117,20.699651099999755,83631,0.75,1,600,0.995,0.01,500,0.3,0.3,10,200,50,False
data202.vrp,sa,random,True,35,4078.3851190906616,8,2677.848986984943,27,1400.5361321057185,34.340458078612976,42.172559999999066,149927,0.75,1,600,0.99,0.01,1000,0.5,0.3,10,200,50,False
data202.vrp,sa,random,True,35,4078.3851190906616,7,2677.692403832465,28,1400.6927152581966,34.34429742060511,26.862714000002597,102816,0.75,1,600,0.995,0.01,500,0.5,0.1,10,200,50,False
data202.vrp,sa,random,True,35,4078.3851190906616,8,2796.928681129327,27,1281.4564379613348,31.420682464804973,16.71538050000163,72192,0.75,1,600,0.995,0.01,600,0.3,0.1,10,200,50,False
data202.vrp,sa,random,True,35,4078.3851190906616,7,2662.966271580754,28,1415.4188475099077,34.70537495060047,26.350837599999068,95093,0.75,1,600,0.995,0.01,500,0.5,0.3,10,200,50,False
data202.vrp,sa,random,True,35,4078.3851190906616,6,1049.5282066724287,29,3028.856912418233,74.26608385363967,168.8264240999997,336380,0.75,1,600,0.99,0.01,900,0.3,0.1,10,200,50,False
data202.vrp,sa,random,True,35,4078.3851190906616,8,2789.969399952051,27,1288.4157191386107,31.59132062118456,11.739434300001449,46420,0.75,1,600,0.995,0.01,600,0.5,0.1,10,200,50,False
data202.vrp,sa,random,True,35,4078.3851190906616,8,2769.552700871164,27,1308.8324182194979,32.09192805487977,11.681618599999638,46949,0.75,1,600,0.995,0.01,600,0.5,0.2,10,200,50,False
data202.vrp,sa,random,True,35,4078.3851190906616,8,2720.977680270176,27,1357.4074388204858,33.282963702141515,21.570362900001783,87756,0.75,1,600,0.995,0.01,600,0.3,0.3,10,200,50,False
data202.vrp,sa,random,True,35,4078.3851190906616,8,2716.5822962689135,27,1361.8028228217481,33.39073635903671,17.7564474000028,66704,0.75,1,600,0.995,0.01,600,0.5,0.3,10,200,50,False
data202.vrp,sa,random,True,35,4078.3851190906616,7,2301.4739952986356,28,1776.911123792026,43.568988016222846,73.55186799999865,244744,0.75,1,600,0.99,0.01,1000,0.5,0.2,10,200,50,False
data202.vrp,sa,random,True,35,4078.3851190906616,7,2639.700432029424,28,1438.6846870612376,35.27584190926075,36.94358809999903,138328,0.75,1,600,0.995,0.01,600,0.3,0.2,10,200,50,False
data202.vrp,sa,random,True,35,4078.3851190906616,8,2790.4035558550704,27,1287.9815632355912,31.580675331680457,13.387226899998495,55584,0.75,1,600,0.995,0.01,700,0.5,0.1,10,200,50,False
data202.vrp,sa,random,True,35,4078.3851190906616,8,2768.6753422127426,27,1309.709776877919,32.11344045826498,32.493460500001675,139528,0.75,1,600,0.995,0.01,700,0.3,0.1,10,200,50,False
data202.vrp,sa,random,True,35,4078.3851190906616,8,2682.687022215411,27,1395.6980968752505,34.22183183098811,23.68278979999741,94579,0.75,1,600,0.995,0.01,800,0.3,0.2,10,200,50,False
data202.vrp,sa,random,True,35,4078.3851190906616,7,2698.0258328389423,28,1380.3592862517194,33.8457317282359,41.780038400000194,160685,0.75,1,600,0.995,0.01,700,0.3,0.2,10,200,50,False
data202.vrp,sa,random,True,35,4078.3851190906616,7,2710.2544901950087,28,1368.130628895653,33.54589105603393,33.30146419999801,115607,0.75,1,600,0.995,0.01,700,0.5,0.3,10,200,50,False
data202.vrp,sa,random,True,35,4078.3851190906616,7,2585.3002678160283,28,1493.0848512746334,36.60970721684909,43.87939069999993,159041,0.75,1,600,0.995,0.01,700,0.3,0.3,10,200,50,False
data202.vrp,sa,random,True,35,4078.3851190906616,8,2724.8270120227544,27,1353.5581070679073,33.18857997818763,25.547834900000453,97681,0.75,1,600,0.995,0.01,800,0.5,0.1,10,200,50,False
data202.vrp,sa,random,True,35,4078.3851190906616,7,2705.611825496782,28,1372.7732935938798,33.65972691416549,39.53001510000104,145292,0.75,1,600,0.995,0.01,800,0.3,0.3,10,200,50,False
data202.vrp,sa,random,True,35,4078.3851190906616,7,2557.8457481873097,28,1520.539370903352,37.282878553714895,52.43295779999971,188501,0.75,1,600,0.995,0.01,700,0.5,0.2,10,200,50,False
data202.vrp,sa,random,True,35,4078.3851190906616,8,2750.3534045007304,27,1328.0317145899312,32.562685372048335,19.939761099998577,82943,0.75,1,600,0.995,0.01,900,0.3,0.1,10,200,50,False
data202.vrp,sa,random,True,35,4078.3851190906616,7,2607.20663221329,28,1471.1784868773716,36.07257392125326,29.327029500000208,99763,0.75,1,600,0.995,0.01,800,0.5,0.3,10,200,50,False
data202.vrp,sa,random,True,35,4078.3851190906616,8,2701.2002598637764,27,1377.1848592268852,33.76789633672334,16.823240000001533,66039,0.75,1,600,0.995,0.01,900,0.5,0.2,10,200,50,False
data202.vrp,sa,random,True,35,4078.3851190906616,9,2717.000693765758,26,1361.3844253249035,33.38047745791219,22.130029700001614,93156,0.75,1,600,0.995,0.01,900,0.3,0.3,10,200,50,False
data202.vrp,sa,random,True,35,4078.3851190906616,8,2788.1991710041066,27,1290.185948086555,31.634725765530984,35.019203600000765,142126,0.75,1,600,0.995,0.01,900,0.3,0.2,10,200,50,False
data202.vrp,sa,random,True,35,4078.3851190906616,8,2775.679448241029,27,1302.7056708496325,31.94170321855457,18.003466399997706,68633,0.75,1,600,0.995,0.01,900,0.5,0.3,10,200,50,False
data202.vrp,sa,random,True,35,4078.3851190906616,7,2663.9524962722244,28,1414.4326228184373,34.68119320555501,36.200769399998535,135178,0.75,1,600,0.995,0.01,900,0.5,0.1,10,200,50,False
data202.vrp,sa,random,True,35,4078.3851190906616,6,2501.215187821281,29,1577.1699312693809,38.671432079495105,54.75728170000002,176546,0.75,1,600,0.995,0.01,800,0.5,0.2,10,200,50,False
data202.vrp,sa,random,True,35,4078.3851190906616,8,2736.983302203811,27,1341.4018168868506,32.89051371357339,30.221140900001046,120233,0.75,1,600,0.995,0.01,1000,0.3,0.1,10,200,50,False
data202.vrp,sa,random,True,35,4078.3851190906616,7,2692.719944029058,28,1385.6651750616038,33.97582951583932,27.250410299999203,93046,0.75,1,600,0.995,0.01,1000,0.5,0.1,10,200,50,False
data202.vrp,sa,random,True,35,4078.3851190906616,7,2533.1342316279092,28,1545.2508874627524,37.88879280256126,94.55819859999974,345375,0.75,1,600,0.995,0.01,800,0.3,0.1,10,200,50,False
data202.vrp,sa,random,True,35,4078.3851190906616,8,2748.0732320057223,27,1330.3118870849394,32.61859408170734,34.607930499998474,131754,0.75,1,600,0.995,0.01,1000,0.3,0.3,10,200,50,False
data202.vrp,sa,random,True,35,4078.3851190906616,8,2646.593229091463,27,1431.7918899991987,35.106833910732746,19.50430090000009,75595,0.75,1,1000,0.985,0.01,500,0.3,0.1,10,200,50,False
data202.vrp,sa,random,True,35,4078.3851190906616,7,2603.522645937315,28,1474.8624731533469,36.16290345533111,28.818804399998044,95671,0.75,1,600,0.995,0.01,1000,0.5,0.3,10,200,50,False
data202.vrp,sa,random,True,35,4078.3851190906616,9,2787.4921252699305,26,1290.8929938207311,31.652062179663783,18.53932630000054,75746,0.75,1,1000,0.985,0.01,500,0.3,0.3,10,200,50,False
data202.vrp,sa,random,True,35,4078.3851190906616,9,2855.3158956407137,26,1223.069223449948,29.989056642170414,16.027157199998328,62425,0.75,1,1000,0.985,0.01,500,0.5,0.3,10,200,50,False
data202.vrp,sa,random,True,35,4078.3851190906616,7,2631.541750131784,28,1446.8433689588778,35.47588878221176,59.529329800003325,225797,0.75,1,600,0.995,0.01,1000,0.3,0.2,10,200,50,False
data202.vrp,sa,random,True,35,4078.3851190906616,6,2518.7770293517724,29,1559.6080897388892,38.240824350757435,54.0289352999971,174023,0.75,1,600,0.995,0.01,1000,0.5,0.2,10,200,50,False
data202.vrp,sa,random,True,35,4078.3851190906616,8,2812.1806187909806,27,1266.204500299681,31.046712444409877,16.251899899998534,62002,0.75,1,1000,0.985,0.01,600,0.3,0.3,10,200,50,False
data202.vrp,sa,random,True,35,4078.3851190906616,7,2614.1808003495357,28,1464.204318741126,35.90157074395154,24.108248699998512,88261,0.75,1,1000,0.985,0.01,600,0.3,0.2,10,200,50,False
data202.vrp,sa,random,True,35,4078.3851190906616,6,1092.2094906377272,29,2986.1756284529347,73.21955973394559,77.9035186000001,138531,0.75,1,1000,0.985,0.01,500,0.3,0.2,10,200,50,False
data202.vrp,sa,random,True,35,4078.3851190906616,7,1122.9301115183512,28,2955.4550075723105,72.4663051985457,72.82000450000123,133228,0.75,1,1000,0.985,0.01,500,0.5,0.2,10,200,50,False
data202.vrp,sa,random,True,35,4078.3851190906616,5,1096.4808431074932,30,2981.904275983168,73.11482826928393,75.70327020000332,136827,0.75,1,1000,0.985,0.01,500,0.5,0.1,10,200,50,False
data202.vrp,sa,random,True,35,4078.3851190906616,8,2767.815057491042,27,1310.5700615996197,32.13453421710776,15.821674700000585,65660,0.75,1,1000,0.985,0.01,700,0.3,0.2,10,200,50,False
data202.vrp,sa,random,True,35,4078.3851190906616,6,1102.0606571222852,29,2976.3244619683765,72.97801397019596,78.44058819999918,169173,0.75,1,1000,0.985,0.01,600,0.3,0.1,10,200,50,False
data202.vrp,sa,random,True,35,4078.3851190906616,8,2785.777683304432,27,1292.6074357862299,31.69409945460071,21.567575500001112,82733,0.75,1,1000,0.985,0.01,700,0.5,0.3,10,200,50,False
data202.vrp,sa,random,True,35,4078.3851190906616,6,1066.5811481644066,29,3011.803970926255,73.84795410389745,88.96744860000035,162563,0.75,1,1000,0.985,0.01,600,0.5,0.1,10,200,50,False
data202.vrp,sa,random,True,35,4078.3851190906616,8,2631.6607973823893,27,1446.7243217082723,35.472969802097595,34.17352159999791,127976,0.75,1,1000,0.985,0.01,700,0.5,0.2,10,200,50,False
data202.vrp,sa,random,True,35,4078.3851190906616,6,1074.4992752372327,29,3003.885843853429,73.65380551710112,97.0726313999985,160865,0.75,1,1000,0.985,0.01,600,0.5,0.2,10,200,50,False
data202.vrp,sa,random,True,35,4078.3851190906616,7,2644.649629799787,28,1433.7354892908747,35.15449001075573,17.996521299999586,73699,0.75,1,1000,0.985,0.01,800,0.3,0.1,10,200,50,False
data202.vrp,sa,random,True,35,4078.3851190906616,6,1118.4184490650935,29,2959.9666700255684,72.57692894597307,102.99996619999729,157280,0.75,1,1000,0.985,0.01,600,0.5,0.3,10,200,50,False
data202.vrp,sa,random,True,35,4078.3851190906616,7,1086.9365545671117,28,2991.44856452355,73.34884953656704,104.3710957000003,196076,0.75,1,1000,0.985,0.01,700,0.3,0.1,10,200,50,False
data202.vrp,sa,random,True,35,4078.3851190906616,7,2725.3085712828542,28,1353.0765478078074,33.17677238165033,19.14691170000151,68862,0.75,1,1000,0.985,0.01,800,0.5,0.2,10,200,50,False
data202.vrp,sa,random,True,35,4078.3851190906616,6,1100.4525928568796,29,2977.932526233782,73.01744291617456,97.08121240000037,188777,0.75,1,1000,0.985,0.01,700,0.3,0.3,10,200,50,False
data202.vrp,sa,random,True,35,4078.3851190906616,6,1095.7741084592533,29,2982.611010631408,73.13215705574237,103.12942679999833,190495,0.75,1,1000,0.985,0.01,700,0.5,0.1,10,200,50,False
data202.vrp,sa,random,True,35,4078.3851190906616,8,2721.436857639391,27,1356.9482614512708,33.27170489857571,23.469946100001835,92197,0.75,1,1000,0.985,0.01,900,0.5,0.1,10,200,50,False
data202.vrp,sa,random,True,35,4078.3851190906616,7,2682.304079655225,28,1396.0810394354367,34.23122139447964,27.734790400001657,98027,0.75,1,1000,0.985,0.01,900,0.5,0.2,10,200,50,False
data202.vrp,sa,random,True,35,4078.3851190906616,6,1108.5899659638476,29,2969.795153126814,72.81791852430491,120.98672989999977,221057,0.75,1,1000,0.985,0.01,800,0.3,0.2,10,200,50,False
data202.vrp,sa,random,True,35,4078.3851190906616,6,1102.4412279694627,29,2975.943891121199,72.96868255994254,116.4938519999996,216045,0.75,1,1000,0.985,0.01,800,0.3,0.3,10,200,50,False
data202.vrp,sa,random,True,35,4078.3851190906616,7,1084.7171454536397,28,2993.667973637022,73.40326835795503,118.52436060000036,218086,0.75,1,1000,0.985,0.01,800,0.5,0.1,10,200,50,False
data202.vrp,sa,random,True,35,4078.3851190906616,7,2698.3524277447086,28,1380.032691345953,33.83772378155529,22.62593890000062,78225,0.75,1,1000,0.985,0.01,900,0.5,0.3,10,200,50,False
data202.vrp,sa,random,True,35,4078.3851190906616,8,2785.751936219046,27,1292.6331828716156,31.69473076048855,17.752699600001506,72688,0.75,1,1000,0.985,0.01,1000,0.3,0.2,10,200,50,False
data202.vrp,sa,random,True,35,4078.3851190906616,6,1106.2290022639295,29,2972.156116826732,72.87580819462728,115.0772057000031,252985,0.75,1,1000,0.985,0.01,900,0.3,0.1,10,200,50,False
data202.vrp,sa,random,True,35,4078.3851190906616,6,1070.580498926732,29,3007.80462016393,73.7498919875072,118.6067065999996,248217,0.75,1,1000,0.985,0.01,900,0.3,0.2,10,200,50,False
data202.vrp,sa,random,True,35,4078.3851190906616,8,2738.489234142883,27,1339.8958849477785,32.85358900207366,34.598121200000605,137747,0.75,1,1000,0.985,0.01,1000,0.3,0.3,10,200,50,False
data202.vrp,sa,random,True,35,4078.3851190906616,6,1109.535022684758,29,2968.850096405904,72.79474619767774,111.68579650000174,242701,0.75,1,1000,0.985,0.01,900,0.3,0.3,10,200,50,False
data202.vrp,sa,random,True,35,4078.3851190906616,5,1074.2157548075163,30,3004.169364283145,73.66075729878523,150.24821290000182,209470,0.75,1,1000,0.985,0.01,800,0.5,0.3,10,200,50,False
data202.vrp,sa,random,True,35,4078.3851190906616,7,2611.7746651601747,28,1466.610453930487,35.96056799700883,22.464933700000984,88591,0.75,1,1000,0.99,0.01,500,0.3,0.1,10,200,50,False
data202.vrp,sa,random,True,35,4078.3851190906616,7,2502.4990851288994,28,1575.8860339617622,38.63995154810515,44.370451999999204,153795,0.75,1,1000,0.985,0.01,1000,0.5,0.2,10,200,50,False
data202.vrp,sa,random,True,35,4078.3851190906616,8,2740.0009974539553,27,1338.3841216367064,32.816521308196606,26.188226199999917,100087,0.75,1,1000,0.99,0.01,500,0.3,0.2,10,200,50,False
data202.vrp,sa,random,True,35,4078.3851190906616,8,2789.208293437159,27,1289.1768256535024,31.609982579108276,19.591459700000996,74649,0.75,1,1000,0.99,0.01,500,0.3,0.3,10,200,50,False
data202.vrp,sa,random,True,35,4078.3851190906616,8,2839.0526648765635,27,1239.332454214098,30.387823072736843,14.945747499998106,55890,0.75,1,1000,0.99,0.01,500,0.5,0.2,10,200,50,False
data202.vrp,sa,random,True,35,4078.3851190906616,8,2747.82551322259,27,1330.5596058680717,32.62466802460137,18.514546499998687,67927,0.75,1,1000,0.99,0.01,500,0.5,0.1,10,200,50,False
data202.vrp,sa,random,True,35,4078.3851190906616,8,2781.600934368984,27,1296.7841847216778,31.796511287065886,13.264126099998975,51964,0.75,1,1000,0.99,0.01,500,0.5,0.3,10,200,50,False
data202.vrp,sa,random,True,35,4078.3851190906616,9,2825.6949509374003,26,1252.6901681532613,30.71534765781432,12.145324699999037,53693,0.75,1,1000,0.99,0.01,600,0.3,0.2,10,200,50,False
data202.vrp,sa,random,True,35,4078.3851190906616,9,2850.6296573964273,26,1227.7554616942343,30.103960902249987,16.391802900001494,72962,0.75,1,1000,0.99,0.01,600,0.3,0.1,10,200,50,False
data202.vrp,sa,random,True,35,4078.3851190906616,7,2652.8699209746983,28,1425.5151981159634,34.95293250858575,23.801710399999138,88481,0.75,1,1000,0.99,0.01,600,0.5,0.1,10,200,50,False
data202.vrp,sa,random,True,35,4078.3851190906616,7,2697.367070720732,28,1381.0180483699296,33.861884251819966,19.64607160000014,68138,0.75,1,1000,0.99,0.01,600,0.5,0.3,10,200,50,False
data202.vrp,sa,random,True,35,4078.3851190906616,8,2800.5927043079246,27,1277.792414782737,31.330842416069828,19.26115109999955,83054,0.75,1,1000,0.99,0.01,700,0.3,0.1,10,200,50,False
data202.vrp,sa,random,True,35,4078.3851190906616,7,2630.5606840096243,28,1447.8244350810373,35.49994404167137,35.850730599999224,132886,0.75,1,1000,0.99,0.01,600,0.3,0.3,10,200,50,False
data202.vrp,sa,random,True,35,4078.3851190906616,7,1099.863455913864,28,2978.5216631767976,73.03188826465963,112.4775604000024,283491,0.75,1,1000,0.985,0.01,1000,0.3,0.1,10,200,50,False
data202.vrp,sa,random,True,35,4078.3851190906616,9,2866.6012544100004,26,1211.7838646806613,29.712345188010275,13.925334799998382,58501,0.75,1,1000,0.99,0.01,700,0.3,0.3,10,200,50,False
data202.vrp,sa,random,True,35,4078.3851190906616,7,2461.6219767553316,28,1616.76314233533,39.64223816842025,46.19649909999862,165268,0.75,1,1000,0.99,0.01,600,0.5,0.2,10,200,50,False
data202.vrp,sa,random,True,35,4078.3851190906616,8,2738.9148681717083,27,1339.4702509189533,32.84315266473924,18.59524160000001,73498,0.75,1,1000,0.99,0.01,700,0.5,0.2,10,200,50,False
data202.vrp,sa,random,True,35,4078.3851190906616,7,2664.624929629609,28,1413.7601894610525,34.66470546990109,28.62992579999991,108656,0.75,1,1000,0.99,0.01,700,0.3,0.2,10,200,50,False
data202.vrp,sa,random,True,35,4078.3851190906616,8,2729.965877681155,27,1348.4192414095069,33.0625775162243,30.455359399998997,128125,0.75,1,1000,0.99,0.01,800,0.3,0.1,10,200,50,False
data202.vrp,sa,random,True,35,4078.3851190906616,8,2728.3676547107557,27,1350.017464379906,33.10176515848295,26.018862199998694,98804,0.75,1,1000,0.99,0.01,800,0.5,0.1,10,200,50,False
data202.vrp,sa,random,True,35,4078.3851190906616,7,2668.723435326766,28,1409.6616837638958,34.56421212320923,31.105643599999894,114865,0.75,1,1000,0.99,0.01,800,0.3,0.3,10,200,50,False
data202.vrp,sa,random,True,35,4078.3851190906616,6,1097.4361574390648,29,2980.9489616515966,73.0914044310814,140.48683769999843,271413,0.75,1,1000,0.985,0.01,1000,0.5,0.1,10,200,50,False
data202.vrp,sa,random,True,35,4078.3851190906616,8,2724.8864727799514,27,1353.4986463107102,33.18712202962562,16.36688839999988,61350,0.75,1,1000,0.99,0.01,800,0.5,0.3,10,200,50,False
data202.vrp,sa,random,True,35,4078.3851190906616,8,2808.4181356986464,27,1269.9669833920152,31.138966681870734,27.589063800001895,119132,0.75,1,1000,0.99,0.01,900,0.3,0.1,10,200,50,False
data202.vrp,sa,random,True,35,4078.3851190906616,8,2754.65263580966,27,1323.7324832810018,32.457270331943256,34.83364900000015,141399,0.75,1,1000,0.99,0.01,900,0.3,0.2,10,200,50,False
data202.vrp,sa,random,True,35,4078.3851190906616,5,1081.6453544769022,30,2996.7397646137597,73.47858716397849,169.67837549999967,260666,0.75,1,1000,0.985,0.01,1000,0.5,0.3,10,200,50,False
data202.vrp,sa,random,True,35,4078.3851190906616,7,2524.551697278613,28,1553.8334218120485,38.09923232944954,50.854569600000104,184881,0.75,1,1000,0.99,0.01,800,0.5,0.2,10,200,50,False
data202.vrp,sa,random,True,35,4078.3851190906616,8,2778.1208106958356,27,1300.264308394826,31.881842210250607,20.325602799999615,84083,0.75,1,1000,0.99,0.01,900,0.5,0.1,10,200,50,False
data202.vrp,sa,random,True,35,4078.3851190906616,8,2708.0600334549013,27,1370.3250856357604,33.5996980574825,42.07110939999984,158094,0.75,1,1000,0.99,0.01,900,0.3,0.3,10,200,50,False
data202.vrp,sa,random,True,35,4078.3851190906616,8,2708.9662918006147,27,1369.418827290047,33.577477047959114,21.064165600000706,81352,0.75,1,1000,0.99,0.01,900,0.5,0.2,10,200,50,False
data202.vrp,sa,random,True,35,4078.3851190906616,8,2765.2472033035374,27,1313.1379157871243,32.19749674057041,23.095697600001586,88318,0.75,1,1000,0.99,0.01,900,0.5,0.3,10,200,50,False
data202.vrp,sa,random,True,35,4078.3851190906616,8,2746.484388808348,27,1331.9007302823138,32.657551736538345,25.666296800001874,113992,0.75,1,1000,0.99,0.01,1000,0.3,0.1,10,200,50,False
data202.vrp,sa,random,True,35,4078.3851190906616,6,1075.3292281548547,29,3003.055890935807,73.63345547919673,123.62359380000271,285452,0.75,1,1000,0.99,0.01,700,0.5,0.1,10,200,50,False
data202.vrp,sa,random,True,35,4078.3851190906616,8,2802.3167733091736,27,1276.068345781488,31.288569090944677,30.423276999998052,117549,0.75,1,1000,0.99,0.01,1000,0.3,0.3,10,200,50,False
data202.vrp,sa,random,True,35,4078.3851190906616,8,2730.500050452784,27,1347.8850686378778,33.049479862225695,19.406522000001132,80279,0.75,1,1000,0.995,0.01,500,0.3,0.1,10,200,50,False
data202.vrp,sa,random,True,35,4078.3851190906616,8,2601.8891819485325,27,1476.4959371421292,36.2029551900517,29.64237189999767,106918,0.75,1,1000,0.99,0.01,1000,0.5,0.2,10,200,50,False
data202.vrp,sa,random,True,35,4078.3851190906616,6,1115.7364689324536,29,2962.648650158208,72.64268978155688,137.87666620000164,274174,0.75,1,1000,0.99,0.01,700,0.5,0.3,10,200,50,False
data202.vrp,sa,random,True,35,4078.3851190906616,7,2644.9387870440214,28,1433.4463320466402,35.147400017148186,53.369708099999116,199306,0.75,1,1000,0.99,0.01,1000,0.3,0.2,10,200,50,False
data202.vrp,sa,random,True,35,4078.3851190906616,6,1152.6286835805702,29,2925.7564355100913,71.73811079818852,135.67693829999916,330098,0.75,1,1000,0.99,0.01,800,0.3,0.2,10,200,50,False
data202.vrp,sa,random,True,35,4078.3851190906616,8,2824.403638438873,27,1253.9814806517888,30.747010006043354,18.191425499997422,72461,0.75,1,1000,0.995,0.01,500,0.3,0.2,10,200,50,False
data202.vrp,sa,random,True,35,4078.3851190906616,8,2779.1588582747854,27,1299.2262608158762,31.856389793457236,39.49617129999751,141515,0.75,1,1000,0.99,0.01,1000,0.5,0.3,10,200,50,False
data202.vrp,sa,random,True,35,4078.3851190906616,8,2768.2922202038135,27,1310.0928988868482,32.122834421751556,13.51325050000014,55178,0.75,1,1000,0.995,0.01,500,0.5,0.2,10,200,50,False
data202.vrp,sa,random,True,35,4078.3851190906616,8,2774.735416031002,27,1303.6497030596597,31.964850424678097,18.14923920000001,73350,0.75,1,1000,0.995,0.01,500,0.5,0.1,10,200,50,False
data202.vrp,sa,random,True,35,4078.3851190906616,7,2667.3878365997366,28,1410.997282490925,34.596960348009716,50.2132139000023,187207,0.75,1,1000,0.99,0.01,1000,0.5,0.1,10,200,50,False
data202.vrp,sa,random,True,35,4078.3851190906616,8,2802.3167733091736,27,1276.068345781488,31.288569090944677,22.384856299999228,92776,0.75,1,1000,0.995,0.01,500,0.3,0.3,10,200,50,False
data202.vrp,sa,random,True,35,4078.3851190906616,8,2856.919787235711,27,1221.4653318549508,29.9497300080208,12.541186900001776,50329,0.75,1,1000,0.995,0.01,500,0.5,0.3,10,200,50,False
data202.vrp,sa,random,True,35,4078.3851190906616,8,2783.7513766697166,27,1294.633742420945,31.743783498052863,20.02347490000102,87509,0.75,1,1000,0.995,0.01,600,0.3,0.1,10,200,50,False
data202.vrp,sa,random,True,35,4078.3851190906616,8,2740.213178904942,27,1338.1719401857194,32.81131872323243,17.425370200002362,69118,0.75,1,1000,0.995,0.01,600,0.5,0.3,10,200,50,False
data202.vrp,sa,random,True,35,4078.3851190906616,8,2725.811047889948,27,1352.5740712007137,33.16445190203839,18.821678799999063,73956,0.75,1,1000,0.995,0.01,600,0.5,0.1,10,200,50,False
data202.vrp,sa,random,True,35,4078.3851190906616,9,2869.5707143101813,26,1208.8144047804803,29.639535489723542,15.522102299997641,71895,0.75,1,1000,0.995,0.01,700,0.3,0.1,10,200,50,False
data202.vrp,sa,random,True,35,4078.3851190906616,7,2680.2619201669563,28,1398.1231989237053,34.28129414211472,34.600642999997945,133057,0.75,1,1000,0.995,0.01,600,0.3,0.3,10,200,50,False
data202.vrp,sa,random,True,35,4078.3851190906616,8,2727.128990079733,27,1351.2561290109288,33.13213660685904,31.759865200001514,118998,0.75,1,1000,0.995,0.01,600,0.5,0.2,10,200,50,False
data202.vrp,sa,random,True,35,4078.3851190906616,8,2750.1558593624964,27,1328.2292597281653,32.567529081812516,28.466762799998833,115066,0.75,1,1000,0.995,0.01,700,0.3,0.2,10,200,50,False
data202.vrp,sa,random,True,35,4078.3851190906616,8,2787.5855535838136,27,1290.799565506848,31.649771363295173,40.14924679999967,157977,0.75,1,1000,0.995,0.01,600,0.3,0.2,10,200,50,False
data202.vrp,sa,random,True,35,4078.3851190906616,8,2737.550079971699,27,1340.8350391189629,32.87661660108064,19.604839999999967,71827,0.75,1,1000,0.995,0.01,700,0.5,0.1,10,200,50,False
data202.vrp,sa,random,True,35,4078.3851190906616,7,2722.2164170983847,28,1356.168701992277,33.25259048352588,29.83047489999808,103937,0.75,1,1000,0.995,0.01,700,0.5,0.3,10,200,50,False
data202.vrp,sa,random,True,35,4078.3851190906616,7,2639.580102915944,28,1438.8050161747178,35.278792320023015,42.67939359999946,157147,0.75,1,1000,0.995,0.01,700,0.3,0.3,10,200,50,False
data202.vrp,sa,random,True,35,4078.3851190906616,7,2779.459009247206,28,1298.9261098434558,31.8490302390342,19.653822099997342,68667,0.75,1,1000,0.995,0.01,800,0.5,0.2,10,200,50,False
data202.vrp,sa,random,True,35,4078.3851190906616,7,2650.10424800371,28,1428.2808710869517,35.02074545145969,29.61542289999852,117563,0.75,1,1000,0.995,0.01,800,0.3,0.1,10,200,50,False
data202.vrp,sa,random,True,35,4078.3851190906616,8,2718.4316506965506,27,1359.953468394111,33.34539109679111,30.438442000002397,114252,0.75,1,1000,0.995,0.01,800,0.5,0.1,10,200,50,False
data202.vrp,sa,random,True,35,4078.3851190906616,7,2665.7594019857816,28,1412.62571710488,34.63688876492974,47.29244599999947,168672,0.75,1,1000,0.995,0.01,700,0.5,0.2,10,200,50,False
data202.vrp,sa,random,True,35,4078.3851190906616,8,2772.773284638153,27,1305.6118344525084,32.01296092271969,34.800931100002344,135421,0.75,1,1000,0.995,0.01,800,0.3,0.2,10,200,50,False
data202.vrp,sa,random,True,35,4078.3851190906616,8,2706.438671138694,27,1371.9464479519675,33.63945306513535,41.55078589999903,161809,0.75,1,1000,0.995,0.01,800,0.3,0.3,10,200,50,False
data202.vrp,sa,random,True,35,4078.3851190906616,8,2780.748385966345,27,1297.6367331243168,31.817415355165007,15.752678099997866,63976,0.75,1,1000,0.995,0.01,900,0.3,0.3,10,200,50,False
data202.vrp,sa,random,True,35,4078.3851190906616,8,2774.377025389251,27,1304.0080937014109,31.973637987188404,25.509191599998303,112819,0.75,1,1000,0.995,0.01,900,0.3,0.1,10,200,50,False
data202.vrp,sa,random,True,35,4078.3851190906616,8,2820.0763488450343,27,1258.3087702456273,30.85311302151344,19.717568299998675,76363,0.75,1,1000,0.995,0.01,900,0.5,0.3,10,200,50,False
data202.vrp,sa,random,True,35,4078.3851190906616,8,2620.0170632148074,27,1458.3680558758542,35.758468445005995,22.09580569999889,87075,0.75,1,1000,0.995,0.01,900,0.5,0.1,10,200,50,False
data202.vrp,sa,random,True,35,4078.3851190906616,7,2729.0255739676472,28,1349.3595451230144,33.085633301444446,30.724898999997095,122526,0.75,1,1000,0.995,0.01,900,0.3,0.2,10,200,50,False
data202.vrp,sa,random,True,35,4078.3851190906616,8,2674.4983228730425,27,1403.8867962176191,34.422614716940636,28.707874700001412,112536,0.75,1,1000,0.995,0.01,1000,0.3,0.2,10,200,50,False
data202.vrp,sa,random,True,35,4078.3851190906616,8,2728.82188057819,27,1349.5632385124718,33.090627763308866,20.31551169999875,75049,0.75,1,1000,0.995,0.01,1000,0.5,0.1,10,200,50,False
data202.vrp,sa,random,True,35,4078.3851190906616,8,2709.4676257875817,27,1368.91749330308,33.565184584831485,37.2131272000006,150834,0.75,1,1000,0.995,0.01,1000,0.3,0.1,10,200,50,False
data202.vrp,sa,random,True,35,4078.3851190906616,7,2657.9519653044013,28,1420.4331537862604,34.82832327769399,64.97794559999966,233933,0.75,1,1000,0.995,0.01,800,0.5,0.3,10,200,50,False
data202.vrp,sa,random,True,35,4078.3851190906616,8,2727.51781783516,27,1350.8673012555018,33.12260274127075,38.082227399998374,145794,0.75,1,1000,0.995,0.01,1000,0.3,0.3,10,200,50,False
data202.vrp,sa,random,True,35,4078.3851190906616,7,2687.852515824486,28,1390.5326032661756,34.0951764647527,64.04306480000014,237751,0.75,1,1000,0.995,0.01,900,0.5,0.2,10,200,50,False
data202.vrp,sa,random,True,35,4078.3851190906616,7,2697.5500021043,28,1380.8351169863618,33.85739886414258,60.19853100000182,214867,0.75,1,1000,0.995,0.01,1000,0.5,0.2,10,200,50,False
data202.vrp,sa,random,True,35,4078.3851190906616,7,2653.642775752784,28,1424.7423433378776,34.93398248901873,73.38022850000198,248420,0.75,1,1000,0.995,0.01,1000,0.5,0.3,10,200,50,False
data202.vrp,sa,greedy,True,14,1766.8932985021545,7,1075.0626763558587,7,691.8306221462958,39.155200980884366,43.3794671,34383,0.75,1,90,0.95,0.001,1000,0.6,0.1,10,200,50,False
data202.vrp,sa,greedy,True,14,1766.8932985021545,7,1083.1893273468354,7,683.7039711553191,38.69526087030351,43.47018680000002,32787,0.75,1,90,0.95,0.001,1000,0.7,0.1,10,200,50,False
data202.vrp,sa,greedy,True,14,1766.8932985021545,6,1119.3161526546694,8,647.5771458474851,36.65060852267958,50.130378699999994,31825,0.75,1,90,0.95,0.001,1000,0.8,0.1,10,200,50,False
data202.vrp,sa,greedy,True,14,1766.8932985021545,6,1092.7814991193543,8,674.1117993828002,38.15237739337536,63.6421694,50189,0.75,1,90,0.95,0.001,1500,0.7,0.1,10,200,50,False
data202.vrp,sa,greedy,True,14,1766.8932985021545,6,1103.8239433010494,8,663.069355201105,37.52741355480875,77.78237509999997,52207,0.75,1,90,0.95,0.001,1500,0.6,0.1,10,200,50,False
data202.vrp,sa,greedy,True,14,1766.8932985021545,6,1146.2842613511375,8,620.609037151017,35.124307601207434,66.31810129999997,47951,0.75,1,90,0.95,0.001,1500,0.8,0.1,10,200,50,False
data202.vrp,sa,greedy,True,14,1766.8932985021545,7,1116.6095326955383,7,650.2837658066162,36.80379377508988,47.84678440000005,42983,0.75,1,90,0.96,0.001,1000,0.6,0.1,10,200,50,False
data202.vrp,sa,greedy,True,14,1766.8932985021545,6,1114.3601128583293,8,652.5331856438252,36.931103094736734,83.20597199999997,68018,0.75,1,90,0.95,0.001,2000,0.6,0.1,10,200,50,False
data202.vrp,sa,greedy,True,14,1766.8932985021545,6,1083.3007517868562,8,683.5925467152983,38.688954635506235,86.76556359999995,65876,0.75,1,90,0.95,0.001,2000,0.7,0.1,10,200,50,False
data202.vrp,sa,greedy,True,14,1766.8932985021545,6,1095.033374317586,8,671.8599241845684,38.024929108855815,52.67153780000001,39586,0.75,1,90,0.96,0.001,1000,0.8,0.1,10,200,50,False
data202.vrp,sa,greedy,True,14,1766.8932985021545,6,1105.0395837016808,8,661.8537148004737,37.458612546753436,56.06828250000001,41544,0.75,1,90,0.96,0.001,1000,0.7,0.1,10,200,50,False
data202.vrp,sa,greedy,True,14,1766.8932985021545,6,1088.1743998290117,8,678.7188986731428,38.41312314945742,88.24573199999998,63408,0.75,1,90,0.95,0.001,2000,0.8,0.1,10,200,50,False
data202.vrp,sa,greedy,True,14,1766.8932985021545,6,1099.4560378364865,8,667.437260665668,37.774621774358046,76.95345399999997,64569,0.75,1,90,0.96,0.001,1500,0.6,0.1,10,200,50,False
data202.vrp,sa,greedy,True,14,1766.8932985021545,7,1136.37925541705,7,630.5140430851045,35.68489640090939,38.1907048999999,36303,0.75,1,100,0.95,0.001,1000,0.6,0.1,10,200,50,False
data202.vrp,sa,greedy,True,14,1766.8932985021545,6,1113.6616621200446,8,653.2316363821099,36.97063297120844,81.3215606,62733,0.75,1,90,0.96,0.001,1500,0.7,0.1,10,200,50,False
data202.vrp,sa,greedy,True,14,1766.8932985021545,5,1097.1385028736283,9,669.7547956285262,37.905786172617006,45.8381885,34695,0.75,1,100,0.95,0.001,1000,0.7,0.1,10,200,50,False
data202.vrp,sa,greedy,True,14,1766.8932985021545,7,1097.2002697164958,7,669.6930287856587,37.902290384675545,66.93023619999997,58803,0.75,1,90,0.96,0.001,1500,0.8,0.1,10,200,50,False
data202.vrp,sa,greedy,True,14,1766.8932985021545,7,1101.5522410813455,7,665.341057420809,37.655983979611975,43.9203033,33358,0.75,1,100,0.95,0.001,1000,0.8,0.1,10,200,50,False
data202.vrp,sa,greedy,True,14,1766.8932985021545,7,1132.7176585034642,7,634.1756399986903,35.89213001918672,89.14508820000003,86137,0.75,1,90,0.96,0.001,2000,0.6,0.1,10,200,50,False
data202.vrp,sa,greedy,True,14,1766.8932985021545,6,1080.137639967589,8,686.7556585345656,38.867975735532404,89.89752180000005,82447,0.75,1,90,0.96,0.001,2000,0.7,0.1,10,200,50,False
data202.vrp,sa,greedy,True,14,1766.8932985021545,6,1055.7425239937984,8,711.1507745083561,40.24865424025428,94.26823960000002,80036,0.75,1,90,0.96,0.001,2000,0.8,0.1,10,200,50,False
data202.vrp,sa,greedy,True,14,1766.8932985021545,6,1074.6582812066786,8,692.2350172954759,39.17808833630776,61.55445509999993,52009,0.75,1,100,0.95,0.001,1500,0.7,0.1,10,200,50,False
data202.vrp,sa,greedy,True,14,1766.8932985021545,6,1081.8436450915344,8,685.0496534106201,38.77142179391116,67.72669350000001,53909,0.75,1,100,0.95,0.001,1500,0.6,0.1,10,200,50,False
data202.vrp,sa,greedy,True,14,1766.8932985021545,7,1089.2876155424974,7,677.6056829596571,38.35011902156642,73.70282259999999,49875,0.75,1,100,0.95,0.001,1500,0.8,0.1,10,200,50,False
data202.vrp,sa,greedy,True,14,1766.8932985021545,7,1061.2536553676882,7,705.6396431344663,39.936743420367094,52.24680860000001,45434,0.75,1,100,0.96,0.001,1000,0.6,0.1,10,200,50,False
data202.vrp,sa,greedy,True,14,1766.8932985021545,7,1110.467841771962,7,656.4254567301925,37.151392066892946,85.82043390000001,71348,0.75,1,100,0.95,0.001,2000,0.6,0.1,10,200,50,False
data202.vrp,sa,greedy,True,14,1766.8932985021545,7,1122.2014479767945,7,644.69185052536,36.48731086771813,47.04001489999996,41881,0.75,1,100,0.96,0.001,1000,0.8,0.1,10,200,50,False
data202.vrp,sa,greedy,True,14,1766.8932985021545,6,1135.4181254697062,8,631.4751730324483,35.739293004720075,58.05625310000005,43962,0.75,1,100,0.96,0.001,1000,0.7,0.1,10,200,50,False
data202.vrp,sa,greedy,True,14,1766.8932985021545,7,1132.2641844151867,7,634.6291140869678,35.91779507143758,80.01923439999996,66218,0.75,1,100,0.95,0.001,2000,0.8,0.1,10,200,50,False
data202.vrp,sa,greedy,True,14,1766.8932985021545,6,1070.2719358533902,8,696.6213626487643,39.42634018926383,92.14523359999998,69519,0.75,1,100,0.95,0.001,2000,0.7,0.1,10,200,50,False
data202.vrp,sa,greedy,True,14,1766.8932985021545,6,1073.108336884338,8,693.7849616178164,39.265809780701396,66.17723809999995,67385,0.75,1,100,0.96,0.001,1500,0.6,0.1,10,200,50,False
data202.vrp,sa,greedy,True,14,1766.8932985021545,6,1097.1105972155096,8,669.7827012866449,37.90736553556678,71.10493680000002,65115,0.75,1,100,0.96,0.001,1500,0.7,0.1,10,200,50,False
data202.vrp,sa,greedy,True,14,1766.8932985021545,6,1081.0180199318202,8,685.8752785703343,38.8181492992118,77.60716459999992,89461,0.75,1,100,0.96,0.001,2000,0.6,0.1,10,200,50,False
data202.vrp,sa,greedy,True,14,1766.8932985021545,6,1051.3887469194071,8,715.5045515827474,40.49506284218186,80.30544759999998,63013,0.75,1,100,0.96,0.001,1500,0.8,0.1,10,200,50,False
data202.vrp,sa,greedy,True,14,1766.8932985021545,6,1080.8565666045995,8,686.036731897555,38.82728699458693,78.01150139999993,87015,0.75,1,100,0.96,0.001,2000,0.7,0.1,10,200,50,False
data202.vrp,sa,greedy,True,14,1766.8932985021545,5,1082.7419551874489,9,684.1513433147056,38.72058057465497,98.56272319999994,83562,0.75,1,100,0.96,0.001,2000,0.8,0.1,10,200,50,False
data202.vrp,sa,greedy,True,14,1766.8932985021545,5,1082.7419551874489,9,684.1513433147056,38.72058057465497,85.48424289999991,83562,0.75,1,100,0.96,0.001,2000,0.8,0.1,10,200,50,False
data202.vrp,sa,greedy,True,14,1766.8932985021545,6,1065.751394806597,8,701.1419036955574,39.68218705056696,54.645634,52434,0.75,1,90,0.97,0.001,1000,0.8,0.1,10,200,50,False
data202.vrp,sa,greedy,True,14,1766.8932985021545,5,1095.5155459497798,9,671.3777525523747,37.997639875680136,60.7574147,57737,0.75,1,90,0.97,0.001,1000,0.6,0.1,10,200,50,False
data202.vrp,sa,greedy,True,14,1766.8932985021545,6,1071.3657607587286,8,695.5275377434259,39.36443351350329,69.1192746,55436,0.75,1,90,0.97,0.001,1000,0.7,0.1,10,200,50,False
data202.vrp,sa,greedy,True,14,1766.8932985021545,6,1128.4830813530552,8,638.4102171490993,36.131792321035896,84.2851599,82214,0.75,1,90,0.97,0.001,1500,0.7,0.1,10,200,50,False
data202.vrp,sa,greedy,True,14,1766.8932985021545,6,1101.5097306065065,8,665.383567895648,37.65838992426495,93.542413,86668,0.75,1,90,0.97,0.001,1500,0.6,0.1,10,200,50,False
data202.vrp,sa,greedy,True,14,1766.8932985021545,6,1070.8263998804703,8,696.0668986216842,39.39495945860227,100.0934263,78847,0.75,1,90,0.97,0.001,1500,0.8,0.1,10,200,50,False
data202.vrp,sa,greedy,True,14,1766.8932985021545,7,1095.0890592402884,7,671.8042392618661,38.021777536389635,47.52820199999999,59903,0.75,1,100,0.97,0.001,1000,0.6,0.1,10,200,50,False
data202.vrp,sa,greedy,True,14,1766.8932985021545,6,1086.6159250223968,8,680.2773734797577,38.501327389517414,128.36159260000002,115660,0.75,1,90,0.97,0.001,2000,0.6,0.1,10,200,50,False
data202.vrp,sa,greedy,True,14,1766.8932985021545,6,1108.2606732784857,8,658.6326252236688,37.27631010780393,128.5869419,110466,0.75,1,90,0.97,0.001,2000,0.7,0.1,10,200,50,False
data202.vrp,sa,greedy,True,14,1766.8932985021545,6,1106.7632091333894,8,660.1300893687651,37.361061357150206,56.0766845,56368,0.75,1,100,0.97,0.001,1000,0.8,0.1,10,200,50,False
data202.vrp,sa,greedy,True,14,1766.8932985021545,6,1130.5205992299177,8,636.3726992722368,36.016475913497885,71.9687366,58497,0.75,1,100,0.97,0.001,1000,0.7,0.1,10,200,50,False
data202.vrp,sa,greedy,True,14,1766.8932985021545,6,1098.4254362928953,8,668.4678622092592,37.83295022828703,86.71418449999999,91511,0.75,1,100,0.97,0.001,1500,0.6,0.1,10,200,50,False
data202.vrp,sa,greedy,True,14,1766.8932985021545,6,1066.057765162841,8,700.8355333393135,39.664847556636936,82.731356,87167,0.75,1,100,0.97,0.001,1500,0.7,0.1,10,200,50,False
data202.vrp,sa,greedy,True,14,1766.8932985021545,5,1076.9135797162703,9,689.9797187858842,39.050446304301424,139.6875165,107287,0.75,1,90,0.97,0.001,2000,0.8,0.1,10,200,50,False
data202.vrp,sa,greedy,True,14,1766.8932985021545,5,1087.6421196356523,9,679.2511788665022,38.443248352479614,95.44185630000001,84324,0.75,1,100,0.97,0.001,1500,0.8,0.1,10,200,50,False
data202.vrp,sa,greedy,True,14,1766.8932985021545,6,1096.5250177247267,8,670.3682807774278,37.94050729298244,93.0995317,116556,0.75,1,100,0.97,0.001,2000,0.7,0.1,10,200,50,False
data202.vrp,sa,greedy,True,14,1766.8932985021545,6,1081.865858701922,8,685.0274398002325,38.77016458101628,100.7518565,119810,0.75,1,100,0.97,0.001,2000,0.6,0.1,10,200,50,False
data202.vrp,sa,greedy,True,14,1766.8932985021545,6,1076.921512976339,8,689.9717855258154,39.049997309442745,109.3613095,112992,0.75,1,100,0.97,0.001,2000,0.8,0.1,10,200,50,False
data202.vrp,sa,greedy,True,14,1766.8932985021545,5,1076.9135797162703,9,689.9797187858842,39.050446304301424,99.2109025,107287,0.75,1,90,0.97,0.001,2000,0.8,0.1,10,200,50,False
data202.vrp,sa,greedy,True,14,1766.8932985021545,6,1098.5204109989445,8,668.37288750321,37.82757499107663,75.77453440000001,97121,0.75,1,350,0.97,0.001,1000,0.7,0.1,10,200,50,False
data202.vrp,sa,greedy,True,14,1766.8932985021545,6,1098.4144702386059,8,668.4788282635486,37.83357086872405,83.6799971,99052,0.75,1,350,0.97,0.001,1000,0.6,0.1,10,200,50,False
data202.vrp,sa,greedy,True,14,1766.8932985021545,6,1074.1725998209588,8,692.7206986811957,39.20557620929541,103.3330507,149569,0.75,1,350,0.98,0.001,1000,0.6,0.1,10,200,50,False
data202.vrp,sa,greedy,True,14,1766.8932985021545,6,1075.0187070567201,8,691.8745914454344,39.157689489906154,103.8160688,148096,0.75,1,350,0.97,0.001,1500,0.6,0.1,10,200,50,False
data202.vrp,sa,greedy,True,14,1766.8932985021545,5,1131.116384256967,9,635.7769142451875,35.9827565583136,116.2630506,147098,0.75,1,350,0.98,0.001,1000,0.7,0.1,10,200,50,False
data202.vrp,sa,greedy,True,14,1766.8932985021545,6,1090.8314111446057,8,676.0618873575488,38.26274557329894,119.3577762,145781,0.75,1,350,0.97,0.001,1500,0.7,0.1,10,200,50,False
data202.vrp,sa,greedy,True,14,1766.8932985021545,8,2617.744216296591,6,-850.8509177944363,-48.15519525235207,20.789264799999984,76471,0.75,1,350,0.99,0.001,1000,0.6,0.1,10,200,50,False
data202.vrp,sa,greedy,True,14,1766.8932985021545,5,1066.748640207375,9,700.1446582947794,39.62574643801705,138.4262704,197315,0.75,1,350,0.97,0.001,2000,0.6,0.1,10,200,50,False
data202.vrp,sa,greedy,True,14,1766.8932985021545,5,1084.8187390160492,9,682.0745594861053,38.60304185115871,153.2691216,193164,0.75,1,350,0.97,0.001,2000,0.7,0.1,10,200,50,False
data202.vrp,sa,greedy,True,14,1766.8932985021545,7,2558.5729396142124,7,-791.6796411120579,-44.80630730690909,67.9226042,222760,0.75,1,350,0.99,0.001,1500,0.6,0.1,10,200,50,False
data202.vrp,sa,greedy,True,14,1766.8932985021545,6,1066.2686469306602,8,700.6246515714943,39.652912383867985,148.652516,223229,0.75,1,350,0.98,0.001,1500,0.6,0.1,10,200,50,False
data202.vrp,sa,greedy,True,14,1766.8932985021545,7,2475.223300173396,7,-708.3300016712417,-40.08900833297138,86.9710105,293504,0.75,1,350,0.99,0.001,2000,0.6,0.1,10,200,50,False
data202.vrp,sa,greedy,True,14,1766.8932985021545,6,1079.6269933933017,8,687.2663051088527,38.89687655114589,171.48061810000002,218699,0.75,1,350,0.98,0.001,1500,0.7,0.1,10,200,50,False
data202.vrp,sa,greedy,True,14,1766.8932985021545,6,1072.1895442094026,8,694.7037542927519,39.31781024251277,184.033938,297445,0.75,1,350,0.98,0.001,2000,0.6,0.1,10,200,50,False
data202.vrp,sa,greedy,True,14,1766.8932985021545,5,1074.4918505901871,9,692.4014479119674,39.1875077289011,200.7562007,291186,0.75,1,350,0.98,0.001,2000,0.7,0.1,10,200,50,False
data202.vrp,sa,greedy,True,14,1766.8932985021545,6,1062.6938214223987,8,704.1994770797558,39.85523504315318,187.4960964,292257,0.75,1,350,0.99,0.001,1000,0.7,0.1,10,200,50,False
data202.vrp,sa,greedy,True,14,1766.8932985021545,5,1078.546826298967,9,688.3464722031874,38.95801024242484,253.61162220000003,440861,0.75,1,350,0.99,0.001,1500,0.7,0.1,10,200,50,False
data202.vrp,sa,greedy,True,14,1766.8932985021545,6,1079.423773709877,8,687.4695247922775,38.908378076653804,272.41281960000003,588917,0.75,1,350,0.99,0.001,2000,0.7,0.1,10,200,50,False
data202.vrp,sa,greedy,True,14,1766.8932985021545,5,1066.748640207375,9,700.1446582947794,39.62574643801705,138.1299118,197315,0.75,1,350,0.97,0.001,2000,0.6,0.1,10,200,50,False
data202.vrp,sa,greedy,True,14,1766.8932985021545,5,1066.748640207375,9,700.1446582947794,39.62574643801705,146.69356679999999,197315,0.75,1,350,0.97,0.001,2000,0.6,0.1,10,200,50,False
data202.vrp,sa,greedy,True,14,1766.8932985021545,5,1084.8187390160492,9,682.0745594861053,38.60304185115871,156.234363,193164,0.75,1,350,0.97,0.001,2000,0.7,0.1,10,200,50,False
data202.vrp,sa,greedy,True,14,1766.8932985021545,6,1072.1895442094026,8,694.7037542927519,39.31781024251277,200.1187507,297445,0.75,1,350,0.98,0.001,2000,0.6,0.1,10,200,50,False
data202.vrp,sa,greedy,True,14,1766.8932985021545,5,1074.4918505901871,9,692.4014479119674,39.1875077289011,226.2096803,291186,0.75,1,350,0.98,0.001,2000,0.7,0.1,10,200,50,False
data202.vrp,sa,greedy,True,14,1766.8932985021545,7,2438.0356004004793,7,-671.1423018983248,-37.984314189615816,82.50345300000001,255266,0.75,1,350,0.98,0.001,3000,0.6,0.1,10,200,50,False
data202.vrp,sa,greedy,True,14,1766.8932985021545,6,1063.1597004639216,8,703.7335980382329,39.82886791380146,233.0592244,289063,0.75,1,350,0.97,0.001,3000,0.7,0.1,10,200,50,False
data202.vrp,sa,greedy,True,14,1766.8932985021545,6,1099.8238230779293,8,667.0694754242252,37.75380641206342,241.7309008,298222,0.75,1,350,0.97,0.001,3000,0.6,0.1,10,200,50,False
data202.vrp,sa,greedy,True,14,1766.8932985021545,6,1083.9719369024783,8,682.9213615996762,38.65096789820913,299.7739744,389365,0.75,1,350,0.97,0.001,4000,0.7,0.1,10,200,50,False
data202.vrp,sa,greedy,True,14,1766.8932985021545,6,1070.667022810677,8,696.2262756914774,39.40397964504638,353.4289763,397540,0.75,1,350,0.97,0.001,4000,0.6,0.1,10,200,50,False
data202.vrp,sa,greedy,True,14,1766.8932985021545,6,1085.6138752507939,8,681.2794232513606,38.55803991270444,145.75989369999996,197850,0.75,1,370,0.97,0.001,2000,0.7,0.1,10,200,50,False
data202.vrp,sa,greedy,True,14,1766.8932985021545,5,1104.6549083330992,9,662.2383901690553,37.48038383135266,178.7382021,202124,0.75,1,370,0.97,0.001,2000,0.6,0.1,10,200,50,False
data202.vrp,sa,greedy,True,14,1766.8932985021545,7,1079.8652803671762,7,687.0280181349783,38.88339033926901,293.1513129,435516,0.75,1,350,0.98,0.001,3000,0.7,0.1,10,200,50,False
data202.vrp,sa,greedy,True,14,1766.8932985021545,5,1070.2919084203395,9,696.601390081815,39.42520981161363,209.90318050000002,303714,0.75,1,370,0.97,0.001,3000,0.6,0.1,10,200,50,False
data202.vrp,sa,greedy,True,14,1766.8932985021545,7,2513.115846431764,7,-746.2225479296096,-42.23359432978797,54.010832600000015,179287,0.75,1,370,0.98,0.001,2000,0.6,0.1,10,200,50,False
data202.vrp,sa,greedy,True,14,1766.8932985021545,5,1087.128676477542,9,679.7646220246124,38.472307444986534,252.45019329999997,296978,0.75,1,370,0.97,0.001,3000,0.7,0.1,10,200,50,False
data202.vrp,sa,greedy,True,14,1766.8932985021545,5,1074.7285866357004,9,692.1647118664541,39.17410929416178,383.09100209999997,601718,0.75,1,350,0.98,0.001,4000,0.6,0.1,10,200,50,False
data202.vrp,sa,greedy,True,14,1766.8932985021545,6,1050.3610728856409,8,716.5322256165136,40.55322560926221,263.41815190000005,404016,0.75,1,370,0.97,0.001,4000,0.6,0.1,10,200,50,False
data202.vrp,sa,greedy,True,14,1766.8932985021545,6,1044.3147036323967,8,722.5785948697578,40.89542902688624,203.74388399999998,295977,0.75,1,370,0.98,0.001,2000,0.7,0.1,10,200,50,False
data202.vrp,sa,greedy,True,14,1766.8932985021545,5,1069.419014726072,9,697.4742837760825,39.47461255115695,437.56527609999995,584859,0.75,1,350,0.98,0.001,4000,0.7,0.1,10,200,50,False
data202.vrp,sa,greedy,True,14,1766.8932985021545,5,1078.0063315047933,9,688.8869669973612,38.98860036321097,322.0259931,397488,0.75,1,370,0.97,0.001,4000,0.7,0.1,10,200,50,False
data202.vrp,sa,greedy,True,14,1766.8932985021545,6,1086.7974147772452,8,680.0958837249093,38.49105570220035,299.0498031,456492,0.75,1,370,0.98,0.001,3000,0.6,0.1,10,200,50,False
data202.vrp,sa,greedy,True,14,1766.8932985021545,5,1083.126712355912,9,683.7665861462424,38.69880466046765,291.06880220000005,446427,0.75,1,370,0.98,0.001,3000,0.7,0.1,10,200,50,False
data202.vrp,sa,greedy,True,14,1766.8932985021545,6,1075.8413416161343,8,691.0519568860202,39.11113124215506,314.72065570000007,606657,0.75,1,370,0.98,0.001,4000,0.6,0.1,10,200,50,False
data202.vrp,sa,greedy,True,14,1766.8932985021545,5,1051.577418342873,9,715.3158801592815,40.48438469746164,340.9667591,593577,0.75,1,370,0.98,0.001,4000,0.7,0.1,10,200,50,False
data202.vrp,sa,greedy,True,14,1766.8932985021545,5,1051.577418342873,9,715.3158801592815,40.48438469746164,288.91727720000006,593577,0.75,1,370,0.98,0.001,4000,0.7,0.1,10,200,50,False
