instance_name,method,generator,use_time_windows,initial_routes,initial_distance,final_routes,final_distance,delta_routes,delta_distance,distance_improvement_pct,runtime_seconds,history_length,param_fill_ratio,param_seed,param_sa_initial_temp,param_sa_cooling_rate,param_sa_min_temp,param_sa_iterations_per_temp,param_sa_p_relocate,param_sa_p_exchange,param_tabu_tenure,param_tabu_max_iterations,param_tabu_max_no_improve,param_tabu_no_2opt
data1101.vrp,sa,random,True,71,6068.1064123973265,17,1666.7179773821117,54,4401.388435015215,72.53314520033868,51.6233232,51468,0.75,1,100,0.975,0.01,500,0.3,0.1,10,200,50,False
data1101.vrp,sa,random,True,71,6068.1064123973265,16,1671.6553301688205,55,4396.4510822285065,72.45177957404344,72.8819877,52902,0.75,1,100,0.975,0.01,500,0.3,0.2,10,200,50,False
data1101.vrp,sa,random,True,71,6068.1064123973265,16,1672.3233470717407,55,4395.783065325586,72.44077091899487,90.48959690000001,49902,0.75,1,100,0.975,0.01,500,0.5,0.1,10,200,50,False
data1101.vrp,sa,random,True,71,6068.1064123973265,16,1655.624328587995,55,4412.482083809331,72.71596415637167,103.4116842,48862,0.75,1,100,0.975,0.01,500,0.5,0.2,10,200,50,False
data1101.vrp,sa,random,True,71,6068.1064123973265,16,1665.6360714793493,55,4402.470340917977,72.55097458283849,108.4389069,46121,0.75,1,100,0.975,0.01,500,0.7,0.1,10,200,50,False
data1101.vrp,sa,random,True,71,6068.1064123973265,16,1653.6370668130646,55,4414.469345584262,72.74871344651052,114.55122180000001,76501,0.75,1,100,0.975,0.01,750,0.3,0.2,10,200,50,False
data1101.vrp,sa,random,True,71,6068.1064123973265,16,1678.7685220697635,55,4389.3378903275625,72.3345569774454,117.0876694,80877,0.75,1,100,0.975,0.01,750,0.3,0.1,10,200,50,False
data1101.vrp,sa,random,True,71,6068.1064123973265,16,1664.5455994160784,55,4403.560812981248,72.56894513228441,127.8950964,44557,0.75,1,100,0.975,0.01,500,0.7,0.2,10,200,50,False
data1101.vrp,sa,random,True,71,6068.1064123973265,15,1663.4318526071847,56,4404.674559790142,72.58729924035704,129.28944199999998,75137,0.75,1,100,0.975,0.01,750,0.5,0.1,10,200,50,False
data1101.vrp,sa,random,True,71,6068.1064123973265,15,1639.2316946204458,56,4428.874717776881,72.98610829778059,135.6042814,71303,0.75,1,100,0.975,0.01,750,0.5,0.2,10,200,50,False
data1101.vrp,sa,random,True,71,6068.1064123973265,16,1670.5318918598011,55,4397.574520537525,72.47029339421513,121.4945527,111183,0.75,1,100,0.975,0.01,1000,0.3,0.1,10,200,50,False
data1101.vrp,sa,random,True,71,6068.1064123973265,16,1655.2799646265591,55,4412.826447770767,72.72163913861544,156.02114170000002,102816,0.75,1,100,0.975,0.01,1000,0.3,0.2,10,200,50,False
data1101.vrp,sa,random,True,71,6068.1064123973265,16,1651.280296909564,55,4416.826115487763,72.78755208484894,204.6085238,71067,0.75,1,100,0.975,0.01,750,0.7,0.1,10,200,50,False
data1101.vrp,sa,random,True,71,6068.1064123973265,15,1639.9295259363878,56,4428.1768864609385,72.97460831296627,202.2206708,103569,0.75,1,100,0.975,0.01,1000,0.5,0.1,10,200,50,False
data1101.vrp,sa,random,True,71,6068.1064123973265,15,1649.559761841555,56,4418.5466505557715,72.815905824073,201.7535894,99160,0.75,1,100,0.975,0.01,1000,0.5,0.2,10,200,50,False
data1101.vrp,sa,random,True,71,6068.1064123973265,16,1665.1757091345607,55,4402.930703262766,72.5585611726822,250.7576712,68577,0.75,1,100,0.975,0.01,750,0.7,0.2,10,200,50,False
data1101.vrp,sa,random,True,71,6068.1064123973265,16,1663.6439690676116,55,4404.462443329715,72.58380364476245,201.2511473,136632,0.75,1,100,0.975,0.01,1250,0.3,0.1,10,200,50,False
data1101.vrp,sa,random,True,71,6068.1064123973265,15,1647.9692270678902,56,4420.137185329437,72.84211720972726,279.61978669999996,97954,0.75,1,100,0.975,0.01,1000,0.7,0.1,10,200,50,False
data1101.vrp,sa,random,True,71,6068.1064123973265,16,1653.0478455323168,55,4415.058566865009,72.75842358078808,213.15882390000002,129240,0.75,1,100,0.975,0.01,1250,0.3,0.2,10,200,50,False
data1101.vrp,sa,random,True,71,6068.1064123973265,16,1677.4263033641992,55,4390.680109033127,72.35667621225024,240.05981509999998,129950,0.75,1,100,0.975,0.01,1250,0.5,0.1,10,200,50,False
data1101.vrp,sa,random,True,71,6068.1064123973265,15,1693.9207692762275,56,4374.185643121099,72.0848539205658,368.4805569,95597,0.75,1,100,0.975,0.01,1000,0.7,0.2,10,200,50,False
data1101.vrp,sa,random,True,71,6068.1064123973265,15,1644.479118780597,56,4423.62729361673,72.89963281756438,312.9057055,124867,0.75,1,100,0.975,0.01,1250,0.5,0.2,10,200,50,False
data1101.vrp,sa,random,True,71,6068.1064123973265,16,1662.1974432644258,55,4405.908969132901,72.60764181939022,344.722281,118622,0.75,1,100,0.975,0.01,1250,0.7,0.1,10,200,50,False
data1101.vrp,sa,random,True,71,6068.1064123973265,15,1663.387547170544,56,4404.718865226782,72.58802937647579,251.7075891,165498,0.75,1,100,0.975,0.01,1500,0.3,0.1,10,200,50,False
data1101.vrp,sa,random,True,71,6068.1064123973265,17,1666.7179773821117,54,4401.388435015215,72.53314520033868,52.875907600000005,51468,0.75,1,100,0.975,0.1,500,0.3,0.1,10,200,50,False
data1101.vrp,sa,random,True,71,6068.1064123973265,16,1671.6553301688205,55,4396.4510822285065,72.45177957404344,76.06147910000004,52902,0.75,1,100,0.975,0.1,500,0.3,0.2,10,200,50,False
data1101.vrp,sa,random,True,71,6068.1064123973265,15,1671.8286096225345,56,4396.277802774792,72.4489239969995,308.6684551,164548,0.75,1,100,0.975,0.01,1500,0.3,0.2,10,200,50,False
data1101.vrp,sa,random,True,71,6068.1064123973265,16,1666.7630104145742,55,4401.343401982753,72.5324030737278,320.47146169999996,155305,0.75,1,100,0.975,0.01,1500,0.5,0.1,10,200,50,False
data1101.vrp,sa,random,True,71,6068.1064123973265,16,1672.3233470717407,55,4395.783065325586,72.44077091899487,94.73947500000008,49902,0.75,1,100,0.975,0.1,500,0.5,0.1,10,200,50,False
data1101.vrp,sa,random,True,71,6068.1064123973265,15,1663.944621056559,56,4404.161791340767,72.5788490185823,507.503356,119310,0.75,1,100,0.975,0.01,1250,0.7,0.2,10,200,50,False
data1101.vrp,sa,random,True,71,6068.1064123973265,16,1655.624328587995,55,4412.482083809331,72.71596415637167,104.58845550000001,48862,0.75,1,100,0.975,0.1,500,0.5,0.2,10,200,50,False
data1101.vrp,sa,random,True,71,6068.1064123973265,15,1641.3046670613428,56,4426.8017453359835,72.95194652967675,337.00363219999997,145545,0.75,1,100,0.975,0.01,1500,0.5,0.2,10,200,50,False
data1101.vrp,sa,random,True,71,6068.1064123973265,16,1665.6360714793493,55,4402.470340917977,72.55097458283849,109.85147119999999,46121,0.75,1,100,0.975,0.1,500,0.7,0.1,10,200,50,False
data1101.vrp,sa,random,True,71,6068.1064123973265,16,1651.9989999627387,55,4416.107412434588,72.77570814203827,331.81575010000006,138603,0.75,1,100,0.975,0.01,1500,0.7,0.1,10,200,50,False
data1101.vrp,sa,random,True,71,6068.1064123973265,16,1664.5455994160784,55,4403.560812981248,72.56894513228441,126.09664899999996,44557,0.75,1,100,0.975,0.1,500,0.7,0.2,10,200,50,False
data1101.vrp,sa,random,True,71,6068.1064123973265,16,1678.7685220697635,55,4389.3378903275625,72.3345569774454,119.4594214,80877,0.75,1,100,0.975,0.1,750,0.3,0.1,10,200,50,False
data1101.vrp,sa,random,True,71,6068.1064123973265,16,1653.6370668130646,55,4414.469345584262,72.74871344651052,116.36338289999992,76501,0.75,1,100,0.975,0.1,750,0.3,0.2,10,200,50,False
data1101.vrp,sa,random,True,71,6068.1064123973265,15,1663.4318526071847,56,4404.674559790142,72.58729924035704,133.53043909999997,75137,0.75,1,100,0.975,0.1,750,0.5,0.1,10,200,50,False
data1101.vrp,sa,random,True,71,6068.1064123973265,15,1639.2316946204458,56,4428.874717776881,72.98610829778059,135.43438549999996,71303,0.75,1,100,0.975,0.1,750,0.5,0.2,10,200,50,False
data1101.vrp,sa,random,True,71,6068.1064123973265,16,1670.5318918598011,55,4397.574520537525,72.47029339421513,121.11696039999993,111183,0.75,1,100,0.975,0.1,1000,0.3,0.1,10,200,50,False
data1101.vrp,sa,random,True,71,6068.1064123973265,16,1651.280296909564,55,4416.826115487763,72.78755208484894,208.7677559000001,71067,0.75,1,100,0.975,0.1,750,0.7,0.1,10,200,50,False
data1101.vrp,sa,random,True,71,6068.1064123973265,16,1655.2799646265591,55,4412.826447770767,72.72163913861544,163.8987184,102816,0.75,1,100,0.975,0.1,1000,0.3,0.2,10,200,50,False
data1101.vrp,sa,random,True,71,6068.1064123973265,16,1665.1757091345607,55,4402.930703262766,72.5585611726822,258.5381363,68577,0.75,1,100,0.975,0.1,750,0.7,0.2,10,200,50,False
data1101.vrp,sa,random,True,71,6068.1064123973265,15,1639.9295259363878,56,4428.1768864609385,72.97460831296627,205.4951236999999,103569,0.75,1,100,0.975,0.1,1000,0.5,0.1,10,200,50,False
data1101.vrp,sa,random,True,71,6068.1064123973265,15,1662.4141717997168,56,4405.692240597609,72.60407021862117,551.3476167000001,139540,0.75,1,100,0.975,0.01,1500,0.7,0.2,10,200,50,False
data1101.vrp,sa,random,True,71,6068.1064123973265,15,1649.559761841555,56,4418.5466505557715,72.815905824073,205.05795319999993,99160,0.75,1,100,0.975,0.1,1000,0.5,0.2,10,200,50,False
data1101.vrp,sa,random,True,71,6068.1064123973265,16,1663.6439690676116,55,4404.462443329715,72.58380364476245,201.6662798000002,136632,0.75,1,100,0.975,0.1,1250,0.3,0.1,10,200,50,False
data1101.vrp,sa,random,True,71,6068.1064123973265,15,1647.9692270678902,56,4420.137185329437,72.84211720972726,284.22114409999995,97954,0.75,1,100,0.975,0.1,1000,0.7,0.1,10,200,50,False
data1101.vrp,sa,random,True,71,6068.1064123973265,16,1653.0478455323168,55,4415.058566865009,72.75842358078808,220.09879840000008,129240,0.75,1,100,0.975,0.1,1250,0.3,0.2,10,200,50,False
data1101.vrp,sa,random,True,71,6068.1064123973265,16,1677.4263033641992,55,4390.680109033127,72.35667621225024,240.02862240000013,129950,0.75,1,100,0.975,0.1,1250,0.5,0.1,10,200,50,False
data1101.vrp,sa,random,True,71,6068.1064123973265,15,1693.9207692762275,56,4374.185643121099,72.0848539205658,363.8438308,95597,0.75,1,100,0.975,0.1,1000,0.7,0.2,10,200,50,False
data1101.vrp,sa,random,True,71,6068.1064123973265,15,1644.479118780597,56,4423.62729361673,72.89963281756438,310.9983844000001,124867,0.75,1,100,0.975,0.1,1250,0.5,0.2,10,200,50,False
data1101.vrp,sa,random,True,71,6068.1064123973265,16,1662.1974432644258,55,4405.908969132901,72.60764181939022,338.1735195000001,118622,0.75,1,100,0.975,0.1,1250,0.7,0.1,10,200,50,False
data1101.vrp,sa,random,True,71,6068.1064123973265,15,1663.387547170544,56,4404.718865226782,72.58802937647579,250.85347509999997,165498,0.75,1,100,0.975,0.1,1500,0.3,0.1,10,200,50,False
data1101.vrp,sa,random,True,71,6068.1064123973265,15,1671.8286096225345,56,4396.277802774792,72.4489239969995,307.7726397000001,164548,0.75,1,100,0.975,0.1,1500,0.3,0.2,10,200,50,False
data1101.vrp,sa,random,True,71,6068.1064123973265,17,1658.991357832068,54,4409.115054565258,72.66047684261603,104.5292915,86697,0.75,1,100,0.985,0.01,500,0.3,0.1,10,200,50,False
data1101.vrp,sa,random,True,71,6068.1064123973265,16,1666.7630104145742,55,4401.343401982753,72.5324030737278,329.6397846,155305,0.75,1,100,0.975,0.1,1500,0.5,0.1,10,200,50,False
data1101.vrp,sa,random,True,71,6068.1064123973265,15,1666.0016733273965,56,4402.10473906993,72.54494960860104,137.59317880000003,90252,0.75,1,100,0.985,0.01,500,0.3,0.2,10,200,50,False
data1101.vrp,sa,random,True,71,6068.1064123973265,15,1663.944621056559,56,4404.161791340767,72.5788490185823,513.0822885999999,119310,0.75,1,100,0.975,0.1,1250,0.7,0.2,10,200,50,False
data1101.vrp,sa,random,True,71,6068.1064123973265,16,1672.898443949269,55,4395.207968448058,72.43129354931077,135.5830793,83168,0.75,1,100,0.985,0.01,500,0.5,0.1,10,200,50,False
data1101.vrp,sa,random,True,71,6068.1064123973265,16,1651.9989999627387,55,4416.107412434588,72.77570814203827,326.18317179999985,138603,0.75,1,100,0.975,0.1,1500,0.7,0.1,10,200,50,False
data1101.vrp,sa,random,True,71,6068.1064123973265,15,1641.3046670613428,56,4426.8017453359835,72.95194652967675,335.9808163,145545,0.75,1,100,0.975,0.1,1500,0.5,0.2,10,200,50,False
data1101.vrp,sa,random,True,71,6068.1064123973265,16,1658.016415826742,55,4410.089996570585,72.67654350228,154.93825700000002,80566,0.75,1,100,0.985,0.01,500,0.5,0.2,10,200,50,False
data1101.vrp,sa,random,True,71,6068.1064123973265,16,1659.0605139320166,55,4409.04589846531,72.65933717736878,211.50742109999987,79410,0.75,1,100,0.985,0.01,500,0.7,0.1,10,200,50,False
data1101.vrp,sa,random,True,71,6068.1064123973265,16,1659.3202742744204,55,4408.786138122906,72.65505642939321,160.07522570000015,133888,0.75,1,100,0.985,0.01,750,0.3,0.1,10,200,50,False
data1101.vrp,sa,random,True,71,6068.1064123973265,16,1671.9945012504245,55,4396.111911146902,72.44619016841087,178.83016180000004,130982,0.75,1,100,0.985,0.01,750,0.3,0.2,10,200,50,False
data1101.vrp,sa,random,True,71,6068.1064123973265,15,1667.12648610081,56,4400.979926296516,72.52641313779831,257.8376101000001,76675,0.75,1,100,0.985,0.01,500,0.7,0.2,10,200,50,False
data1101.vrp,sa,random,True,71,6068.1064123973265,17,1919.1107895992682,54,4148.995622798058,68.37381121599209,129.27813539999988,75394,0.75,1,100,0.985,0.01,750,0.7,0.2,10,200,50,False
data1101.vrp,sa,random,True,71,6068.1064123973265,15,1638.5397943991472,56,4429.566617998179,72.9975105404948,263.4694938,121411,0.75,1,100,0.985,0.01,750,0.5,0.2,10,200,50,False
data1101.vrp,sa,random,True,71,6068.1064123973265,15,1668.5276636969106,56,4399.578748700416,72.50332228373489,283.0693446999999,131124,0.75,1,100,0.985,0.01,750,0.5,0.1,10,200,50,False
data1101.vrp,sa,random,True,71,6068.1064123973265,15,1662.4141717997168,56,4405.692240597609,72.60407021862117,547.0867028,139540,0.75,1,100,0.975,0.1,1500,0.7,0.2,10,200,50,False
data1101.vrp,sa,random,True,71,6068.1064123973265,15,1663.4869892905228,56,4404.619423106804,72.58639060956531,308.98048349999976,119861,0.75,1,100,0.985,0.01,750,0.7,0.1,10,200,50,False
data1101.vrp,sa,random,True,71,6068.1064123973265,16,1681.1910460433464,55,4386.91536635398,72.29463473796996,219.08527070000014,181651,0.75,1,100,0.985,0.01,1000,0.3,0.1,10,200,50,False
data1101.vrp,sa,random,True,71,6068.1064123973265,16,1667.332674853548,55,4400.773737543778,72.52301522848813,274.39809860000014,175425,0.75,1,100,0.985,0.01,1000,0.3,0.2,10,200,50,False
data1101.vrp,sa,random,True,71,6068.1064123973265,16,1658.7801213442528,55,4409.326291053074,72.66395793660912,307.32441570000015,169307,0.75,1,100,0.985,0.01,1000,0.5,0.1,10,200,50,False
data1101.vrp,sa,random,True,71,6068.1064123973265,15,1637.2775133593188,56,4430.828899038008,73.01831243410118,248.61210140000003,221766,0.75,1,100,0.985,0.01,1250,0.3,0.1,10,200,50,False
data1101.vrp,sa,random,True,71,6068.1064123973265,16,1666.429775215348,55,4401.676637181979,72.53789465836029,318.897344,165428,0.75,1,100,0.985,0.01,1000,0.5,0.2,10,200,50,False
data1101.vrp,sa,random,True,71,6068.1064123973265,15,1644.7595113683606,56,4423.346901028966,72.89501205832406,341.2779289,222586,0.75,1,100,0.985,0.01,1250,0.3,0.2,10,200,50,False
data1101.vrp,sa,random,True,71,6068.1064123973265,15,1636.8594532487846,56,4431.246959148542,73.02520189981128,367.50860139999986,207744,0.75,1,100,0.985,0.01,1250,0.5,0.1,10,200,50,False
data1101.vrp,sa,random,True,71,6068.1064123973265,15,1664.2045651465262,56,4403.9018472508005,72.57456524251938,460.7746642000002,163357,0.75,1,100,0.985,0.01,1000,0.7,0.1,10,200,50,False
data1101.vrp,sa,random,True,71,6068.1064123973265,15,1666.7296424061885,56,4401.376769991138,72.53295296534337,493.34515650000003,151898,0.75,1,100,0.985,0.01,1000,0.7,0.2,10,200,50,False
data1101.vrp,sa,random,True,71,6068.1064123973265,15,1637.868630450551,56,4430.237781946776,73.00857105761469,297.6938068999998,263985,0.75,1,100,0.985,0.01,1500,0.3,0.1,10,200,50,False
data1101.vrp,sa,random,True,71,6068.1064123973265,15,1670.5209658665544,56,4397.585446530772,72.47047345027389,495.8463271999999,208530,0.75,1,100,0.985,0.01,1250,0.5,0.2,10,200,50,False
data1101.vrp,sa,random,True,71,6068.1064123973265,15,1635.9887815337934,56,4432.117630863533,73.03955022622183,539.6051447999998,197005,0.75,1,100,0.985,0.01,1250,0.7,0.1,10,200,50,False
data1101.vrp,sa,random,True,71,6068.1064123973265,17,1658.991357832068,54,4409.115054565258,72.66047684261603,104.64583489999995,86697,0.75,1,100,0.985,0.1,500,0.3,0.1,10,200,50,False
data1101.vrp,sa,random,True,71,6068.1064123973265,15,1688.7961984926872,56,4379.31021390464,72.16930482559725,517.4898674000001,188278,0.75,1,100,0.985,0.01,1250,0.7,0.2,10,200,50,False
data1101.vrp,sa,random,True,71,6068.1064123973265,15,1645.8923385474284,56,4422.214073849898,72.87634351327756,401.2342724,264388,0.75,1,100,0.985,0.01,1500,0.3,0.2,10,200,50,False
data1101.vrp,sa,random,True,71,6068.1064123973265,15,1638.5895606797772,56,4429.51685171755,72.99669041182125,446.52589000000035,250822,0.75,1,100,0.985,0.01,1500,0.5,0.1,10,200,50,False
data1101.vrp,sa,random,True,71,6068.1064123973265,15,1666.0016733273965,56,4402.10473906993,72.54494960860104,138.24895950000018,90252,0.75,1,100,0.985,0.1,500,0.3,0.2,10,200,50,False
data1101.vrp,sa,random,True,71,6068.1064123973265,16,1672.898443949269,55,4395.207968448058,72.43129354931077,135.82713620000004,83168,0.75,1,100,0.985,0.1,500,0.5,0.1,10,200,50,False
data1101.vrp,sa,random,True,71,6068.1064123973265,16,1658.016415826742,55,4410.089996570585,72.67654350228,156.20599630000015,80566,0.75,1,100,0.985,0.1,500,0.5,0.2,10,200,50,False
data1101.vrp,sa,random,True,71,6068.1064123973265,15,1639.7530310387776,56,4428.353381358549,72.97751687925722,569.259,243802,0.75,1,100,0.985,0.01,1500,0.5,0.2,10,200,50,False
data1101.vrp,sa,random,True,71,6068.1064123973265,16,1659.0605139320166,55,4409.04589846531,72.65933717736878,209.69670369999994,79410,0.75,1,100,0.985,0.1,500,0.7,0.1,10,200,50,False
data1101.vrp,sa,random,True,71,6068.1064123973265,16,1659.3202742744204,55,4408.786138122906,72.65505642939321,159.94775740000023,133888,0.75,1,100,0.985,0.1,750,0.3,0.1,10,200,50,False
data1101.vrp,sa,random,True,71,6068.1064123973265,16,1671.9945012504245,55,4396.111911146902,72.44619016841087,178.28571069999998,130982,0.75,1,100,0.985,0.1,750,0.3,0.2,10,200,50,False
data1101.vrp,sa,random,True,71,6068.1064123973265,15,1667.12648610081,56,4400.979926296516,72.52641313779831,259.7474824000001,76675,0.75,1,100,0.985,0.1,500,0.7,0.2,10,200,50,False
data1101.vrp,sa,random,True,71,6068.1064123973265,15,1644.82256694994,56,4423.283845447387,72.89397292721306,678.8322256000001,240927,0.75,1,100,0.985,0.01,1500,0.7,0.1,10,200,50,False
data1101.vrp,sa,random,True,71,6068.1064123973265,17,1919.1107895992682,54,4148.995622798058,68.37381121599209,134.94201380000004,75394,0.75,1,100,0.985,0.1,750,0.7,0.2,10,200,50,False
data1101.vrp,sa,random,True,71,6068.1064123973265,15,1640.026352974823,56,4428.080059422504,72.97301264156808,635.108037,220167,0.75,1,100,0.985,0.01,1500,0.7,0.2,10,200,50,False
data1101.vrp,sa,random,True,71,6068.1064123973265,15,1668.5276636969106,56,4399.578748700416,72.50332228373489,287.94219680000015,131124,0.75,1,100,0.985,0.1,750,0.5,0.1,10,200,50,False
data1101.vrp,sa,random,True,71,6068.1064123973265,15,1638.5397943991472,56,4429.566617998179,72.9975105404948,269.3629427000001,121411,0.75,1,100,0.985,0.1,750,0.5,0.2,10,200,50,False
data1101.vrp,sa,random,True,71,6068.1064123973265,16,1681.1910460433464,55,4386.91536635398,72.29463473796996,220.1859282999999,181651,0.75,1,100,0.985,0.1,1000,0.3,0.1,10,200,50,False
data1101.vrp,sa,random,True,71,6068.1064123973265,15,1663.4869892905228,56,4404.619423106804,72.58639060956531,316.5238568,119861,0.75,1,100,0.985,0.1,750,0.7,0.1,10,200,50,False
data1101.vrp,sa,random,True,71,6068.1064123973265,16,1667.332674853548,55,4400.773737543778,72.52301522848813,279.61403389999987,175425,0.75,1,100,0.985,0.1,1000,0.3,0.2,10,200,50,False
data1101.vrp,sa,random,True,71,6068.1064123973265,16,1658.7801213442528,55,4409.326291053074,72.66395793660912,305.56163830000014,169307,0.75,1,100,0.985,0.1,1000,0.5,0.1,10,200,50,False
data1101.vrp,sa,random,True,71,6068.1064123973265,16,1666.429775215348,55,4401.676637181979,72.53789465836029,318.46582839999974,165428,0.75,1,100,0.985,0.1,1000,0.5,0.2,10,200,50,False
data1101.vrp,sa,random,True,71,6068.1064123973265,15,1637.2775133593188,56,4430.828899038008,73.01831243410118,252.71811369999978,221766,0.75,1,100,0.985,0.1,1250,0.3,0.1,10,200,50,False
data1101.vrp,sa,random,True,71,6068.1064123973265,15,1644.7595113683606,56,4423.346901028966,72.89501205832406,343.4294896000001,222586,0.75,1,100,0.985,0.1,1250,0.3,0.2,10,200,50,False
data1101.vrp,sa,random,True,71,6068.1064123973265,15,1664.2045651465262,56,4403.9018472508005,72.57456524251938,466.5572121,163357,0.75,1,100,0.985,0.1,1000,0.7,0.1,10,200,50,False
data1101.vrp,sa,random,True,71,6068.1064123973265,15,1636.8594532487846,56,4431.246959148542,73.02520189981128,364.2914093999998,207744,0.75,1,100,0.985,0.1,1250,0.5,0.1,10,200,50,False
data1101.vrp,sa,random,True,71,6068.1064123973265,15,1666.7296424061885,56,4401.376769991138,72.53295296534337,495.5665561999999,151898,0.75,1,100,0.985,0.1,1000,0.7,0.2,10,200,50,False
data1101.vrp,sa,random,True,71,6068.1064123973265,15,1637.868630450551,56,4430.237781946776,73.00857105761469,294.2950848999999,263985,0.75,1,100,0.985,0.1,1500,0.3,0.1,10,200,50,False
data1101.vrp,sa,random,True,71,6068.1064123973265,15,1670.5209658665544,56,4397.585446530772,72.47047345027389,496.84218530000044,208530,0.75,1,100,0.985,0.1,1250,0.5,0.2,10,200,50,False
data1101.vrp,sa,random,True,71,6068.1064123973265,18,2111.2512536797194,53,3956.855158717607,65.20741216129024,62.623243,87902,0.75,1,100,0.995,0.01,500,0.3,0.1,10,200,50,False
data1101.vrp,sa,random,True,71,6068.1064123973265,15,1635.9887815337934,56,4432.117630863533,73.03955022622183,527.1222143,197005,0.75,1,100,0.985,0.1,1250,0.7,0.1,10,200,50,False
data1101.vrp,sa,random,True,71,6068.1064123973265,19,2170.7259194429844,52,3897.380492954342,64.22729313038866,28.410067999999683,40881,0.75,1,100,0.995,0.01,500,0.3,0.2,10,200,50,False
data1101.vrp,sa,random,True,71,6068.1064123973265,15,1688.7961984926872,56,4379.31021390464,72.16930482559725,519.02673,188278,0.75,1,100,0.985,0.1,1250,0.7,0.2,10,200,50,False
data1101.vrp,sa,random,True,71,6068.1064123973265,15,1645.8923385474284,56,4422.214073849898,72.87634351327756,401.1988077000001,264388,0.75,1,100,0.985,0.1,1500,0.3,0.2,10,200,50,False
data1101.vrp,sa,random,True,71,6068.1064123973265,19,2201.0766937499466,52,3867.02971864738,63.727124342231704,42.880856199999926,35273,0.75,1,100,0.995,0.01,500,0.7,0.2,10,200,50,False
data1101.vrp,sa,random,True,71,6068.1064123973265,18,2059.3365934780077,53,4008.769818919319,66.06294528272082,108.7071089000001,109662,0.75,1,100,0.995,0.01,500,0.5,0.1,10,200,50,False
data1101.vrp,sa,random,True,71,6068.1064123973265,15,1638.5895606797772,56,4429.51685171755,72.99669041182125,444.7171235999999,250822,0.75,1,100,0.985,0.1,1500,0.5,0.1,10,200,50,False
data1101.vrp,sa,random,True,71,6068.1064123973265,17,1981.5682687138747,54,4086.538143683452,67.34453659768606,136.97515599999997,115595,0.75,1,100,0.995,0.01,500,0.5,0.2,10,200,50,False
data1101.vrp,sa,random,True,71,6068.1064123973265,18,2079.7655429353163,53,3988.3408694620102,65.72628425423964,95.25774809999984,140656,0.75,1,100,0.995,0.01,750,0.3,0.1,10,200,50,False
data1101.vrp,sa,random,True,71,6068.1064123973265,17,1981.5598651442751,54,4086.5465472530514,67.34467508519812,167.58408950000012,116314,0.75,1,100,0.995,0.01,500,0.7,0.1,10,200,50,False
data1101.vrp,sa,random,True,71,6068.1064123973265,18,2087.667138648917,53,3980.4392737484095,65.59606907380943,84.06837050000013,86507,0.75,1,100,0.995,0.01,750,0.5,0.1,10,200,50,False
data1101.vrp,sa,random,True,71,6068.1064123973265,16,1894.2914005413013,55,4173.815011856025,68.78282495720237,140.97103789999983,154794,0.75,1,100,0.995,0.01,750,0.3,0.2,10,200,50,False
data1101.vrp,sa,random,True,71,6068.1064123973265,15,1639.7530310387776,56,4428.353381358549,72.97751687925722,566.9563304999997,243802,0.75,1,100,0.985,0.1,1500,0.5,0.2,10,200,50,False
data1101.vrp,sa,random,True,71,6068.1064123973265,17,2009.8682886167821,54,4058.2381237805444,66.87816343315008,124.10607690000052,101022,0.75,1,100,0.995,0.01,750,0.5,0.2,10,200,50,False
data1101.vrp,sa,random,True,71,6068.1064123973265,18,2075.9721444904826,53,3992.134267906844,65.78879796423465,76.54031959999975,51797,0.75,1,100,0.995,0.01,750,0.7,0.2,10,200,50,False
data1101.vrp,sa,random,True,71,6068.1064123973265,17,1999.2439048904416,54,4068.862507506885,67.05324908597639,145.16779049999968,181930,0.75,1,100,0.995,0.01,1000,0.3,0.1,10,200,50,False
data1101.vrp,sa,random,True,71,6068.1064123973265,18,2110.35540694534,53,3957.7510054519867,65.22217536208957,103.32658580000043,93619,0.75,1,100,0.995,0.01,1000,0.5,0.2,10,200,50,False
data1101.vrp,sa,random,True,71,6068.1064123973265,15,1644.82256694994,56,4423.283845447387,72.89397292721306,680.2648260999999,240927,0.75,1,100,0.985,0.1,1500,0.7,0.1,10,200,50,False
data1101.vrp,sa,random,True,71,6068.1064123973265,17,1953.0603520122945,54,4115.0460603850315,67.81433581945542,246.42868439999984,148890,0.75,1,100,0.995,0.01,750,0.7,0.1,10,200,50,False
data1101.vrp,sa,random,True,71,6068.1064123973265,18,2079.4218862949756,53,3988.684526102351,65.73194758011077,75.59845649999988,103208,0.75,1,100,0.995,0.01,1250,0.3,0.1,10,200,50,False
data1101.vrp,sa,random,True,71,6068.1064123973265,15,1640.026352974823,56,4428.080059422504,72.97301264156808,624.9998733999996,220167,0.75,1,100,0.985,0.1,1500,0.7,0.2,10,200,50,False
data1101.vrp,sa,random,True,71,6068.1064123973265,17,1943.3418143915524,54,4124.764598005774,67.97449348578915,227.9847849000007,205819,0.75,1,100,0.995,0.01,1000,0.5,0.1,10,200,50,False
data1101.vrp,sa,random,True,71,6068.1064123973265,18,2106.654642552726,53,3961.4517698446007,65.2831624994452,151.37260440000045,99555,0.75,1,100,0.995,0.01,1000,0.7,0.2,10,200,50,False
data1101.vrp,sa,random,True,71,6068.1064123973265,17,1994.3595785975058,54,4073.7468337998207,67.13374085657152,135.0094369999997,103945,0.75,1,100,0.995,0.01,1250,0.5,0.2,10,200,50,False
data1101.vrp,sa,random,True,71,6068.1064123973265,16,1788.6782084488143,55,4279.428203948512,70.52328870181826,333.1455696000003,363529,0.75,1,100,0.995,0.01,1000,0.3,0.2,10,200,50,False
data1101.vrp,sa,random,True,71,6068.1064123973265,18,2086.440244875804,53,3981.6661675215223,65.61628779921948,192.71944920000078,189172,0.75,1,100,0.995,0.01,1250,0.5,0.1,10,200,50,False
data1101.vrp,sa,random,True,71,6068.1064123973265,17,1939.3677731354821,54,4128.738639261845,68.03998411805544,405.7761391999993,247007,0.75,1,100,0.995,0.01,1000,0.7,0.1,10,200,50,False
data1101.vrp,sa,random,True,71,6068.1064123973265,17,1940.7403238574514,54,4127.366088539875,68.01736502358528,264.62524029999986,333167,0.75,1,100,0.995,0.01,1500,0.3,0.1,10,200,50,False
data1101.vrp,sa,random,True,71,6068.1064123973265,17,1974.9416237628716,54,4093.164788634455,67.45374109247648,226.92313849999937,264918,0.75,1,100,0.995,0.01,1500,0.3,0.2,10,200,50,False
data1101.vrp,sa,random,True,71,6068.1064123973265,18,2111.2512536797194,53,3956.855158717607,65.20741216129024,63.87279800000033,87902,0.75,1,100,0.995,0.1,500,0.3,0.1,10,200,50,False
data1101.vrp,sa,random,True,71,6068.1064123973265,17,1963.8177965532404,54,4104.288615844086,67.63705737689273,398.95176450000054,235439,0.75,1,100,0.995,0.01,1250,0.7,0.2,10,200,50,False
data1101.vrp,sa,random,True,71,6068.1064123973265,17,1955.7581675322917,54,4112.348244865035,67.76987688388888,280.29243060000044,232216,0.75,1,100,0.995,0.01,1500,0.5,0.2,10,200,50,False
data1101.vrp,sa,random,True,71,6068.1064123973265,19,2170.7259194429844,52,3897.380492954342,64.22729313038866,28.993221099999573,40881,0.75,1,100,0.995,0.1,500,0.3,0.2,10,200,50,False
data1101.vrp,sa,random,True,71,6068.1064123973265,17,1990.309466281165,54,4077.7969461161615,67.20048510990344,269.0193250000002,164744,0.75,1,100,0.995,0.01,1500,0.7,0.1,10,200,50,False
data1101.vrp,sa,random,True,71,6068.1064123973265,19,2201.0766937499466,52,3867.02971864738,63.727124342231704,43.87766719999945,35273,0.75,1,100,0.995,0.1,500,0.7,0.2,10,200,50,False
data1101.vrp,sa,random,True,71,6068.1064123973265,18,2059.3365934780077,53,4008.769818919319,66.06294528272082,108.81318939999983,109662,0.75,1,100,0.995,0.1,500,0.5,0.1,10,200,50,False
data1101.vrp,sa,random,True,71,6068.1064123973265,17,1981.5682687138747,54,4086.538143683452,67.34453659768606,134.3581823000004,115595,0.75,1,100,0.995,0.1,500,0.5,0.2,10,200,50,False
data1101.vrp,sa,random,True,71,6068.1064123973265,17,1931.534382420496,54,4136.572029976831,68.1690753070132,461.8307153000005,399450,0.75,1,100,0.995,0.01,1500,0.5,0.1,10,200,50,False
data1101.vrp,sa,random,True,71,6068.1064123973265,15,1650.1317114430656,56,4417.974700954261,72.80648032025614,657.5553150000005,607288,0.75,1,100,0.995,0.01,1250,0.3,0.2,10,200,50,False
data1101.vrp,sa,random,True,71,6068.1064123973265,17,1981.5598651442751,54,4086.5465472530514,67.34467508519812,171.18130650000057,116314,0.75,1,100,0.995,0.1,500,0.7,0.1,10,200,50,False
data1101.vrp,sa,random,True,71,6068.1064123973265,18,2079.7655429353163,53,3988.3408694620102,65.72628425423964,96.51231290000032,140656,0.75,1,100,0.995,0.1,750,0.3,0.1,10,200,50,False
data1101.vrp,sa,random,True,71,6068.1064123973265,18,2087.667138648917,53,3980.4392737484095,65.59606907380943,82.98563609999928,86507,0.75,1,100,0.995,0.1,750,0.5,0.1,10,200,50,False
data1101.vrp,sa,random,True,71,6068.1064123973265,16,1794.9365381375442,55,4273.169874259782,70.42015389726134,677.1879894000003,380423,0.75,1,100,0.995,0.01,1250,0.7,0.1,10,200,50,False
data1101.vrp,sa,random,True,71,6068.1064123973265,16,1894.2914005413013,55,4173.815011856025,68.78282495720237,140.04999420000058,154794,0.75,1,100,0.995,0.1,750,0.3,0.2,10,200,50,False
data1101.vrp,sa,random,True,71,6068.1064123973265,18,2075.9721444904826,53,3992.134267906844,65.78879796423465,75.0587642999999,51797,0.75,1,100,0.995,0.1,750,0.7,0.2,10,200,50,False
data1101.vrp,sa,random,True,71,6068.1064123973265,17,2009.8682886167821,54,4058.2381237805444,66.87816343315008,121.3770370000002,101022,0.75,1,100,0.995,0.1,750,0.5,0.2,10,200,50,False
data1101.vrp,sa,random,True,71,6068.1064123973265,17,1999.2439048904416,54,4068.862507506885,67.05324908597639,143.6276984999995,181930,0.75,1,100,0.995,0.1,1000,0.3,0.1,10,200,50,False
data1101.vrp,sa,random,True,71,6068.1064123973265,18,2110.35540694534,53,3957.7510054519867,65.22217536208957,104.1744018999998,93619,0.75,1,100,0.995,0.1,1000,0.5,0.2,10,200,50,False
data1101.vrp,sa,random,True,71,6068.1064123973265,17,1953.0603520122945,54,4115.0460603850315,67.81433581945542,242.92731860000004,148890,0.75,1,100,0.995,0.1,750,0.7,0.1,10,200,50,False
data1101.vrp,sa,random,True,71,6068.1064123973265,18,2079.4218862949756,53,3988.684526102351,65.73194758011077,74.8662105000003,103208,0.75,1,100,0.995,0.1,1250,0.3,0.1,10,200,50,False
data1101.vrp,sa,random,True,71,6068.1064123973265,18,2106.654642552726,53,3961.4517698446007,65.2831624994452,149.3992957999999,99555,0.75,1,100,0.995,0.1,1000,0.7,0.2,10,200,50,False
data1101.vrp,sa,random,True,71,6068.1064123973265,17,1943.3418143915524,54,4124.764598005774,67.97449348578915,229.28965160000007,205819,0.75,1,100,0.995,0.1,1000,0.5,0.1,10,200,50,False
data1101.vrp,sa,random,True,71,6068.1064123973265,17,1994.3595785975058,54,4073.7468337998207,67.13374085657152,133.0783919000005,103945,0.75,1,100,0.995,0.1,1250,0.5,0.2,10,200,50,False
data1101.vrp,sa,random,True,71,6068.1064123973265,16,1788.6782084488143,55,4279.428203948512,70.52328870181826,338.40600989999984,363529,0.75,1,100,0.995,0.1,1000,0.3,0.2,10,200,50,False
data1101.vrp,sa,random,True,71,6068.1064123973265,18,2086.440244875804,53,3981.6661675215223,65.61628779921948,191.3320275999995,189172,0.75,1,100,0.995,0.1,1250,0.5,0.1,10,200,50,False
data1101.vrp,sa,random,True,71,6068.1064123973265,17,1939.3677731354821,54,4128.738639261845,68.03998411805544,406.24195059999965,247007,0.75,1,100,0.995,0.1,1000,0.7,0.1,10,200,50,False
data1101.vrp,sa,random,True,71,6068.1064123973265,17,1974.9416237628716,54,4093.164788634455,67.45374109247648,226.1422364,264918,0.75,1,100,0.995,0.1,1500,0.3,0.2,10,200,50,False
data1101.vrp,sa,random,True,71,6068.1064123973265,17,1940.7403238574514,54,4127.366088539875,68.01736502358528,265.4177052999994,333167,0.75,1,100,0.995,0.1,1500,0.3,0.1,10,200,50,False
data1101.vrp,sa,random,True,71,6068.1064123973265,17,1963.8177965532404,54,4104.288615844086,67.63705737689273,400.7339609999999,235439,0.75,1,100,0.995,0.1,1250,0.7,0.2,10,200,50,False
data1101.vrp,sa,random,True,71,6068.1064123973265,17,1955.7581675322917,54,4112.348244865035,67.76987688388888,287.1427196000004,232216,0.75,1,100,0.995,0.1,1500,0.5,0.2,10,200,50,False
data1101.vrp,sa,random,True,71,6068.1064123973265,16,1662.5060729063723,55,4405.600339490954,72.60255572463558,90.33526500000062,82446,0.75,1,450,0.975,0.01,500,0.3,0.1,10,200,50,False
data1101.vrp,sa,random,True,71,6068.1064123973265,15,1650.1317114430656,56,4417.974700954261,72.80648032025614,663.0625381,607288,0.75,1,100,0.995,0.1,1250,0.3,0.2,10,200,50,False
data1101.vrp,sa,random,True,71,6068.1064123973265,16,1676.508657916327,55,4391.597754480999,72.37179864724902,95.60333809999975,82995,0.75,1,450,0.975,0.01,500,0.3,0.2,10,200,50,False
data1101.vrp,sa,random,True,71,6068.1064123973265,17,1990.309466281165,54,4077.7969461161615,67.20048510990344,266.6182472999999,164744,0.75,1,100,0.995,0.1,1500,0.7,0.1,10,200,50,False
data1101.vrp,sa,random,True,71,6068.1064123973265,17,1931.534382420496,54,4136.572029976831,68.1690753070132,466.4981828,399450,0.75,1,100,0.995,0.1,1500,0.5,0.1,10,200,50,False
data1101.vrp,sa,random,True,71,6068.1064123973265,15,1649.5898272982229,56,4418.516585099103,72.81541035720697,130.63040679999995,79383,0.75,1,450,0.975,0.01,500,0.5,0.1,10,200,50,False
data1101.vrp,sa,random,True,71,6068.1064123973265,16,1794.9365381375442,55,4273.169874259782,70.42015389726134,667.7442358999997,380423,0.75,1,100,0.995,0.1,1250,0.7,0.1,10,200,50,False
data1101.vrp,sa,random,True,71,6068.1064123973265,15,1693.60979366492,56,4374.496618732406,72.08997867597009,1225.1330954999994,544669,0.75,1,100,0.995,0.01,1500,0.7,0.2,10,200,50,False
data1101.vrp,sa,random,True,71,6068.1064123973265,15,1667.289337063864,56,4400.8170753334625,72.52372941816675,140.48112930000025,77979,0.75,1,450,0.975,0.01,500,0.5,0.2,10,200,50,False
data1101.vrp,sa,random,True,71,6068.1064123973265,16,1652.178580368652,55,4415.927832028674,72.77274872778762,126.75845160000063,122330,0.75,1,450,0.975,0.01,750,0.3,0.1,10,200,50,False
data1101.vrp,sa,random,True,71,6068.1064123973265,16,1670.9704330347683,55,4397.135979362558,72.46306640864232,165.42025860000012,73605,0.75,1,450,0.975,0.01,500,0.7,0.2,10,200,50,False
data1101.vrp,sa,random,True,71,6068.1064123973265,15,1638.6376497148697,56,4429.468762682457,72.99589792349252,143.2804787999994,124252,0.75,1,450,0.975,0.01,750,0.3,0.2,10,200,50,False
data1101.vrp,sa,random,True,71,6068.1064123973265,15,1662.2989155983635,56,4405.807496798963,72.60596959535457,184.0605201999997,77451,0.75,1,450,0.975,0.01,500,0.7,0.1,10,200,50,False
data1101.vrp,sa,random,True,71,6068.1064123973265,16,1667.2524297702812,55,4400.853982627045,72.52433763580623,186.4379055999998,118926,0.75,1,450,0.975,0.01,750,0.5,0.1,10,200,50,False
data1101.vrp,sa,random,True,71,6068.1064123973265,15,1636.8982758321386,56,4431.208136565188,73.02456211895188,201.4279105000005,118178,0.75,1,450,0.975,0.01,750,0.5,0.2,10,200,50,False
data1101.vrp,sa,random,True,71,6068.1064123973265,15,1648.114787535169,56,4419.991624862158,72.83971843064552,212.28916930000014,112565,0.75,1,450,0.975,0.01,750,0.7,0.1,10,200,50,False
data1101.vrp,sa,random,True,71,6068.1064123973265,19,2214.0591844672704,52,3854.047227930056,63.51317801639273,84.55795820000003,74810,0.75,1,450,0.975,0.01,1000,0.7,0.1,10,200,50,False
data1101.vrp,sa,random,True,71,6068.1064123973265,16,1659.483545773703,55,4408.622866623624,72.6523657794905,182.50632999999925,168099,0.75,1,450,0.975,0.01,1000,0.3,0.1,10,200,50,False
data1101.vrp,sa,random,True,71,6068.1064123973265,16,1663.9050853190574,55,4404.201327078269,72.57950055194074,217.23637400000007,161445,0.75,1,450,0.975,0.01,1000,0.3,0.2,10,200,50,False
data1101.vrp,sa,random,True,71,6068.1064123973265,15,1676.7221005130484,56,4391.384311884278,72.36828119745141,280.15519309999945,110353,0.75,1,450,0.975,0.01,750,0.7,0.2,10,200,50,False
data1101.vrp,sa,random,True,71,6068.1064123973265,19,2244.005158852668,52,3824.1012535446584,63.01968017126237,75.97807980000016,106863,0.75,1,450,0.975,0.01,1250,0.3,0.2,10,200,50,False
data1101.vrp,sa,random,True,71,6068.1064123973265,15,1664.5021283669284,56,4403.604284030398,72.56966151802645,284.63414509999984,162169,0.75,1,450,0.975,0.01,1000,0.5,0.1,10,200,50,False
data1101.vrp,sa,random,True,71,6068.1064123973265,16,1668.5454106829814,55,4399.561001714345,72.50302982040506,248.12043600000015,156031,0.75,1,450,0.975,0.01,1000,0.5,0.2,10,200,50,False
data1101.vrp,sa,random,True,71,6068.1064123973265,19,2241.672670320008,52,3826.4337420773186,63.05811866218756,87.66944689999946,93618,0.75,1,450,0.975,0.01,1250,0.5,0.2,10,200,50,False
data1101.vrp,sa,random,True,71,6068.1064123973265,19,2228.1522418874065,52,3839.95417050992,63.28092998937488,85.86445300000014,74937,0.75,1,450,0.975,0.01,1250,0.7,0.1,10,200,50,False
data1101.vrp,sa,random,True,71,6068.1064123973265,16,1663.1797198710387,55,4404.926692526287,72.59145428839032,244.11172650000026,210827,0.75,1,450,0.975,0.01,1250,0.3,0.1,10,200,50,False
data1101.vrp,sa,random,True,71,6068.1064123973265,18,2067.393730654796,53,4000.7126817425305,65.93016684033346,183.02052809999986,133485,0.75,1,450,0.975,0.01,1250,0.7,0.2,10,200,50,False
data1101.vrp,sa,random,True,71,6068.1064123973265,16,1661.6320780231463,55,4406.47433437418,72.61695881554778,357.1066034000005,148179,0.75,1,450,0.975,0.01,1000,0.7,0.2,10,200,50,False
data1101.vrp,sa,random,True,71,6068.1064123973265,16,1671.755550399396,55,4396.35086199793,72.45012798417726,326.8749028000002,204886,0.75,1,450,0.975,0.01,1250,0.5,0.1,10,200,50,False
data1101.vrp,sa,random,True,71,6068.1064123973265,15,1660.1812424130683,56,4407.925169984258,72.64086801409304,294.43348120000064,259881,0.75,1,450,0.975,0.01,1500,0.3,0.1,10,200,50,False
data1101.vrp,sa,random,True,71,6068.1064123973265,16,1662.5060729063723,55,4405.600339490954,72.60255572463558,90.2196928000003,82446,0.75,1,450,0.975,0.1,500,0.3,0.1,10,200,50,False
data1101.vrp,sa,random,True,71,6068.1064123973265,15,1660.8766679813048,56,4407.229744416021,72.62940767505192,342.8272052000002,255792,0.75,1,450,0.975,0.01,1500,0.3,0.2,10,200,50,False
data1101.vrp,sa,random,True,71,6068.1064123973265,15,1640.7596336146228,56,4427.346778782704,72.96092846588022,343.33987499999967,237123,0.75,1,450,0.975,0.01,1500,0.5,0.1,10,200,50,False
data1101.vrp,sa,random,True,71,6068.1064123973265,16,1676.508657916327,55,4391.597754480999,72.37179864724902,94.86660870000014,82995,0.75,1,450,0.975,0.1,500,0.3,0.2,10,200,50,False
data1101.vrp,sa,random,True,71,6068.1064123973265,15,1649.5898272982229,56,4418.516585099103,72.81541035720697,127.65196939999987,79383,0.75,1,450,0.975,0.1,500,0.5,0.1,10,200,50,False
data1101.vrp,sa,random,True,71,6068.1064123973265,15,1693.60979366492,56,4374.496618732406,72.08997867597009,1216.3440362000001,544669,0.75,1,100,0.995,0.1,1500,0.7,0.2,10,200,50,False
data1101.vrp,sa,random,True,71,6068.1064123973265,15,1667.289337063864,56,4400.8170753334625,72.52372941816675,140.18541659999937,77979,0.75,1,450,0.975,0.1,500,0.5,0.2,10,200,50,False
data1101.vrp,sa,random,True,71,6068.1064123973265,15,1640.9724517964664,56,4427.1339606008605,72.95742130619348,433.7747260999995,240742,0.75,1,450,0.975,0.01,1500,0.5,0.2,10,200,50,False
data1101.vrp,sa,random,True,71,6068.1064123973265,16,1670.9704330347683,55,4397.135979362558,72.46306640864232,163.9283022999998,73605,0.75,1,450,0.975,0.1,500,0.7,0.2,10,200,50,False
data1101.vrp,sa,random,True,71,6068.1064123973265,15,1662.2989155983635,56,4405.807496798963,72.60596959535457,180.83762949999982,77451,0.75,1,450,0.975,0.1,500,0.7,0.1,10,200,50,False
data1101.vrp,sa,random,True,71,6068.1064123973265,16,1652.178580368652,55,4415.927832028674,72.77274872778762,128.21029230000022,122330,0.75,1,450,0.975,0.1,750,0.3,0.1,10,200,50,False
data1101.vrp,sa,random,True,71,6068.1064123973265,15,1636.7181287847632,56,4431.388283612563,73.0275308712303,461.33689270000013,225353,0.75,1,450,0.975,0.01,1500,0.7,0.1,10,200,50,False
data1101.vrp,sa,random,True,71,6068.1064123973265,15,1638.6376497148697,56,4429.468762682457,72.99589792349252,145.2579940000005,124252,0.75,1,450,0.975,0.1,750,0.3,0.2,10,200,50,False
data1101.vrp,sa,random,True,71,6068.1064123973265,16,1667.2524297702812,55,4400.853982627045,72.52433763580623,188.1108352000001,118926,0.75,1,450,0.975,0.1,750,0.5,0.1,10,200,50,False
data1101.vrp,sa,random,True,71,6068.1064123973265,16,1665.2551871007483,55,4402.851225296578,72.55725140715099,547.6741811000002,221402,0.75,1,450,0.975,0.01,1500,0.7,0.2,10,200,50,False
data1101.vrp,sa,random,True,71,6068.1064123973265,15,1636.8982758321386,56,4431.208136565188,73.02456211895188,201.0561413000005,118178,0.75,1,450,0.975,0.1,750,0.5,0.2,10,200,50,False
data1101.vrp,sa,random,True,71,6068.1064123973265,15,1648.114787535169,56,4419.991624862158,72.83971843064552,209.80601860000024,112565,0.75,1,450,0.975,0.1,750,0.7,0.1,10,200,50,False
data1101.vrp,sa,random,True,71,6068.1064123973265,16,1659.483545773703,55,4408.622866623624,72.6523657794905,180.3273235000006,168099,0.75,1,450,0.975,0.1,1000,0.3,0.1,10,200,50,False
data1101.vrp,sa,random,True,71,6068.1064123973265,19,2214.0591844672704,52,3854.047227930056,63.51317801639273,83.34357900000032,74810,0.75,1,450,0.975,0.1,1000,0.7,0.1,10,200,50,False
data1101.vrp,sa,random,True,71,6068.1064123973265,15,1676.7221005130484,56,4391.384311884278,72.36828119745141,279.0064075,110353,0.75,1,450,0.975,0.1,750,0.7,0.2,10,200,50,False
data1101.vrp,sa,random,True,71,6068.1064123973265,19,2244.005158852668,52,3824.1012535446584,63.01968017126237,76.5380052999999,106863,0.75,1,450,0.975,0.1,1250,0.3,0.2,10,200,50,False
data1101.vrp,sa,random,True,71,6068.1064123973265,16,1663.9050853190574,55,4404.201327078269,72.57950055194074,220.12319959999968,161445,0.75,1,450,0.975,0.1,1000,0.3,0.2,10,200,50,False
data1101.vrp,sa,random,True,71,6068.1064123973265,15,1664.5021283669284,56,4403.604284030398,72.56966151802645,283.44002960000034,162169,0.75,1,450,0.975,0.1,1000,0.5,0.1,10,200,50,False
data1101.vrp,sa,random,True,71,6068.1064123973265,19,2241.672670320008,52,3826.4337420773186,63.05811866218756,88.27482730000065,93618,0.75,1,450,0.975,0.1,1250,0.5,0.2,10,200,50,False
data1101.vrp,sa,random,True,71,6068.1064123973265,19,2228.1522418874065,52,3839.95417050992,63.28092998937488,88.01371670000026,74937,0.75,1,450,0.975,0.1,1250,0.7,0.1,10,200,50,False
data1101.vrp,sa,random,True,71,6068.1064123973265,16,1668.5454106829814,55,4399.561001714345,72.50302982040506,246.35557549999976,156031,0.75,1,450,0.975,0.1,1000,0.5,0.2,10,200,50,False
data1101.vrp,sa,random,True,71,6068.1064123973265,16,1663.1797198710387,55,4404.926692526287,72.59145428839032,237.64760209999986,210827,0.75,1,450,0.975,0.1,1250,0.3,0.1,10,200,50,False
data1101.vrp,sa,random,True,71,6068.1064123973265,18,2067.393730654796,53,4000.7126817425305,65.93016684033346,181.3268425999995,133485,0.75,1,450,0.975,0.1,1250,0.7,0.2,10,200,50,False
data1101.vrp,sa,random,True,71,6068.1064123973265,16,1661.6320780231463,55,4406.47433437418,72.61695881554778,362.34007870000005,148179,0.75,1,450,0.975,0.1,1000,0.7,0.2,10,200,50,False
data1101.vrp,sa,random,True,71,6068.1064123973265,16,1671.755550399396,55,4396.35086199793,72.45012798417726,327.8142159000008,204886,0.75,1,450,0.975,0.1,1250,0.5,0.1,10,200,50,False
data1101.vrp,sa,random,True,71,6068.1064123973265,15,1660.1812424130683,56,4407.925169984258,72.64086801409304,302.71230260000084,259881,0.75,1,450,0.975,0.1,1500,0.3,0.1,10,200,50,False
data1101.vrp,sa,random,True,71,6068.1064123973265,16,1655.432319083141,55,4412.6740933141855,72.71912839727,150.54414149999957,137832,0.75,1,450,0.985,0.01,500,0.3,0.1,10,200,50,False
data1101.vrp,sa,random,True,71,6068.1064123973265,15,1660.8766679813048,56,4407.229744416021,72.62940767505192,348.29734200000075,255792,0.75,1,450,0.975,0.1,1500,0.3,0.2,10,200,50,False
data1101.vrp,sa,random,True,71,6068.1064123973265,15,1640.7596336146228,56,4427.346778782704,72.96092846588022,343.84437159999925,237123,0.75,1,450,0.975,0.1,1500,0.5,0.1,10,200,50,False
data1101.vrp,sa,random,True,71,6068.1064123973265,19,2197.8916277516887,52,3870.214784645638,63.77961297347507,52.26042150000012,55974,0.75,1,450,0.985,0.01,500,0.5,0.2,10,200,50,False
data1101.vrp,sa,random,True,71,6068.1064123973265,16,1661.2778889739122,55,4406.8285234234145,72.62279571136277,161.88042829999995,137059,0.75,1,450,0.985,0.01,500,0.3,0.2,10,200,50,False
data1101.vrp,sa,random,True,71,6068.1064123973265,15,1640.9724517964664,56,4427.1339606008605,72.95742130619348,428.3767160999996,240742,0.75,1,450,0.975,0.1,1500,0.5,0.2,10,200,50,False
data1101.vrp,sa,random,True,71,6068.1064123973265,15,1638.6998220517446,56,4429.406590345582,72.99487334790585,220.81632639999953,135470,0.75,1,450,0.985,0.01,500,0.5,0.1,10,200,50,False
data1101.vrp,sa,random,True,71,6068.1064123973265,15,1636.7181287847632,56,4431.388283612563,73.0275308712303,455.3573296000004,225353,0.75,1,450,0.975,0.1,1500,0.7,0.1,10,200,50,False
data1101.vrp,sa,random,True,71,6068.1064123973265,18,2075.3117774675093,53,3992.794634929817,65.79968055227931,122.86939340000026,126064,0.75,1,450,0.985,0.01,750,0.5,0.1,10,200,50,False
data1101.vrp,sa,random,True,71,6068.1064123973265,15,1638.9162008193664,56,4429.19021157796,72.99130751117004,220.75765070000034,213221,0.75,1,450,0.985,0.01,750,0.3,0.1,10,200,50,False
data1101.vrp,sa,random,True,71,6068.1064123973265,15,1640.3336986426768,56,4427.77271375465,72.9679477062,222.8714815000003,206258,0.75,1,450,0.985,0.01,750,0.3,0.2,10,200,50,False
data1101.vrp,sa,random,True,71,6068.1064123973265,16,1652.422109934516,55,4415.684302462811,72.7687354566069,273.23557959999926,122926,0.75,1,450,0.985,0.01,500,0.7,0.2,10,200,50,False
data1101.vrp,sa,random,True,71,6068.1064123973265,15,1659.9445161420144,56,4408.161896255312,72.64476916965897,295.07616119999966,128124,0.75,1,450,0.985,0.01,500,0.7,0.1,10,200,50,False
data1101.vrp,sa,random,True,71,6068.1064123973265,16,1665.2551871007483,55,4402.851225296578,72.55725140715099,557.9956174999998,221402,0.75,1,450,0.975,0.1,1500,0.7,0.2,10,200,50,False
data1101.vrp,sa,random,True,71,6068.1064123973265,19,2224.1330062157276,52,3843.973406181599,63.34716540778263,82.86755300000004,119149,0.75,1,450,0.985,0.01,1000,0.3,0.2,10,200,50,False
data1101.vrp,sa,random,True,71,6068.1064123973265,18,2087.4585128359317,53,3980.6478995613948,65.59950714491113,133.63080069999978,99601,0.75,1,450,0.985,0.01,750,0.7,0.2,10,200,50,False
data1101.vrp,sa,random,True,71,6068.1064123973265,18,2105.297168668195,53,3962.8092437291316,65.30553313358169,199.39401910000015,147876,0.75,1,450,0.985,0.01,1000,0.7,0.1,10,200,50,False
data1101.vrp,sa,random,True,71,6068.1064123973265,15,1638.2750752328382,56,4429.831337164488,73.00187300793222,258.78025080000043,273812,0.75,1,450,0.985,0.01,1000,0.3,0.1,10,200,50,False
data1101.vrp,sa,random,True,71,6068.1064123973265,15,1644.3583177533667,56,4423.74809464396,72.90162357084094,385.75178959999903,198517,0.75,1,450,0.985,0.01,750,0.5,0.2,10,200,50,False
data1101.vrp,sa,random,True,71,6068.1064123973265,16,1662.4778358521894,55,4405.628576545138,72.6030210601499,394.6042533999989,190629,0.75,1,450,0.985,0.01,750,0.7,0.1,10,200,50,False
data1101.vrp,sa,random,True,71,6068.1064123973265,18,2105.4732845018257,53,3962.633127895501,65.3026308141156,110.13601019999987,150187,0.75,1,450,0.985,0.01,1250,0.3,0.2,10,200,50,False
data1101.vrp,sa,random,True,71,6068.1064123973265,15,1649.0695208554696,56,4419.036891541857,72.8239848021391,398.9940329000001,271427,0.75,1,450,0.985,0.01,1000,0.5,0.1,10,200,50,False
data1101.vrp,sa,random,True,71,6068.1064123973265,15,1638.617617893608,56,4429.488794503719,72.99622804000501,363.65841720000026,346297,0.75,1,450,0.985,0.01,1250,0.3,0.1,10,200,50,False
data1101.vrp,sa,random,True,71,6068.1064123973265,15,1644.998790445777,56,4423.107621951549,72.89106883351626,489.6762546000009,264997,0.75,1,450,0.985,0.01,1000,0.5,0.2,10,200,50,False
data1101.vrp,sa,random,True,71,6068.1064123973265,17,1983.778938614709,54,4084.3274737826177,67.30810562975975,263.96734560000004,207504,0.75,1,450,0.985,0.01,1250,0.5,0.2,10,200,50,False
data1101.vrp,sa,random,True,71,6068.1064123973265,18,2148.95748249227,53,3919.1489299050563,64.58602838437565,204.2911632000014,140492,0.75,1,450,0.985,0.01,1250,0.7,0.2,10,200,50,False
data1101.vrp,sa,random,True,71,6068.1064123973265,18,2118.4436946551,53,3949.6627177422265,65.08888357120675,133.62302499999896,178832,0.75,1,450,0.985,0.01,1500,0.3,0.2,10,200,50,False
data1101.vrp,sa,random,True,71,6068.1064123973265,18,2035.988692468135,53,4032.1177199291915,66.44770948135405,185.78451639999912,183089,0.75,1,450,0.985,0.01,1500,0.5,0.1,10,200,50,False
data1101.vrp,sa,random,True,71,6068.1064123973265,15,1657.91021371569,56,4410.196198681637,72.67829367117675,700.1357947999995,249817,0.75,1,450,0.985,0.01,1000,0.7,0.2,10,200,50,False
data1101.vrp,sa,random,True,71,6068.1064123973265,16,1660.2627637907985,55,4407.8436486065275,72.63952457394565,539.2462916000004,339077,0.75,1,450,0.985,0.01,1250,0.5,0.1,10,200,50,False
data1101.vrp,sa,random,True,71,6068.1064123973265,16,1655.432319083141,55,4412.6740933141855,72.71912839727,149.79648839999936,137832,0.75,1,450,0.985,0.1,500,0.3,0.1,10,200,50,False
data1101.vrp,sa,random,True,71,6068.1064123973265,15,1669.3632474205633,56,4398.743164976763,72.48955219358047,465.25131950000105,421609,0.75,1,450,0.985,0.01,1500,0.3,0.1,10,200,50,False
data1101.vrp,sa,random,True,71,6068.1064123973265,19,2197.8916277516887,52,3870.214784645638,63.77961297347507,51.9410399999997,55974,0.75,1,450,0.985,0.1,500,0.5,0.2,10,200,50,False
data1101.vrp,sa,random,True,71,6068.1064123973265,16,1661.2778889739122,55,4406.8285234234145,72.62279571136277,165.98382350000065,137059,0.75,1,450,0.985,0.1,500,0.3,0.2,10,200,50,False
data1101.vrp,sa,random,True,71,6068.1064123973265,15,1638.6998220517446,56,4429.406590345582,72.99487334790585,225.0135881999995,135470,0.75,1,450,0.985,0.1,500,0.5,0.1,10,200,50,False
data1101.vrp,sa,random,True,71,6068.1064123973265,15,1653.956835978739,56,4414.1495764185875,72.74344377679905,744.4555665000007,319358,0.75,1,450,0.985,0.01,1250,0.7,0.1,10,200,50,False
data1101.vrp,sa,random,True,71,6068.1064123973265,15,1638.9162008193664,56,4429.19021157796,72.99130751117004,216.22804400000132,213221,0.75,1,450,0.985,0.1,750,0.3,0.1,10,200,50,False
data1101.vrp,sa,random,True,71,6068.1064123973265,15,1659.9445161420144,56,4408.161896255312,72.64476916965897,298.23447189999933,128124,0.75,1,450,0.985,0.1,500,0.7,0.1,10,200,50,False
data1101.vrp,sa,random,True,71,6068.1064123973265,18,2075.3117774675093,53,3992.794634929817,65.79968055227931,123.26517469999999,126064,0.75,1,450,0.985,0.1,750,0.5,0.1,10,200,50,False
data1101.vrp,sa,random,True,71,6068.1064123973265,16,1652.422109934516,55,4415.684302462811,72.7687354566069,276.5271703999988,122926,0.75,1,450,0.985,0.1,500,0.7,0.2,10,200,50,False
data1101.vrp,sa,random,True,71,6068.1064123973265,15,1640.3336986426768,56,4427.77271375465,72.9679477062,227.70676609999828,206258,0.75,1,450,0.985,0.1,750,0.3,0.2,10,200,50,False
data1101.vrp,sa,random,True,71,6068.1064123973265,18,2087.4585128359317,53,3980.6478995613948,65.59950714491113,134.2083058999997,99601,0.75,1,450,0.985,0.1,750,0.7,0.2,10,200,50,False
data1101.vrp,sa,random,True,71,6068.1064123973265,19,2224.1330062157276,52,3843.973406181599,63.34716540778263,85.78710920000049,119149,0.75,1,450,0.985,0.1,1000,0.3,0.2,10,200,50,False
data1101.vrp,sa,random,True,71,6068.1064123973265,15,1659.125399551682,56,4408.981012845645,72.65826788795204,807.9527980999992,397003,0.75,1,450,0.985,0.01,1500,0.5,0.2,10,200,50,False
data1101.vrp,sa,random,True,71,6068.1064123973265,15,1638.2750752328382,56,4429.831337164488,73.00187300793222,258.9177562999994,273812,0.75,1,450,0.985,0.1,1000,0.3,0.1,10,200,50,False
data1101.vrp,sa,random,True,71,6068.1064123973265,15,1635.988781533793,56,4432.117630863533,73.03955022622183,911.3821712999998,366318,0.75,1,450,0.985,0.01,1500,0.7,0.2,10,200,50,False
data1101.vrp,sa,random,True,71,6068.1064123973265,15,1644.3583177533667,56,4423.74809464396,72.90162357084094,386.1015548999985,198517,0.75,1,450,0.985,0.1,750,0.5,0.2,10,200,50,False
data1101.vrp,sa,random,True,71,6068.1064123973265,18,2105.297168668195,53,3962.8092437291316,65.30553313358169,200.8802185000004,147876,0.75,1,450,0.985,0.1,1000,0.7,0.1,10,200,50,False
data1101.vrp,sa,random,True,71,6068.1064123973265,16,1662.4778358521894,55,4405.628576545138,72.6030210601499,401.73005530000046,190629,0.75,1,450,0.985,0.1,750,0.7,0.1,10,200,50,False
data1101.vrp,sa,random,True,71,6068.1064123973265,15,1666.165728579877,56,4401.940683817449,72.54224604275478,1020.4139737000005,386088,0.75,1,450,0.985,0.01,1500,0.7,0.1,10,200,50,False
data1101.vrp,sa,random,True,71,6068.1064123973265,18,2105.4732845018257,53,3962.633127895501,65.3026308141156,106.79894749999949,150187,0.75,1,450,0.985,0.1,1250,0.3,0.2,10,200,50,False
data1101.vrp,sa,random,True,71,6068.1064123973265,15,1649.0695208554696,56,4419.036891541857,72.8239848021391,395.46177119999993,271427,0.75,1,450,0.985,0.1,1000,0.5,0.1,10,200,50,False
data1101.vrp,sa,random,True,71,6068.1064123973265,15,1644.998790445777,56,4423.107621951549,72.89106883351626,497.13361350000014,264997,0.75,1,450,0.985,0.1,1000,0.5,0.2,10,200,50,False
data1101.vrp,sa,random,True,71,6068.1064123973265,17,1983.778938614709,54,4084.3274737826177,67.30810562975975,262.6806950000009,207504,0.75,1,450,0.985,0.1,1250,0.5,0.2,10,200,50,False
data1101.vrp,sa,random,True,71,6068.1064123973265,18,2148.95748249227,53,3919.1489299050563,64.58602838437565,204.65431870000066,140492,0.75,1,450,0.985,0.1,1250,0.7,0.2,10,200,50,False
data1101.vrp,sa,random,True,71,6068.1064123973265,15,1638.617617893608,56,4429.488794503719,72.99622804000501,362.2645619999985,346297,0.75,1,450,0.985,0.1,1250,0.3,0.1,10,200,50,False
data1101.vrp,sa,random,True,71,6068.1064123973265,18,2118.4436946551,53,3949.6627177422265,65.08888357120675,133.4594640000014,178832,0.75,1,450,0.985,0.1,1500,0.3,0.2,10,200,50,False
data1101.vrp,sa,random,True,71,6068.1064123973265,18,2035.988692468135,53,4032.1177199291915,66.44770948135405,186.03022790000068,183089,0.75,1,450,0.985,0.1,1500,0.5,0.1,10,200,50,False
data1101.vrp,sa,random,True,71,6068.1064123973265,20,2361.3340713004663,51,3706.77234109686,61.086145976672576,31.019924599999285,52288,0.75,1,450,0.995,0.01,500,0.3,0.1,10,200,50,False
data1101.vrp,sa,random,True,71,6068.1064123973265,20,2383.0024045823984,51,3685.104007814928,60.72906039165939,33.59618010000122,54181,0.75,1,450,0.995,0.01,500,0.3,0.2,10,200,50,False
data1101.vrp,sa,random,True,71,6068.1064123973265,16,1660.2627637907985,55,4407.8436486065275,72.63952457394565,534.2473809999992,339077,0.75,1,450,0.985,0.1,1250,0.5,0.1,10,200,50,False
data1101.vrp,sa,random,True,71,6068.1064123973265,15,1657.91021371569,56,4410.196198681637,72.67829367117675,696.4693953000005,249817,0.75,1,450,0.985,0.1,1000,0.7,0.2,10,200,50,False
data1101.vrp,sa,random,True,71,6068.1064123973265,20,2399.3182259190685,51,3668.788186478258,60.46018209210722,47.86951919999956,56407,0.75,1,450,0.995,0.01,500,0.5,0.2,10,200,50,False
data1101.vrp,sa,random,True,71,6068.1064123973265,19,2226.821536761091,52,3841.2848756362355,63.30285948493542,60.374227399999654,69764,0.75,1,450,0.995,0.01,500,0.5,0.1,10,200,50,False
data1101.vrp,sa,random,True,71,6068.1064123973265,15,1669.3632474205633,56,4398.743164976763,72.48955219358047,457.0111487000013,421609,0.75,1,450,0.985,0.1,1500,0.3,0.1,10,200,50,False
data1101.vrp,sa,random,True,71,6068.1064123973265,19,2228.1665750796756,52,3839.939837317651,63.28069378402027,68.2606166000005,62732,0.75,1,450,0.995,0.01,500,0.7,0.1,10,200,50,False
data1101.vrp,sa,random,True,71,6068.1064123973265,18,2156.3340025997277,53,3911.772409797599,64.46446624280894,75.65595919999942,60228,0.75,1,450,0.995,0.01,500,0.7,0.2,10,200,50,False
data1101.vrp,sa,random,True,71,6068.1064123973265,19,2237.119930068139,52,3830.9864823291873,63.13314602562614,97.45735360000072,143550,0.75,1,450,0.995,0.01,750,0.3,0.2,10,200,50,False
data1101.vrp,sa,random,True,71,6068.1064123973265,18,2124.030763100374,53,3944.0756492969526,64.99681088715066,157.90221139999994,224550,0.75,1,450,0.995,0.01,750,0.3,0.1,10,200,50,False
data1101.vrp,sa,random,True,71,6068.1064123973265,19,2242.3960063117675,52,3825.710406085559,63.046198370376565,109.32513810000091,124435,0.75,1,450,0.995,0.01,750,0.5,0.1,10,200,50,False
data1101.vrp,sa,random,True,71,6068.1064123973265,15,1653.956835978739,56,4414.1495764185875,72.74344377679905,759.0505207999995,319358,0.75,1,450,0.985,0.1,1250,0.7,0.1,10,200,50,False
data1101.vrp,sa,random,True,71,6068.1064123973265,19,2227.9730485748414,52,3840.133363822485,63.28388302447985,101.75122790000023,88999,0.75,1,450,0.995,0.01,750,0.7,0.1,10,200,50,False
data1101.vrp,sa,random,True,71,6068.1064123973265,19,2243.9071287212655,52,3824.199283676061,63.02129566915809,66.2747417999999,100700,0.75,1,450,0.995,0.01,1000,0.3,0.1,10,200,50,False
data1101.vrp,sa,random,True,71,6068.1064123973265,19,2225.89810220552,52,3842.2083101918065,63.31807732214547,101.24751529999958,84406,0.75,1,450,0.995,0.01,750,0.7,0.2,10,200,50,False
data1101.vrp,sa,random,True,71,6068.1064123973265,18,2139.369438775395,53,3928.7369736219316,64.74403556264936,198.00924120000127,190665,0.75,1,450,0.995,0.01,750,0.5,0.2,10,200,50,False
data1101.vrp,sa,random,True,71,6068.1064123973265,18,2119.244788128177,53,3948.8616242691496,65.0756818667765,139.95260750000125,179908,0.75,1,450,0.995,0.01,1000,0.3,0.2,10,200,50,False
data1101.vrp,sa,random,True,71,6068.1064123973265,18,2150.6175762609982,53,3917.4888361363282,64.55867069392157,176.42281490000096,178722,0.75,1,450,0.995,0.01,1000,0.5,0.1,10,200,50,False
data1101.vrp,sa,random,True,71,6068.1064123973265,18,2140.790732949848,53,3927.3156794474785,64.72061319531004,120.82892229999925,178749,0.75,1,450,0.995,0.01,1250,0.3,0.1,10,200,50,False
data1101.vrp,sa,random,True,71,6068.1064123973265,17,2014.0374425722187,54,4054.068969825108,66.80945742056404,229.84127570000055,178592,0.75,1,450,0.995,0.01,1000,0.5,0.2,10,200,50,False
data1101.vrp,sa,random,True,71,6068.1064123973265,15,1659.125399551682,56,4408.981012845645,72.65826788795204,796.3843980999991,397003,0.75,1,450,0.985,0.1,1500,0.5,0.2,10,200,50,False
data1101.vrp,sa,random,True,71,6068.1064123973265,18,2129.5114289985436,53,3938.594983398783,64.9064916750984,144.87586589999955,191941,0.75,1,450,0.995,0.01,1250,0.3,0.2,10,200,50,False
data1101.vrp,sa,random,True,71,6068.1064123973265,17,2035.5250629599152,54,4032.5813494374115,66.45534991276232,268.5445505000007,168210,0.75,1,450,0.995,0.01,1000,0.7,0.2,10,200,50,False
data1101.vrp,sa,random,True,71,6068.1064123973265,19,2239.910386121974,52,3828.1960262753523,63.087160410605705,90.26477390000036,97186,0.75,1,450,0.995,0.01,1250,0.5,0.2,10,200,50,False
data1101.vrp,sa,random,True,71,6068.1064123973265,18,2120.526111348534,53,3947.5803010487925,65.05456616554656,353.41325920000054,268088,0.75,1,450,0.995,0.01,1000,0.7,0.1,10,200,50,False
data1101.vrp,sa,random,True,71,6068.1064123973265,18,2105.002926704251,53,3963.1034856930755,65.31038212507833,221.9170094000001,227087,0.75,1,450,0.995,0.01,1250,0.5,0.1,10,200,50,False
data1101.vrp,sa,random,True,71,6068.1064123973265,19,2238.9580031854753,52,3829.1484092118512,63.102855305714215,152.83309519999966,232055,0.75,1,450,0.995,0.01,1500,0.3,0.1,10,200,50,False
data1101.vrp,sa,random,True,71,6068.1064123973265,18,2103.8094338789388,53,3964.2969785183877,65.33005041604426,200.36109170000054,149736,0.75,1,450,0.995,0.01,1250,0.7,0.1,10,200,50,False
data1101.vrp,sa,random,True,71,6068.1064123973265,15,1666.165728579877,56,4401.940683817449,72.54224604275478,998.3446127999996,386088,0.75,1,450,0.985,0.1,1500,0.7,0.1,10,200,50,False
data1101.vrp,sa,random,True,71,6068.1064123973265,15,1635.988781533793,56,4432.117630863533,73.03955022622183,922.6041576999996,366318,0.75,1,450,0.985,0.1,1500,0.7,0.2,10,200,50,False
data1101.vrp,sa,random,True,71,6068.1064123973265,20,2361.3340713004663,51,3706.77234109686,61.086145976672576,30.64029450000089,52288,0.75,1,450,0.995,0.1,500,0.3,0.1,10,200,50,False
data1101.vrp,sa,random,True,71,6068.1064123973265,20,2383.0024045823984,51,3685.104007814928,60.72906039165939,34.628892599999745,54181,0.75,1,450,0.995,0.1,500,0.3,0.2,10,200,50,False
data1101.vrp,sa,random,True,71,6068.1064123973265,19,2226.821536761091,52,3841.2848756362355,63.30285948493542,58.790902200000346,69764,0.75,1,450,0.995,0.1,500,0.5,0.1,10,200,50,False
data1101.vrp,sa,random,True,71,6068.1064123973265,20,2399.3182259190685,51,3668.788186478258,60.46018209210722,48.2930477000009,56407,0.75,1,450,0.995,0.1,500,0.5,0.2,10,200,50,False
data1101.vrp,sa,random,True,71,6068.1064123973265,19,2197.23077050052,52,3870.8756418968064,63.790503640287014,145.67816940000012,148959,0.75,1,450,0.995,0.01,1500,0.5,0.2,10,200,50,False
data1101.vrp,sa,random,True,71,6068.1064123973265,18,2106.2104130585817,53,3961.895999338745,65.29048322627419,297.9544163999999,361749,0.75,1,450,0.995,0.01,1500,0.3,0.2,10,200,50,False
data1101.vrp,sa,random,True,71,6068.1064123973265,18,2104.763121439233,53,3963.3432909580933,65.31433402125022,322.9742351999994,238899,0.75,1,450,0.995,0.01,1250,0.7,0.2,10,200,50,False
data1101.vrp,sa,random,True,71,6068.1064123973265,19,2228.1665750796756,52,3839.939837317651,63.28069378402027,69.43439209999997,62732,0.75,1,450,0.995,0.1,500,0.7,0.1,10,200,50,False
data1101.vrp,sa,random,True,71,6068.1064123973265,18,2156.3340025997277,53,3911.772409797599,64.46446624280894,78.28231039999991,60228,0.75,1,450,0.995,0.1,500,0.7,0.2,10,200,50,False
data1101.vrp,sa,random,True,71,6068.1064123973265,17,2034.8264983476884,54,4033.279914049638,66.46686198201014,308.88698359999944,266939,0.75,1,450,0.995,0.01,1500,0.5,0.1,10,200,50,False
data1101.vrp,sa,random,True,71,6068.1064123973265,19,2237.119930068139,52,3830.9864823291873,63.13314602562614,99.5934870000001,143550,0.75,1,450,0.995,0.1,750,0.3,0.2,10,200,50,False
data1101.vrp,sa,random,True,71,6068.1064123973265,19,2242.3960063117675,52,3825.710406085559,63.046198370376565,109.50864349999938,124435,0.75,1,450,0.995,0.1,750,0.5,0.1,10,200,50,False
data1101.vrp,sa,random,True,71,6068.1064123973265,18,2124.030763100374,53,3944.0756492969526,64.99681088715066,159.2589355,224550,0.75,1,450,0.995,0.1,750,0.3,0.1,10,200,50,False
data1101.vrp,sa,random,True,71,6068.1064123973265,17,2021.0771187166783,54,4047.029293680648,66.69344633463322,294.7185233,179949,0.75,1,450,0.995,0.01,1500,0.7,0.1,10,200,50,False
data1101.vrp,sa,random,True,71,6068.1064123973265,19,2227.9730485748414,52,3840.133363822485,63.28388302447985,102.08239309999954,88999,0.75,1,450,0.995,0.1,750,0.7,0.1,10,200,50,False
data1101.vrp,sa,random,True,71,6068.1064123973265,19,2243.9071287212655,52,3824.199283676061,63.02129566915809,66.22975960000076,100700,0.75,1,450,0.995,0.1,1000,0.3,0.1,10,200,50,False
data1101.vrp,sa,random,True,71,6068.1064123973265,19,2225.89810220552,52,3842.2083101918065,63.31807732214547,101.92384709999897,84406,0.75,1,450,0.995,0.1,750,0.7,0.2,10,200,50,False
data1101.vrp,sa,random,True,71,6068.1064123973265,18,2139.369438775395,53,3928.7369736219316,64.74403556264936,191.82347520000076,190665,0.75,1,450,0.995,0.1,750,0.5,0.2,10,200,50,False
data1101.vrp,sa,random,True,71,6068.1064123973265,18,2119.244788128177,53,3948.8616242691496,65.0756818667765,137.29614969999966,179908,0.75,1,450,0.995,0.1,1000,0.3,0.2,10,200,50,False
data1101.vrp,sa,random,True,71,6068.1064123973265,18,2140.790732949848,53,3927.3156794474785,64.72061319531004,122.63667739999983,178749,0.75,1,450,0.995,0.1,1250,0.3,0.1,10,200,50,False
data1101.vrp,sa,random,True,71,6068.1064123973265,18,2150.6175762609982,53,3917.4888361363282,64.55867069392157,180.94226979999985,178722,0.75,1,450,0.995,0.1,1000,0.5,0.1,10,200,50,False
data1101.vrp,sa,random,True,71,6068.1064123973265,17,2029.2946017711354,54,4038.811810626191,66.55802545543327,473.10215059999973,277036,0.75,1,450,0.995,0.01,1500,0.7,0.2,10,200,50,False
data1101.vrp,sa,random,True,71,6068.1064123973265,18,2129.5114289985436,53,3938.594983398783,64.9064916750984,145.9985338000006,191941,0.75,1,450,0.995,0.1,1250,0.3,0.2,10,200,50,False
data1101.vrp,sa,random,True,71,6068.1064123973265,17,2014.0374425722187,54,4054.068969825108,66.80945742056404,233.2815703999986,178592,0.75,1,450,0.995,0.1,1000,0.5,0.2,10,200,50,False
data1101.vrp,sa,random,True,71,6068.1064123973265,19,2239.910386121974,52,3828.1960262753523,63.087160410605705,90.98871159999908,97186,0.75,1,450,0.995,0.1,1250,0.5,0.2,10,200,50,False
data1101.vrp,sa,random,True,71,6068.1064123973265,17,2035.5250629599152,54,4032.5813494374115,66.45534991276232,270.69553330000053,168210,0.75,1,450,0.995,0.1,1000,0.7,0.2,10,200,50,False
data1101.vrp,sa,random,True,71,6068.1064123973265,18,2105.002926704251,53,3963.1034856930755,65.31038212507833,217.53867700000046,227087,0.75,1,450,0.995,0.1,1250,0.5,0.1,10,200,50,False
data1101.vrp,sa,random,True,71,6068.1064123973265,18,2120.526111348534,53,3947.5803010487925,65.05456616554656,356.59654969999974,268088,0.75,1,450,0.995,0.1,1000,0.7,0.1,10,200,50,False
data1101.vrp,sa,random,True,71,6068.1064123973265,19,2238.9580031854753,52,3829.1484092118512,63.102855305714215,148.72613009999986,232055,0.75,1,450,0.995,0.1,1500,0.3,0.1,10,200,50,False
data1101.vrp,sa,random,True,71,6068.1064123973265,18,2103.8094338789388,53,3964.2969785183877,65.33005041604426,200.21862110000075,149736,0.75,1,450,0.995,0.1,1250,0.7,0.1,10,200,50,False
data1101.vrp,sa,random,True,71,6068.1064123973265,19,2197.23077050052,52,3870.8756418968064,63.790503640287014,141.6028581999999,148959,0.75,1,450,0.995,0.1,1500,0.5,0.2,10,200,50,False
data1101.vrp,sa,random,True,71,6068.1064123973265,16,1676.3994715925933,55,4391.706940804734,72.37359799479361,97.24489139999969,100712,0.75,1,1200,0.975,0.01,500,0.3,0.1,10,200,50,False
data1101.vrp,sa,random,True,71,6068.1064123973265,17,1673.223230649486,54,4394.88318174784,72.42594119260927,121.51941889999944,100549,0.75,1,1200,0.975,0.01,500,0.3,0.2,10,200,50,False
data1101.vrp,sa,random,True,71,6068.1064123973265,18,2104.763121439233,53,3963.3432909580933,65.31433402125022,324.1705533000004,238899,0.75,1,450,0.995,0.1,1250,0.7,0.2,10,200,50,False
data1101.vrp,sa,random,True,71,6068.1064123973265,18,2106.2104130585817,53,3961.895999338745,65.29048322627419,296.98024389999955,361749,0.75,1,450,0.995,0.1,1500,0.3,0.2,10,200,50,False
data1101.vrp,sa,random,True,71,6068.1064123973265,17,2034.8264983476884,54,4033.279914049638,66.46686198201014,304.66010450000067,266939,0.75,1,450,0.995,0.1,1500,0.5,0.1,10,200,50,False
data1101.vrp,sa,random,True,71,6068.1064123973265,15,1688.191800063259,56,4379.914612334067,72.17926507329811,145.43436959999963,100662,0.75,1,1200,0.975,0.01,500,0.5,0.1,10,200,50,False
data1101.vrp,sa,random,True,71,6068.1064123973265,17,2021.0771187166783,54,4047.029293680648,66.69344633463322,285.9772967000008,179949,0.75,1,450,0.995,0.1,1500,0.7,0.1,10,200,50,False
data1101.vrp,sa,random,True,71,6068.1064123973265,16,1666.5648567520236,55,4401.541555645303,72.53566856792128,165.02782139999908,94428,0.75,1,1200,0.975,0.01,500,0.7,0.1,10,200,50,False
data1101.vrp,sa,random,True,71,6068.1064123973265,15,1663.7723669114725,56,4404.3340454858535,72.58168769894452,199.8545927999985,99014,0.75,1,1200,0.975,0.01,500,0.5,0.2,10,200,50,False
data1101.vrp,sa,random,True,71,6068.1064123973265,18,2087.435675626417,53,3980.6707367709096,65.59988349311537,96.69113879999895,103003,0.75,1,1200,0.975,0.01,750,0.5,0.1,10,200,50,False
data1101.vrp,sa,random,True,71,6068.1064123973265,16,1672.3699894277847,55,4395.736422969541,72.4400022713662,159.0683700999998,157191,0.75,1,1200,0.975,0.01,750,0.3,0.1,10,200,50,False
data1101.vrp,sa,random,True,71,6068.1064123973265,16,1642.3718947607401,55,4425.734517636586,72.9343590381783,165.51243299999987,146755,0.75,1,1200,0.975,0.01,750,0.3,0.2,10,200,50,False
data1101.vrp,sa,random,True,71,6068.1064123973265,16,1661.5059494871198,55,4406.600462910206,72.61903736406776,204.3665598000007,93214,0.75,1,1200,0.975,0.01,500,0.7,0.2,10,200,50,False
data1101.vrp,sa,random,True,71,6068.1064123973265,19,2249.4704136096375,52,3818.635998787689,62.92961492873789,56.411972299998524,59352,0.75,1,1200,0.975,0.01,1000,0.5,0.2,10,200,50,False
data1101.vrp,sa,random,True,71,6068.1064123973265,17,2029.2946017711354,54,4038.811810626191,66.55802545543327,473.34372470000017,277036,0.75,1,450,0.995,0.1,1500,0.7,0.2,10,200,50,False
data1101.vrp,sa,random,True,71,6068.1064123973265,16,1650.9377319849254,55,4417.168680412401,72.79319741967593,239.15959769999972,144605,0.75,1,1200,0.975,0.01,750,0.5,0.2,10,200,50,False
data1101.vrp,sa,random,True,71,6068.1064123973265,15,1659.6891317471668,56,4408.417280650159,72.64897780374497,217.801191999999,207466,0.75,1,1200,0.975,0.01,1000,0.3,0.1,10,200,50,False
data1101.vrp,sa,random,True,71,6068.1064123973265,16,1657.8836073018576,55,4410.222805095469,72.67873213438132,323.52534170000035,143739,0.75,1,1200,0.975,0.01,750,0.7,0.1,10,200,50,False
data1101.vrp,sa,random,True,71,6068.1064123973265,15,1642.7154917065018,56,4425.390920690825,72.9286966960503,268.261051200001,196210,0.75,1,1200,0.975,0.01,1000,0.5,0.1,10,200,50,False
data1101.vrp,sa,random,True,71,6068.1064123973265,15,1676.5914851632874,56,4391.514927234039,72.37043368689184,301.87237490000007,208072,0.75,1,1200,0.975,0.01,1000,0.3,0.2,10,200,50,False
data1101.vrp,sa,random,True,71,6068.1064123973265,15,1645.646658574654,56,4422.459753822673,72.88039222231589,336.42599530000007,141786,0.75,1,1200,0.975,0.01,750,0.7,0.2,10,200,50,False
data1101.vrp,sa,random,True,71,6068.1064123973265,15,1662.8817441076292,56,4405.224668289698,72.5963648114293,253.29068519999964,261122,0.75,1,1200,0.975,0.01,1250,0.3,0.1,10,200,50,False
data1101.vrp,sa,random,True,71,6068.1064123973265,16,1638.9861781744119,55,4429.120234222914,72.99015431196274,340.1400813,185291,0.75,1,1200,0.975,0.01,1000,0.7,0.1,10,200,50,False
data1101.vrp,sa,random,True,71,6068.1064123973265,15,1661.4213641740985,56,4406.685048223228,72.62043129666012,319.82917909999924,252647,0.75,1,1200,0.975,0.01,1250,0.3,0.2,10,200,50,False
data1101.vrp,sa,random,True,71,6068.1064123973265,15,1665.1229868631021,56,4402.983425534225,72.55943001491859,515.9667327999996,189787,0.75,1,1200,0.975,0.01,1000,0.7,0.2,10,200,50,False
data1101.vrp,sa,random,True,71,6068.1064123973265,15,1646.9381447237918,56,4421.1682676735345,72.85910904002859,423.6876138000007,253324,0.75,1,1200,0.975,0.01,1250,0.5,0.1,10,200,50,False
data1101.vrp,sa,random,True,71,6068.1064123973265,15,1648.507287513875,56,4419.599124883452,72.83325018582528,425.1836645000003,243397,0.75,1,1200,0.975,0.01,1250,0.5,0.2,10,200,50,False
data1101.vrp,sa,random,True,71,6068.1064123973265,15,1639.1047301604412,56,4429.001682236885,72.98820062199799,330.5780243999998,305890,0.75,1,1200,0.975,0.01,1500,0.3,0.2,10,200,50,False
data1101.vrp,sa,random,True,71,6068.1064123973265,15,1662.7704639362921,56,4405.335948461035,72.59819866475642,357.85962519999885,314602,0.75,1,1200,0.975,0.01,1500,0.3,0.1,10,200,50,False
data1101.vrp,sa,random,True,71,6068.1064123973265,16,1670.58192661805,55,4397.524485779277,72.46946884113633,547.2570822999987,240462,0.75,1,1200,0.975,0.01,1250,0.7,0.1,10,200,50,False
data1101.vrp,sa,random,True,71,6068.1064123973265,16,1676.3994715925933,55,4391.706940804734,72.37359799479361,96.4568722999993,100712,0.75,1,1200,0.975,0.1,500,0.3,0.1,10,200,50,False
data1101.vrp,sa,random,True,71,6068.1064123973265,17,1673.223230649486,54,4394.88318174784,72.42594119260927,120.37838939999892,100547,0.75,1,1200,0.975,0.1,500,0.3,0.2,10,200,50,False
data1101.vrp,sa,random,True,71,6068.1064123973265,15,1641.0557172412596,56,4427.050695156067,72.9560491245089,460.38821409999946,299760,0.75,1,1200,0.975,0.01,1500,0.5,0.1,10,200,50,False
data1101.vrp,sa,random,True,71,6068.1064123973265,15,1688.191800063259,56,4379.914612334067,72.17926507329811,149.74063979999846,100662,0.75,1,1200,0.975,0.1,500,0.5,0.1,10,200,50,False
data1101.vrp,sa,random,True,71,6068.1064123973265,15,1659.3514434855365,56,4408.75496891179,72.65454277308929,692.6467337000013,235823,0.75,1,1200,0.975,0.01,1250,0.7,0.2,10,200,50,False
data1101.vrp,sa,random,True,71,6068.1064123973265,15,1663.7723669114725,56,4404.3340454858535,72.58168769894452,205.72172649999993,99014,0.75,1,1200,0.975,0.1,500,0.5,0.2,10,200,50,False
data1101.vrp,sa,random,True,71,6068.1064123973265,16,1666.5648567520236,55,4401.541555645303,72.53566856792128,164.11844409999867,94428,0.75,1,1200,0.975,0.1,500,0.7,0.1,10,200,50,False
data1101.vrp,sa,random,True,71,6068.1064123973265,15,1638.5397943991472,56,4429.566617998179,72.9975105404948,486.6316044000014,287989,0.75,1,1200,0.975,0.01,1500,0.5,0.2,10,200,50,False
data1101.vrp,sa,random,True,71,6068.1064123973265,18,2087.435675626417,53,3980.6707367709096,65.59988349311537,96.68315219999931,103003,0.75,1,1200,0.975,0.1,750,0.5,0.1,10,200,50,False
data1101.vrp,sa,random,True,71,6068.1064123973265,16,1672.3699894277847,55,4395.736422969541,72.4400022713662,160.3396217999998,157191,0.75,1,1200,0.975,0.1,750,0.3,0.1,10,200,50,False
data1101.vrp,sa,random,True,71,6068.1064123973265,16,1642.3718947607401,55,4425.734517636586,72.9343590381783,163.67301190000035,146755,0.75,1,1200,0.975,0.1,750,0.3,0.2,10,200,50,False
data1101.vrp,sa,random,True,71,6068.1064123973265,16,1661.5059494871198,55,4406.600462910206,72.61903736406776,205.24353540000084,93214,0.75,1,1200,0.975,0.1,500,0.7,0.2,10,200,50,False
data1101.vrp,sa,random,True,71,6068.1064123973265,16,1650.9377319849254,55,4417.168680412401,72.79319741967593,242.59338129999924,144605,0.75,1,1200,0.975,0.1,750,0.5,0.2,10,200,50,False
data1101.vrp,sa,random,True,71,6068.1064123973265,19,2249.4704136096375,52,3818.635998787689,62.92961492873789,54.59374480000042,59352,0.75,1,1200,0.975,0.1,1000,0.5,0.2,10,200,50,False
data1101.vrp,sa,random,True,71,6068.1064123973265,15,1659.6891317471668,56,4408.417280650159,72.64897780374497,219.56050770000002,207466,0.75,1,1200,0.975,0.1,1000,0.3,0.1,10,200,50,False
data1101.vrp,sa,random,True,71,6068.1064123973265,15,1635.570716631773,56,4432.535695765553,73.04643977089373,680.8981975999995,286636,0.75,1,1200,0.975,0.01,1500,0.7,0.1,10,200,50,False
data1101.vrp,sa,random,True,71,6068.1064123973265,15,1642.7154917065018,56,4425.390920690825,72.9286966960503,267.1412502000003,196210,0.75,1,1200,0.975,0.1,1000,0.5,0.1,10,200,50,False
data1101.vrp,sa,random,True,71,6068.1064123973265,15,1661.8189037053914,56,4406.287508691935,72.6138800020012,741.4667116,281412,0.75,1,1200,0.975,0.01,1500,0.7,0.2,10,200,50,False
data1101.vrp,sa,random,True,71,6068.1064123973265,15,1676.5914851632874,56,4391.514927234039,72.37043368689184,297.77017479999995,208072,0.75,1,1200,0.975,0.1,1000,0.3,0.2,10,200,50,False
data1101.vrp,sa,random,True,71,6068.1064123973265,16,1657.8836073018576,55,4410.222805095469,72.67873213438132,323.86338869999963,143739,0.75,1,1200,0.975,0.1,750,0.7,0.1,10,200,50,False
data1101.vrp,sa,random,True,71,6068.1064123973265,15,1645.646658574654,56,4422.459753822673,72.88039222231589,340.5260023999999,141786,0.75,1,1200,0.975,0.1,750,0.7,0.2,10,200,50,False
data1101.vrp,sa,random,True,71,6068.1064123973265,15,1662.8817441076292,56,4405.224668289698,72.5963648114293,256.78973790000055,261122,0.75,1,1200,0.975,0.1,1250,0.3,0.1,10,200,50,False
data1101.vrp,sa,random,True,71,6068.1064123973265,16,1638.9861781744119,55,4429.120234222914,72.99015431196274,339.17519060000086,185291,0.75,1,1200,0.975,0.1,1000,0.7,0.1,10,200,50,False
data1101.vrp,sa,random,True,71,6068.1064123973265,15,1661.4213641740985,56,4406.685048223228,72.62043129666012,319.3506254999993,252647,0.75,1,1200,0.975,0.1,1250,0.3,0.2,10,200,50,False
data1101.vrp,sa,random,True,71,6068.1064123973265,15,1646.9381447237918,56,4421.1682676735345,72.85910904002859,416.32882830000017,253324,0.75,1,1200,0.975,0.1,1250,0.5,0.1,10,200,50,False
data1101.vrp,sa,random,True,71,6068.1064123973265,15,1665.1229868631021,56,4402.983425534225,72.55943001491859,507.12479990000065,189787,0.75,1,1200,0.975,0.1,1000,0.7,0.2,10,200,50,False
data1101.vrp,sa,random,True,71,6068.1064123973265,15,1648.507287513875,56,4419.599124883452,72.83325018582528,419.5455194999995,243397,0.75,1,1200,0.975,0.1,1250,0.5,0.2,10,200,50,False
data1101.vrp,sa,random,True,71,6068.1064123973265,16,1670.58192661805,55,4397.524485779277,72.46946884113633,543.8005212000007,240462,0.75,1,1200,0.975,0.1,1250,0.7,0.1,10,200,50,False
data1101.vrp,sa,random,True,71,6068.1064123973265,15,1662.7704639362921,56,4405.335948461035,72.59819866475642,362.6408766000004,314602,0.75,1,1200,0.975,0.1,1500,0.3,0.1,10,200,50,False
data1101.vrp,sa,random,True,71,6068.1064123973265,15,1639.1047301604412,56,4429.001682236885,72.98820062199799,324.62995469999987,305890,0.75,1,1200,0.975,0.1,1500,0.3,0.2,10,200,50,False
data1101.vrp,sa,random,True,71,6068.1064123973265,19,2264.8158951326504,52,3803.290517264676,62.67672744654638,38.521797100000185,48043,0.75,1,1200,0.985,0.01,500,0.5,0.1,10,200,50,False
data1101.vrp,sa,random,True,71,6068.1064123973265,19,2215.5082568953885,52,3852.598155501938,63.48929787439064,67.99325599999975,101953,0.75,1,1200,0.985,0.01,500,0.3,0.1,10,200,50,False
data1101.vrp,sa,random,True,71,6068.1064123973265,15,1659.3514434855365,56,4408.75496891179,72.65454277308929,690.162893499999,235823,0.75,1,1200,0.975,0.1,1250,0.7,0.2,10,200,50,False
data1101.vrp,sa,random,True,71,6068.1064123973265,16,1664.1946346667305,55,4403.911777730596,72.57472889290916,192.13021379999918,168976,0.75,1,1200,0.985,0.01,500,0.3,0.2,10,200,50,False
data1101.vrp,sa,random,True,71,6068.1064123973265,19,2222.4279477715145,52,3845.678464625812,63.375264098351565,51.15423589999955,43002,0.75,1,1200,0.985,0.01,500,0.7,0.2,10,200,50,False
data1101.vrp,sa,random,True,71,6068.1064123973265,15,1641.0557172412596,56,4427.050695156067,72.9560491245089,458.1591978000015,299760,0.75,1,1200,0.975,0.1,1500,0.5,0.1,10,200,50,False
data1101.vrp,sa,random,True,71,6068.1064123973265,19,2235.085681870073,52,3833.0207305272534,63.16666963348361,75.21883720000005,116013,0.75,1,1200,0.985,0.01,750,0.3,0.1,10,200,50,False
data1101.vrp,sa,random,True,71,6068.1064123973265,19,2237.3415102156223,52,3830.764902181704,63.129494472201976,60.30210699999952,92620,0.75,1,1200,0.985,0.01,750,0.3,0.2,10,200,50,False
data1101.vrp,sa,random,True,71,6068.1064123973265,16,1666.9708041144759,55,4401.135608282851,72.52897871552148,265.3166868999997,164164,0.75,1,1200,0.985,0.01,500,0.5,0.2,10,200,50,False
data1101.vrp,sa,random,True,71,6068.1064123973265,19,2249.4704136096375,52,3818.635998787689,62.92961492873789,44.164025899999615,46875,0.75,1,1200,0.985,0.01,750,0.5,0.2,10,200,50,False
data1101.vrp,sa,random,True,71,6068.1064123973265,15,1638.5397943991472,56,4429.566617998179,72.9975105404948,482.5700278000004,287989,0.75,1,1200,0.975,0.1,1500,0.5,0.2,10,200,50,False
data1101.vrp,sa,random,True,71,6068.1064123973265,18,2128.141365585228,53,3939.9650468120985,64.9290697797031,112.38893589999861,81512,0.75,1,1200,0.985,0.01,750,0.7,0.1,10,200,50,False
data1101.vrp,sa,random,True,71,6068.1064123973265,15,1638.2750529689697,56,4429.831359428357,73.001873374832,327.5183082000003,158511,0.75,1,1200,0.985,0.01,500,0.7,0.1,10,200,50,False
data1101.vrp,sa,random,True,71,6068.1064123973265,19,2186.4962145532045,52,3881.610197844122,63.96740488785553,84.56041650000043,132385,0.75,1,1200,0.985,0.01,1000,0.3,0.1,10,200,50,False
data1101.vrp,sa,random,True,71,6068.1064123973265,18,2164.771412781322,53,3903.3349996160046,64.32542105130807,108.55292670000017,142013,0.75,1,1200,0.985,0.01,1000,0.3,0.2,10,200,50,False
data1101.vrp,sa,random,True,71,6068.1064123973265,18,2084.26389468254,53,3983.8425177147865,65.65215319190307,214.17204420000053,144815,0.75,1,1200,0.985,0.01,750,0.7,0.2,10,200,50,False
data1101.vrp,sa,random,True,71,6068.1064123973265,15,1635.570716631773,56,4432.535695765553,73.04643977089373,679.5628110999987,286636,0.75,1,1200,0.975,0.1,1500,0.7,0.1,10,200,50,False
data1101.vrp,sa,random,True,71,6068.1064123973265,18,2119.501717453458,53,3948.6046949438687,65.07144777284638,173.53407849999894,177247,0.75,1,1200,0.985,0.01,1000,0.5,0.1,10,200,50,False
data1101.vrp,sa,random,True,71,6068.1064123973265,15,1661.91507844157,56,4406.191333955757,72.61229508028688,353.02623460000177,252281,0.75,1,1200,0.985,0.01,750,0.5,0.1,10,200,50,False
data1101.vrp,sa,random,True,71,6068.1064123973265,18,2128.42690004999,53,3939.6795123473366,64.92436428435816,204.0279155999997,182318,0.75,1,1200,0.985,0.01,1000,0.5,0.2,10,200,50,False
data1101.vrp,sa,random,True,71,6068.1064123973265,15,1661.8189037053914,56,4406.287508691935,72.6138800020012,737.384265499999,281412,0.75,1,1200,0.975,0.1,1500,0.7,0.2,10,200,50,False
data1101.vrp,sa,random,True,71,6068.1064123973265,17,2010.5022014572644,54,4057.6042109400623,66.86771679959753,254.53225200000088,158746,0.75,1,1200,0.985,0.01,1000,0.7,0.1,10,200,50,False
data1101.vrp,sa,random,True,71,6068.1064123973265,18,2111.9893859628637,53,3956.117026434463,65.1952480324339,201.66555049999988,157232,0.75,1,1200,0.985,0.01,1000,0.7,0.2,10,200,50,False
data1101.vrp,sa,random,True,71,6068.1064123973265,18,2139.355769333564,53,3928.7506430637627,64.74426082965857,122.4478024,161767,0.75,1,1200,0.985,0.01,1250,0.3,0.2,10,200,50,False
data1101.vrp,sa,random,True,71,6068.1064123973265,18,2129.9426839637085,53,3938.163728433618,64.89938476338895,111.78389170000082,101553,0.75,1,1200,0.985,0.01,1250,0.5,0.2,10,200,50,False
data1101.vrp,sa,random,True,71,6068.1064123973265,18,2147.6436076024265,53,3920.4628047949,64.60768052427814,141.07058309999957,142177,0.75,1,1200,0.985,0.01,1250,0.5,0.1,10,200,50,False
data1101.vrp,sa,random,True,71,6068.1064123973265,19,2234.3549416671226,52,3833.751470730204,63.1787119437743,141.03942879999886,117203,0.75,1,1200,0.985,0.01,1250,0.7,0.2,10,200,50,False
data1101.vrp,sa,random,True,71,6068.1064123973265,19,2228.5959635329564,52,3839.51044886437,63.27361763169039,111.41279229999964,169408,0.75,1,1200,0.985,0.01,1500,0.3,0.1,10,200,50,False
data1101.vrp,sa,random,True,71,6068.1064123973265,18,2123.3082453754637,53,3944.798167021863,65.00871769424676,212.9694854999998,155185,0.75,1,1200,0.985,0.01,1250,0.7,0.1,10,200,50,False
data1101.vrp,sa,random,True,71,6068.1064123973265,19,2215.5082568953885,52,3852.598155501938,63.48929787439064,66.26397079999879,101953,0.75,1,1200,0.985,0.1,500,0.3,0.1,10,200,50,False
data1101.vrp,sa,random,True,71,6068.1064123973265,18,2138.1609864376483,53,3929.9454259596782,64.76395038047916,183.6515646000007,192434,0.75,1,1200,0.985,0.01,1500,0.5,0.1,10,200,50,False
data1101.vrp,sa,random,True,71,6068.1064123973265,18,2109.8339764130747,53,3958.272435984252,65.23076833157343,177.22462910000104,164536,0.75,1,1200,0.985,0.01,1500,0.5,0.2,10,200,50,False
data1101.vrp,sa,random,True,71,6068.1064123973265,19,2264.8158951326504,52,3803.290517264676,62.67672744654638,40.144909700000426,48043,0.75,1,1200,0.985,0.1,500,0.5,0.1,10,200,50,False
data1101.vrp,sa,random,True,71,6068.1064123973265,19,2222.4279477715145,52,3845.678464625812,63.375264098351565,50.345557599999665,43002,0.75,1,1200,0.985,0.1,500,0.7,0.2,10,200,50,False
data1101.vrp,sa,random,True,71,6068.1064123973265,15,1665.463836762845,56,4402.642575634482,72.55381294302533,433.2699510000002,431521,0.75,1,1200,0.985,0.01,1250,0.3,0.1,10,200,50,False
data1101.vrp,sa,random,True,71,6068.1064123973265,19,2235.085681870073,52,3833.0207305272534,63.16666963348361,74.81311720000122,116013,0.75,1,1200,0.985,0.1,750,0.3,0.1,10,200,50,False
data1101.vrp,sa,random,True,71,6068.1064123973265,16,1664.1946346667305,55,4403.911777730596,72.57472889290916,188.54760390000047,168976,0.75,1,1200,0.985,0.1,500,0.3,0.2,10,200,50,False
data1101.vrp,sa,random,True,71,6068.1064123973265,19,2237.3415102156223,52,3830.764902181704,63.129494472201976,61.4572289000007,92620,0.75,1,1200,0.985,0.1,750,0.3,0.2,10,200,50,False
data1101.vrp,sa,random,True,71,6068.1064123973265,19,2249.4704136096375,52,3818.635998787689,62.92961492873789,44.56889279999996,46875,0.75,1,1200,0.985,0.1,750,0.5,0.2,10,200,50,False
data1101.vrp,sa,random,True,71,6068.1064123973265,17,2034.6800021379797,54,4033.426410259347,66.46927618175802,389.1026253,252505,0.75,1,1200,0.985,0.01,1500,0.7,0.1,10,200,50,False
data1101.vrp,sa,random,True,71,6068.1064123973265,16,1666.9708041144759,55,4401.135608282851,72.52897871552148,273.0686504000005,164164,0.75,1,1200,0.985,0.1,500,0.5,0.2,10,200,50,False
data1101.vrp,sa,random,True,71,6068.1064123973265,18,2128.141365585228,53,3939.9650468120985,64.9290697797031,111.75725749999947,81512,0.75,1,1200,0.985,0.1,750,0.7,0.1,10,200,50,False
data1101.vrp,sa,random,True,71,6068.1064123973265,19,2186.4962145532045,52,3881.610197844122,63.96740488785553,83.8910418000014,132385,0.75,1,1200,0.985,0.1,1000,0.3,0.1,10,200,50,False
data1101.vrp,sa,random,True,71,6068.1064123973265,15,1638.2750529689697,56,4429.831359428357,73.001873374832,323.72658950000005,158511,0.75,1,1200,0.985,0.1,500,0.7,0.1,10,200,50,False
data1101.vrp,sa,random,True,71,6068.1064123973265,18,2164.771412781322,53,3903.3349996160046,64.32542105130807,105.62536569999975,142013,0.75,1,1200,0.985,0.1,1000,0.3,0.2,10,200,50,False
data1101.vrp,sa,random,True,71,6068.1064123973265,18,2084.26389468254,53,3983.8425177147865,65.65215319190307,219.22202620000098,144815,0.75,1,1200,0.985,0.1,750,0.7,0.2,10,200,50,False
data1101.vrp,sa,random,True,71,6068.1064123973265,15,1641.9052958483326,56,4426.201116548994,72.94204840419624,607.7573128000004,520681,0.75,1,1200,0.985,0.01,1500,0.3,0.2,10,200,50,False
data1101.vrp,sa,random,True,71,6068.1064123973265,18,2119.501717453458,53,3948.6046949438687,65.07144777284638,172.67087510000056,177247,0.75,1,1200,0.985,0.1,1000,0.5,0.1,10,200,50,False
data1101.vrp,sa,random,True,71,6068.1064123973265,16,1884.890578427266,55,4183.21583397006,68.93774679731428,573.053764799999,315910,0.75,1,1200,0.985,0.01,1500,0.7,0.2,10,200,50,False
data1101.vrp,sa,random,True,71,6068.1064123973265,15,1661.91507844157,56,4406.191333955757,72.61229508028688,357.46181570000044,252281,0.75,1,1200,0.985,0.1,750,0.5,0.1,10,200,50,False
data1101.vrp,sa,random,True,71,6068.1064123973265,18,2128.42690004999,53,3939.6795123473366,64.92436428435816,199.96852500000023,182318,0.75,1,1200,0.985,0.1,1000,0.5,0.2,10,200,50,False
data1101.vrp,sa,random,True,71,6068.1064123973265,18,2139.355769333564,53,3928.7506430637627,64.74426082965857,121.46380610000051,161767,0.75,1,1200,0.985,0.1,1250,0.3,0.2,10,200,50,False
data1101.vrp,sa,random,True,71,6068.1064123973265,18,2129.9426839637085,53,3938.163728433618,64.89938476338895,109.67707859999973,101553,0.75,1,1200,0.985,0.1,1250,0.5,0.2,10,200,50,False
data1101.vrp,sa,random,True,71,6068.1064123973265,18,2111.9893859628637,53,3956.117026434463,65.1952480324339,203.09916370000064,157232,0.75,1,1200,0.985,0.1,1000,0.7,0.2,10,200,50,False
data1101.vrp,sa,random,True,71,6068.1064123973265,17,2010.5022014572644,54,4057.6042109400623,66.86771679959753,251.28875929999958,158746,0.75,1,1200,0.985,0.1,1000,0.7,0.1,10,200,50,False
data1101.vrp,sa,random,True,71,6068.1064123973265,18,2147.6436076024265,53,3920.4628047949,64.60768052427814,139.132639200001,142177,0.75,1,1200,0.985,0.1,1250,0.5,0.1,10,200,50,False
data1101.vrp,sa,random,True,71,6068.1064123973265,19,2228.5959635329564,52,3839.51044886437,63.27361763169039,110.30337800000052,169408,0.75,1,1200,0.985,0.1,1500,0.3,0.1,10,200,50,False
data1101.vrp,sa,random,True,71,6068.1064123973265,19,2234.3549416671226,52,3833.751470730204,63.1787119437743,140.27142110000023,117203,0.75,1,1200,0.985,0.1,1250,0.7,0.2,10,200,50,False
data1101.vrp,sa,random,True,71,6068.1064123973265,19,2265.1055204708564,52,3803.00089192647,62.6719545352208,40.079665999999634,63210,0.75,1,1200,0.995,0.01,500,0.3,0.1,10,200,50,False
data1101.vrp,sa,random,True,71,6068.1064123973265,18,2123.3082453754637,53,3944.798167021863,65.00871769424676,213.88708430000042,155185,0.75,1,1200,0.985,0.1,1250,0.7,0.1,10,200,50,False
data1101.vrp,sa,random,True,71,6068.1064123973265,19,2241.6305253831297,52,3826.475887014197,63.05881319412247,46.354267300001084,67579,0.75,1,1200,0.995,0.01,500,0.3,0.2,10,200,50,False
data1101.vrp,sa,random,True,71,6068.1064123973265,19,2267.7908204022756,52,3800.315591995051,62.627701851617005,48.406963299999916,54195,0.75,1,1200,0.995,0.01,500,0.5,0.1,10,200,50,False
data1101.vrp,sa,random,True,71,6068.1064123973265,18,2109.8339764130747,53,3958.272435984252,65.23076833157343,176.92510399999992,164536,0.75,1,1200,0.985,0.1,1500,0.5,0.2,10,200,50,False
data1101.vrp,sa,random,True,71,6068.1064123973265,18,2138.1609864376483,53,3929.9454259596782,64.76395038047916,186.00152619999972,192434,0.75,1,1200,0.985,0.1,1500,0.5,0.1,10,200,50,False
data1101.vrp,sa,random,True,71,6068.1064123973265,19,2256.5199730758122,52,3811.5864393215143,62.813440969563864,49.90476529999978,54617,0.75,1,1200,0.995,0.01,500,0.5,0.2,10,200,50,False
data1101.vrp,sa,random,True,71,6068.1064123973265,19,2261.7727948081492,52,3806.3336175891773,62.72687653948721,45.031648700000005,70940,0.75,1,1200,0.995,0.01,750,0.3,0.1,10,200,50,False
data1101.vrp,sa,random,True,71,6068.1064123973265,19,2256.910096186719,52,3811.1963162106076,62.80701189458737,73.80429969999932,66918,0.75,1,1200,0.995,0.01,500,0.7,0.2,10,200,50,False
data1101.vrp,sa,random,True,71,6068.1064123973265,15,1665.463836762845,56,4402.642575634482,72.55381294302533,440.36714100000063,431521,0.75,1,1200,0.985,0.1,1250,0.3,0.1,10,200,50,False
data1101.vrp,sa,random,True,71,6068.1064123973265,20,2339.6736963678204,51,3728.432716029506,61.44310041122885,69.95434679999926,110279,0.75,1,1200,0.995,0.01,750,0.3,0.2,10,200,50,False
data1101.vrp,sa,random,True,71,6068.1064123973265,18,2103.241988384558,53,3964.8644240127683,65.33940169395233,134.7227956000006,102100,0.75,1,1200,0.995,0.01,500,0.7,0.1,10,200,50,False
data1101.vrp,sa,random,True,71,6068.1064123973265,19,2241.9856780420446,52,3826.120734355282,63.052960418400055,98.65501769999901,111008,0.75,1,1200,0.995,0.01,750,0.5,0.1,10,200,50,False
data1101.vrp,sa,random,True,71,6068.1064123973265,19,2258.6691917343296,52,3809.437220662997,62.778022693870376,66.9487934000008,59617,0.75,1,1200,0.995,0.01,750,0.7,0.1,10,200,50,False
data1101.vrp,sa,random,True,71,6068.1064123973265,19,2215.1956278415996,52,3852.910784555727,63.4944498778748,107.70542449999994,116087,0.75,1,1200,0.995,0.01,750,0.5,0.2,10,200,50,False
data1101.vrp,sa,random,True,71,6068.1064123973265,17,2034.6800021379797,54,4033.426410259347,66.46927618175802,381.7619668999996,252505,0.75,1,1200,0.985,0.1,1500,0.7,0.1,10,200,50,False
data1101.vrp,sa,random,True,71,6068.1064123973265,19,2269.6861682927265,52,3798.4202441046,62.59646726603726,113.48278840000057,161988,0.75,1,1200,0.995,0.01,1000,0.3,0.2,10,200,50,False
data1101.vrp,sa,random,True,71,6068.1064123973265,18,2172.143318583572,53,3895.9630938137543,64.20393495167097,106.6598654999998,97412,0.75,1,1200,0.995,0.01,1000,0.5,0.2,10,200,50,False
data1101.vrp,sa,random,True,71,6068.1064123973265,17,2044.6572081371683,54,4023.4492042601582,66.304855762584,168.5699122999995,223633,0.75,1,1200,0.995,0.01,1000,0.3,0.1,10,200,50,False
data1101.vrp,sa,random,True,71,6068.1064123973265,18,2133.0434181368314,53,3935.062994260495,64.84828588735756,195.49760620000052,196586,0.75,1,1200,0.995,0.01,1000,0.5,0.1,10,200,50,False
data1101.vrp,sa,random,True,71,6068.1064123973265,18,2128.240227878081,53,3939.8661845192455,64.92744056811493,239.23536539999986,174386,0.75,1,1200,0.995,0.01,750,0.7,0.2,10,200,50,False
data1101.vrp,sa,random,True,71,6068.1064123973265,20,2331.523471516669,51,3736.5829408806576,61.57741290176956,56.832884899999044,89561,0.75,1,1200,0.995,0.01,1250,0.3,0.2,10,200,50,False
data1101.vrp,sa,random,True,71,6068.1064123973265,19,2233.764990394256,52,3834.3414220030704,63.188434108034,91.45384329999979,136854,0.75,1,1200,0.995,0.01,1250,0.3,0.1,10,200,50,False
data1101.vrp,sa,random,True,71,6068.1064123973265,18,2167.2113463566857,53,3900.895066040641,64.2852119084628,185.0192786000007,140004,0.75,1,1200,0.995,0.01,1000,0.7,0.1,10,200,50,False
data1101.vrp,sa,random,True,71,6068.1064123973265,15,1641.9052958483326,56,4426.201116548994,72.94204840419624,600.1437108999999,520681,0.75,1,1200,0.985,0.1,1500,0.3,0.2,10,200,50,False
data1101.vrp,sa,random,True,71,6068.1064123973265,16,1884.890578427266,55,4183.21583397006,68.93774679731428,576.1451628000013,315910,0.75,1,1200,0.985,0.1,1500,0.7,0.2,10,200,50,False
data1101.vrp,sa,random,True,71,6068.1064123973265,18,2153.503229639605,53,3914.6031827577217,64.51111626454124,110.16991049999888,103180,0.75,1,1200,0.995,0.01,1250,0.5,0.2,10,200,50,False
data1101.vrp,sa,random,True,71,6068.1064123973265,18,2114.1142727823008,53,3953.9921396150257,65.1602307358503,128.13040139999976,129337,0.75,1,1200,0.995,0.01,1250,0.5,0.1,10,200,50,False
data1101.vrp,sa,random,True,71,6068.1064123973265,19,2265.834369043425,52,3802.2720433539016,62.65994339825261,123.29333240000051,101775,0.75,1,1200,0.995,0.01,1250,0.7,0.2,10,200,50,False
data1101.vrp,sa,random,True,71,6068.1064123973265,18,2166.008190456731,53,3902.0982219405955,64.30503944308705,182.27587390000008,132909,0.75,1,1200,0.995,0.01,1250,0.7,0.1,10,200,50,False
data1101.vrp,sa,random,True,71,6068.1064123973265,19,2265.1055204708564,52,3803.00089192647,62.6719545352208,39.64565739999853,63210,0.75,1,1200,0.995,0.1,500,0.3,0.1,10,200,50,False
data1101.vrp,sa,random,True,71,6068.1064123973265,18,2124.1208105838086,53,3943.985601813518,64.99532694014454,197.60324349999973,276045,0.75,1,1200,0.995,0.01,1500,0.3,0.1,10,200,50,False
data1101.vrp,sa,random,True,71,6068.1064123973265,18,2170.6205424348204,53,3897.485869962506,64.22902970191531,166.75638350000008,168584,0.75,1,1200,0.995,0.01,1500,0.5,0.1,10,200,50,False
data1101.vrp,sa,random,True,71,6068.1064123973265,19,2241.6305253831297,52,3826.475887014197,63.05881319412247,47.24187740000161,67579,0.75,1,1200,0.995,0.1,500,0.3,0.2,10,200,50,False
data1101.vrp,sa,random,True,71,6068.1064123973265,18,2110.774412595108,53,3957.3319998022184,65.2152703142659,222.55000269999982,286217,0.75,1,1200,0.995,0.01,1500,0.3,0.2,10,200,50,False
data1101.vrp,sa,random,True,71,6068.1064123973265,19,2267.7908204022756,52,3800.315591995051,62.627701851617005,48.04397019999851,54195,0.75,1,1200,0.995,0.1,500,0.5,0.1,10,200,50,False
data1101.vrp,sa,random,True,71,6068.1064123973265,19,2256.5199730758122,52,3811.5864393215143,62.813440969563864,51.45233150000058,54617,0.75,1,1200,0.995,0.1,500,0.5,0.2,10,200,50,False
data1101.vrp,sa,random,True,71,6068.1064123973265,19,2261.7727948081492,52,3806.3336175891773,62.72687653948721,47.15537399999994,70940,0.75,1,1200,0.995,0.1,750,0.3,0.1,10,200,50,False
data1101.vrp,sa,random,True,71,6068.1064123973265,19,2256.910096186719,52,3811.1963162106076,62.80701189458737,76.31578910000098,66918,0.75,1,1200,0.995,0.1,500,0.7,0.2,10,200,50,False
data1101.vrp,sa,random,True,71,6068.1064123973265,18,2135.589591432378,53,3932.5168209649487,64.80632595583191,278.6366863000003,260560,0.75,1,1200,0.995,0.01,1500,0.5,0.2,10,200,50,False
data1101.vrp,sa,random,True,71,6068.1064123973265,20,2339.6736963678204,51,3728.432716029506,61.44310041122885,71.4367301000002,110279,0.75,1,1200,0.995,0.1,750,0.3,0.2,10,200,50,False
data1101.vrp,sa,random,True,71,6068.1064123973265,18,2103.241988384558,53,3964.8644240127683,65.33940169395233,137.10725660000026,102100,0.75,1,1200,0.995,0.1,500,0.7,0.1,10,200,50,False
data1101.vrp,sa,random,True,71,6068.1064123973265,18,2118.783354373464,53,3949.3230580238624,65.08328611303314,293.56881220000105,221858,0.75,1,1200,0.995,0.01,1500,0.7,0.1,10,200,50,False
data1101.vrp,sa,random,True,71,6068.1064123973265,19,2241.9856780420446,52,3826.120734355282,63.052960418400055,97.52077049999934,111008,0.75,1,1200,0.995,0.1,750,0.5,0.1,10,200,50,False
data1101.vrp,sa,random,True,71,6068.1064123973265,19,2258.6691917343296,52,3809.437220662997,62.778022693870376,66.67139110000062,59617,0.75,1,1200,0.995,0.1,750,0.7,0.1,10,200,50,False
data1101.vrp,sa,random,True,71,6068.1064123973265,19,2215.1956278415996,52,3852.910784555727,63.4944498778748,105.5952827000001,116087,0.75,1,1200,0.995,0.1,750,0.5,0.2,10,200,50,False
data1101.vrp,sa,random,True,71,6068.1064123973265,17,2020.1994105083056,54,4047.9070018890206,66.70791061967904,584.2144473000008,340213,0.75,1,1200,0.995,0.01,1000,0.7,0.2,10,200,50,False
data1101.vrp,sa,random,True,71,6068.1064123973265,17,2050.1400616221813,54,4017.966350775145,66.2145004999635,380.55104570000003,214352,0.75,1,1200,0.995,0.01,1500,0.7,0.2,10,200,50,False
data1101.vrp,sa,random,True,71,6068.1064123973265,19,2269.6861682927265,52,3798.4202441046,62.59646726603726,114.25257330000022,161988,0.75,1,1200,0.995,0.1,1000,0.3,0.2,10,200,50,False
data1101.vrp,sa,random,True,71,6068.1064123973265,18,2172.143318583572,53,3895.9630938137543,64.20393495167097,106.84812190000048,97412,0.75,1,1200,0.995,0.1,1000,0.5,0.2,10,200,50,False
data1101.vrp,sa,random,True,71,6068.1064123973265,17,2044.6572081371683,54,4023.4492042601582,66.304855762584,169.67282739999973,223633,0.75,1,1200,0.995,0.1,1000,0.3,0.1,10,200,50,False
data1101.vrp,sa,random,True,71,6068.1064123973265,20,2331.523471516669,51,3736.5829408806576,61.57741290176956,57.40806980000161,89561,0.75,1,1200,0.995,0.1,1250,0.3,0.2,10,200,50,False
data1101.vrp,sa,random,True,71,6068.1064123973265,18,2133.0434181368314,53,3935.062994260495,64.84828588735756,192.15953530000115,196586,0.75,1,1200,0.995,0.1,1000,0.5,0.1,10,200,50,False
data1101.vrp,sa,random,True,71,6068.1064123973265,19,2233.764990394256,52,3834.3414220030704,63.188434108034,93.64267380000092,136854,0.75,1,1200,0.995,0.1,1250,0.3,0.1,10,200,50,False
data1101.vrp,sa,random,True,71,6068.1064123973265,18,2128.240227878081,53,3939.8661845192455,64.92744056811493,241.18868149999798,174386,0.75,1,1200,0.995,0.1,750,0.7,0.2,10,200,50,False
data1101.vrp,sa,random,True,71,6068.1064123973265,18,2167.2113463566857,53,3900.895066040641,64.2852119084628,182.76999109999997,140004,0.75,1,1200,0.995,0.1,1000,0.7,0.1,10,200,50,False
data1101.vrp,sa,random,True,71,6068.1064123973265,18,2114.1142727823008,53,3953.9921396150257,65.1602307358503,128.17704169999888,129337,0.75,1,1200,0.995,0.1,1250,0.5,0.1,10,200,50,False
data1101.vrp,sa,random,True,71,6068.1064123973265,18,2153.503229639605,53,3914.6031827577217,64.51111626454124,114.6377676000011,103180,0.75,1,1200,0.995,0.1,1250,0.5,0.2,10,200,50,False
data1101.vrp,sa,random,True,71,6068.1064123973265,19,2265.834369043425,52,3802.2720433539016,62.65994339825261,121.00932440000179,101775,0.75,1,1200,0.995,0.1,1250,0.7,0.2,10,200,50,False
data1101.vrp,sa,random,True,71,6068.1064123973265,18,2166.008190456731,53,3902.0982219405955,64.30503944308705,185.20788019999964,132909,0.75,1,1200,0.995,0.1,1250,0.7,0.1,10,200,50,False
data1101.vrp,sa,random,True,71,6068.1064123973265,20,2356.050126132436,51,3712.0562862648903,61.17322330869225,33.606459300001006,56415,0.75,1,2500,0.975,0.01,500,0.3,0.1,10,200,50,False
data1101.vrp,sa,random,True,71,6068.1064123973265,18,2170.6205424348204,53,3897.485869962506,64.22902970191531,163.73237470000095,168584,0.75,1,1200,0.995,0.1,1500,0.5,0.1,10,200,50,False
data1101.vrp,sa,random,True,71,6068.1064123973265,18,2124.1208105838086,53,3943.985601813518,64.99532694014454,203.77932910000163,276045,0.75,1,1200,0.995,0.1,1500,0.3,0.1,10,200,50,False
data1101.vrp,sa,random,True,71,6068.1064123973265,20,2398.5898035777695,51,3669.516608819557,60.472186204952216,29.15553169999839,47558,0.75,1,2500,0.975,0.01,500,0.3,0.2,10,200,50,False
data1101.vrp,sa,random,True,71,6068.1064123973265,18,2110.774412595108,53,3957.3319998022184,65.2152703142659,224.6909517999993,286217,0.75,1,1200,0.995,0.1,1500,0.3,0.2,10,200,50,False
data1101.vrp,sa,random,True,71,6068.1064123973265,19,2224.2512859273843,52,3843.855126469942,63.34521620479214,58.13241339999877,70943,0.75,1,2500,0.975,0.01,500,0.5,0.1,10,200,50,False
data1101.vrp,sa,random,True,71,6068.1064123973265,20,2411.011227848991,51,3657.0951845483355,60.267486032822006,36.42390780000278,36207,0.75,1,2500,0.975,0.01,500,0.7,0.2,10,200,50,False
data1101.vrp,sa,random,True,71,6068.1064123973265,20,2314.9856834667585,51,3753.120728930568,61.84994912519708,59.24335880000217,98276,0.75,1,2500,0.975,0.01,750,0.3,0.1,10,200,50,False
data1101.vrp,sa,random,True,71,6068.1064123973265,19,2215.7450619426886,52,3852.361350454638,63.48539542062325,57.64203329999873,83854,0.75,1,2500,0.975,0.01,750,0.3,0.2,10,200,50,False
data1101.vrp,sa,random,True,71,6068.1064123973265,18,2135.589591432378,53,3932.5168209649487,64.80632595583191,276.52819850000014,260560,0.75,1,1200,0.995,0.1,1500,0.5,0.2,10,200,50,False
data1101.vrp,sa,random,True,71,6068.1064123973265,19,2273.7642046827564,52,3794.34220771457,62.529262834986106,46.34050610000122,55163,0.75,1,2500,0.975,0.01,750,0.5,0.1,10,200,50,False
data1101.vrp,sa,random,True,71,6068.1064123973265,18,2118.783354373464,53,3949.3230580238624,65.08328611303314,291.970244600001,221858,0.75,1,1200,0.995,0.1,1500,0.7,0.1,10,200,50,False
data1101.vrp,sa,random,True,71,6068.1064123973265,19,2279.971949408866,52,3788.1344629884607,62.42696165065903,66.74124550000124,72055,0.75,1,2500,0.975,0.01,750,0.5,0.2,10,200,50,False
data1101.vrp,sa,random,True,71,6068.1064123973265,15,1647.106886512287,56,4420.9995258850395,72.8563282419175,205.7790731999994,114804,0.75,1,2500,0.975,0.01,500,0.5,0.2,10,200,50,False
data1101.vrp,sa,random,True,71,6068.1064123973265,16,1668.849908968742,55,4399.256503428584,72.49801180877068,215.95495069999743,109946,0.75,1,2500,0.975,0.01,500,0.7,0.1,10,200,50,False
data1101.vrp,sa,random,True,71,6068.1064123973265,17,2020.1994105083056,54,4047.9070018890206,66.70791061967904,585.2292319000007,340213,0.75,1,1200,0.995,0.1,1000,0.7,0.2,10,200,50,False
data1101.vrp,sa,random,True,71,6068.1064123973265,17,2050.1400616221813,54,4017.966350775145,66.2145004999635,375.8327126000004,214352,0.75,1,1200,0.995,0.1,1500,0.7,0.2,10,200,50,False
data1101.vrp,sa,random,True,71,6068.1064123973265,16,1660.3637254094726,55,4407.742686987854,72.63786076629607,229.18767039999875,239699,0.75,1,2500,0.975,0.01,1000,0.3,0.1,10,200,50,False
data1101.vrp,sa,random,True,71,6068.1064123973265,16,1656.6685220644945,55,4411.4378903328325,72.69875625978032,247.00992249999763,232444,0.75,1,2500,0.975,0.01,1000,0.3,0.2,10,200,50,False
data1101.vrp,sa,random,True,71,6068.1064123973265,18,2124.012227033063,53,3944.0941853642635,64.99711635422804,161.04849090000062,114227,0.75,1,2500,0.975,0.01,1000,0.7,0.2,10,200,50,False
data1101.vrp,sa,random,True,71,6068.1064123973265,15,1661.923253538721,56,4406.183158858606,72.61216035791064,373.98018960000263,167985,0.75,1,2500,0.975,0.01,750,0.7,0.1,10,200,50,False
data1101.vrp,sa,random,True,71,6068.1064123973265,20,2369.9028278958976,51,3698.203584501429,60.94493624808369,89.72449410000263,140766,0.75,1,2500,0.975,0.01,1250,0.3,0.2,10,200,50,False
data1101.vrp,sa,random,True,71,6068.1064123973265,15,1668.6486504662578,56,4399.4577619310685,72.50132846950149,382.6576203000004,161644,0.75,1,2500,0.975,0.01,750,0.7,0.2,10,200,50,False
data1101.vrp,sa,random,True,71,6068.1064123973265,15,1642.335515966361,56,4425.770896430966,72.9349585463594,334.6983032999997,225793,0.75,1,2500,0.975,0.01,1000,0.5,0.2,10,200,50,False
data1101.vrp,sa,random,True,71,6068.1064123973265,15,1673.9980845951332,56,4394.108327802193,72.41317190524042,355.54424799999833,230127,0.75,1,2500,0.975,0.01,1000,0.5,0.1,10,200,50,False
data1101.vrp,sa,random,True,71,6068.1064123973265,18,2116.184328512622,53,3951.9220838847045,65.1261170339862,142.17994719999842,151652,0.75,1,2500,0.975,0.01,1250,0.5,0.1,10,200,50,False
data1101.vrp,sa,random,True,71,6068.1064123973265,18,2153.517219481026,53,3914.5891929163004,64.51088571747317,111.07983160000003,104274,0.75,1,2500,0.975,0.01,1250,0.5,0.2,10,200,50,False
data1101.vrp,sa,random,True,71,6068.1064123973265,16,1663.1194533415526,55,4404.986959055774,72.59244745702303,281.4101957999992,290956,0.75,1,2500,0.975,0.01,1250,0.3,0.1,10,200,50,False
data1101.vrp,sa,random,True,71,6068.1064123973265,16,1659.5179148447244,55,4408.588497552602,72.65179939075757,441.811032900001,220427,0.75,1,2500,0.975,0.01,1000,0.7,0.1,10,200,50,False
data1101.vrp,sa,random,True,71,6068.1064123973265,18,2132.1204823896055,53,3935.985930007721,64.86349550440285,155.15390099999786,204921,0.75,1,2500,0.975,0.01,1500,0.3,0.2,10,200,50,False
data1101.vrp,sa,random,True,71,6068.1064123973265,20,2356.050126132436,51,3712.0562862648903,61.17322330869225,31.56016539999837,56415,0.75,1,2500,0.975,0.1,500,0.3,0.1,10,200,50,False
data1101.vrp,sa,random,True,71,6068.1064123973265,20,2398.5898035777695,51,3669.516608819557,60.472186204952216,29.140553299999738,47558,0.75,1,2500,0.975,0.1,500,0.3,0.2,10,200,50,False
data1101.vrp,sa,random,True,71,6068.1064123973265,19,2224.2512859273843,52,3843.855126469942,63.34521620479214,57.20394639999722,70943,0.75,1,2500,0.975,0.1,500,0.5,0.1,10,200,50,False
data1101.vrp,sa,random,True,71,6068.1064123973265,15,1636.3792160098894,56,4431.727196387437,73.03311602006984,334.79123489999984,351586,0.75,1,2500,0.975,0.01,1500,0.3,0.1,10,200,50,False
data1101.vrp,sa,random,True,71,6068.1064123973265,18,2124.219892448188,53,3943.8865199491383,64.99369411010423,239.92313619999913,164228,0.75,1,2500,0.975,0.01,1500,0.7,0.2,10,200,50,False
data1101.vrp,sa,random,True,71,6068.1064123973265,20,2411.011227848991,51,3657.0951845483355,60.267486032822006,37.05625059999875,36207,0.75,1,2500,0.975,0.1,500,0.7,0.2,10,200,50,False
data1101.vrp,sa,random,True,71,6068.1064123973265,20,2314.9856834667585,51,3753.120728930568,61.84994912519708,59.05616590000136,98276,0.75,1,2500,0.975,0.1,750,0.3,0.1,10,200,50,False
data1101.vrp,sa,random,True,71,6068.1064123973265,15,1647.106886512287,56,4420.9995258850395,72.8563282419175,203.48282100000142,114804,0.75,1,2500,0.975,0.1,500,0.5,0.2,10,200,50,False
data1101.vrp,sa,random,True,71,6068.1064123973265,19,2273.7642046827564,52,3794.34220771457,62.529262834986106,46.68347449999783,55163,0.75,1,2500,0.975,0.1,750,0.5,0.1,10,200,50,False
data1101.vrp,sa,random,True,71,6068.1064123973265,19,2215.7450619426886,52,3852.361350454638,63.48539542062325,57.07356599999912,83854,0.75,1,2500,0.975,0.1,750,0.3,0.2,10,200,50,False
data1101.vrp,sa,random,True,71,6068.1064123973265,16,1668.849908968742,55,4399.256503428584,72.49801180877068,211.90073159999884,109946,0.75,1,2500,0.975,0.1,500,0.7,0.1,10,200,50,False
data1101.vrp,sa,random,True,71,6068.1064123973265,15,1663.987509604943,56,4404.118902792384,72.57814223222313,512.4858163999997,345286,0.75,1,2500,0.975,0.01,1500,0.5,0.1,10,200,50,False
data1101.vrp,sa,random,True,71,6068.1064123973265,15,1646.8264939245234,56,4421.279918472803,72.8609490011578,620.2194858000003,281264,0.75,1,2500,0.975,0.01,1250,0.7,0.1,10,200,50,False
data1101.vrp,sa,random,True,71,6068.1064123973265,19,2279.971949408866,52,3788.1344629884607,62.42696165065903,67.31173349999881,72055,0.75,1,2500,0.975,0.1,750,0.5,0.2,10,200,50,False
data1101.vrp,sa,random,True,71,6068.1064123973265,15,1645.4167606339515,56,4422.689651763375,72.88418084969119,666.6813150000016,272555,0.75,1,2500,0.975,0.01,1250,0.7,0.2,10,200,50,False
data1101.vrp,sa,random,True,71,6068.1064123973265,15,1660.306678441405,56,4407.7997339559215,72.6388008778266,628.9358753999986,343734,0.75,1,2500,0.975,0.01,1500,0.5,0.2,10,200,50,False
data1101.vrp,sa,random,True,71,6068.1064123973265,16,1660.3637254094726,55,4407.742686987854,72.63786076629607,223.7351520000011,239699,0.75,1,2500,0.975,0.1,1000,0.3,0.1,10,200,50,False
data1101.vrp,sa,random,True,71,6068.1064123973265,16,1656.6685220644945,55,4411.4378903328325,72.69875625978032,247.04294239999945,232444,0.75,1,2500,0.975,0.1,1000,0.3,0.2,10,200,50,False
data1101.vrp,sa,random,True,71,6068.1064123973265,15,1640.9724517964662,56,4427.1339606008605,72.95742130619348,759.0171293999992,338127,0.75,1,2500,0.975,0.01,1500,0.7,0.1,10,200,50,False
data1101.vrp,sa,random,True,71,6068.1064123973265,15,1661.923253538721,56,4406.183158858606,72.61216035791064,377.1448796000004,167985,0.75,1,2500,0.975,0.1,750,0.7,0.1,10,200,50,False
data1101.vrp,sa,random,True,71,6068.1064123973265,18,2124.012227033063,53,3944.0941853642635,64.99711635422804,159.4475220000022,114227,0.75,1,2500,0.975,0.1,1000,0.7,0.2,10,200,50,False
data1101.vrp,sa,random,True,71,6068.1064123973265,15,1668.6486504662578,56,4399.4577619310685,72.50132846950149,388.6505728000011,161644,0.75,1,2500,0.975,0.1,750,0.7,0.2,10,200,50,False
data1101.vrp,sa,random,True,71,6068.1064123973265,15,1673.9980845951332,56,4394.108327802193,72.41317190524042,354.45606770000086,230127,0.75,1,2500,0.975,0.1,1000,0.5,0.1,10,200,50,False
data1101.vrp,sa,random,True,71,6068.1064123973265,20,2369.9028278958976,51,3698.203584501429,60.94493624808369,92.02238710000165,140766,0.75,1,2500,0.975,0.1,1250,0.3,0.2,10,200,50,False
data1101.vrp,sa,random,True,71,6068.1064123973265,15,1642.335515966361,56,4425.770896430966,72.9349585463594,329.1894355999975,225793,0.75,1,2500,0.975,0.1,1000,0.5,0.2,10,200,50,False
data1101.vrp,sa,random,True,71,6068.1064123973265,18,2153.517219481026,53,3914.5891929163004,64.51088571747317,109.9971872999995,104274,0.75,1,2500,0.975,0.1,1250,0.5,0.2,10,200,50,False
data1101.vrp,sa,random,True,71,6068.1064123973265,18,2116.184328512622,53,3951.9220838847045,65.1261170339862,145.34125359999962,151652,0.75,1,2500,0.975,0.1,1250,0.5,0.1,10,200,50,False
data1101.vrp,sa,random,True,71,6068.1064123973265,16,1663.1194533415526,55,4404.986959055774,72.59244745702303,278.0603019000009,290956,0.75,1,2500,0.975,0.1,1250,0.3,0.1,10,200,50,False
data1101.vrp,sa,random,True,71,6068.1064123973265,18,2132.1204823896055,53,3935.985930007721,64.86349550440285,152.89687440000125,204921,0.75,1,2500,0.975,0.1,1500,0.3,0.2,10,200,50,False
data1101.vrp,sa,random,True,71,6068.1064123973265,16,1659.5179148447244,55,4408.588497552602,72.65179939075757,436.26400210000065,220427,0.75,1,2500,0.975,0.1,1000,0.7,0.1,10,200,50,False
data1101.vrp,sa,random,True,71,6068.1064123973265,18,2121.511458780005,53,3946.5949536173216,65.03832802856435,91.19769399999859,138881,0.75,1,2500,0.985,0.01,500,0.3,0.1,10,200,50,False
data1101.vrp,sa,random,True,71,6068.1064123973265,15,1636.3792160098894,56,4431.727196387437,73.03311602006984,334.2913827000011,351586,0.75,1,2500,0.975,0.1,1500,0.3,0.1,10,200,50,False
data1101.vrp,sa,random,True,71,6068.1064123973265,18,2073.016903712617,53,3995.0895086847095,65.83749916650473,109.7607809000001,154844,0.75,1,2500,0.985,0.01,500,0.3,0.2,10,200,50,False
data1101.vrp,sa,random,True,71,6068.1064123973265,19,2273.7642046827564,52,3794.34220771457,62.529262834986106,36.182104499999696,42807,0.75,1,2500,0.985,0.01,500,0.5,0.1,10,200,50,False
data1101.vrp,sa,random,True,71,6068.1064123973265,18,2124.219892448188,53,3943.8865199491383,64.99369411010423,239.59199900000021,164228,0.75,1,2500,0.975,0.1,1500,0.7,0.2,10,200,50,False
data1101.vrp,sa,random,True,71,6068.1064123973265,20,2362.4440907411117,51,3705.6623216562148,61.06785329415835,38.916293100002804,47704,0.75,1,2500,0.985,0.01,500,0.5,0.2,10,200,50,False
data1101.vrp,sa,random,True,71,6068.1064123973265,19,2277.3999084362263,52,3790.7065039611,62.46934787129921,76.7551975000024,71341,0.75,1,2500,0.985,0.01,500,0.7,0.1,10,200,50,False
data1101.vrp,sa,random,True,71,6068.1064123973265,19,2286.8488565022385,52,3781.257555895088,62.31363293448288,93.78432320000138,144680,0.75,1,2500,0.985,0.01,750,0.3,0.1,10,200,50,False
data1101.vrp,sa,random,True,71,6068.1064123973265,19,2272.085221320758,52,3796.0211910765684,62.55693181848593,83.06856479999988,121274,0.75,1,2500,0.985,0.01,750,0.3,0.2,10,200,50,False
data1101.vrp,sa,random,True,71,6068.1064123973265,18,2144.2654719900884,53,3923.840940407238,64.66335086660168,135.38162569999986,101591,0.75,1,2500,0.985,0.01,500,0.7,0.2,10,200,50,False
data1101.vrp,sa,random,True,71,6068.1064123973265,15,1663.987509604943,56,4404.118902792384,72.57814223222313,511.5071228000015,345286,0.75,1,2500,0.975,0.1,1500,0.5,0.1,10,200,50,False
data1101.vrp,sa,random,True,71,6068.1064123973265,19,2282.0931034835203,52,3786.013308913806,62.39200586823701,65.66472989999966,59714,0.75,1,2500,0.985,0.01,750,0.7,0.1,10,200,50,False
data1101.vrp,sa,random,True,71,6068.1064123973265,15,1646.8264939245234,56,4421.279918472803,72.8609490011578,625.5009812999997,281264,0.75,1,2500,0.975,0.1,1250,0.7,0.1,10,200,50,False
data1101.vrp,sa,random,True,71,6068.1064123973265,18,2148.201702851404,53,3919.9047095459223,64.59848333472593,117.78795019999961,107980,0.75,1,2500,0.985,0.01,750,0.5,0.2,10,200,50,False
data1101.vrp,sa,random,True,71,6068.1064123973265,15,1645.4167606339515,56,4422.689651763375,72.88418084969119,674.5531988000002,272555,0.75,1,2500,0.975,0.1,1250,0.7,0.2,10,200,50,False
data1101.vrp,sa,random,True,71,6068.1064123973265,19,2245.6211137546547,52,3822.4852986426718,62.993049871920796,81.70890100000179,70792,0.75,1,2500,0.985,0.01,750,0.7,0.2,10,200,50,False
data1101.vrp,sa,random,True,71,6068.1064123973265,19,2260.3133901103233,52,3807.793022287003,62.75092695321832,95.18523999999888,150011,0.75,1,2500,0.985,0.01,1000,0.3,0.1,10,200,50,False
data1101.vrp,sa,random,True,71,6068.1064123973265,19,2264.407420415473,52,3803.6989919818534,62.683458948755096,96.81879729999855,135152,0.75,1,2500,0.985,0.01,1000,0.3,0.2,10,200,50,False
data1101.vrp,sa,random,True,71,6068.1064123973265,19,2200.994881848434,52,3867.1115305488925,63.72847257009642,71.49653630000103,83654,0.75,1,2500,0.985,0.01,1000,0.5,0.1,10,200,50,False
data1101.vrp,sa,random,True,71,6068.1064123973265,15,1660.306678441405,56,4407.7997339559215,72.6388008778266,634.5004178999989,343734,0.75,1,2500,0.975,0.1,1500,0.5,0.2,10,200,50,False
data1101.vrp,sa,random,True,71,6068.1064123973265,17,1974.0075515179462,54,4094.0988608793805,67.46913423461085,226.53503780000028,223745,0.75,1,2500,0.985,0.01,750,0.5,0.1,10,200,50,False
data1101.vrp,sa,random,True,71,6068.1064123973265,20,2338.936418598312,51,3729.1699937990147,61.45525045803756,71.24487600000066,86618,0.75,1,2500,0.985,0.01,1000,0.5,0.2,10,200,50,False
data1101.vrp,sa,random,True,71,6068.1064123973265,18,2175.96834984959,53,3892.1380625477364,64.14089994526101,105.99713899999915,152998,0.75,1,2500,0.985,0.01,1250,0.3,0.1,10,200,50,False
data1101.vrp,sa,random,True,71,6068.1064123973265,19,2259.458874998931,52,3808.6475373983953,62.76500902517484,96.36252020000029,113252,0.75,1,2500,0.985,0.01,1250,0.5,0.1,10,200,50,False
data1101.vrp,sa,random,True,71,6068.1064123973265,18,2128.9515941729255,53,3939.154818224401,64.91571753218743,154.19479470000078,123106,0.75,1,2500,0.985,0.01,1000,0.7,0.1,10,200,50,False
data1101.vrp,sa,random,True,71,6068.1064123973265,18,2171.410153521813,53,3896.6962588755136,64.2160172226783,143.5660762999978,97396,0.75,1,2500,0.985,0.01,1000,0.7,0.2,10,200,50,False
data1101.vrp,sa,random,True,71,6068.1064123973265,18,2133.0934243767397,53,3935.012988020587,64.84746180424976,128.06995599999937,167723,0.75,1,2500,0.985,0.01,1250,0.3,0.2,10,200,50,False
data1101.vrp,sa,random,True,71,6068.1064123973265,15,1640.9724517964662,56,4427.1339606008605,72.95742130619348,757.2079377000009,338127,0.75,1,2500,0.975,0.1,1500,0.7,0.1,10,200,50,False
data1101.vrp,sa,random,True,71,6068.1064123973265,18,2127.1575209865173,53,3940.948891410809,64.94528315059424,97.47745199999918,135991,0.75,1,2500,0.985,0.01,1500,0.3,0.1,10,200,50,False
data1101.vrp,sa,random,True,71,6068.1064123973265,19,2250.028621777691,52,3818.0777906196354,62.92041587832386,107.55618029999823,122519,0.75,1,2500,0.985,0.01,1500,0.5,0.1,10,200,50,False
data1101.vrp,sa,random,True,71,6068.1064123973265,19,2244.201571330255,52,3823.9048410670716,63.016443371110256,135.2161612000018,192390,0.75,1,2500,0.985,0.01,1500,0.3,0.2,10,200,50,False
data1101.vrp,sa,random,True,71,6068.1064123973265,18,2114.2009992113717,53,3953.905413185955,65.15880151851005,292.4553765000019,227122,0.75,1,2500,0.985,0.01,1250,0.7,0.1,10,200,50,False
data1101.vrp,sa,random,True,71,6068.1064123973265,18,2121.511458780005,53,3946.5949536173216,65.03832802856435,89.68634410000232,138881,0.75,1,2500,0.985,0.1,500,0.3,0.1,10,200,50,False
data1101.vrp,sa,random,True,71,6068.1064123973265,19,2273.7642046827564,52,3794.34220771457,62.529262834986106,35.60806219999722,42807,0.75,1,2500,0.985,0.1,500,0.5,0.1,10,200,50,False
data1101.vrp,sa,random,True,71,6068.1064123973265,18,2073.016903712617,53,3995.0895086847095,65.83749916650473,107.64389329999904,154844,0.75,1,2500,0.985,0.1,500,0.3,0.2,10,200,50,False
data1101.vrp,sa,random,True,71,6068.1064123973265,20,2362.4440907411117,51,3705.6623216562148,61.06785329415835,39.14687450000201,47704,0.75,1,2500,0.985,0.1,500,0.5,0.2,10,200,50,False
data1101.vrp,sa,random,True,71,6068.1064123973265,17,2027.8918664359867,54,4040.21454596134,66.58114198042173,389.96548220000113,295147,0.75,1,2500,0.985,0.01,1250,0.5,0.2,10,200,50,False
data1101.vrp,sa,random,True,71,6068.1064123973265,19,2277.3999084362263,52,3790.7065039611,62.46934787129921,77.7976118000006,71341,0.75,1,2500,0.985,0.1,500,0.7,0.1,10,200,50,False
data1101.vrp,sa,random,True,71,6068.1064123973265,17,2033.1785904743954,54,4034.927821922931,66.49401885371441,336.80984100000205,179602,0.75,1,2500,0.985,0.01,1250,0.7,0.2,10,200,50,False
data1101.vrp,sa,random,True,71,6068.1064123973265,18,2146.785297520843,53,3921.3211148764835,64.62182513584641,242.59597230000145,172963,0.75,1,2500,0.985,0.01,1500,0.7,0.1,10,200,50,False
data1101.vrp,sa,random,True,71,6068.1064123973265,19,2286.8488565022385,52,3781.257555895088,62.31363293448288,93.78393549999964,144680,0.75,1,2500,0.985,0.1,750,0.3,0.1,10,200,50,False
data1101.vrp,sa,random,True,71,6068.1064123973265,19,2272.085221320758,52,3796.0211910765684,62.55693181848593,83.66465059999973,121274,0.75,1,2500,0.985,0.1,750,0.3,0.2,10,200,50,False
data1101.vrp,sa,random,True,71,6068.1064123973265,18,2144.2654719900884,53,3923.840940407238,64.66335086660168,137.55861519999962,101591,0.75,1,2500,0.985,0.1,500,0.7,0.2,10,200,50,False
data1101.vrp,sa,random,True,71,6068.1064123973265,19,2282.0931034835203,52,3786.013308913806,62.39200586823701,66.45563870000115,59714,0.75,1,2500,0.985,0.1,750,0.7,0.1,10,200,50,False
data1101.vrp,sa,random,True,71,6068.1064123973265,19,2245.6211137546547,52,3822.4852986426718,62.993049871920796,82.81536810000034,70792,0.75,1,2500,0.985,0.1,750,0.7,0.2,10,200,50,False
data1101.vrp,sa,random,True,71,6068.1064123973265,18,2148.201702851404,53,3919.9047095459223,64.59848333472593,116.94267610000315,107980,0.75,1,2500,0.985,0.1,750,0.5,0.2,10,200,50,False
data1101.vrp,sa,random,True,71,6068.1064123973265,19,2200.994881848434,52,3867.1115305488925,63.72847257009642,72.53779119999672,83654,0.75,1,2500,0.985,0.1,1000,0.5,0.1,10,200,50,False
data1101.vrp,sa,random,True,71,6068.1064123973265,19,2260.3133901103233,52,3807.793022287003,62.75092695321832,96.19568650000292,150011,0.75,1,2500,0.985,0.1,1000,0.3,0.1,10,200,50,False
data1101.vrp,sa,random,True,71,6068.1064123973265,19,2264.407420415473,52,3803.6989919818534,62.683458948755096,94.23987579999812,135152,0.75,1,2500,0.985,0.1,1000,0.3,0.2,10,200,50,False
data1101.vrp,sa,random,True,71,6068.1064123973265,20,2338.936418598312,51,3729.1699937990147,61.45525045803756,72.51702269999805,86618,0.75,1,2500,0.985,0.1,1000,0.5,0.2,10,200,50,False
data1101.vrp,sa,random,True,71,6068.1064123973265,17,1974.0075515179462,54,4094.0988608793805,67.46913423461085,225.27360279999994,223745,0.75,1,2500,0.985,0.1,750,0.5,0.1,10,200,50,False
data1101.vrp,sa,random,True,71,6068.1064123973265,18,2175.96834984959,53,3892.1380625477364,64.14089994526101,104.1053299999985,152998,0.75,1,2500,0.985,0.1,1250,0.3,0.1,10,200,50,False
data1101.vrp,sa,random,True,71,6068.1064123973265,18,2128.9515941729255,53,3939.154818224401,64.91571753218743,158.93837580000036,123106,0.75,1,2500,0.985,0.1,1000,0.7,0.1,10,200,50,False
data1101.vrp,sa,random,True,71,6068.1064123973265,19,2259.458874998931,52,3808.6475373983953,62.76500902517484,96.26245200000267,113252,0.75,1,2500,0.985,0.1,1250,0.5,0.1,10,200,50,False
data1101.vrp,sa,random,True,71,6068.1064123973265,18,2133.0934243767397,53,3935.012988020587,64.84746180424976,125.65350870000111,167723,0.75,1,2500,0.985,0.1,1250,0.3,0.2,10,200,50,False
data1101.vrp,sa,random,True,71,6068.1064123973265,18,2171.410153521813,53,3896.6962588755136,64.2160172226783,144.77043849999973,97396,0.75,1,2500,0.985,0.1,1000,0.7,0.2,10,200,50,False
data1101.vrp,sa,random,True,71,6068.1064123973265,18,2127.1575209865173,53,3940.948891410809,64.94528315059424,93.38840789999813,135991,0.75,1,2500,0.985,0.1,1500,0.3,0.1,10,200,50,False
data1101.vrp,sa,random,True,71,6068.1064123973265,19,2250.028621777691,52,3818.0777906196354,62.92041587832386,106.55584159999853,122519,0.75,1,2500,0.985,0.1,1500,0.5,0.1,10,200,50,False
data1101.vrp,sa,random,True,71,6068.1064123973265,19,2244.201571330255,52,3823.9048410670716,63.016443371110256,131.53097550000166,192390,0.75,1,2500,0.985,0.1,1500,0.3,0.2,10,200,50,False
data1101.vrp,sa,random,True,71,6068.1064123973265,18,2114.2009992113717,53,3953.905413185955,65.15880151851005,292.2346451000012,227122,0.75,1,2500,0.985,0.1,1250,0.7,0.1,10,200,50,False
data1101.vrp,sa,random,True,71,6068.1064123973265,17,2033.1785904743954,54,4034.927821922931,66.49401885371441,332.01861439999993,179602,0.75,1,2500,0.985,0.1,1250,0.7,0.2,10,200,50,False
data1101.vrp,sa,random,True,71,6068.1064123973265,17,2027.8918664359867,54,4040.21454596134,66.58114198042173,391.3252218999987,295147,0.75,1,2500,0.985,0.1,1250,0.5,0.2,10,200,50,False
data1101.vrp,sa,random,True,71,6068.1064123973265,19,2253.3700563791485,52,3814.736356018178,62.86535035418224,69.32139129999996,108673,0.75,1,2500,0.995,0.01,500,0.3,0.1,10,200,50,False
data1101.vrp,sa,random,True,71,6068.1064123973265,18,2146.785297520843,53,3921.3211148764835,64.62182513584641,242.99784259999797,172963,0.75,1,2500,0.985,0.1,1500,0.7,0.1,10,200,50,False
data1101.vrp,sa,random,True,71,6068.1064123973265,15,1645.5119774417008,56,4422.594434955626,72.8826117142595,960.0908855000016,565844,0.75,1,2500,0.985,0.01,1500,0.5,0.2,10,200,50,False
data1101.vrp,sa,random,True,71,6068.1064123973265,19,2306.1958912979453,52,3761.910521099381,61.99480143284375,62.94376379999812,68243,0.75,1,2500,0.995,0.01,500,0.5,0.2,10,200,50,False
data1101.vrp,sa,random,True,71,6068.1064123973265,19,2265.9537776976813,52,3802.152634699645,62.6579755907334,85.04240560000108,126015,0.75,1,2500,0.995,0.01,500,0.3,0.2,10,200,50,False
data1101.vrp,sa,random,True,71,6068.1064123973265,18,2169.5896990978986,53,3898.516713299428,64.24601759347264,92.26790489999985,105098,0.75,1,2500,0.995,0.01,500,0.5,0.1,10,200,50,False
data1101.vrp,sa,random,True,71,6068.1064123973265,18,2193.8332925389946,53,3874.273119858332,63.84649273689522,69.14881640000021,54833,0.75,1,2500,0.995,0.01,500,0.7,0.1,10,200,50,False
data1101.vrp,sa,random,True,71,6068.1064123973265,20,2369.2711771040713,51,3698.835235293255,60.9553456039667,36.05685789999916,60630,0.75,1,2500,0.995,0.01,750,0.3,0.1,10,200,50,False
data1101.vrp,sa,random,True,71,6068.1064123973265,19,2255.7082035946432,52,3812.3982088026833,62.82681861039612,87.60124039999937,126336,0.75,1,2500,0.995,0.01,750,0.3,0.2,10,200,50,False
data1101.vrp,sa,random,True,71,6068.1064123973265,19,2280.9178078967593,52,3787.188604500567,62.41137427588985,70.78565449999951,62076,0.75,1,2500,0.995,0.01,750,0.7,0.1,10,200,50,False
data1101.vrp,sa,random,True,71,6068.1064123973265,18,2197.062598160592,53,3871.0438142367343,63.79327505411035,158.83246659999713,121858,0.75,1,2500,0.995,0.01,500,0.7,0.2,10,200,50,False
data1101.vrp,sa,random,True,71,6068.1064123973265,18,2130.201361911001,53,3937.9050504863253,64.89512185285784,166.61379130000205,171857,0.75,1,2500,0.995,0.01,750,0.5,0.1,10,200,50,False
data1101.vrp,sa,random,True,71,6068.1064123973265,19,2259.9489729247575,52,3808.157439472569,62.75693240468537,101.42843809999977,80705,0.75,1,2500,0.995,0.01,750,0.7,0.2,10,200,50,False
data1101.vrp,sa,random,True,71,6068.1064123973265,18,2160.095581236087,53,3908.0108311612394,64.40247691070569,173.6825338000017,161364,0.75,1,2500,0.995,0.01,750,0.5,0.2,10,200,50,False
data1101.vrp,sa,random,True,71,6068.1064123973265,19,2266.1019673858664,52,3802.00444501146,62.655533483128266,80.91417419999925,117666,0.75,1,2500,0.995,0.01,1000,0.3,0.2,10,200,50,False
data1101.vrp,sa,random,True,71,6068.1064123973265,18,2126.207869165022,53,3941.8985432323043,64.96093303800482,124.18981910000002,129639,0.75,1,2500,0.995,0.01,1000,0.5,0.1,10,200,50,False
data1101.vrp,sa,random,True,71,6068.1064123973265,18,2164.349425503248,53,3903.7569868940786,64.33237523519007,138.14166509999995,123609,0.75,1,2500,0.995,0.01,1000,0.5,0.2,10,200,50,False
data1101.vrp,sa,random,True,71,6068.1064123973265,18,2158.4988821247634,53,3909.607530272563,64.42878988221294,243.04202150000128,343507,0.75,1,2500,0.995,0.01,1000,0.3,0.1,10,200,50,False
data1101.vrp,sa,random,True,71,6068.1064123973265,18,2137.679453496349,53,3930.4269589009773,64.77188585340222,196.72127230000115,143515,0.75,1,2500,0.995,0.01,1000,0.7,0.1,10,200,50,False
data1101.vrp,sa,random,True,71,6068.1064123973265,18,2139.8325394551825,53,3928.273872942144,64.73640384612506,203.9708950000022,140468,0.75,1,2500,0.995,0.01,1000,0.7,0.2,10,200,50,False
data1101.vrp,sa,random,True,71,6068.1064123973265,17,1995.760887655274,54,4072.3455247420525,67.11064783607166,159.0419750000001,206995,0.75,1,2500,0.995,0.01,1250,0.3,0.1,10,200,50,False
data1101.vrp,sa,random,True,71,6068.1064123973265,16,1661.0118600824135,55,4407.094552314913,72.62717976255466,1404.2077575999974,543725,0.75,1,2500,0.985,0.01,1500,0.7,0.2,10,200,50,False
data1101.vrp,sa,random,True,71,6068.1064123973265,18,2139.4964386647653,53,3928.6099737325612,64.74194265456998,158.14142920000086,165803,0.75,1,2500,0.995,0.01,1250,0.5,0.1,10,200,50,False
data1101.vrp,sa,random,True,71,6068.1064123973265,18,2146.7345402432793,53,3921.371872154047,64.62266159575852,175.395115299998,242966,0.75,1,2500,0.995,0.01,1250,0.3,0.2,10,200,50,False
data1101.vrp,sa,random,True,71,6068.1064123973265,18,2136.4633687440355,53,3931.643043653291,64.79192645041333,129.94178420000026,117143,0.75,1,2500,0.995,0.01,1250,0.5,0.2,10,200,50,False
data1101.vrp,sa,random,True,71,6068.1064123973265,18,2182.6913439507325,53,3885.415068446594,64.03010765448299,125.66262310000093,175099,0.75,1,2500,0.995,0.01,1500,0.3,0.1,10,200,50,False
data1101.vrp,sa,random,True,71,6068.1064123973265,15,1645.5119774417008,56,4422.594434955626,72.8826117142595,942.8450842999991,565844,0.75,1,2500,0.985,0.1,1500,0.5,0.2,10,200,50,False
data1101.vrp,sa,random,True,71,6068.1064123973265,18,2159.67207692255,53,3908.4343354747766,64.4094560947337,173.34911719999945,118362,0.75,1,2500,0.995,0.01,1250,0.7,0.2,10,200,50,False
data1101.vrp,sa,random,True,71,6068.1064123973265,19,2236.95297052068,52,3831.1534418766464,63.13589745310799,141.11653880000085,203405,0.75,1,2500,0.995,0.01,1500,0.3,0.2,10,200,50,False
data1101.vrp,sa,random,True,71,6068.1064123973265,17,2055.6245862475535,54,4012.481826149773,66.1241176976091,236.77732760000072,154509,0.75,1,2500,0.995,0.01,1250,0.7,0.1,10,200,50,False
data1101.vrp,sa,random,True,71,6068.1064123973265,19,2253.3700563791485,52,3814.736356018178,62.86535035418224,69.12831409999853,108673,0.75,1,2500,0.995,0.1,500,0.3,0.1,10,200,50,False
data1101.vrp,sa,random,True,71,6068.1064123973265,19,2265.9537776976813,52,3802.152634699645,62.6579755907334,84.35336739999912,126015,0.75,1,2500,0.995,0.1,500,0.3,0.2,10,200,50,False
data1101.vrp,sa,random,True,71,6068.1064123973265,18,2169.5896990978986,53,3898.516713299428,64.24601759347264,92.25461449999784,105098,0.75,1,2500,0.995,0.1,500,0.5,0.1,10,200,50,False
data1101.vrp,sa,random,True,71,6068.1064123973265,19,2306.1958912979453,52,3761.910521099381,61.99480143284375,62.36551150000014,68243,0.75,1,2500,0.995,0.1,500,0.5,0.2,10,200,50,False
data1101.vrp,sa,random,True,71,6068.1064123973265,18,2193.8332925389946,53,3874.273119858332,63.84649273689522,66.5701067000009,54833,0.75,1,2500,0.995,0.1,500,0.7,0.1,10,200,50,False
data1101.vrp,sa,random,True,71,6068.1064123973265,20,2369.2711771040713,51,3698.835235293255,60.9553456039667,36.822363100000075,60630,0.75,1,2500,0.995,0.1,750,0.3,0.1,10,200,50,False
data1101.vrp,sa,random,True,71,6068.1064123973265,18,2151.795849692461,53,3916.3105627048653,64.53925321256271,194.2136758000015,133056,0.75,1,2500,0.995,0.01,1500,0.7,0.2,10,200,50,False
data1101.vrp,sa,random,True,71,6068.1064123973265,17,2052.412449358275,54,4015.6939630390516,66.17705244645786,328.19209030000275,260123,0.75,1,2500,0.995,0.01,1500,0.5,0.2,10,200,50,False
data1101.vrp,sa,random,True,71,6068.1064123973265,18,2107.949615055379,53,3960.1567973419474,65.26182186342722,264.0174390000029,191370,0.75,1,2500,0.995,0.01,1500,0.7,0.1,10,200,50,False
data1101.vrp,sa,random,True,71,6068.1064123973265,19,2255.7082035946432,52,3812.3982088026833,62.82681861039612,88.86995030000253,126336,0.75,1,2500,0.995,0.1,750,0.3,0.2,10,200,50,False
data1101.vrp,sa,random,True,71,6068.1064123973265,17,2014.8807600430514,54,4053.225652354275,66.79555988130681,388.1634286999979,351295,0.75,1,2500,0.995,0.01,1500,0.5,0.1,10,200,50,False
data1101.vrp,sa,random,True,71,6068.1064123973265,18,2197.062598160592,53,3871.0438142367343,63.79327505411035,160.43303970000125,121858,0.75,1,2500,0.995,0.1,500,0.7,0.2,10,200,50,False
data1101.vrp,sa,random,True,71,6068.1064123973265,19,2280.9178078967593,52,3787.188604500567,62.41137427588985,71.8153241,62076,0.75,1,2500,0.995,0.1,750,0.7,0.1,10,200,50,False
data1101.vrp,sa,random,True,71,6068.1064123973265,19,2266.1019673858664,52,3802.00444501146,62.655533483128266,80.96015900000202,117666,0.75,1,2500,0.995,0.1,1000,0.3,0.2,10,200,50,False
data1101.vrp,sa,random,True,71,6068.1064123973265,18,2130.201361911001,53,3937.9050504863253,64.89512185285784,167.59992870000133,171857,0.75,1,2500,0.995,0.1,750,0.5,0.1,10,200,50,False
data1101.vrp,sa,random,True,71,6068.1064123973265,19,2259.9489729247575,52,3808.157439472569,62.75693240468537,100.9529564000004,80705,0.75,1,2500,0.995,0.1,750,0.7,0.2,10,200,50,False
data1101.vrp,sa,random,True,71,6068.1064123973265,18,2160.095581236087,53,3908.0108311612394,64.40247691070569,172.6997620000002,161364,0.75,1,2500,0.995,0.1,750,0.5,0.2,10,200,50,False
data1101.vrp,sa,random,True,71,6068.1064123973265,18,2126.207869165022,53,3941.8985432323043,64.96093303800482,125.05794959999912,129639,0.75,1,2500,0.995,0.1,1000,0.5,0.1,10,200,50,False
data1101.vrp,sa,random,True,71,6068.1064123973265,18,2164.349425503248,53,3903.7569868940786,64.33237523519007,134.2986419000008,123609,0.75,1,2500,0.995,0.1,1000,0.5,0.2,10,200,50,False
data1101.vrp,sa,random,True,71,6068.1064123973265,16,1661.0118600824135,55,4407.094552314913,72.62717976255466,1379.9761012000017,543725,0.75,1,2500,0.985,0.1,1500,0.7,0.2,10,200,50,False
data1101.vrp,sa,random,True,71,6068.1064123973265,18,2158.4988821247634,53,3909.607530272563,64.42878988221294,241.8716385000007,343507,0.75,1,2500,0.995,0.1,1000,0.3,0.1,10,200,50,False
data1101.vrp,sa,random,True,71,6068.1064123973265,17,1995.760887655274,54,4072.3455247420525,67.11064783607166,159.18448089999947,206995,0.75,1,2500,0.995,0.1,1250,0.3,0.1,10,200,50,False
data1101.vrp,sa,random,True,71,6068.1064123973265,18,2146.7345402432793,53,3921.371872154047,64.62266159575852,173.6506296999978,242966,0.75,1,2500,0.995,0.1,1250,0.3,0.2,10,200,50,False
data1101.vrp,sa,random,True,71,6068.1064123973265,18,2137.679453496349,53,3930.4269589009773,64.77188585340222,194.7439431999992,143515,0.75,1,2500,0.995,0.1,1000,0.7,0.1,10,200,50,False
data1101.vrp,sa,random,True,71,6068.1064123973265,18,2139.8325394551825,53,3928.273872942144,64.73640384612506,201.38528619999852,140468,0.75,1,2500,0.995,0.1,1000,0.7,0.2,10,200,50,False
data1101.vrp,sa,random,True,71,6068.1064123973265,18,2136.4633687440355,53,3931.643043653291,64.79192645041333,130.99649209999916,117143,0.75,1,2500,0.995,0.1,1250,0.5,0.2,10,200,50,False
data1101.vrp,sa,random,True,71,6068.1064123973265,18,2139.4964386647653,53,3928.6099737325612,64.74194265456998,164.47658949999823,165803,0.75,1,2500,0.995,0.1,1250,0.5,0.1,10,200,50,False
data1101.vrp,sa,random,True,71,6068.1064123973265,18,2182.6913439507325,53,3885.415068446594,64.03010765448299,126.15596060000098,175099,0.75,1,2500,0.995,0.1,1500,0.3,0.1,10,200,50,False
data1101.vrp,sa,random,True,71,6068.1064123973265,18,2159.67207692255,53,3908.4343354747766,64.4094560947337,172.6479747000012,118362,0.75,1,2500,0.995,0.1,1250,0.7,0.2,10,200,50,False
data1101.vrp,sa,random,True,71,6068.1064123973265,19,2236.95297052068,52,3831.1534418766464,63.13589745310799,136.61988310000015,203405,0.75,1,2500,0.995,0.1,1500,0.3,0.2,10,200,50,False
data1101.vrp,sa,random,True,71,6068.1064123973265,18,2175.8001547035437,53,3892.3062576937828,64.14367173492018,47.49617269999726,67474,0.75,1,5000,0.975,0.01,500,0.3,0.1,10,200,50,False
data1101.vrp,sa,random,True,71,6068.1064123973265,19,2267.5168478282776,52,3800.589564569049,62.63221681156297,38.44261639999968,58175,0.75,1,5000,0.975,0.01,500,0.3,0.2,10,200,50,False
data1101.vrp,sa,random,True,71,6068.1064123973265,17,2055.6245862475535,54,4012.481826149773,66.1241176976091,227.411161,154509,0.75,1,2500,0.995,0.1,1250,0.7,0.1,10,200,50,False
data1101.vrp,sa,random,True,71,6068.1064123973265,19,2281.1356803540316,52,3786.970732043295,62.407783823737795,42.26253320000251,47771,0.75,1,5000,0.975,0.01,500,0.5,0.2,10,200,50,False
data1101.vrp,sa,random,True,71,6068.1064123973265,18,2131.0011273294417,53,3937.105285067885,64.88194203424413,68.74429190000228,70799,0.75,1,5000,0.975,0.01,500,0.5,0.1,10,200,50,False
data1101.vrp,sa,random,True,71,6068.1064123973265,20,2368.2704339796146,51,3699.835978417712,60.9718374558962,32.842288399999234,55359,0.75,1,5000,0.975,0.01,750,0.3,0.1,10,200,50,False
data1101.vrp,sa,random,True,71,6068.1064123973265,18,2151.795849692461,53,3916.3105627048653,64.53925321256271,196.44335750000027,133056,0.75,1,2500,0.995,0.1,1500,0.7,0.2,10,200,50,False
data1101.vrp,sa,random,True,71,6068.1064123973265,18,2107.949615055379,53,3960.1567973419474,65.26182186342722,261.3384733999992,191370,0.75,1,2500,0.995,0.1,1500,0.7,0.1,10,200,50,False
data1101.vrp,sa,random,True,71,6068.1064123973265,18,2136.512780807824,53,3931.5936315895024,64.7911121590936,79.17136749999918,78389,0.75,1,5000,0.975,0.01,750,0.5,0.1,10,200,50,False
data1101.vrp,sa,random,True,71,6068.1064123973265,18,2174.330293650471,53,3893.7761187468554,64.16789446526106,94.69390779999958,89405,0.75,1,5000,0.975,0.01,750,0.5,0.2,10,200,50,False
data1101.vrp,sa,random,True,71,6068.1064123973265,17,2052.412449358275,54,4015.6939630390516,66.17705244645786,329.3955868000012,260123,0.75,1,2500,0.995,0.1,1500,0.5,0.2,10,200,50,False
data1101.vrp,sa,random,True,71,6068.1064123973265,18,2175.7007728940166,53,3892.40563950331,64.14530950793821,102.88417000000118,83441,0.75,1,5000,0.975,0.01,750,0.7,0.1,10,200,50,False
data1101.vrp,sa,random,True,71,6068.1064123973265,17,2014.8807600430514,54,4053.225652354275,66.79555988130681,387.57513899999685,351295,0.75,1,2500,0.995,0.1,1500,0.5,0.1,10,200,50,False
data1101.vrp,sa,random,True,71,6068.1064123973265,15,1646.0242033295317,56,4422.082209067795,72.87417043368498,229.736482100001,125359,0.75,1,5000,0.975,0.01,500,0.7,0.1,10,200,50,False
data1101.vrp,sa,random,True,71,6068.1064123973265,15,1669.2445022153938,56,4398.861910181933,72.49150906772044,214.42584599999827,195285,0.75,1,5000,0.975,0.01,750,0.3,0.2,10,200,50,False
data1101.vrp,sa,random,True,71,6068.1064123973265,15,1658.1026516058882,56,4410.003760791438,72.67512237065695,260.82165339999847,122148,0.75,1,5000,0.975,0.01,500,0.7,0.2,10,200,50,False
data1101.vrp,sa,random,True,71,6068.1064123973265,18,2142.379113610886,53,3925.7272987864403,64.69443730858212,134.85011289999966,138710,0.75,1,5000,0.975,0.01,1000,0.5,0.1,10,200,50,False
data1101.vrp,sa,random,True,71,6068.1064123973265,19,2266.126001448462,52,3801.9804109488646,62.655137411257364,99.85088299999916,151631,0.75,1,5000,0.975,0.01,1250,0.3,0.1,10,200,50,False
data1101.vrp,sa,random,True,71,6068.1064123973265,18,2165.5867527559612,53,3902.5196596413653,64.31198457015188,149.50268230000074,103380,0.75,1,5000,0.975,0.01,1000,0.7,0.2,10,200,50,False
data1101.vrp,sa,random,True,71,6068.1064123973265,17,1960.052938523589,54,4108.053473873737,67.69910075210379,271.63473910000175,152691,0.75,1,5000,0.975,0.01,750,0.7,0.2,10,200,50,False
data1101.vrp,sa,random,True,71,6068.1064123973265,16,1665.518906769133,55,4402.587505628193,72.55290541104507,267.2046929999997,266711,0.75,1,5000,0.975,0.01,1000,0.3,0.1,10,200,50,False
data1101.vrp,sa,random,True,71,6068.1064123973265,17,2014.8133294542488,54,4053.293082943078,66.79667111081105,216.31584350000048,156647,0.75,1,5000,0.975,0.01,1000,0.7,0.1,10,200,50,False
data1101.vrp,sa,random,True,71,6068.1064123973265,16,1677.2997336135045,55,4390.806678783822,72.3587620318139,285.5887573999971,259034,0.75,1,5000,0.975,0.01,1000,0.3,0.2,10,200,50,False
data1101.vrp,sa,random,True,71,6068.1064123973265,19,2210.86687192382,52,3857.2395404735066,63.56578606784233,126.41986989999714,131734,0.75,1,5000,0.975,0.01,1250,0.5,0.2,10,200,50,False
data1101.vrp,sa,random,True,71,6068.1064123973265,19,2266.806215124824,52,3801.3001972725024,62.643927758193726,81.68160459999854,124183,0.75,1,5000,0.975,0.01,1500,0.3,0.1,10,200,50,False
data1101.vrp,sa,random,True,71,6068.1064123973265,15,1650.4720478438064,56,4417.63436455352,72.8008717106239,408.699360300001,251896,0.75,1,5000,0.975,0.01,1000,0.5,0.2,10,200,50,False
data1101.vrp,sa,random,True,71,6068.1064123973265,18,2140.808264818844,53,3927.2981475784827,64.72032427702476,156.5404200999983,161172,0.75,1,5000,0.975,0.01,1500,0.5,0.1,10,200,50,False
data1101.vrp,sa,random,True,71,6068.1064123973265,17,2024.1546832998451,54,4043.9517290974813,66.64272928430465,298.8241237000002,191231,0.75,1,5000,0.975,0.01,1250,0.7,0.1,10,200,50,False
data1101.vrp,sa,random,True,71,6068.1064123973265,18,2161.8291325581126,53,3906.277279839214,64.37390866874993,198.5240995000022,184638,0.75,1,5000,0.975,0.01,1500,0.5,0.2,10,200,50,False
data1101.vrp,sa,random,True,71,6068.1064123973265,18,2175.8001547035437,53,3892.3062576937828,64.14367173492018,48.57675999999992,67474,0.75,1,5000,0.975,0.1,500,0.3,0.1,10,200,50,False
data1101.vrp,sa,random,True,71,6068.1064123973265,15,1661.7221599322022,56,4406.3842524651245,72.61547430122101,400.71256730000096,326042,0.75,1,5000,0.975,0.01,1250,0.3,0.2,10,200,50,False
data1101.vrp,sa,random,True,71,6068.1064123973265,19,2279.167607232315,52,3788.9388051650117,62.44021689244101,123.93939730000056,103149,0.75,1,5000,0.975,0.01,1500,0.7,0.1,10,200,50,False
data1101.vrp,sa,random,True,71,6068.1064123973265,19,2267.5168478282776,52,3800.589564569049,62.63221681156297,39.116853499999706,58175,0.75,1,5000,0.975,0.1,500,0.3,0.2,10,200,50,False
data1101.vrp,sa,random,True,71,6068.1064123973265,15,1638.750510341353,56,4429.355902055973,72.99403802488803,414.46219389999897,315082,0.75,1,5000,0.975,0.01,1250,0.5,0.1,10,200,50,False
data1101.vrp,sa,random,True,71,6068.1064123973265,19,2281.1356803540316,52,3786.970732043295,62.407783823737795,43.216512399998464,47771,0.75,1,5000,0.975,0.1,500,0.5,0.2,10,200,50,False
data1101.vrp,sa,random,True,71,6068.1064123973265,20,2368.2704339796146,51,3699.835978417712,60.9718374558962,33.869338000000425,55359,0.75,1,5000,0.975,0.1,750,0.3,0.1,10,200,50,False
data1101.vrp,sa,random,True,71,6068.1064123973265,18,2131.0011273294417,53,3937.105285067885,64.88194203424413,69.48510810000153,70799,0.75,1,5000,0.975,0.1,500,0.5,0.1,10,200,50,False
data1101.vrp,sa,random,True,71,6068.1064123973265,15,1650.3638578539014,56,4417.742554543425,72.80265463898,410.67033099999753,397454,0.75,1,5000,0.975,0.01,1500,0.3,0.2,10,200,50,False
data1101.vrp,sa,random,True,71,6068.1064123973265,18,2136.512780807824,53,3931.5936315895024,64.7911121590936,75.45151100000294,78389,0.75,1,5000,0.975,0.1,750,0.5,0.1,10,200,50,False
data1101.vrp,sa,random,True,71,6068.1064123973265,18,2174.330293650471,53,3893.7761187468554,64.16789446526106,93.80083240000022,89405,0.75,1,5000,0.975,0.1,750,0.5,0.2,10,200,50,False
data1101.vrp,sa,random,True,71,6068.1064123973265,18,2175.7007728940166,53,3892.40563950331,64.14530950793821,103.24335340000107,83441,0.75,1,5000,0.975,0.1,750,0.7,0.1,10,200,50,False
data1101.vrp,sa,random,True,71,6068.1064123973265,15,1646.0242033295317,56,4422.082209067795,72.87417043368498,235.38485369999762,125359,0.75,1,5000,0.975,0.1,500,0.7,0.1,10,200,50,False
data1101.vrp,sa,random,True,71,6068.1064123973265,15,1669.2445022153938,56,4398.861910181933,72.49150906772044,214.72353229999862,195285,0.75,1,5000,0.975,0.1,750,0.3,0.2,10,200,50,False
data1101.vrp,sa,random,True,71,6068.1064123973265,15,1658.1026516058882,56,4410.003760791438,72.67512237065695,266.64326509999955,122148,0.75,1,5000,0.975,0.1,500,0.7,0.2,10,200,50,False
data1101.vrp,sa,random,True,71,6068.1064123973265,18,2142.379113610886,53,3925.7272987864403,64.69443730858212,137.13418099999762,138710,0.75,1,5000,0.975,0.1,1000,0.5,0.1,10,200,50,False
data1101.vrp,sa,random,True,71,6068.1064123973265,17,1960.052938523589,54,4108.053473873737,67.69910075210379,268.510871399998,152691,0.75,1,5000,0.975,0.1,750,0.7,0.2,10,200,50,False
data1101.vrp,sa,random,True,71,6068.1064123973265,16,1665.518906769133,55,4402.587505628193,72.55290541104507,269.31765619999715,266711,0.75,1,5000,0.975,0.1,1000,0.3,0.1,10,200,50,False
data1101.vrp,sa,random,True,71,6068.1064123973265,15,1662.2401289393429,56,4405.866283457984,72.60693837630573,769.3769245999974,306823,0.75,1,5000,0.975,0.01,1250,0.7,0.2,10,200,50,False
data1101.vrp,sa,random,True,71,6068.1064123973265,17,2014.8133294542488,54,4053.293082943078,66.79667111081105,217.2261428999991,156647,0.75,1,5000,0.975,0.1,1000,0.7,0.1,10,200,50,False
data1101.vrp,sa,random,True,71,6068.1064123973265,19,2266.126001448462,52,3801.9804109488646,62.655137411257364,99.40613419999863,151631,0.75,1,5000,0.975,0.1,1250,0.3,0.1,10,200,50,False
data1101.vrp,sa,random,True,71,6068.1064123973265,16,1677.2997336135045,55,4390.806678783822,72.3587620318139,284.80362839999725,259034,0.75,1,5000,0.975,0.1,1000,0.3,0.2,10,200,50,False
data1101.vrp,sa,random,True,71,6068.1064123973265,18,2165.5867527559612,53,3902.5196596413653,64.31198457015188,152.6245044999996,103380,0.75,1,5000,0.975,0.1,1000,0.7,0.2,10,200,50,False
data1101.vrp,sa,random,True,71,6068.1064123973265,19,2266.806215124824,52,3801.3001972725024,62.643927758193726,82.87491629999931,124183,0.75,1,5000,0.975,0.1,1500,0.3,0.1,10,200,50,False
data1101.vrp,sa,random,True,71,6068.1064123973265,19,2210.86687192382,52,3857.2395404735066,63.56578606784233,128.78249180000057,131734,0.75,1,5000,0.975,0.1,1250,0.5,0.2,10,200,50,False
data1101.vrp,sa,random,True,71,6068.1064123973265,15,1650.4720478438064,56,4417.63436455352,72.8008717106239,407.2590777000005,251896,0.75,1,5000,0.975,0.1,1000,0.5,0.2,10,200,50,False
data1101.vrp,sa,random,True,71,6068.1064123973265,15,1637.624431680504,56,4430.481980716822,73.01259535701637,822.2289703999995,368067,0.75,1,5000,0.975,0.01,1500,0.7,0.2,10,200,50,False
data1101.vrp,sa,random,True,71,6068.1064123973265,18,2140.808264818844,53,3927.2981475784827,64.72032427702476,157.17047319999983,161172,0.75,1,5000,0.975,0.1,1500,0.5,0.1,10,200,50,False
data1101.vrp,sa,random,True,71,6068.1064123973265,17,2024.1546832998451,54,4043.9517290974813,66.64272928430465,294.595425800002,191231,0.75,1,5000,0.975,0.1,1250,0.7,0.1,10,200,50,False
data1101.vrp,sa,random,True,71,6068.1064123973265,15,1661.7221599322022,56,4406.3842524651245,72.61547430122101,400.95845650000047,326042,0.75,1,5000,0.975,0.1,1250,0.3,0.2,10,200,50,False
data1101.vrp,sa,random,True,71,6068.1064123973265,19,2291.739538399749,52,3776.3668739975774,62.23303642603143,44.412435899997945,69779,0.75,1,5000,0.985,0.01,500,0.3,0.1,10,200,50,False
data1101.vrp,sa,random,True,71,6068.1064123973265,15,1638.750510341353,56,4429.355902055973,72.99403802488803,424.56242349999957,315082,0.75,1,5000,0.975,0.1,1250,0.5,0.1,10,200,50,False
data1101.vrp,sa,random,True,71,6068.1064123973265,18,2161.8291325581126,53,3906.277279839214,64.37390866874993,198.50206099999923,184638,0.75,1,5000,0.975,0.1,1500,0.5,0.2,10,200,50,False
data1101.vrp,sa,random,True,71,6068.1064123973265,19,2279.167607232315,52,3788.9388051650117,62.44021689244101,119.78637199999866,103149,0.75,1,5000,0.975,0.1,1500,0.7,0.1,10,200,50,False
data1101.vrp,sa,random,True,71,6068.1064123973265,18,2168.9176244848586,53,3899.188787912468,64.25709311798333,87.90245640000285,86598,0.75,1,5000,0.985,0.01,500,0.5,0.1,10,200,50,False
data1101.vrp,sa,random,True,71,6068.1064123973265,19,2211.4408586789364,52,3856.66555371839,63.556326992537656,97.92188650000026,142460,0.75,1,5000,0.985,0.01,500,0.3,0.2,10,200,50,False
data1101.vrp,sa,random,True,71,6068.1064123973265,19,2276.1158479122514,52,3791.990564485075,62.490508682213004,89.34476500000164,78087,0.75,1,5000,0.985,0.01,500,0.7,0.1,10,200,50,False
data1101.vrp,sa,random,True,71,6068.1064123973265,18,2118.7343048038592,53,3949.3721075934673,65.08409443059172,108.68063299999994,74622,0.75,1,5000,0.985,0.01,500,0.7,0.2,10,200,50,False
data1101.vrp,sa,random,True,71,6068.1064123973265,19,2266.126001448462,52,3801.9804109488646,62.655137411257364,84.4445951000016,126982,0.75,1,5000,0.985,0.01,750,0.3,0.1,10,200,50,False
data1101.vrp,sa,random,True,71,6068.1064123973265,17,2022.9168313039743,54,4045.189581093352,66.66312859690309,151.37839150000218,128308,0.75,1,5000,0.985,0.01,500,0.5,0.2,10,200,50,False
data1101.vrp,sa,random,True,71,6068.1064123973265,19,2255.6978719167532,52,3812.4085404805733,62.82698887237222,92.54793780000182,136563,0.75,1,5000,0.985,0.01,750,0.3,0.2,10,200,50,False
data1101.vrp,sa,random,True,71,6068.1064123973265,15,1650.3638578539014,56,4417.742554543425,72.80265463898,415.35629600000175,397454,0.75,1,5000,0.975,0.1,1500,0.3,0.2,10,200,50,False
data1101.vrp,sa,random,True,71,6068.1064123973265,18,2186.8329361695637,53,3881.273476227763,63.96185584844397,96.36377899999934,100915,0.75,1,5000,0.985,0.01,750,0.5,0.1,10,200,50,False
data1101.vrp,sa,random,True,71,6068.1064123973265,19,2225.635244926681,52,3842.4711674706455,63.32240910641185,89.44805220000126,130587,0.75,1,5000,0.985,0.01,1000,0.3,0.2,10,200,50,False
data1101.vrp,sa,random,True,71,6068.1064123973265,19,2234.5300158390646,52,3833.576396558262,63.17582679048193,104.63184019999971,158432,0.75,1,5000,0.985,0.01,1000,0.3,0.1,10,200,50,False
data1101.vrp,sa,random,True,71,6068.1064123973265,17,2047.7544506117445,54,4020.351961785582,66.2538144283673,120.47169020000001,83012,0.75,1,5000,0.985,0.01,750,0.7,0.1,10,200,50,False
data1101.vrp,sa,random,True,71,6068.1064123973265,18,2126.332007300652,53,3941.7744050966744,64.95888729049823,206.38492190000034,197295,0.75,1,5000,0.985,0.01,750,0.5,0.2,10,200,50,False
data1101.vrp,sa,random,True,71,6068.1064123973265,19,2241.3960272389054,52,3826.710385158421,63.062677631037175,97.71288090000235,84774,0.75,1,5000,0.985,0.01,1000,0.7,0.1,10,200,50,False
data1101.vrp,sa,random,True,71,6068.1064123973265,17,2003.521834119302,54,4064.5845782780243,66.98275049979273,228.40675859999828,135587,0.75,1,5000,0.985,0.01,750,0.7,0.2,10,200,50,False
data1101.vrp,sa,random,True,71,6068.1064123973265,15,1662.2401289393429,56,4405.866283457984,72.60693837630573,768.0923581999996,306823,0.75,1,5000,0.975,0.1,1250,0.7,0.2,10,200,50,False
data1101.vrp,sa,random,True,71,6068.1064123973265,17,2055.52704555944,54,4012.5793668378865,66.12572512967249,233.1227979000032,231955,0.75,1,5000,0.985,0.01,1000,0.5,0.1,10,200,50,False
data1101.vrp,sa,random,True,71,6068.1064123973265,18,2137.1841263307197,53,3930.922286066607,64.78004864970087,176.98990299999787,168167,0.75,1,5000,0.985,0.01,1000,0.5,0.2,10,200,50,False
data1101.vrp,sa,random,True,71,6068.1064123973265,20,2334.326280101541,51,3733.7801322957853,61.53122372191032,107.20667969999704,175696,0.75,1,5000,0.985,0.01,1250,0.3,0.1,10,200,50,False
data1101.vrp,sa,random,True,71,6068.1064123973265,19,2270.6398238031793,52,3797.466588594147,62.58075139941197,96.45111739999993,133423,0.75,1,5000,0.985,0.01,1250,0.3,0.2,10,200,50,False
data1101.vrp,sa,random,True,71,6068.1064123973265,17,2013.8600213818484,54,4054.2463910154784,66.81238125179429,196.20748190000086,123539,0.75,1,5000,0.985,0.01,1000,0.7,0.2,10,200,50,False
data1101.vrp,sa,random,True,71,6068.1064123973265,19,2243.3610801883597,52,3824.745332208967,63.03029433358148,141.5984505999986,161969,0.75,1,5000,0.985,0.01,1250,0.5,0.1,10,200,50,False
data1101.vrp,sa,random,True,71,6068.1064123973265,19,2253.7361481488783,52,3814.370264248448,62.85931730622873,97.21428620000006,148224,0.75,1,5000,0.985,0.01,1500,0.3,0.1,10,200,50,False
data1101.vrp,sa,random,True,71,6068.1064123973265,18,2171.2792380038136,53,3896.827174393513,64.2181746587729,87.0401079000003,110810,0.75,1,5000,0.985,0.01,1500,0.3,0.2,10,200,50,False
data1101.vrp,sa,random,True,71,6068.1064123973265,18,2166.08362527301,53,3902.0227871243164,64.30379630707144,157.72389439999824,117184,0.75,1,5000,0.985,0.01,1250,0.7,0.1,10,200,50,False
data1101.vrp,sa,random,True,71,6068.1064123973265,18,2128.4839267961506,53,3939.622485601176,64.92342450607667,173.49910349999845,122132,0.75,1,5000,0.985,0.01,1250,0.7,0.2,10,200,50,False
data1101.vrp,sa,random,True,71,6068.1064123973265,19,2291.739538399749,52,3776.3668739975774,62.23303642603143,44.24385120000079,69779,0.75,1,5000,0.985,0.1,500,0.3,0.1,10,200,50,False
data1101.vrp,sa,random,True,71,6068.1064123973265,18,2171.7527801050373,53,3896.353632292289,64.21037087174213,178.59271020000233,188471,0.75,1,5000,0.985,0.01,1500,0.5,0.1,10,200,50,False
data1101.vrp,sa,random,True,71,6068.1064123973265,18,2140.57786767574,53,3927.5285447215865,64.72412113105871,133.4924170000013,122756,0.75,1,5000,0.985,0.01,1500,0.5,0.2,10,200,50,False
data1101.vrp,sa,random,True,71,6068.1064123973265,18,2132.948817010205,53,3935.1575953871215,64.84984487660722,259.5429096000007,251897,0.75,1,5000,0.985,0.01,1250,0.5,0.2,10,200,50,False
data1101.vrp,sa,random,True,71,6068.1064123973265,19,2211.4408586789364,52,3856.66555371839,63.556326992537656,96.32601799999975,142460,0.75,1,5000,0.985,0.1,500,0.3,0.2,10,200,50,False
data1101.vrp,sa,random,True,71,6068.1064123973265,18,2168.9176244848586,53,3899.188787912468,64.25709311798333,87.33951749999687,86598,0.75,1,5000,0.985,0.1,500,0.5,0.1,10,200,50,False
data1101.vrp,sa,random,True,71,6068.1064123973265,18,2170.4115974456126,53,3897.694814951714,64.23247303291525,195.08997589999854,134670,0.75,1,5000,0.985,0.01,1500,0.7,0.2,10,200,50,False
data1101.vrp,sa,random,True,71,6068.1064123973265,19,2276.1158479122514,52,3791.990564485075,62.490508682213004,86.10935289999907,78087,0.75,1,5000,0.985,0.1,500,0.7,0.1,10,200,50,False
data1101.vrp,sa,random,True,71,6068.1064123973265,15,1637.624431680504,56,4430.481980716822,73.01259535701637,824.4713205000007,368067,0.75,1,5000,0.975,0.1,1500,0.7,0.2,10,200,50,False
data1101.vrp,sa,random,True,71,6068.1064123973265,18,2118.7343048038592,53,3949.3721075934673,65.08409443059172,105.55067190000045,74622,0.75,1,5000,0.985,0.1,500,0.7,0.2,10,200,50,False
data1101.vrp,sa,random,True,71,6068.1064123973265,19,2266.126001448462,52,3801.9804109488646,62.655137411257364,84.99008170000161,126982,0.75,1,5000,0.985,0.1,750,0.3,0.1,10,200,50,False
data1101.vrp,sa,random,True,71,6068.1064123973265,17,2022.9168313039743,54,4045.189581093352,66.66312859690309,143.18065719999868,128308,0.75,1,5000,0.985,0.1,500,0.5,0.2,10,200,50,False
data1101.vrp,sa,random,True,71,6068.1064123973265,19,2255.6978719167532,52,3812.4085404805733,62.82698887237222,92.23776440000074,136563,0.75,1,5000,0.985,0.1,750,0.3,0.2,10,200,50,False
data1101.vrp,sa,random,True,71,6068.1064123973265,18,2186.8329361695637,53,3881.273476227763,63.96185584844397,97.52759499999956,100915,0.75,1,5000,0.985,0.1,750,0.5,0.1,10,200,50,False
data1101.vrp,sa,random,True,71,6068.1064123973265,17,2047.7544506117445,54,4020.351961785582,66.2538144283673,124.45816530000229,83012,0.75,1,5000,0.985,0.1,750,0.7,0.1,10,200,50,False
data1101.vrp,sa,random,True,71,6068.1064123973265,19,2225.635244926681,52,3842.4711674706455,63.32240910641185,89.51145989999713,130587,0.75,1,5000,0.985,0.1,1000,0.3,0.2,10,200,50,False
data1101.vrp,sa,random,True,71,6068.1064123973265,19,2234.5300158390646,52,3833.576396558262,63.17582679048193,105.98656210000263,158432,0.75,1,5000,0.985,0.1,1000,0.3,0.1,10,200,50,False
data1101.vrp,sa,random,True,71,6068.1064123973265,18,2126.332007300652,53,3941.7744050966744,64.95888729049823,211.3396814000007,197295,0.75,1,5000,0.985,0.1,750,0.5,0.2,10,200,50,False
data1101.vrp,sa,random,True,71,6068.1064123973265,19,2241.3960272389054,52,3826.710385158421,63.062677631037175,95.98050230000081,84774,0.75,1,5000,0.985,0.1,1000,0.7,0.1,10,200,50,False
data1101.vrp,sa,random,True,71,6068.1064123973265,17,2003.521834119302,54,4064.5845782780243,66.98275049979273,225.8618198999975,135587,0.75,1,5000,0.985,0.1,750,0.7,0.2,10,200,50,False
data1101.vrp,sa,random,True,71,6068.1064123973265,20,2334.326280101541,51,3733.7801322957853,61.53122372191032,112.3638357000018,175696,0.75,1,5000,0.985,0.1,1250,0.3,0.1,10,200,50,False
data1101.vrp,sa,random,True,71,6068.1064123973265,18,2137.1841263307197,53,3930.922286066607,64.78004864970087,178.3061013000006,168167,0.75,1,5000,0.985,0.1,1000,0.5,0.2,10,200,50,False
data1101.vrp,sa,random,True,71,6068.1064123973265,17,2055.52704555944,54,4012.5793668378865,66.12572512967249,234.55723549999675,231955,0.75,1,5000,0.985,0.1,1000,0.5,0.1,10,200,50,False
data1101.vrp,sa,random,True,71,6068.1064123973265,19,2270.6398238031793,52,3797.466588594147,62.58075139941197,96.42890210000041,133423,0.75,1,5000,0.985,0.1,1250,0.3,0.2,10,200,50,False
data1101.vrp,sa,random,True,71,6068.1064123973265,17,2013.8600213818484,54,4054.2463910154784,66.81238125179429,198.09213050000108,123539,0.75,1,5000,0.985,0.1,1000,0.7,0.2,10,200,50,False
data1101.vrp,sa,random,True,71,6068.1064123973265,19,2243.3610801883597,52,3824.745332208967,63.03029433358148,141.90760089999822,161969,0.75,1,5000,0.985,0.1,1250,0.5,0.1,10,200,50,False
data1101.vrp,sa,random,True,71,6068.1064123973265,19,2253.7361481488783,52,3814.370264248448,62.85931730622873,98.15915400000085,148224,0.75,1,5000,0.985,0.1,1500,0.3,0.1,10,200,50,False
data1101.vrp,sa,random,True,71,6068.1064123973265,18,2171.2792380038136,53,3896.827174393513,64.2181746587729,86.97436650000236,110810,0.75,1,5000,0.985,0.1,1500,0.3,0.2,10,200,50,False
data1101.vrp,sa,random,True,71,6068.1064123973265,18,2166.08362527301,53,3902.0227871243164,64.30379630707144,159.63299149999875,117184,0.75,1,5000,0.985,0.1,1250,0.7,0.1,10,200,50,False
data1101.vrp,sa,random,True,71,6068.1064123973265,17,2011.8585051122698,54,4056.2479072850565,66.84536545038199,649.689465200001,427876,0.75,1,5000,0.985,0.01,1500,0.7,0.1,10,200,50,False
data1101.vrp,sa,random,True,71,6068.1064123973265,18,2128.4839267961506,53,3939.622485601176,64.92342450607667,172.66106959999888,122132,0.75,1,5000,0.985,0.1,1250,0.7,0.2,10,200,50,False
data1101.vrp,sa,random,True,71,6068.1064123973265,18,2171.2792380038136,53,3896.827174393513,64.2181746587729,44.49881970000206,59918,0.75,1,5000,0.995,0.01,500,0.3,0.2,10,200,50,False
data1101.vrp,sa,random,True,71,6068.1064123973265,19,2253.7361481488783,52,3814.370264248448,62.85931730622873,64.70762629999808,97879,0.75,1,5000,0.995,0.01,500,0.3,0.1,10,200,50,False
data1101.vrp,sa,random,True,71,6068.1064123973265,18,2140.57786767574,53,3927.5285447215865,64.72412113105871,134.4682531000035,122756,0.75,1,5000,0.985,0.1,1500,0.5,0.2,10,200,50,False
data1101.vrp,sa,random,True,71,6068.1064123973265,19,2212.624987774834,52,3855.4814246224923,63.536813012138786,62.56627280000248,73393,0.75,1,5000,0.995,0.01,500,0.5,0.1,10,200,50,False
data1101.vrp,sa,random,True,71,6068.1064123973265,18,2171.7527801050373,53,3896.353632292289,64.21037087174213,182.1811162999984,188471,0.75,1,5000,0.985,0.1,1500,0.5,0.1,10,200,50,False
data1101.vrp,sa,random,True,71,6068.1064123973265,18,2132.948817010205,53,3935.1575953871215,64.84984487660722,260.9090619000017,251897,0.75,1,5000,0.985,0.1,1250,0.5,0.2,10,200,50,False
data1101.vrp,sa,random,True,71,6068.1064123973265,19,2231.5321363481685,52,3836.574276049158,63.22523066192313,57.20444220000354,50408,0.75,1,5000,0.995,0.01,500,0.7,0.1,10,200,50,False
data1101.vrp,sa,random,True,71,6068.1064123973265,19,2265.0131726487925,52,3803.093239748534,62.673476390900106,54.15091279999979,45906,0.75,1,5000,0.995,0.01,500,0.7,0.2,10,200,50,False
data1101.vrp,sa,random,True,71,6068.1064123973265,18,2140.57786767574,53,3927.5285447215865,64.72412113105871,73.07833969999774,72885,0.75,1,5000,0.995,0.01,500,0.5,0.2,10,200,50,False
data1101.vrp,sa,random,True,71,6068.1064123973265,18,2166.408071783447,53,3901.6983406138793,64.29844955656333,65.86007210000025,85380,0.75,1,5000,0.995,0.01,750,0.3,0.2,10,200,50,False
data1101.vrp,sa,random,True,71,6068.1064123973265,18,2170.4115974456126,53,3897.694814951714,64.23247303291525,198.0401665999998,134670,0.75,1,5000,0.985,0.1,1500,0.7,0.2,10,200,50,False
data1101.vrp,sa,random,True,71,6068.1064123973265,19,2218.8031755673433,52,3849.3032368299832,63.434998914418166,84.92132450000281,128809,0.75,1,5000,0.995,0.01,750,0.3,0.1,10,200,50,False
data1101.vrp,sa,random,True,71,6068.1064123973265,19,2268.972613230379,52,3799.1337991669475,62.60822637198981,90.83544329999859,97359,0.75,1,5000,0.995,0.01,750,0.5,0.2,10,200,50,False
data1101.vrp,sa,random,True,71,6068.1064123973265,19,2265.4095607034474,52,3802.696851693879,62.666944072121964,102.19167450000168,90584,0.75,1,5000,0.995,0.01,750,0.7,0.1,10,200,50,False
data1101.vrp,sa,random,True,71,6068.1064123973265,18,2149.620415997974,53,3918.4859963993526,64.57510350170799,125.37918580000041,152778,0.75,1,5000,0.995,0.01,1000,0.3,0.2,10,200,50,False
data1101.vrp,sa,random,True,71,6068.1064123973265,18,2158.467954752705,53,3909.6384576446217,64.42929955310458,167.06221379999988,120515,0.75,1,5000,0.995,0.01,750,0.7,0.2,10,200,50,False
data1101.vrp,sa,random,True,71,6068.1064123973265,18,2180.595024537577,53,3887.5113878597494,64.06465417148,145.08563890000005,204722,0.75,1,5000,0.995,0.01,1000,0.3,0.1,10,200,50,False
data1101.vrp,sa,random,True,71,6068.1064123973265,17,2054.5307366878837,54,4013.5756757094427,66.14214390686335,243.42433299999902,239393,0.75,1,5000,0.995,0.01,750,0.5,0.1,10,200,50,False
data1101.vrp,sa,random,True,71,6068.1064123973265,19,2260.221270097741,52,3807.8851422995854,62.752445054687236,177.9253822999999,205645,0.75,1,5000,0.995,0.01,1000,0.5,0.1,10,200,50,False
data1101.vrp,sa,random,True,71,6068.1064123973265,18,2152.160701437883,53,3915.9457109594437,64.53324059972066,143.72532370000044,139774,0.75,1,5000,0.995,0.01,1000,0.5,0.2,10,200,50,False
data1101.vrp,sa,random,True,71,6068.1064123973265,18,2166.1337842658268,53,3901.9726281314997,64.30296970665594,92.20680709999942,117361,0.75,1,5000,0.995,0.01,1250,0.3,0.2,10,200,50,False
data1101.vrp,sa,random,True,71,6068.1064123973265,18,2138.537466942161,53,3929.5689454551657,64.75774613027446,227.63104920000114,174666,0.75,1,5000,0.995,0.01,1000,0.7,0.1,10,200,50,False
data1101.vrp,sa,random,True,71,6068.1064123973265,19,2245.059479897335,52,3823.0469324999913,63.002305376342605,138.64170690000174,117307,0.75,1,5000,0.995,0.01,1250,0.7,0.1,10,200,50,False
data1101.vrp,sa,random,True,71,6068.1064123973265,17,2064.1556316793653,54,4003.950780717961,65.9835294341208,204.81559460000062,272131,0.75,1,5000,0.995,0.01,1250,0.3,0.1,10,200,50,False
data1101.vrp,sa,random,True,71,6068.1064123973265,18,2112.0512395487403,53,3956.055172848586,65.19422870973793,188.11784289999923,195972,0.75,1,5000,0.995,0.01,1250,0.5,0.1,10,200,50,False
data1101.vrp,sa,random,True,71,6068.1064123973265,17,2011.8585051122698,54,4056.2479072850565,66.84536545038199,653.9354401000019,427876,0.75,1,5000,0.985,0.1,1500,0.7,0.1,10,200,50,False
data1101.vrp,sa,random,True,71,6068.1064123973265,19,2265.910400152697,52,3802.1960122446294,62.65869043556368,175.6687063999998,262142,0.75,1,5000,0.995,0.01,1500,0.3,0.1,10,200,50,False
data1101.vrp,sa,random,True,71,6068.1064123973265,18,2153.2154975789726,53,3914.890914818354,64.51585797539926,252.55767500000002,184656,0.75,1,5000,0.995,0.01,1250,0.7,0.2,10,200,50,False
data1101.vrp,sa,random,True,71,6068.1064123973265,18,2122.5389765316745,53,3945.567435865652,65.02139494134013,300.7505392000021,278211,0.75,1,5000,0.995,0.01,1250,0.5,0.2,10,200,50,False
data1101.vrp,sa,random,True,71,6068.1064123973265,18,2171.2792380038136,53,3896.827174393513,64.2181746587729,44.7624771999981,59918,0.75,1,5000,0.995,0.1,500,0.3,0.2,10,200,50,False
data1101.vrp,sa,random,True,71,6068.1064123973265,18,2122.928648737488,53,3945.1777636598385,65.01497329710172,211.84769610000149,271084,0.75,1,5000,0.995,0.01,1500,0.3,0.2,10,200,50,False
data1101.vrp,sa,random,True,71,6068.1064123973265,19,2253.7361481488783,52,3814.370264248448,62.85931730622873,63.38585179999791,97879,0.75,1,5000,0.995,0.1,500,0.3,0.1,10,200,50,False
data1101.vrp,sa,random,True,71,6068.1064123973265,18,2137.9056059714894,53,3930.200806425837,64.76815894982192,209.33477940000012,211226,0.75,1,5000,0.995,0.01,1500,0.5,0.1,10,200,50,False
data1101.vrp,sa,random,True,71,6068.1064123973265,18,2168.9213153644228,53,3899.1850970329037,64.25703229374405,207.51084740000078,196215,0.75,1,5000,0.995,0.01,1500,0.5,0.2,10,200,50,False
data1101.vrp,sa,random,True,71,6068.1064123973265,19,2212.624987774834,52,3855.4814246224923,63.536813012138786,63.13761320000049,73393,0.75,1,5000,0.995,0.1,500,0.5,0.1,10,200,50,False
data1101.vrp,sa,random,True,71,6068.1064123973265,19,2265.0131726487925,52,3803.093239748534,62.673476390900106,52.523088399997505,45906,0.75,1,5000,0.995,0.1,500,0.7,0.2,10,200,50,False
data1101.vrp,sa,random,True,71,6068.1064123973265,19,2231.5321363481685,52,3836.574276049158,63.22523066192313,54.15646569999808,50408,0.75,1,5000,0.995,0.1,500,0.7,0.1,10,200,50,False
data1101.vrp,sa,random,True,71,6068.1064123973265,18,2140.57786767574,53,3927.5285447215865,64.72412113105871,74.12786160000178,72885,0.75,1,5000,0.995,0.1,500,0.5,0.2,10,200,50,False
data1101.vrp,sa,random,True,71,6068.1064123973265,16,1941.34048549825,55,4126.7659268990765,68.00747459648973,490.75300889999926,227548,0.75,1,5000,0.995,0.01,1000,0.7,0.2,10,200,50,False
data1101.vrp,sa,random,True,71,6068.1064123973265,19,2218.8031755673433,52,3849.3032368299832,63.434998914418166,82.93725590000031,128809,0.75,1,5000,0.995,0.1,750,0.3,0.1,10,200,50,False
data1101.vrp,sa,random,True,71,6068.1064123973265,18,2166.408071783447,53,3901.6983406138793,64.29844955656333,65.3612667999987,85380,0.75,1,5000,0.995,0.1,750,0.3,0.2,10,200,50,False
data1101.vrp,sa,random,True,71,6068.1064123973265,18,2157.702696110874,53,3910.4037162864524,64.4419107136516,206.32462920000035,151263,0.75,1,5000,0.995,0.01,1500,0.7,0.1,10,200,50,False
data1101.vrp,sa,random,True,71,6068.1064123973265,19,2268.972613230379,52,3799.1337991669475,62.60822637198981,90.26235689999885,97359,0.75,1,5000,0.995,0.1,750,0.5,0.2,10,200,50,False
data1101.vrp,sa,random,True,71,6068.1064123973265,19,2265.4095607034474,52,3802.696851693879,62.666944072121964,106.25426979999975,90584,0.75,1,5000,0.995,0.1,750,0.7,0.1,10,200,50,False
data1101.vrp,sa,random,True,71,6068.1064123973265,18,2149.620415997974,53,3918.4859963993526,64.57510350170799,125.03888929999812,152778,0.75,1,5000,0.995,0.1,1000,0.3,0.2,10,200,50,False
data1101.vrp,sa,random,True,71,6068.1064123973265,18,2158.467954752705,53,3909.6384576446217,64.42929955310458,174.46617620000325,120515,0.75,1,5000,0.995,0.1,750,0.7,0.2,10,200,50,False
data1101.vrp,sa,random,True,71,6068.1064123973265,18,2180.595024537577,53,3887.5113878597494,64.06465417148,149.97848990000057,204722,0.75,1,5000,0.995,0.1,1000,0.3,0.1,10,200,50,False
data1101.vrp,sa,random,True,71,6068.1064123973265,18,2152.160701437883,53,3915.9457109594437,64.53324059972066,141.19223300000158,139774,0.75,1,5000,0.995,0.1,1000,0.5,0.2,10,200,50,False
data1101.vrp,sa,random,True,71,6068.1064123973265,18,2149.5165632234875,53,3918.589849173839,64.57681495446488,370.4105163999993,241016,0.75,1,5000,0.995,0.01,1500,0.7,0.2,10,200,50,False
data1101.vrp,sa,random,True,71,6068.1064123973265,19,2260.221270097741,52,3807.8851422995854,62.752445054687236,177.72866689999864,205645,0.75,1,5000,0.995,0.1,1000,0.5,0.1,10,200,50,False
data1101.vrp,sa,random,True,71,6068.1064123973265,17,2054.5307366878837,54,4013.5756757094427,66.14214390686335,243.6879203000026,239393,0.75,1,5000,0.995,0.1,750,0.5,0.1,10,200,50,False
data1101.vrp,sa,random,True,71,6068.1064123973265,18,2166.1337842658268,53,3901.9726281314997,64.30296970665594,92.83170430000246,117361,0.75,1,5000,0.995,0.1,1250,0.3,0.2,10,200,50,False
data1101.vrp,sa,random,True,71,6068.1064123973265,18,2138.537466942161,53,3929.5689454551657,64.75774613027446,233.0416327999992,174666,0.75,1,5000,0.995,0.1,1000,0.7,0.1,10,200,50,False
data1101.vrp,sa,random,True,71,6068.1064123973265,19,2245.059479897335,52,3823.0469324999913,63.002305376342605,134.51654399999825,117307,0.75,1,5000,0.995,0.1,1250,0.7,0.1,10,200,50,False
data1101.vrp,sa,random,True,71,6068.1064123973265,17,2064.1556316793653,54,4003.950780717961,65.9835294341208,206.8669073000019,272131,0.75,1,5000,0.995,0.1,1250,0.3,0.1,10,200,50,False
data1101.vrp,sa,random,True,71,6068.1064123973265,18,2112.0512395487403,53,3956.055172848586,65.19422870973793,184.05511079999997,195972,0.75,1,5000,0.995,0.1,1250,0.5,0.1,10,200,50,False
data1101.vrp,sa,random,True,71,6068.1064123973265,19,2265.910400152697,52,3802.1960122446294,62.65869043556368,175.0980892000007,262142,0.75,1,5000,0.995,0.1,1500,0.3,0.1,10,200,50,False
data1101.vrp,sa,random,True,71,6068.1064123973265,18,2153.2154975789726,53,3914.890914818354,64.51585797539926,254.05972760000077,184656,0.75,1,5000,0.995,0.1,1250,0.7,0.2,10,200,50,False
data1101.vrp,sa,random,True,71,6068.1064123973265,18,2122.5389765316745,53,3945.567435865652,65.02139494134013,295.72822689999884,278211,0.75,1,5000,0.995,0.1,1250,0.5,0.2,10,200,50,False
data1101.vrp,sa,random,True,71,6068.1064123973265,18,2122.928648737488,53,3945.1777636598385,65.01497329710172,210.32192589999977,271084,0.75,1,5000,0.995,0.1,1500,0.3,0.2,10,200,50,False
data1101.vrp,sa,random,True,71,6068.1064123973265,18,2137.9056059714894,53,3930.200806425837,64.76815894982192,210.4886187000011,211226,0.75,1,5000,0.995,0.1,1500,0.5,0.1,10,200,50,False
data1101.vrp,sa,random,True,71,6068.1064123973265,18,2168.9213153644228,53,3899.1850970329037,64.25703229374405,206.51551929999914,196215,0.75,1,5000,0.995,0.1,1500,0.5,0.2,10,200,50,False
data1101.vrp,sa,random,True,71,6068.1064123973265,18,2157.702696110874,53,3910.4037162864524,64.4419107136516,203.11729319999722,151263,0.75,1,5000,0.995,0.1,1500,0.7,0.1,10,200,50,False
data1101.vrp,sa,random,True,71,6068.1064123973265,16,1941.34048549825,55,4126.7659268990765,68.00747459648973,485.1471500999978,227548,0.75,1,5000,0.995,0.1,1000,0.7,0.2,10,200,50,False
data1101.vrp,sa,random,True,71,6068.1064123973265,18,2149.5165632234875,53,3918.589849173839,64.57681495446488,367.39156990000265,241016,0.75,1,5000,0.995,0.1,1500,0.7,0.2,10,200,50,False
data1101.vrp,tabu,random,True,71,6068.1064123973265,17,1680.1738367552116,54,4387.932575642115,72.31139794578148,282.1229787,1954,0.75,1,1000.0,0.995,0.01,400,0.5,0.2,50,2000,300,False
data1101.vrp,tabu,random,True,71,6068.1064123973265,17,1672.6104157984091,54,4395.495996598917,72.43604013961892,282.8471545,943,0.75,1,1000.0,0.995,0.01,400,0.5,0.2,40,2000,300,False
data1101.vrp,tabu,random,True,71,6068.1064123973265,16,1667.6021612849374,55,4400.504251112389,72.51857419840273,284.0769189,1965,0.75,1,1000.0,0.995,0.01,400,0.5,0.2,50,2000,400,False
data1101.vrp,tabu,random,True,71,6068.1064123973265,16,1665.9021035245466,55,4402.20430887278,72.54659047967488,286.5194353,1989,0.75,1,1000.0,0.995,0.01,400,0.5,0.2,40,2000,400,False
data1101.vrp,tabu,random,True,71,6068.1064123973265,17,1678.7335562904314,54,4389.372856106895,72.3351331996959,414.9333936,1077,0.75,1,1000.0,0.995,0.01,400,0.5,0.2,40,3000,300,False
data1101.vrp,tabu,random,True,71,6068.1064123973265,17,1672.6104157984091,54,4395.495996598917,72.43604013961892,428.6781511,2934,0.75,1,1000.0,0.995,0.01,400,0.5,0.2,40,3000,400,False
data1101.vrp,tabu,random,True,71,6068.1064123973265,16,1665.9021035245464,55,4402.2043088727805,72.54659047967489,545.3996982,3968,0.75,1,1000.0,0.995,0.01,400,0.5,0.2,40,4000,400,False
data1101.vrp,tabu,random,True,71,6068.1064123973265,16,1667.3930313640044,55,4400.713381033322,72.52202057700454,558.3195099,3807,0.75,1,1000.0,0.995,0.01,400,0.5,0.2,40,4000,300,False
data1101.vrp,tabu,random,True,71,6068.1064123973265,16,1653.779900460857,55,4414.32651193647,72.74635960433828,405.89249429999995,1518,0.75,1,1000.0,0.995,0.01,400,0.5,0.2,50,3000,300,False
data1101.vrp,tabu,random,True,71,6068.1064123973265,17,1688.6973289728933,54,4379.409083424433,72.17093415628254,414.48616730000003,594,0.75,1,1000.0,0.995,0.01,400,0.5,0.2,50,3000,400,False
data1101.vrp,tabu,random,True,71,6068.1064123973265,15,1647.188436205567,56,4420.917976191759,72.85498433514101,285.3332826000001,1684,0.75,1,1000.0,0.995,0.01,400,0.5,0.2,60,2000,300,False
data1101.vrp,tabu,random,True,71,6068.1064123973265,16,1675.8674085574603,55,4392.239003839866,72.38236618373054,289.1858367,1946,0.75,1,1000.0,0.995,0.01,400,0.5,0.2,60,2000,400,False
data1101.vrp,tabu,random,True,71,6068.1064123973265,16,1667.6021612849374,55,4400.504251112389,72.51857419840273,558.4552679000001,2751,0.75,1,1000.0,0.995,0.01,400,0.5,0.2,50,4000,400,False
data1101.vrp,tabu,random,True,71,6068.1064123973265,16,1646.3507296080338,55,4421.755682789293,72.86878940941958,565.2276691,3778,0.75,1,1000.0,0.995,0.01,400,0.5,0.2,50,4000,300,False
data1101.vrp,tabu,random,True,71,6068.1064123973265,16,1702.2853498291233,55,4365.821062568203,71.9470089326169,405.9015379,657,0.75,1,1000.0,0.995,0.01,400,0.5,0.2,60,3000,400,False
data1101.vrp,tabu,random,True,71,6068.1064123973265,15,1680.289143783523,56,4387.817268613803,72.30949773143989,428.5241965,2962,0.75,1,1000.0,0.995,0.01,400,0.5,0.2,60,3000,300,False
data1101.vrp,tabu,random,True,71,6068.1064123973265,16,1675.1319668844687,55,4392.9744455128575,72.39448597239291,536.8776752,2312,0.75,1,1000.0,0.995,0.01,400,0.5,0.2,60,4000,300,False
data1101.vrp,tabu,random,True,71,6068.1064123973265,16,1689.5714405622564,55,4378.53497183507,72.15652914209925,562.2951418,3076,0.75,1,1000.0,0.995,0.01,400,0.5,0.2,60,4000,400,False
data1101.vrp,tabu,random,True,67,5760.448577785811,16,1659.1766906617852,51,4101.271887124026,71.19709223583529,286.8427032999998,1993,0.75,2,1000.0,0.995,0.01,400,0.5,0.2,40,2000,300,False
data1101.vrp,tabu,random,True,67,5760.448577785811,16,1667.5688733360382,51,4092.8797044497724,71.05140596573096,283.62436309999975,1954,0.75,2,1000.0,0.995,0.01,400,0.5,0.2,40,2000,400,False
data1101.vrp,tabu,random,True,67,5760.448577785811,17,1684.0462069317566,50,4076.4023708540544,70.76536342280714,399.7000557000001,2187,0.75,2,1000.0,0.995,0.01,400,0.5,0.2,40,3000,300,False
data1101.vrp,tabu,random,True,67,5760.448577785811,16,1660.0699166771003,51,4100.378661108711,71.18158604732838,398.7245699999994,2956,0.75,2,1000.0,0.995,0.01,400,0.5,0.2,40,3000,400,False
data1101.vrp,tabu,random,True,67,5760.448577785811,16,1661.3439416221906,51,4099.10463616362,71.15946928110979,243.2119372999996,1259,0.75,2,1000.0,0.995,0.01,400,0.5,0.2,50,2000,300,False
data1101.vrp,tabu,random,True,67,5760.448577785811,16,1677.8055840458644,51,4082.642993739946,70.87369913315369,259.12764479999987,1951,0.75,2,1000.0,0.995,0.01,400,0.5,0.2,50,2000,400,False
data1101.vrp,tabu,random,True,67,5760.448577785811,15,1674.474491242531,52,4085.9740865432796,70.93152610198003,503.09279569999944,3914,0.75,2,1000.0,0.995,0.01,400,0.5,0.2,40,4000,300,False
data1101.vrp,tabu,random,True,67,5760.448577785811,16,1657.911746906084,51,4102.536830879727,71.21905135479312,380.1483665000005,2827,0.75,2,1000.0,0.995,0.01,400,0.5,0.2,50,3000,300,False
data1101.vrp,tabu,random,True,67,5760.448577785811,16,1669.8728627869943,51,4090.5757149988167,71.01140926374077,377.1622470000002,1933,0.75,2,1000.0,0.995,0.01,400,0.5,0.2,50,3000,400,False
data1101.vrp,tabu,random,True,67,5760.448577785811,16,1646.8747565562728,51,4113.573821229538,71.41065084918621,511.05506330000026,3969,0.75,2,1000.0,0.995,0.01,400,0.5,0.2,40,4000,400,False
data1101.vrp,tabu,random,True,67,5760.448577785811,17,1665.231338053507,50,4095.217239732304,71.09198501527835,263.16341100000045,1847,0.75,2,1000.0,0.995,0.01,400,0.5,0.2,60,2000,300,False
data1101.vrp,tabu,random,True,67,5760.448577785811,16,1676.3476636900807,51,4084.1009140957303,70.89900827941369,260.9890798000006,1922,0.75,2,1000.0,0.995,0.01,400,0.5,0.2,60,2000,400,False
data1101.vrp,tabu,random,True,67,5760.448577785811,16,1659.2974499948377,51,4101.151127790973,71.19499588289641,497.3906670999995,3865,0.75,2,1000.0,0.995,0.01,400,0.5,0.2,50,4000,300,False
data1101.vrp,tabu,random,True,67,5760.448577785811,16,1658.2261722264966,51,4102.222405559314,71.21359300695498,376.40867549999984,2900,0.75,2,1000.0,0.995,0.01,400,0.5,0.2,60,3000,300,False
data1101.vrp,tabu,random,True,67,5760.448577785811,17,1672.647950663615,50,4087.8006271221957,70.96323440653741,498.77476039999965,1573,0.75,2,1000.0,0.995,0.01,400,0.5,0.2,50,4000,400,False
data1101.vrp,tabu,random,True,67,5760.448577785811,16,1689.016259684963,51,4071.4323181008476,70.67908450396786,373.8162913999995,2439,0.75,2,1000.0,0.995,0.01,400,0.5,0.2,60,3000,400,False
data1101.vrp,tabu,random,True,67,5760.448577785811,17,1688.3533648581545,50,4072.0952129276566,70.69059219851383,482.8209167999994,955,0.75,2,1000.0,0.995,0.01,400,0.5,0.2,60,4000,300,False
data1101.vrp,tabu,random,True,67,5760.448577785811,16,1665.990599951989,51,4094.457977833822,71.07880441157658,493.6786947999999,3593,0.75,2,1000.0,0.995,0.01,400,0.5,0.2,60,4000,400,False
data1101.vrp,milp,greedy,False,12,1733.9615178308554,11,1327.5136642646914,1,406.447853566164,23.44041948950635,185.6536588999952,4,0.75,42,1000.0,0.995,0.01,400,0.5,0.2,10,200,50,False
data1101.vrp,milp,greedy,False,12,1733.9615178308554,11,1327.5136642646914,1,406.447853566164,23.44041948950635,360.71730730000127,4,0.75,42,1000.0,0.995,0.01,400,0.5,0.2,10,200,50,False
data1101.vrp,milp,greedy,False,12,1733.9615178308554,11,1327.5136642646914,1,406.447853566164,23.44041948950635,900.791524399996,4,0.75,42,1000.0,0.995,0.01,400,0.5,0.2,10,200,50,False
data1101.vrp,milp,greedy,False,12,1733.9615178308554,10,1195.5640367052674,2,538.397481125588,31.050140132239523,2003.3889643000002,3,0.75,42,1000.0,0.995,0.01,400,0.5,0.2,10,200,50,False
data1101.vrp,milp,greedy,False,12,1733.9615178308554,10,1195.5640367052674,2,538.397481125588,31.050140132239523,4000.7756835000037,3,0.75,42,1000.0,0.995,0.01,400,0.5,0.2,10,200,50,False
data1101.vrp,milp,greedy,False,12,1733.9615178308554,10,1195.5640367052674,2,538.397481125588,31.050140132239523,4000.8302009000035,3,0.75,42,1000.0,0.995,0.01,400,0.5,0.2,10,200,50,False
data1101.vrp,milp,greedy,False,12,1733.9615178308554,10,1195.5640367052674,2,538.397481125588,31.050140132239523,4000.8302009000035,3,0.75,42,1000.0,0.995,0.01,400,0.5,0.2,10,200,50,False
data1101.vrp,milp,random,False,13,5133.429793469888,10,1187.3918344283074,3,3946.0379590415805,76.86942488355913,600.4239028000001,3,0.75,1,1000.0,0.995,0.01,400,0.5,0.2,10,200,50,False
data1101.vrp,milp,random,False,13,5133.429793469888,10,1522.3984675623724,3,3611.0313259075156,70.34344426996978,600.5269720999999,3,0.75,1,1000.0,0.995,0.01,400,0.5,0.2,10,200,50,False
