instance_name,method,generator,use_time_windows,initial_routes,initial_distance,final_routes,final_distance,delta_routes,delta_distance,distance_improvement_pct,runtime_seconds,history_length,param_fill_ratio,param_seed,param_sa_initial_temp,param_sa_cooling_rate,param_sa_min_temp,param_sa_iterations_per_temp,param_sa_p_relocate,param_sa_p_exchange,param_tabu_tenure,param_tabu_max_iterations,param_tabu_max_no_improve,param_tabu_no_2opt
data201.vrp,sa,random,True,44,4192.512211494158,7,1225.0685661942618,37,2967.443645299896,70.77960648902527,65.29952299999968,105749,0.75,1,350,0.985,0.01,500,0.3,0.1,10,200,50,False
data201.vrp,sa,random,True,44,4192.512211494158,7,1200.4916688920073,37,2992.0205426021503,71.36581580846088,69.30659709999964,103274,0.75,1,350,0.985,0.01,500,0.3,0.2,10,200,50,False
data201.vrp,sa,random,True,44,4192.512211494158,8,1261.8520936080847,36,2930.660117886073,69.90224404955575,67.7011493000009,100379,0.75,1,350,0.985,0.01,500,0.3,0.3,10,200,50,False
data201.vrp,sa,random,True,44,4192.512211494158,7,1180.0311021569141,37,3012.4811093372437,71.85384221608824,88.70167980000042,101123,0.75,1,350,0.985,0.01,500,0.5,0.1,10,200,50,False
data201.vrp,sa,random,True,44,4192.512211494158,7,1185.2304654251677,37,3007.2817460689903,71.72982675695614,76.9219893999998,97833,0.75,1,350,0.985,0.01,500,0.5,0.2,10,200,50,False
data201.vrp,sa,random,True,44,4192.512211494158,7,1213.5307006048656,37,2978.981510889292,71.05480820597589,82.22076349999952,95971,0.75,1,350,0.985,0.01,500,0.5,0.3,10,200,50,False
data201.vrp,sa,random,True,44,4192.512211494158,8,1200.8605372838422,36,2991.651674210316,71.35701754209391,79.109543999999,126973,0.75,1,350,0.985,0.01,600,0.3,0.1,10,200,50,False
data201.vrp,sa,random,True,44,4192.512211494158,7,1229.0748611960446,37,2963.4373502981134,70.68404815073829,84.10409280000022,123305,0.75,1,350,0.985,0.01,600,0.3,0.2,10,200,50,False
data201.vrp,sa,random,True,44,4192.512211494158,7,1210.429001685955,37,2982.083209808203,71.12879007561499,86.44524100000126,119928,0.75,1,350,0.985,0.01,600,0.3,0.3,10,200,50,False
data201.vrp,sa,random,True,44,4192.512211494158,9,2792.1297498154627,35,1400.382461678695,33.40198885621413,16.353180499998416,51016,0.75,1,350,0.985,0.01,700,0.5,0.1,10,200,50,False
data201.vrp,sa,random,True,44,4192.512211494158,6,1237.0531950384038,38,2955.459016455754,70.4937485537452,102.99436029999924,121693,0.75,1,350,0.985,0.01,600,0.5,0.1,10,200,50,False
data201.vrp,sa,random,True,44,4192.512211494158,7,1209.6798708412816,37,2982.832340652876,71.14665838003208,94.23012370000106,117467,0.75,1,350,0.985,0.01,600,0.5,0.2,10,200,50,False
data201.vrp,sa,random,True,44,4192.512211494158,8,1195.6546137783857,36,2996.857597715772,71.48118947631474,86.66820079999889,148974,0.75,1,350,0.985,0.01,700,0.3,0.1,10,200,50,False
data201.vrp,sa,random,True,44,4192.512211494158,6,1217.0753240026042,38,2975.4368874915535,70.97026168067251,131.87292789999992,114538,0.75,1,350,0.985,0.01,600,0.5,0.3,10,200,50,False
data201.vrp,sa,random,True,44,4192.512211494158,7,1196.5966846215244,37,2995.9155268726336,71.4587191579086,89.71678380000048,144362,0.75,1,350,0.985,0.01,700,0.3,0.2,10,200,50,False
data201.vrp,sa,random,True,44,4192.512211494158,6,1191.5091864687397,38,3001.003025025418,71.58006640500396,117.57048360000044,139958,0.75,1,350,0.985,0.01,700,0.3,0.3,10,200,50,False
data201.vrp,sa,random,True,44,4192.512211494158,7,1221.8674953846757,37,2970.644716109482,70.85595858171114,119.97521140000026,137144,0.75,1,350,0.985,0.01,700,0.5,0.2,10,200,50,False
data201.vrp,sa,random,True,44,4192.512211494158,7,1226.6498499828147,37,2965.862361511343,70.74188963314546,105.53598559999955,164703,0.75,1,350,0.985,0.01,800,0.3,0.2,10,200,50,False
data201.vrp,sa,random,True,44,4192.512211494158,7,1222.4378922031483,37,2970.0743192910095,70.84235344975926,114.65938020000067,132977,0.75,1,350,0.985,0.01,700,0.5,0.3,10,200,50,False
data201.vrp,sa,random,True,44,4192.512211494158,7,1226.03371617379,37,2966.478495320368,70.756585685964,114.09338130000106,169239,0.75,1,350,0.985,0.01,800,0.3,0.1,10,200,50,False
data201.vrp,sa,random,True,44,4192.512211494158,8,1205.8470885982008,36,2986.665122895957,71.23807808377374,113.56496499999957,158328,0.75,1,350,0.985,0.01,800,0.3,0.3,10,200,50,False
data201.vrp,sa,random,True,44,4192.512211494158,7,1203.124861384565,37,2989.3873501095927,71.30300877631107,120.71224000000075,160983,0.75,1,350,0.985,0.01,800,0.5,0.1,10,200,50,False
data201.vrp,sa,random,True,44,4192.512211494158,9,2711.7841848207026,35,1480.7280266734551,35.31839508097085,21.18633559999944,61883,0.75,1,350,0.985,0.01,900,0.5,0.3,10,200,50,False
data201.vrp,sa,random,True,44,4192.512211494158,7,1213.936723140662,37,2978.5754883534955,71.04512373720598,139.69988410000042,156420,0.75,1,350,0.985,0.01,800,0.5,0.2,10,200,50,False
data201.vrp,sa,random,True,44,4192.512211494158,7,1206.363948082934,37,2986.1482634112235,71.22574992684395,121.67795189999924,151841,0.75,1,350,0.985,0.01,800,0.5,0.3,10,200,50,False
data201.vrp,sa,random,True,44,4192.512211494158,8,1214.8772479706267,36,2977.634963523531,71.02269029437937,113.19953820000046,190119,0.75,1,350,0.985,0.01,900,0.3,0.1,10,200,50,False
data201.vrp,sa,random,True,44,4192.512211494158,8,2645.7232497629802,36,1546.7889617311776,36.894083635356225,31.822747500000332,98341,0.75,1,350,0.985,0.01,1000,0.3,0.1,10,200,50,False
data201.vrp,sa,random,True,44,4192.512211494158,6,1227.2928623288226,38,2965.219349165335,70.72655247218871,121.98308579999866,183394,0.75,1,350,0.985,0.01,900,0.3,0.2,10,200,50,False
data201.vrp,sa,random,True,44,4192.512211494158,7,1170.653534136405,37,3021.8586773577526,72.07751641302437,132.59532050000053,180850,0.75,1,350,0.985,0.01,900,0.5,0.1,10,200,50,False
data201.vrp,sa,random,True,44,4192.512211494158,6,1220.031009558405,38,2972.481201935753,70.89976252869157,150.86666299999888,180158,0.75,1,350,0.985,0.01,900,0.3,0.3,10,200,50,False
data201.vrp,sa,random,True,44,4192.512211494158,9,2763.1396982830292,35,1429.3725132111285,34.09346093953817,14.64218290000099,49401,0.75,1,350,0.99,0.01,500,0.3,0.2,10,200,50,False
data201.vrp,sa,random,True,44,4192.512211494158,6,1201.535879663368,38,2990.9763318307896,71.3409092436452,154.29461079999965,177141,0.75,1,350,0.985,0.01,900,0.5,0.2,10,200,50,False
data201.vrp,sa,random,True,44,4192.512211494158,7,1203.216500940897,37,2989.2957105532605,71.30082298526958,96.95954749999873,158535,0.75,1,350,0.99,0.01,500,0.3,0.1,10,200,50,False
data201.vrp,sa,random,True,44,4192.512211494158,7,1210.169467530157,37,2982.342743964001,71.13498049660139,139.3748445000001,201556,0.75,1,350,0.985,0.01,1000,0.5,0.1,10,200,50,False
data201.vrp,sa,random,True,44,4192.512211494158,8,2563.3495234054835,36,1629.1626880886743,38.85886566107488,23.046210200000132,64520,0.75,1,350,0.99,0.01,500,0.5,0.2,10,200,50,False
data201.vrp,sa,random,True,44,4192.512211494158,6,1244.2395597228096,38,2948.272651771348,70.32233904264817,175.85316389999934,206149,0.75,1,350,0.985,0.01,1000,0.3,0.2,10,200,50,False
data201.vrp,sa,random,True,44,4192.512211494158,6,1218.691458274369,38,2973.8207532197885,70.93171356941514,166.28033890000006,200475,0.75,1,350,0.985,0.01,1000,0.3,0.3,10,200,50,False
data201.vrp,sa,random,True,44,4192.512211494158,7,1217.3361174932531,37,2975.1760940009044,70.96404122197153,104.32740250000097,149075,0.75,1,350,0.99,0.01,500,0.3,0.3,10,200,50,False
data201.vrp,sa,random,True,44,4192.512211494158,8,2653.921168541524,36,1538.5910429526339,36.698546488056614,26.181635899998582,66477,0.75,1,350,0.99,0.01,500,0.5,0.3,10,200,50,False
data201.vrp,sa,random,True,44,4192.512211494158,7,1204.164834500398,37,2988.34737699376,71.27820328825592,153.08260820000032,194707,0.75,1,350,0.985,0.01,1000,0.5,0.2,10,200,50,False
data201.vrp,sa,random,True,44,4192.512211494158,7,1193.775769026189,37,2998.736442467969,71.52600377040423,163.0680723000005,189566,0.75,1,350,0.985,0.01,1000,0.5,0.3,10,200,50,False
data201.vrp,sa,random,True,44,4192.512211494158,6,1234.2730982296937,38,2958.2391132644643,70.56005955460738,114.76461510000081,152605,0.75,1,350,0.99,0.01,500,0.5,0.1,10,200,50,False
data201.vrp,sa,random,True,44,4192.512211494158,9,2748.2133516260947,35,1444.2988598680631,34.449484867530856,20.970320499998707,67254,0.75,1,350,0.99,0.01,700,0.3,0.2,10,200,50,False
data201.vrp,sa,random,True,44,4192.512211494158,9,2649.1866106561715,35,1543.3256008379863,36.81147538716327,31.17204639999909,104676,0.75,1,350,0.99,0.01,700,0.3,0.1,10,200,50,False
data201.vrp,sa,random,True,44,4192.512211494158,8,2362.2595794398117,36,1830.2526320543461,43.6552725365126,54.482344699999885,133531,0.75,1,350,0.99,0.01,600,0.5,0.2,10,200,50,False
data201.vrp,sa,random,True,44,4192.512211494158,8,2757.4425972583426,36,1435.0696142358152,34.22934846323023,21.415060600000288,62144,0.75,1,350,0.99,0.01,700,0.5,0.1,10,200,50,False
data201.vrp,sa,random,True,44,4192.512211494158,8,2665.1768015172843,36,1527.3354099768735,36.430076596784694,27.68801329999951,82944,0.75,1,350,0.99,0.01,700,0.3,0.3,10,200,50,False
data201.vrp,sa,random,True,44,4192.512211494158,8,2642.155857812702,36,1550.3563536814559,36.97917323725406,27.05952419999994,74614,0.75,1,350,0.99,0.01,700,0.5,0.2,10,200,50,False
data201.vrp,sa,random,True,44,4192.512211494158,8,2732.259002332326,36,1460.2532091618318,34.830028763146196,16.717184299999644,46073,0.75,1,350,0.99,0.01,700,0.5,0.3,10,200,50,False
data201.vrp,sa,random,True,44,4192.512211494158,7,1197.9116216991893,37,2994.6005897949685,71.42735521640212,109.22061160000158,191559,0.75,1,350,0.99,0.01,600,0.3,0.1,10,200,50,False
data201.vrp,sa,random,True,44,4192.512211494158,7,1201.0211164072898,37,2991.491095086868,71.35318740122975,114.43754819999958,183889,0.75,1,350,0.99,0.01,600,0.3,0.2,10,200,50,False
data201.vrp,sa,random,True,44,4192.512211494158,8,2706.424262387277,36,1486.0879491068808,35.44624020492138,28.422861299999568,82694,0.75,1,350,0.99,0.01,800,0.3,0.2,10,200,50,False
data201.vrp,sa,random,True,44,4192.512211494158,8,2636.61012539319,36,1555.9020861009676,37.11145030980039,29.708452599999873,82816,0.75,1,350,0.99,0.01,800,0.5,0.1,10,200,50,False
data201.vrp,sa,random,True,44,4192.512211494158,6,1220.54486306098,38,2971.967348433178,70.8875060705907,131.3610020999986,180303,0.75,1,350,0.99,0.01,600,0.3,0.3,10,200,50,False
data201.vrp,sa,random,True,44,4192.512211494158,7,1184.1907192598117,37,3008.321492234346,71.75462683177776,146.02738319999844,183668,0.75,1,350,0.99,0.01,600,0.5,0.1,10,200,50,False
data201.vrp,sa,random,True,44,4192.512211494158,8,2526.95219348674,36,1665.560018007418,39.727016499585424,39.48987709999892,124460,0.75,1,350,0.99,0.01,900,0.3,0.1,10,200,50,False
data201.vrp,sa,random,True,44,4192.512211494158,6,1205.4705858496684,38,2987.0416256444896,71.24705844517852,168.13383059999978,171757,0.75,1,350,0.99,0.01,600,0.5,0.3,10,200,50,False
data201.vrp,sa,random,True,44,4192.512211494158,8,2577.2865066535933,36,1615.2257048405645,38.52644007600681,34.41682850000143,87109,0.75,1,350,0.99,0.01,900,0.5,0.2,10,200,50,False
data201.vrp,sa,random,True,44,4192.512211494158,8,2691.8021401291576,36,1500.7100713650002,35.79500775813283,41.27398189999985,115225,0.75,1,350,0.99,0.01,900,0.5,0.1,10,200,50,False
data201.vrp,sa,random,True,44,4192.512211494158,9,2728.0909371429475,35,1464.4212743512103,34.929445651615865,30.12268159999985,101151,0.75,1,350,0.99,0.01,1000,0.3,0.1,10,200,50,False
data201.vrp,sa,random,True,44,4192.512211494158,6,1189.1832783317861,38,3003.328933162372,71.63554407613816,181.12709160000122,254906,0.75,1,350,0.99,0.01,800,0.3,0.1,10,200,50,False
data201.vrp,sa,random,True,44,4192.512211494158,7,1205.2052453172994,37,2987.3069661768586,71.25338736013414,167.78659790000165,239670,0.75,1,350,0.99,0.01,800,0.3,0.3,10,200,50,False
data201.vrp,sa,random,True,44,4192.512211494158,8,2473.5762695521016,36,1718.9359419420562,41.000141567374214,57.50257160000001,152871,0.75,1,350,0.99,0.01,900,0.5,0.3,10,200,50,False
data201.vrp,sa,random,True,44,4192.512211494158,8,2680.638609402522,36,1511.8736020916358,36.06128082219284,49.9834136999998,149929,0.75,1,350,0.99,0.01,1000,0.3,0.2,10,200,50,False
data201.vrp,sa,random,True,44,4192.512211494158,7,1205.2531769011787,37,2987.2590345929793,71.25224409372343,185.96686790000058,234712,0.75,1,350,0.99,0.01,800,0.5,0.2,10,200,50,False
data201.vrp,sa,random,True,44,4192.512211494158,9,2822.126391205346,35,1370.3858202888118,32.686507543896305,13.36849550000079,49181,0.75,1,350,0.995,0.01,500,0.3,0.1,10,200,50,False
data201.vrp,sa,random,True,44,4192.512211494158,6,1218.494483156923,38,2974.017728337235,70.9364118292534,182.7186698000005,276502,0.75,1,350,0.99,0.01,900,0.3,0.2,10,200,50,False
data201.vrp,sa,random,True,44,4192.512211494158,7,2455.3603738054135,37,1737.1518376887443,41.434627976185325,65.52577609999935,155997,0.75,1,350,0.99,0.01,1000,0.5,0.1,10,200,50,False
data201.vrp,sa,random,True,44,4192.512211494158,7,1219.3113805924468,37,2973.200830901711,70.9169271528991,188.45351010000013,270429,0.75,1,350,0.99,0.01,900,0.3,0.3,10,200,50,False
data201.vrp,sa,random,True,44,4192.512211494158,8,2666.5114952874856,36,1526.0007162066722,36.39824141771135,28.887870399999883,90077,0.75,1,350,0.995,0.01,500,0.3,0.2,10,200,50,False
data201.vrp,sa,random,True,44,4192.512211494158,8,2635.471588714846,36,1557.040622779312,37.138606740620624,20.800773599999957,55255,0.75,1,350,0.995,0.01,500,0.5,0.2,10,200,50,False
data201.vrp,sa,random,True,44,4192.512211494158,6,1191.9283441221085,38,3000.583867372049,71.5700686367871,246.7466602000004,227989,0.75,1,350,0.99,0.01,800,0.5,0.3,10,200,50,False
data201.vrp,sa,random,True,44,4192.512211494158,8,2707.8326881553803,36,1484.6795233387775,35.41264636673906,21.648140400000557,55932,0.75,1,350,0.995,0.01,500,0.5,0.3,10,200,50,False
data201.vrp,sa,random,True,44,4192.512211494158,8,2470.5891385980767,36,1721.923072896081,41.071390756484156,54.16867970000021,151413,0.75,1,350,0.995,0.01,500,0.3,0.3,10,200,50,False
data201.vrp,sa,random,True,44,4192.512211494158,9,2824.1024108801826,35,1368.4098006139752,32.63937542894577,12.106916500000807,42389,0.75,1,350,0.995,0.01,600,0.3,0.1,10,200,50,False
data201.vrp,sa,random,True,44,4192.512211494158,7,2509.1340821468525,37,1683.3781293473053,40.152014935869936,55.68506129999878,134122,0.75,1,350,0.995,0.01,500,0.5,0.1,10,200,50,False
data201.vrp,sa,random,True,44,4192.512211494158,9,2749.506325396494,35,1443.0058860976637,34.41864479587037,15.233688600001187,50289,0.75,1,350,0.995,0.01,600,0.3,0.2,10,200,50,False
data201.vrp,sa,random,True,44,4192.512211494158,8,2617.313142440212,36,1575.199069053946,37.5717228619011,25.923012299999755,82469,0.75,1,350,0.995,0.01,700,0.3,0.1,10,200,50,False
data201.vrp,sa,random,True,44,4192.512211494158,8,2690.102346177691,36,1502.409865316467,35.83555132403603,33.36580230000072,91833,0.75,1,350,0.995,0.01,600,0.5,0.1,10,200,50,False
data201.vrp,sa,random,True,44,4192.512211494158,7,2561.0097892018352,37,1631.5024222923225,38.91467311220725,50.80143719999978,139699,0.75,1,350,0.995,0.01,600,0.3,0.3,10,200,50,False
data201.vrp,sa,random,True,44,4192.512211494158,8,2688.9289223177375,36,1503.5832891764203,35.863539885565714,45.42029179999918,119395,0.75,1,350,0.995,0.01,600,0.5,0.2,10,200,50,False
data201.vrp,sa,random,True,44,4192.512211494158,7,2577.925445497272,37,1614.5867659968858,38.51120007642071,41.415838000000804,97563,0.75,1,350,0.995,0.01,600,0.5,0.3,10,200,50,False
data201.vrp,sa,random,True,44,4192.512211494158,8,2704.5649566953653,36,1487.9472547987925,35.49058845241877,29.05993760000092,87202,0.75,1,350,0.995,0.01,700,0.3,0.3,10,200,50,False
data201.vrp,sa,random,True,44,4192.512211494158,8,2726.6200940581066,36,1465.8921174360512,34.964528270595686,34.651464399999895,107855,0.75,1,350,0.995,0.01,700,0.3,0.2,10,200,50,False
data201.vrp,sa,random,True,44,4192.512211494158,8,2645.132409489129,36,1547.379802005029,36.90817638557486,30.53750509999918,90576,0.75,1,350,0.995,0.01,700,0.5,0.1,10,200,50,False
data201.vrp,sa,random,True,44,4192.512211494158,8,2709.467194615825,36,1483.0450168783327,35.37366004116645,34.117624599999544,90994,0.75,1,350,0.995,0.01,700,0.5,0.3,10,200,50,False
data201.vrp,sa,random,True,44,4192.512211494158,8,2707.059442721763,36,1485.4527687723948,35.43108985347472,44.21301139999923,123035,0.75,1,350,0.995,0.01,700,0.5,0.2,10,200,50,False
data201.vrp,sa,random,True,44,4192.512211494158,7,1200.233986088941,37,2992.2782254052167,71.37196207089417,211.25416399999995,298182,0.75,1,350,0.99,0.01,1000,0.3,0.3,10,200,50,False
data201.vrp,sa,random,True,44,4192.512211494158,9,2785.8489860044983,35,1406.6632254896595,33.551797932350986,31.32489529999839,102125,0.75,1,350,0.995,0.01,800,0.3,0.2,10,200,50,False
data201.vrp,sa,random,True,44,4192.512211494158,7,2659.672732727465,37,1532.839478766693,36.56135990646068,47.41342130000157,137239,0.75,1,350,0.995,0.01,800,0.3,0.1,10,200,50,False
data201.vrp,sa,random,True,44,4192.512211494158,8,2690.3728444982166,36,1502.1393669959411,35.82909938527282,46.36524500000087,130615,0.75,1,350,0.995,0.01,800,0.5,0.1,10,200,50,False
data201.vrp,sa,random,True,44,4192.512211494158,8,2622.7458045188205,36,1569.7664069753373,37.4421427484857,37.815335200000845,108656,0.75,1,350,0.995,0.01,800,0.5,0.2,10,200,50,False
data201.vrp,sa,random,True,44,4192.512211494158,8,2589.253630956188,36,1603.25858053797,38.24099965988147,54.890900799999145,170866,0.75,1,350,0.995,0.01,800,0.3,0.3,10,200,50,False
data201.vrp,sa,random,True,44,4192.512211494158,8,2660.547516732029,36,1531.9646947621286,36.54049451691772,34.21287090000078,110944,0.75,1,350,0.995,0.01,900,0.3,0.1,10,200,50,False
data201.vrp,sa,random,True,44,4192.512211494158,8,2695.6961570814115,36,1496.8160544127463,35.702127481205366,32.94723019999947,102993,0.75,1,350,0.995,0.01,900,0.3,0.2,10,200,50,False
data201.vrp,sa,random,True,44,4192.512211494158,8,2666.0304287387626,36,1526.4817827553952,36.40971583983476,54.38733020000109,147445,0.75,1,350,0.995,0.01,800,0.5,0.3,10,200,50,False
data201.vrp,sa,random,True,44,4192.512211494158,6,1200.4541267406362,38,2992.0580847535216,71.36671126563495,253.62579259999984,294072,0.75,1,350,0.99,0.01,1000,0.5,0.2,10,200,50,False
data201.vrp,sa,random,True,44,4192.512211494158,7,2650.704137138311,37,1541.8080743558467,36.775279273578214,39.161103500000536,97679,0.75,1,350,0.995,0.01,900,0.5,0.2,10,200,50,False
data201.vrp,sa,random,True,44,4192.512211494158,8,2625.71530759928,36,1566.7969038948777,37.371314020251624,44.98469210000076,133346,0.75,1,350,0.995,0.01,900,0.3,0.3,10,200,50,False
data201.vrp,sa,random,True,44,4192.512211494158,8,2656.501500089251,36,1536.010711404907,36.6370002976686,39.33587399999851,120495,0.75,1,350,0.995,0.01,1000,0.3,0.1,10,200,50,False
data201.vrp,sa,random,True,44,4192.512211494158,8,2661.0820437702278,36,1531.43016772393,36.527744952665216,63.17150049999873,173795,0.75,1,350,0.995,0.01,900,0.5,0.1,10,200,50,False
data201.vrp,sa,random,True,44,4192.512211494158,8,2606.9806606329375,36,1585.5315508612202,37.818173707743526,45.486098700001094,139987,0.75,1,350,0.995,0.01,1000,0.3,0.2,10,200,50,False
data201.vrp,sa,random,True,44,4192.512211494158,8,2711.841705166179,36,1480.6705063279787,35.31702310296401,48.495838800001366,145281,0.75,1,350,0.995,0.01,1000,0.3,0.3,10,200,50,False
data201.vrp,sa,random,True,44,4192.512211494158,6,1181.811312630356,38,3010.7008988638017,71.81138055149103,283.88855610000064,283773,0.75,1,350,0.99,0.01,1000,0.5,0.3,10,200,50,False
data201.vrp,sa,random,True,44,4192.512211494158,8,2632.870329744799,36,1559.6418817493586,37.2006520928778,54.05237300000044,151171,0.75,1,350,0.995,0.01,1000,0.5,0.1,10,200,50,False
data201.vrp,sa,random,True,44,4192.512211494158,8,2604.734458992301,36,1587.7777525018569,37.87175021574936,46.21588879999945,114838,0.75,1,350,0.995,0.01,1000,0.5,0.3,10,200,50,False
data201.vrp,sa,random,True,44,4192.512211494158,7,2404.5203819787457,37,1787.991829515412,42.64726587112777,102.83835069999986,222455,0.75,1,350,0.995,0.01,900,0.5,0.3,10,200,50,False
data201.vrp,sa,random,True,44,4192.512211494158,8,1181.87729568575,36,3010.6349158084076,71.80980672052607,57.2789427000007,109918,0.75,1,400,0.985,0.01,500,0.3,0.1,10,200,50,False
data201.vrp,sa,random,True,44,4192.512211494158,8,1177.8469001988747,36,3014.665311295283,71.90593990472588,67.62324600000102,107749,0.75,1,400,0.985,0.01,500,0.3,0.2,10,200,50,False
data201.vrp,sa,random,True,44,4192.512211494158,7,1262.8730187300278,37,2929.63919276413,69.87789289515376,67.95527539999966,103318,0.75,1,400,0.985,0.01,500,0.3,0.3,10,200,50,False
data201.vrp,sa,random,True,44,4192.512211494158,7,2552.8617443627877,37,1639.65046713137,39.109020663937905,99.61766809999972,235094,0.75,1,350,0.995,0.01,1000,0.5,0.2,10,200,50,False
data201.vrp,sa,random,True,44,4192.512211494158,8,2677.66378800503,36,1514.848423489128,36.132236403176876,14.920363200000793,37432,0.75,1,400,0.985,0.01,600,0.5,0.1,10,200,50,False
data201.vrp,sa,random,True,44,4192.512211494158,9,2773.019164380196,35,1419.493047113962,33.857815445886864,21.42799969999942,60883,0.75,1,400,0.985,0.01,600,0.5,0.2,10,200,50,False
data201.vrp,sa,random,True,44,4192.512211494158,6,1254.4208843910214,38,2938.0913271031363,70.07949360405175,95.07517200000075,104967,0.75,1,400,0.985,0.01,500,0.5,0.1,10,200,50,False
data201.vrp,sa,random,True,44,4192.512211494158,7,1223.9206924227917,37,2968.591519071366,70.80698562863334,83.74587120000069,103633,0.75,1,400,0.985,0.01,500,0.5,0.2,10,200,50,False
data201.vrp,sa,random,True,44,4192.512211494158,8,2669.3196295439257,36,1523.1925819502321,36.33126166631691,14.093578700001672,42984,0.75,1,400,0.985,0.01,700,0.3,0.2,10,200,50,False
data201.vrp,sa,random,True,44,4192.512211494158,7,1202.9511079032645,37,2989.5611035908933,71.30715315258323,82.88128209999923,131456,0.75,1,400,0.985,0.01,600,0.3,0.1,10,200,50,False
data201.vrp,sa,random,True,44,4192.512211494158,7,1217.369918509301,37,2975.142292984857,70.96323499853455,98.04228729999886,99473,0.75,1,400,0.985,0.01,500,0.5,0.3,10,200,50,False
data201.vrp,sa,random,True,44,4192.512211494158,8,1190.5919202427524,36,3001.9202912514056,71.60194508250602,81.26304960000016,128371,0.75,1,400,0.985,0.01,600,0.3,0.2,10,200,50,False
data201.vrp,sa,random,True,44,4192.512211494158,7,1190.1020742460455,37,3002.4101372481123,71.61362891243891,96.82484329999897,125517,0.75,1,400,0.985,0.01,600,0.3,0.3,10,200,50,False
data201.vrp,sa,random,True,44,4192.512211494158,8,2600.593171623738,36,1591.91903987042,37.970528398367634,21.580402499999764,65338,0.75,1,400,0.985,0.01,800,0.3,0.2,10,200,50,False
data201.vrp,sa,random,True,44,4192.512211494158,7,1192.3464037660121,37,3000.1658077281454,71.56009705834403,107.03243529999963,119205,0.75,1,400,0.985,0.01,600,0.5,0.3,10,200,50,False
data201.vrp,sa,random,True,44,4192.512211494158,6,1222.6116612798414,38,2969.9005502143164,70.83820870150505,109.64274010000008,155158,0.75,1,400,0.985,0.01,700,0.3,0.1,10,200,50,False
data201.vrp,sa,random,True,44,4192.512211494158,7,1202.5734493412763,37,2989.9387621528813,71.31616108250536,108.6117325999985,146710,0.75,1,400,0.985,0.01,700,0.3,0.3,10,200,50,False
data201.vrp,sa,random,True,44,4192.512211494158,7,2368.056663622744,37,1824.4555478714137,43.517000209790716,40.86991839999973,108470,0.75,1,400,0.985,0.01,800,0.3,0.3,10,200,50,False
data201.vrp,sa,random,True,44,4192.512211494158,8,2587.7672031133307,36,1604.7450083808271,38.27645400724823,35.97873780000009,97465,0.75,1,400,0.985,0.01,800,0.5,0.1,10,200,50,False
data201.vrp,sa,random,True,44,4192.512211494158,7,1207.5320693274914,37,2984.980142166666,71.19788784354805,101.83149910000066,174298,0.75,1,400,0.985,0.01,800,0.3,0.1,10,200,50,False
data201.vrp,sa,random,True,44,4192.512211494158,6,1207.2447911624038,38,2985.267420331754,71.20474001595913,115.39837489999991,143203,0.75,1,400,0.985,0.01,700,0.5,0.2,10,200,50,False
data201.vrp,sa,random,True,44,4192.512211494158,6,1207.6890042579053,38,2984.8232072362525,71.19414462414886,137.0310628999996,147640,0.75,1,400,0.985,0.01,700,0.5,0.1,10,200,50,False
data201.vrp,sa,random,True,44,4192.512211494158,8,2650.5716896908666,36,1541.9405218032912,36.77843841637287,30.75993649999873,91687,0.75,1,400,0.985,0.01,900,0.3,0.3,10,200,50,False
data201.vrp,sa,random,True,44,4192.512211494158,6,1219.1390731411097,38,2973.373138353048,70.92103703839604,145.21469590000015,138940,0.75,1,400,0.985,0.01,700,0.5,0.3,10,200,50,False
data201.vrp,sa,random,True,44,4192.512211494158,7,1182.4317360371192,37,3010.0804754570386,71.7965821829839,128.84943910000038,163046,0.75,1,400,0.985,0.01,800,0.5,0.2,10,200,50,False
data201.vrp,sa,random,True,44,4192.512211494158,7,1194.9718763912879,37,2997.54033510287,71.49747416083459,133.48567170000024,200943,0.75,1,400,0.985,0.01,900,0.3,0.1,10,200,50,False
data201.vrp,sa,random,True,44,4192.512211494158,6,1225.2110781712977,38,2967.30113332286,70.77620728659373,135.77208360000077,191694,0.75,1,400,0.985,0.01,900,0.3,0.2,10,200,50,False
data201.vrp,sa,random,True,44,4192.512211494158,6,1210.0106784773902,38,2982.5015330167676,71.13876794061483,159.4616489,159619,0.75,1,400,0.985,0.01,800,0.5,0.3,10,200,50,False
data201.vrp,sa,random,True,44,4192.512211494158,6,1233.8082660119628,38,2958.703945482195,70.57114675469845,166.8199998,189226,0.75,1,400,0.985,0.01,900,0.5,0.1,10,200,50,False
data201.vrp,sa,random,True,44,4192.512211494158,7,1219.8192353923791,37,2972.6929761017786,70.90481377613803,142.0529725000015,220380,0.75,1,400,0.985,0.01,1000,0.3,0.1,10,200,50,False
data201.vrp,sa,random,True,44,4192.512211494158,9,2782.984782577634,35,1409.5274289165236,33.62011504825614,17.480376499999693,56396,0.75,1,400,0.99,0.01,500,0.3,0.1,10,200,50,False
data201.vrp,sa,random,True,44,4192.512211494158,8,2669.3196295439257,36,1523.1925819502321,36.33126166631691,11.656219799999235,33281,0.75,1,400,0.99,0.01,500,0.3,0.2,10,200,50,False
data201.vrp,sa,random,True,44,4192.512211494158,6,1176.6057803089745,38,3015.9064311851835,71.93554315517075,182.5303659000001,179103,0.75,1,400,0.985,0.01,900,0.5,0.3,10,200,50,False
data201.vrp,sa,random,True,44,4192.512211494158,6,1221.2110079145484,38,2971.301203579609,70.87161715196711,196.44388629999958,184938,0.75,1,400,0.985,0.01,900,0.5,0.2,10,200,50,False
data201.vrp,sa,random,True,44,4192.512211494158,8,2736.9105261911413,36,1455.6016853030164,34.71908039557644,15.275277800001277,42688,0.75,1,400,0.99,0.01,500,0.5,0.1,10,200,50,False
data201.vrp,sa,random,True,44,4192.512211494158,8,2752.1629606523466,36,1440.3492508418112,34.35527860581924,20.556297099999938,58863,0.75,1,400,0.99,0.01,500,0.3,0.3,10,200,50,False
data201.vrp,sa,random,True,44,4192.512211494158,9,2814.4624833526477,35,1378.04972814151,32.86930743727973,9.692825800000719,30351,0.75,1,400,0.99,0.01,500,0.5,0.3,10,200,50,False
data201.vrp,sa,random,True,44,4192.512211494158,7,1216.473167013489,37,2976.039044480669,70.98462435772004,138.91428219999943,213329,0.75,1,400,0.985,0.01,1000,0.3,0.2,10,200,50,False
data201.vrp,sa,random,True,44,4192.512211494158,8,2760.0294735975563,36,1432.4827378966015,34.16764616616544,15.080166699999609,46244,0.75,1,400,0.99,0.01,600,0.3,0.2,10,200,50,False
data201.vrp,sa,random,True,44,4192.512211494158,8,2748.2222326264205,36,1444.2899788677373,34.44927303749011,15.717182399999729,50057,0.75,1,400,0.99,0.01,600,0.3,0.3,10,200,50,False
data201.vrp,sa,random,True,44,4192.512211494158,9,2645.308366502417,35,1547.2038449917409,36.90397945055328,25.772989700000835,84046,0.75,1,400,0.99,0.01,600,0.3,0.1,10,200,50,False
data201.vrp,sa,random,True,44,4192.512211494158,8,2679.899106825253,36,1512.6131046689047,36.07891947271941,15.919689899999867,42621,0.75,1,400,0.99,0.01,600,0.5,0.3,10,200,50,False
data201.vrp,sa,random,True,44,4192.512211494158,8,2688.237424752869,36,1504.2747867412886,35.88003351826098,25.588649299999815,73599,0.75,1,400,0.99,0.01,600,0.5,0.1,10,200,50,False
data201.vrp,sa,random,True,44,4192.512211494158,6,1202.368834365227,38,2990.1433771289308,71.32104156861315,158.45317200000136,208056,0.75,1,400,0.985,0.01,1000,0.3,0.3,10,200,50,False
data201.vrp,sa,random,True,44,4192.512211494158,10,2837.8081813062895,34,1354.7040301878683,32.312464743067956,12.993915299997752,44498,0.75,1,400,0.99,0.01,700,0.3,0.3,10,200,50,False
data201.vrp,sa,random,True,44,4192.512211494158,7,1177.143528539737,37,3015.368682954421,71.92271675888051,173.76608600000145,213624,0.75,1,400,0.985,0.01,1000,0.5,0.1,10,200,50,False
data201.vrp,sa,random,True,44,4192.512211494158,8,2774.3000661380993,36,1418.2121453560585,33.827263316440664,24.33934489999956,76236,0.75,1,400,0.99,0.01,700,0.3,0.2,10,200,50,False
data201.vrp,sa,random,True,44,4192.512211494158,9,2688.5978921436526,35,1503.9143193505051,35.871435632969316,22.61800939999739,68467,0.75,1,400,0.99,0.01,700,0.5,0.3,10,200,50,False
data201.vrp,sa,random,True,44,4192.512211494158,8,2646.854805748531,36,1545.6574057456269,36.867093708351405,25.33993940000073,68672,0.75,1,400,0.99,0.01,700,0.5,0.2,10,200,50,False
data201.vrp,sa,random,True,44,4192.512211494158,6,1238.95022314873,38,2953.561988345428,70.44850054933569,190.80956960000003,205618,0.75,1,400,0.985,0.01,1000,0.5,0.2,10,200,50,False
data201.vrp,sa,random,True,44,4192.512211494158,7,1226.7795173476097,37,2965.732694146548,70.73879680101395,119.7984505000004,153753,0.75,1,400,0.99,0.01,500,0.5,0.2,10,200,50,False
data201.vrp,sa,random,True,44,4192.512211494158,7,2514.7441560362577,37,1677.7680554579001,40.01820318753383,41.71167140000034,98993,0.75,1,400,0.99,0.01,700,0.5,0.1,10,200,50,False
data201.vrp,sa,random,True,44,4192.512211494158,6,1199.650090925433,38,2992.862120568725,71.38588916601168,183.65050430000156,197839,0.75,1,400,0.985,0.01,1000,0.5,0.3,10,200,50,False
data201.vrp,sa,random,True,44,4192.512211494158,9,2798.3728033426864,35,1394.1394081514713,33.25307924755258,25.58333810000113,77076,0.75,1,400,0.99,0.01,800,0.5,0.2,10,200,50,False
data201.vrp,sa,random,True,44,4192.512211494158,8,2635.712031528939,36,1556.8001799652188,37.13287168722152,39.670584899999085,125357,0.75,1,400,0.99,0.01,800,0.3,0.3,10,200,50,False
data201.vrp,sa,random,True,44,4192.512211494158,7,2417.971404548792,37,1774.5408069453656,42.32643144318814,53.034126799997466,149570,0.75,1,400,0.99,0.01,800,0.3,0.2,10,200,50,False
data201.vrp,sa,random,True,44,4192.512211494158,8,2696.309975295882,36,1496.2022361982758,35.6874866600579,27.473349200001394,83054,0.75,1,400,0.99,0.01,900,0.3,0.1,10,200,50,False
data201.vrp,sa,random,True,44,4192.512211494158,8,2670.0103377754895,36,1522.5018737186683,36.31478686083703,28.39201359999788,84286,0.75,1,400,0.99,0.01,900,0.3,0.3,10,200,50,False
data201.vrp,sa,random,True,44,4192.512211494158,8,2587.4133996107544,36,1605.0988118834034,38.284892945162504,42.40781960000095,126673,0.75,1,400,0.99,0.01,900,0.3,0.2,10,200,50,False
data201.vrp,sa,random,True,44,4192.512211494158,6,1194.585277807376,38,2997.926933686782,71.50669532858342,175.4723642000008,184160,0.75,1,400,0.99,0.01,600,0.5,0.2,10,200,50,False
data201.vrp,sa,random,True,44,4192.512211494158,6,1214.585623957554,38,2977.9265875366036,71.02964612416261,162.482540099998,233703,0.75,1,400,0.99,0.01,700,0.3,0.1,10,200,50,False
data201.vrp,sa,random,True,44,4192.512211494158,8,2612.7146213581755,36,1579.7975901359823,37.68140700472671,45.08204900000055,118703,0.75,1,400,0.99,0.01,900,0.5,0.2,10,200,50,False
data201.vrp,sa,random,True,44,4192.512211494158,8,2685.3245509921176,36,1507.1876605020402,35.94951152127707,36.531728800000565,110193,0.75,1,400,0.99,0.01,1000,0.3,0.1,10,200,50,False
data201.vrp,sa,random,True,44,4192.512211494158,7,2539.3362529361025,37,1653.1759585580553,39.43163132657602,67.79019419999895,152636,0.75,1,400,0.99,0.01,900,0.5,0.3,10,200,50,False
data201.vrp,sa,random,True,44,4192.512211494158,7,1190.1547340783472,37,3002.3574774158105,71.6123728676227,178.0927554000009,252813,0.75,1,400,0.99,0.01,800,0.5,0.1,10,200,50,False
data201.vrp,sa,random,True,44,4192.512211494158,6,1206.0974869972165,38,2986.4147244969413,71.23210556929114,190.77109589999964,266422,0.75,1,400,0.99,0.01,800,0.3,0.1,10,200,50,False
data201.vrp,sa,random,True,44,4192.512211494158,7,2532.381760001168,37,1660.1304514929898,39.59751022171359,67.75873359999969,178176,0.75,1,400,0.99,0.01,1000,0.3,0.3,10,200,50,False
data201.vrp,sa,random,True,44,4192.512211494158,8,2659.7362287204596,36,1532.7759827736982,36.55984539702596,40.02615739999965,107641,0.75,1,400,0.99,0.01,1000,0.5,0.2,10,200,50,False
data201.vrp,sa,random,True,44,4192.512211494158,7,2478.163930357455,37,1714.348281136703,40.89071646438284,58.92870320000293,144940,0.75,1,400,0.99,0.01,1000,0.5,0.1,10,200,50,False
data201.vrp,sa,random,True,44,4192.512211494158,8,2766.797546239196,36,1425.7146652549618,34.006213776700136,16.302190999998857,51355,0.75,1,400,0.995,0.01,500,0.3,0.1,10,200,50,False
data201.vrp,sa,random,True,44,4192.512211494158,9,2763.9692096024273,35,1428.5430018917305,34.07367539622779,17.535128100000293,57966,0.75,1,400,0.995,0.01,500,0.3,0.2,10,200,50,False
data201.vrp,sa,random,True,44,4192.512211494158,9,2795.115979967665,35,1397.3962315264926,33.330761153071954,15.760222599998087,47874,0.75,1,400,0.995,0.01,500,0.5,0.1,10,200,50,False
data201.vrp,sa,random,True,44,4192.512211494158,8,2783.7777217958064,36,1408.7344896983514,33.60120182443777,23.19657509999888,67323,0.75,1,400,0.995,0.01,500,0.5,0.2,10,200,50,False
data201.vrp,sa,random,True,44,4192.512211494158,8,2636.3762247793543,36,1556.1359867148035,37.11702931832884,34.40562919999866,108441,0.75,1,400,0.995,0.01,500,0.3,0.3,10,200,50,False
data201.vrp,sa,random,True,44,4192.512211494158,8,2720.572185731332,36,1471.9400257628258,35.108783266685954,21.170624400001543,57670,0.75,1,400,0.995,0.01,500,0.5,0.3,10,200,50,False
data201.vrp,sa,random,True,44,4192.512211494158,8,2584.7067737776915,36,1607.8054377164663,38.349451512830896,48.39463130000149,127028,0.75,1,400,0.99,0.01,1000,0.5,0.3,10,200,50,False
data201.vrp,sa,random,True,44,4192.512211494158,8,2754.983143004424,36,1437.5290684897336,34.28801148267655,19.99617710000166,60548,0.75,1,400,0.995,0.01,600,0.3,0.1,10,200,50,False
data201.vrp,sa,random,True,44,4192.512211494158,9,2736.794892654982,35,1455.7173188391757,34.72183849216212,16.830274399999325,54557,0.75,1,400,0.995,0.01,600,0.3,0.3,10,200,50,False
data201.vrp,sa,random,True,44,4192.512211494158,9,2807.9649261148984,35,1384.5472853792594,33.0242874805086,14.09227109999847,42319,0.75,1,400,0.995,0.01,600,0.5,0.3,10,200,50,False
data201.vrp,sa,random,True,44,4192.512211494158,9,2813.3720324000783,35,1379.1401790940795,32.89531692508944,17.381062599997676,51584,0.75,1,400,0.995,0.01,600,0.5,0.2,10,200,50,False
data201.vrp,sa,random,True,44,4192.512211494158,8,2757.372601118956,36,1435.1396103752018,34.2310180144648,23.837144799999805,67779,0.75,1,400,0.995,0.01,600,0.5,0.1,10,200,50,False
data201.vrp,sa,random,True,44,4192.512211494158,9,2674.3392415267904,35,1518.1729699673674,36.2115336433644,13.521161000000575,46261,0.75,1,400,0.995,0.01,700,0.3,0.1,10,200,50,False
data201.vrp,sa,random,True,44,4192.512211494158,6,1239.8669606724497,38,2952.645250821708,70.42663448246518,246.71136490000208,237929,0.75,1,400,0.99,0.01,800,0.5,0.3,10,200,50,False
data201.vrp,sa,random,True,44,4192.512211494158,8,2639.962857268877,36,1552.5493542252807,37.03148079017692,44.17591450000327,136706,0.75,1,400,0.995,0.01,600,0.3,0.2,10,200,50,False
data201.vrp,sa,random,True,44,4192.512211494158,8,2715.0531662256844,36,1477.4590452684733,35.24042318154455,24.999605000000884,78544,0.75,1,400,0.995,0.01,700,0.3,0.2,10,200,50,False
data201.vrp,sa,random,True,44,4192.512211494158,8,2779.691046804054,36,1412.8211646901036,33.69867739005564,17.114476099999592,47555,0.75,1,400,0.995,0.01,700,0.5,0.1,10,200,50,False
data201.vrp,sa,random,True,44,4192.512211494158,6,1176.6431768912107,38,3015.869034602947,71.9346511701186,213.0800589999999,282901,0.75,1,400,0.99,0.01,900,0.5,0.1,10,200,50,False
data201.vrp,sa,random,True,44,4192.512211494158,9,2794.697062605476,35,1397.815148888682,33.340753189852215,18.409871599997132,56798,0.75,1,400,0.995,0.01,700,0.5,0.2,10,200,50,False
data201.vrp,sa,random,True,44,4192.512211494158,8,2648.242114208649,36,1544.2700972855087,36.834003561200134,35.46817459999875,104938,0.75,1,400,0.995,0.01,700,0.3,0.3,10,200,50,False
data201.vrp,sa,random,True,44,4192.512211494158,9,2769.4543881217924,35,1423.0578233723654,33.94284265817811,17.495054800001526,50724,0.75,1,400,0.995,0.01,700,0.5,0.3,10,200,50,False
data201.vrp,sa,random,True,44,4192.512211494158,8,2755.584360621616,36,1436.927850872542,34.27367121157267,21.841491300001508,68367,0.75,1,400,0.995,0.01,800,0.3,0.1,10,200,50,False
data201.vrp,sa,random,True,44,4192.512211494158,8,2685.921044055178,36,1506.59116743898,35.93528394046228,24.57200770000054,68068,0.75,1,400,0.995,0.01,800,0.5,0.2,10,200,50,False
data201.vrp,sa,random,True,44,4192.512211494158,7,1216.5249549291184,37,2975.9872565650394,70.98338910990161,195.88818660000106,320856,0.75,1,400,0.99,0.01,1000,0.3,0.2,10,200,50,False
data201.vrp,sa,random,True,44,4192.512211494158,9,2775.9164090904937,35,1416.595802403664,33.788710227723044,36.35186319999775,118282,0.75,1,400,0.995,0.01,800,0.3,0.3,10,200,50,False
data201.vrp,sa,random,True,44,4192.512211494158,8,2647.2861078948886,36,1545.2261035992692,36.8568062691121,24.310702599999786,67182,0.75,1,400,0.995,0.01,800,0.5,0.3,10,200,50,False
data201.vrp,sa,random,True,44,4192.512211494158,8,2735.249845204738,36,1457.2623662894198,34.758691037182935,38.61170370000036,108026,0.75,1,400,0.995,0.01,800,0.5,0.1,10,200,50,False
data201.vrp,sa,random,True,44,4192.512211494158,8,2699.4424575590183,36,1493.0697539351395,35.61277054463315,44.65981939999983,139839,0.75,1,400,0.995,0.01,800,0.3,0.2,10,200,50,False
data201.vrp,sa,random,True,44,4192.512211494158,9,2736.0670664198447,35,1456.4451450743131,34.73919863802268,23.395486500001425,76740,0.75,1,400,0.995,0.01,900,0.3,0.2,10,200,50,False
data201.vrp,sa,random,True,44,4192.512211494158,8,2674.0824852803953,36,1518.4297262137625,36.21765780552404,28.85330469999826,91644,0.75,1,400,0.995,0.01,900,0.3,0.1,10,200,50,False
data201.vrp,sa,random,True,44,4192.512211494158,8,2669.245791571695,36,1523.2664199224628,36.33302285313058,26.113198800001555,81857,0.75,1,400,0.995,0.01,900,0.3,0.3,10,200,50,False
data201.vrp,sa,random,True,44,4192.512211494158,8,2567.311389492513,36,1625.2008220016446,38.76436704336859,31.915879300002416,88528,0.75,1,400,0.995,0.01,900,0.5,0.3,10,200,50,False
data201.vrp,sa,random,True,44,4192.512211494158,8,2622.997325134103,36,1569.5148863600548,37.43614346684752,36.184207199999946,112437,0.75,1,400,0.995,0.01,1000,0.3,0.1,10,200,50,False
data201.vrp,sa,random,True,44,4192.512211494158,8,2657.3540316974877,36,1535.15817979667,36.61666567333764,33.299507300002006,105437,0.75,1,400,0.995,0.01,1000,0.3,0.2,10,200,50,False
data201.vrp,sa,random,True,44,4192.512211494158,8,2659.184047936524,36,1533.3281635576336,36.5730160392586,61.939018700002634,166429,0.75,1,400,0.995,0.01,900,0.5,0.1,10,200,50,False
data201.vrp,sa,random,True,44,4192.512211494158,7,2499.1777827423216,37,1693.3344287518362,40.38949306121051,57.839533800000936,141703,0.75,1,400,0.995,0.01,900,0.5,0.2,10,200,50,False
data201.vrp,sa,random,True,44,4192.512211494158,8,2657.881197031698,36,1534.63101446246,36.604091700797625,49.55617110000094,132255,0.75,1,400,0.995,0.01,1000,0.5,0.1,10,200,50,False
data201.vrp,sa,random,True,44,4192.512211494158,9,2686.5564779323063,35,1505.9557335618515,35.92012754150448,22.422042399997736,67130,0.75,1,450,0.985,0.01,500,0.3,0.2,10,200,50,False
data201.vrp,sa,random,True,44,4192.512211494158,8,2708.139255586434,36,1484.3729559077237,35.40533410584181,48.42484200000035,124212,0.75,1,400,0.995,0.01,1000,0.5,0.2,10,200,50,False
data201.vrp,sa,random,True,44,4192.512211494158,9,2768.810928629584,35,1423.7012828645738,33.95819048448722,12.543950200000836,40481,0.75,1,450,0.985,0.01,500,0.3,0.3,10,200,50,False
data201.vrp,sa,random,True,44,4192.512211494158,8,2607.3335044749047,36,1585.1787070192531,37.80975765969959,17.561277199998585,47569,0.75,1,450,0.985,0.01,500,0.5,0.3,10,200,50,False
data201.vrp,sa,random,True,44,4192.512211494158,8,2654.9970299045544,36,1537.5151815896033,36.67288499182815,79.16579769999953,229949,0.75,1,400,0.995,0.01,1000,0.3,0.3,10,200,50,False
data201.vrp,sa,random,True,44,4192.512211494158,7,1198.3985278710975,37,2994.1136836230603,71.41574150730968,77.67527450000125,115257,0.75,1,450,0.985,0.01,500,0.3,0.1,10,200,50,False
data201.vrp,sa,random,True,44,4192.512211494158,9,2683.7197174216712,35,1508.7924940724865,35.9877900876709,16.060297300002276,47954,0.75,1,450,0.985,0.01,600,0.5,0.2,10,200,50,False
data201.vrp,sa,random,True,44,4192.512211494158,7,1203.170347045558,37,2989.3418644486,71.30192385016899,78.34721840000202,108569,0.75,1,450,0.985,0.01,500,0.5,0.1,10,200,50,False
data201.vrp,sa,random,True,44,4192.512211494158,8,1192.791316984638,36,2999.72089450952,71.54948496716382,75.58712780000133,137337,0.75,1,450,0.985,0.01,600,0.3,0.1,10,200,50,False
data201.vrp,sa,random,True,44,4192.512211494158,7,1231.3209353614823,37,2961.1912761326757,70.63047468327694,90.77593759999945,106631,0.75,1,450,0.985,0.01,500,0.5,0.2,10,200,50,False
data201.vrp,sa,random,True,44,4192.512211494158,8,1222.9389761355994,36,2969.573235358558,70.83040157205028,90.26418410000042,131833,0.75,1,450,0.985,0.01,600,0.3,0.2,10,200,50,False
data201.vrp,sa,random,True,44,4192.512211494158,6,1204.0049728563963,38,2988.5072386377615,71.28201631576633,89.07975749999969,128277,0.75,1,450,0.985,0.01,600,0.3,0.3,10,200,50,False
data201.vrp,sa,random,True,44,4192.512211494158,7,2457.396587496995,37,1735.1156239971629,41.3860601106941,146.4348398000002,337265,0.75,1,400,0.995,0.01,1000,0.5,0.3,10,200,50,False
data201.vrp,sa,random,True,44,4192.512211494158,8,1209.7707854141586,36,2982.741426079999,71.14448988133032,92.66353249999884,130741,0.75,1,450,0.985,0.01,600,0.5,0.1,10,200,50,False
data201.vrp,sa,random,True,44,4192.512211494158,8,2599.09813718908,36,1593.414074305078,38.006188030569994,30.06086289999803,81298,0.75,1,450,0.985,0.01,700,0.5,0.1,10,200,50,False
data201.vrp,sa,random,True,44,4192.512211494158,8,2707.260345446117,36,1485.251866048041,35.426297912170334,19.437235299999884,56709,0.75,1,450,0.985,0.01,700,0.5,0.2,10,200,50,False
data201.vrp,sa,random,True,44,4192.512211494158,10,2714.3914356268074,34,1478.1207758673504,35.256206811156005,13.297486100000242,49395,0.75,1,450,0.985,0.01,800,0.3,0.1,10,200,50,False
data201.vrp,sa,random,True,44,4192.512211494158,7,1202.3422158524982,37,2990.1699956416596,71.32167647464051,90.63052930000049,122557,0.75,1,450,0.985,0.01,600,0.5,0.3,10,200,50,False
data201.vrp,sa,random,True,44,4192.512211494158,7,1192.6224716190186,37,2999.889739875139,71.5535122748281,98.94268950000333,155646,0.75,1,450,0.985,0.01,700,0.3,0.2,10,200,50,False
data201.vrp,sa,random,True,44,4192.512211494158,6,1261.0497612975087,38,2931.462450196649,69.92138131785939,109.40780489999815,160762,0.75,1,450,0.985,0.01,700,0.3,0.1,10,200,50,False
data201.vrp,sa,random,True,44,4192.512211494158,7,1222.1337497976215,37,2970.3784616965363,70.84960786883269,99.96577460000117,152065,0.75,1,450,0.985,0.01,700,0.3,0.3,10,200,50,False
data201.vrp,sa,random,True,44,4192.512211494158,7,1183.120628415528,37,3009.39158307863,71.78015068931954,108.6083761000009,143409,0.75,1,450,0.985,0.01,700,0.5,0.3,10,200,50,False
data201.vrp,sa,random,True,44,4192.512211494158,9,2714.78865291958,35,1477.723558574578,35.24673236546009,24.966193699998257,81215,0.75,1,450,0.985,0.01,900,0.3,0.3,10,200,50,False
data201.vrp,sa,random,True,44,4192.512211494158,7,1208.218514359759,37,2984.293697134399,71.18151472409987,125.10735779999959,172242,0.75,1,450,0.985,0.01,800,0.3,0.3,10,200,50,False
data201.vrp,sa,random,True,44,4192.512211494158,6,1225.024714764082,38,2967.4874967300757,70.78065243541654,128.60946310000145,177651,0.75,1,450,0.985,0.01,800,0.3,0.2,10,200,50,False
data201.vrp,sa,random,True,44,4192.512211494158,6,1220.1714323589126,38,2972.340779135245,70.8964131573976,146.32019349999973,176045,0.75,1,450,0.985,0.01,800,0.5,0.1,10,200,50,False
data201.vrp,sa,random,True,44,4192.512211494158,8,2663.247177308515,36,1529.265034185643,36.47610208487938,41.00022640000316,104794,0.75,1,450,0.985,0.01,900,0.5,0.2,10,200,50,False
data201.vrp,sa,random,True,44,4192.512211494158,7,1193.4015374343965,37,2999.1106740597615,71.53492996007081,131.91168370000014,169111,0.75,1,450,0.985,0.01,800,0.5,0.2,10,200,50,False
data201.vrp,sa,random,True,44,4192.512211494158,8,2461.0005736425073,36,1731.5116378516504,41.30009766231693,51.21900319999986,134935,0.75,1,450,0.985,0.01,900,0.5,0.1,10,200,50,False
data201.vrp,sa,random,True,44,4192.512211494158,7,1210.775552477119,37,2981.7366590170386,71.12052412971711,126.6916521000021,205085,0.75,1,450,0.985,0.01,900,0.3,0.1,10,200,50,False
data201.vrp,sa,random,True,44,4192.512211494158,7,2541.5089998767207,37,1651.003211617437,39.379806863556894,42.57168119999915,118606,0.75,1,450,0.985,0.01,1000,0.3,0.1,10,200,50,False
data201.vrp,sa,random,True,44,4192.512211494158,7,1199.3399529112517,37,2993.172258582906,71.39328659262695,144.3626316000009,164413,0.75,1,450,0.985,0.01,800,0.5,0.3,10,200,50,False
data201.vrp,sa,random,True,44,4192.512211494158,8,2600.2905935816984,36,1592.2216179124594,37.977745504169015,36.80565940000088,114412,0.75,1,450,0.985,0.01,1000,0.3,0.2,10,200,50,False
data201.vrp,sa,random,True,44,4192.512211494158,6,1225.8214174560824,38,2966.690794038075,70.76164944504204,146.05895440000313,198636,0.75,1,450,0.985,0.01,900,0.3,0.2,10,200,50,False
data201.vrp,sa,random,True,44,4192.512211494158,9,2749.3631871076573,35,1443.1490243865005,34.42205893712068,14.975631699999212,49083,0.75,1,450,0.99,0.01,500,0.3,0.2,10,200,50,False
data201.vrp,sa,random,True,44,4192.512211494158,8,2631.340744985453,36,1561.1714665087047,37.23713582106236,25.453989399997226,70966,0.75,1,450,0.99,0.01,500,0.3,0.3,10,200,50,False
data201.vrp,sa,random,True,44,4192.512211494158,9,2797.5136028249917,35,1394.998608669166,33.273572939028035,17.892298700000538,52705,0.75,1,450,0.99,0.01,500,0.5,0.1,10,200,50,False
data201.vrp,sa,random,True,44,4192.512211494158,8,2370.888140883381,36,1821.624070610777,43.44946367995368,58.199222300001566,148724,0.75,1,450,0.985,0.01,1000,0.5,0.3,10,200,50,False
data201.vrp,sa,random,True,44,4192.512211494158,7,2337.449421897508,37,1855.06278959665,44.24704559025075,53.441769699998986,118866,0.75,1,450,0.99,0.01,500,0.5,0.3,10,200,50,False
data201.vrp,sa,random,True,44,4192.512211494158,7,1213.2842005494895,37,2979.2280109446683,71.0606877369812,175.28078749999986,186381,0.75,1,450,0.985,0.01,900,0.5,0.3,10,200,50,False
data201.vrp,sa,random,True,44,4192.512211494158,6,1244.9407227841214,38,2947.5714887100366,70.30561486807356,113.10011179999856,171790,0.75,1,450,0.99,0.01,500,0.3,0.1,10,200,50,False
data201.vrp,sa,random,True,44,4192.512211494158,7,1202.7132336057414,37,2989.7989778884166,71.31282694160336,153.3988375000008,217100,0.75,1,450,0.985,0.01,1000,0.3,0.3,10,200,50,False
data201.vrp,sa,random,True,44,4192.512211494158,9,2756.2018127235997,35,1436.310398770558,34.25894371476798,19.976255699999456,63779,0.75,1,450,0.99,0.01,600,0.3,0.3,10,200,50,False
data201.vrp,sa,random,True,44,4192.512211494158,7,1212.408179190732,37,2980.104032303426,71.08158263995503,119.9457149000009,158820,0.75,1,450,0.99,0.01,500,0.5,0.2,10,200,50,False
data201.vrp,sa,random,True,44,4192.512211494158,7,1205.9867829121674,37,2986.52542858199,71.23474608837526,173.44064210000215,211284,0.75,1,450,0.985,0.01,1000,0.5,0.2,10,200,50,False
data201.vrp,sa,random,True,44,4192.512211494158,8,2640.0865630893677,36,1552.42564840479,37.028530153082734,40.0454501000022,107523,0.75,1,450,0.99,0.01,600,0.5,0.2,10,200,50,False
data201.vrp,sa,random,True,44,4192.512211494158,6,1189.9213248440064,38,3002.5908866501513,71.61794015574414,189.78402460000143,219688,0.75,1,450,0.985,0.01,1000,0.5,0.1,10,200,50,False
data201.vrp,sa,random,True,44,4192.512211494158,7,1202.102059788743,37,2990.410151705415,71.32740468845697,120.69451789999948,205985,0.75,1,450,0.99,0.01,600,0.3,0.1,10,200,50,False
data201.vrp,sa,random,True,44,4192.512211494158,10,2806.9657998522675,34,1385.5464116418902,33.04811868748497,15.909896000001027,56183,0.75,1,450,0.99,0.01,700,0.3,0.2,10,200,50,False
data201.vrp,sa,random,True,44,4192.512211494158,9,2792.172779026261,35,1400.3394324678966,33.40096252143851,22.269326100002218,74823,0.75,1,450,0.99,0.01,700,0.3,0.1,10,200,50,False
data201.vrp,sa,random,True,44,4192.512211494158,9,2696.437762377595,35,1496.0744491165628,35.68443867652758,28.174211199999263,91291,0.75,1,450,0.99,0.01,700,0.3,0.3,10,200,50,False
data201.vrp,sa,random,True,44,4192.512211494158,9,2731.6445886088677,35,1460.86762288529,34.844683788402264,22.963456599998608,67606,0.75,1,450,0.99,0.01,700,0.5,0.3,10,200,50,False
data201.vrp,sa,random,True,44,4192.512211494158,8,2682.1839978389644,36,1510.3282136551934,36.024420143953066,30.140862399999605,84005,0.75,1,450,0.99,0.01,700,0.5,0.2,10,200,50,False
data201.vrp,sa,random,True,44,4192.512211494158,8,2752.385596011548,36,1440.1266154826099,34.349968296678306,24.627284599999257,75583,0.75,1,450,0.99,0.01,800,0.3,0.2,10,200,50,False
data201.vrp,sa,random,True,44,4192.512211494158,7,2599.5844496169675,37,1592.9277618771903,37.994588483488066,50.06074029999945,118614,0.75,1,450,0.99,0.01,700,0.5,0.1,10,200,50,False
data201.vrp,sa,random,True,44,4192.512211494158,7,1210.4736488478575,37,2982.0385626463003,71.12772514939294,125.19734280000193,200310,0.75,1,450,0.99,0.01,600,0.3,0.2,10,200,50,False
data201.vrp,sa,random,True,44,4192.512211494158,8,2697.612995760347,36,1494.8992157338107,35.65640695417432,25.66798639999979,71630,0.75,1,450,0.99,0.01,800,0.5,0.1,10,200,50,False
data201.vrp,sa,random,True,44,4192.512211494158,9,2770.212556334814,35,1422.2996551593437,33.92475879402279,23.038263700000243,67604,0.75,1,450,0.99,0.01,800,0.5,0.3,10,200,50,False
data201.vrp,sa,random,True,44,4192.512211494158,7,2601.8482132483805,37,1590.6639982457773,37.94059308604578,40.458025899999484,98257,0.75,1,450,0.99,0.01,800,0.5,0.2,10,200,50,False
data201.vrp,sa,random,True,44,4192.512211494158,6,1240.6394752651443,38,2951.8727362290138,70.40820842778187,144.30264199999874,196689,0.75,1,450,0.99,0.01,600,0.5,0.1,10,200,50,False
data201.vrp,sa,random,True,44,4192.512211494158,8,2639.8524777275866,36,1552.6597337665712,37.03411356822794,32.47281660000226,98453,0.75,1,450,0.99,0.01,900,0.3,0.2,10,200,50,False
data201.vrp,sa,random,True,44,4192.512211494158,7,1209.2471045606121,37,2983.2651069335457,71.15698074187239,145.97065510000175,185782,0.75,1,450,0.99,0.01,600,0.5,0.3,10,200,50,False
data201.vrp,sa,random,True,44,4192.512211494158,8,2727.233540931368,36,1465.2786705627896,34.94989630669634,33.285375000003114,98982,0.75,1,450,0.99,0.01,900,0.3,0.3,10,200,50,False
data201.vrp,sa,random,True,44,4192.512211494158,8,2611.33783187607,36,1581.1743796180876,37.714246252715796,29.52896630000032,81925,0.75,1,450,0.99,0.01,900,0.5,0.3,10,200,50,False
data201.vrp,sa,random,True,44,4192.512211494158,8,2726.522901634265,36,1465.9893098598927,34.966846508896225,29.679631300001347,91714,0.75,1,450,0.99,0.01,1000,0.3,0.1,10,200,50,False
data201.vrp,sa,random,True,44,4192.512211494158,8,2536.969996675218,36,1655.5422148189396,39.48807138307477,49.965856700000586,139768,0.75,1,450,0.99,0.01,900,0.5,0.2,10,200,50,False
data201.vrp,sa,random,True,44,4192.512211494158,8,1229.0474183087194,36,2963.4647931854383,70.68470271978761,139.6204042999998,270765,0.75,1,450,0.99,0.01,800,0.3,0.1,10,200,50,False
data201.vrp,sa,random,True,44,4192.512211494158,8,2695.387716866521,36,1497.124494627637,35.70948441183147,30.902140399997734,89503,0.75,1,450,0.99,0.01,1000,0.3,0.3,10,200,50,False
data201.vrp,sa,random,True,44,4192.512211494158,8,2604.735965162577,36,1587.7762463315808,37.871714290504535,38.56256609999764,104641,0.75,1,450,0.99,0.01,1000,0.5,0.1,10,200,50,False
data201.vrp,sa,random,True,44,4192.512211494158,8,2726.522901634265,36,1465.9893098598927,34.966846508896225,20.09281859999828,67879,0.75,1,450,0.995,0.01,500,0.3,0.1,10,200,50,False
data201.vrp,sa,random,True,44,4192.512211494158,9,2904.719701565832,35,1287.7925099283257,30.716487990129735,12.921080899999652,43748,0.75,1,450,0.995,0.01,500,0.3,0.2,10,200,50,False
data201.vrp,sa,random,True,44,4192.512211494158,6,1191.5193400494848,38,3000.9928714446733,71.57982422131474,166.0562308999979,258095,0.75,1,450,0.99,0.01,800,0.3,0.3,10,200,50,False
data201.vrp,sa,random,True,44,4192.512211494158,9,2811.593373870546,35,1380.9188376236116,32.93774157264696,13.619925399998465,43701,0.75,1,450,0.995,0.01,500,0.5,0.1,10,200,50,False
data201.vrp,sa,random,True,44,4192.512211494158,9,2858.8649652559407,35,1333.6472462382171,31.810217334177356,15.046353400000953,42178,0.75,1,450,0.995,0.01,500,0.5,0.3,10,200,50,False
data201.vrp,sa,random,True,44,4192.512211494158,7,2660.906188996011,37,1531.6060224981466,36.531939449075615,22.409980699998414,52822,0.75,1,450,0.995,0.01,500,0.5,0.2,10,200,50,False
data201.vrp,sa,random,True,44,4192.512211494158,7,2570.1409387445665,37,1622.3712727495913,38.696876500483675,59.812588400000095,168730,0.75,1,450,0.995,0.01,500,0.3,0.3,10,200,50,False
data201.vrp,sa,random,True,44,4192.512211494158,8,2707.943086954854,36,1484.5691245393036,35.410013129340946,21.070549199997913,67587,0.75,1,450,0.995,0.01,600,0.3,0.2,10,200,50,False
data201.vrp,sa,random,True,44,4192.512211494158,8,2691.5934465532664,36,1500.9187649408914,35.799985527197386,15.132967800000188,43793,0.75,1,450,0.995,0.01,600,0.5,0.1,10,200,50,False
data201.vrp,sa,random,True,44,4192.512211494158,8,2707.822328495938,36,1484.6898829982197,35.412893465827146,40.42817859999923,123571,0.75,1,450,0.995,0.01,600,0.3,0.1,10,200,50,False
data201.vrp,sa,random,True,44,4192.512211494158,6,1193.4296898549399,38,2999.0825216392177,71.53425846720152,212.3837851999997,308683,0.75,1,450,0.99,0.01,900,0.3,0.1,10,200,50,False
data201.vrp,sa,random,True,44,4192.512211494158,9,2754.698092477982,35,1437.814119016176,34.294810521345084,24.612400099998922,72407,0.75,1,450,0.995,0.01,600,0.5,0.3,10,200,50,False
data201.vrp,sa,random,True,44,4192.512211494158,8,2658.7695673149556,36,1533.7426441792022,36.58290225069126,33.402886700001545,92176,0.75,1,450,0.995,0.01,600,0.5,0.2,10,200,50,False
data201.vrp,sa,random,True,44,4192.512211494158,8,2618.03038114802,36,1574.481830346138,37.55461525024426,58.84411440000258,176813,0.75,1,450,0.995,0.01,600,0.3,0.3,10,200,50,False
data201.vrp,sa,random,True,44,4192.512211494158,7,1191.2201228524111,37,3001.292088641747,71.58696116408268,213.81462370000008,296792,0.75,1,450,0.99,0.01,900,0.5,0.1,10,200,50,False
data201.vrp,sa,random,True,44,4192.512211494158,7,2607.2291579355597,37,1585.283053558598,37.81224653830223,40.32967579999968,116573,0.75,1,450,0.995,0.01,700,0.3,0.1,10,200,50,False
data201.vrp,sa,random,True,44,4192.512211494158,8,2714.865451529762,36,1477.6467599643956,35.244900561369654,19.41181989999677,54480,0.75,1,450,0.995,0.01,700,0.5,0.1,10,200,50,False
data201.vrp,sa,random,True,44,4192.512211494158,8,2697.2674856252734,36,1495.2447258688844,35.66464807829381,29.15549209999881,85448,0.75,1,450,0.995,0.01,700,0.3,0.3,10,200,50,False
data201.vrp,sa,random,True,44,4192.512211494158,9,2765.6476054162886,35,1426.8646060778692,34.033642219717066,25.52791409999918,76445,0.75,1,450,0.995,0.01,700,0.5,0.3,10,200,50,False
data201.vrp,sa,random,True,44,4192.512211494158,8,2660.4903479433865,36,1532.0218635507713,36.541858109574314,57.1123176000001,173993,0.75,1,450,0.995,0.01,700,0.3,0.2,10,200,50,False
data201.vrp,sa,random,True,44,4192.512211494158,6,1213.8863228382418,38,2978.6258886559162,71.04632588760838,237.38968469999963,331976,0.75,1,450,0.99,0.01,1000,0.3,0.2,10,200,50,False
data201.vrp,sa,random,True,44,4192.512211494158,7,2671.568190000437,37,1520.9440214937208,36.277628895723026,42.46462890000112,106053,0.75,1,450,0.995,0.01,700,0.5,0.2,10,200,50,False
data201.vrp,sa,random,True,44,4192.512211494158,8,2593.6961065995006,36,1598.8161048946572,38.135037520257086,44.19137140000021,136703,0.75,1,450,0.995,0.01,800,0.3,0.2,10,200,50,False
data201.vrp,sa,random,True,44,4192.512211494158,8,2727.1181831554272,36,1465.3940283387305,34.952647825836216,48.95044559999951,155878,0.75,1,450,0.995,0.01,800,0.3,0.1,10,200,50,False
data201.vrp,sa,random,True,44,4192.512211494158,8,2774.7724003638064,36,1417.7398111303514,33.81599717809974,27.19717479999963,73628,0.75,1,450,0.995,0.01,800,0.5,0.3,10,200,50,False
data201.vrp,sa,random,True,44,4192.512211494158,8,2770.1690000857075,36,1422.3432114084503,33.92579769974112,29.517814799997723,87629,0.75,1,450,0.995,0.01,800,0.5,0.2,10,200,50,False
data201.vrp,sa,random,True,44,4192.512211494158,8,2669.166546830449,36,1523.3456646637087,36.3349130024551,46.70327610000095,145535,0.75,1,450,0.995,0.01,800,0.3,0.3,10,200,50,False
data201.vrp,sa,random,True,44,4192.512211494158,9,2796.902452950615,35,1395.6097585435427,33.288150114801105,21.97965959999783,75387,0.75,1,450,0.995,0.01,900,0.3,0.1,10,200,50,False
data201.vrp,sa,random,True,44,4192.512211494158,8,2564.9665914939637,36,1627.545620000194,38.82029527637697,47.46436200000244,130627,0.75,1,450,0.995,0.01,800,0.5,0.1,10,200,50,False
data201.vrp,sa,random,True,44,4192.512211494158,7,1195.359377390883,37,2997.1528341032745,71.4882314686241,242.30271540000103,308310,0.75,1,450,0.99,0.01,1000,0.5,0.3,10,200,50,False
data201.vrp,sa,random,True,44,4192.512211494158,8,2772.920188289606,36,1419.5920232045519,33.86017622829124,22.026579099998344,57732,0.75,1,450,0.995,0.01,900,0.5,0.2,10,200,50,False
data201.vrp,sa,random,True,44,4192.512211494158,8,2728.5198333360768,36,1463.992378158081,34.919215599287014,58.090433099998336,181712,0.75,1,450,0.995,0.01,900,0.3,0.2,10,200,50,False
data201.vrp,sa,random,True,44,4192.512211494158,8,2674.3547897983117,36,1518.157421695846,36.211162785255055,39.5209752999981,124070,0.75,1,450,0.995,0.01,1000,0.3,0.2,10,200,50,False
data201.vrp,sa,random,True,44,4192.512211494158,6,1212.3061954630596,38,2980.2060160310984,71.08401516066166,293.08316529999865,318493,0.75,1,450,0.99,0.01,1000,0.5,0.2,10,200,50,False
data201.vrp,sa,random,True,44,4192.512211494158,7,2591.4400531867973,37,1601.0721583073605,38.188849013197235,60.41842479999832,147919,0.75,1,450,0.995,0.01,900,0.5,0.1,10,200,50,False
data201.vrp,sa,random,True,44,4192.512211494158,8,2731.9341325523683,36,1460.5780789417895,34.83777757253707,42.06763130000036,134310,0.75,1,450,0.995,0.01,1000,0.3,0.3,10,200,50,False
data201.vrp,sa,random,True,44,4192.512211494158,8,2668.8009709690195,36,1523.7112405251382,36.34363273523077,73.02494880000086,218708,0.75,1,450,0.995,0.01,900,0.3,0.3,10,200,50,False
data201.vrp,sa,random,True,44,4192.512211494158,7,2674.56132646127,37,1517.950885032888,36.20623646298002,68.8820648999972,158099,0.75,1,450,0.995,0.01,900,0.5,0.3,10,200,50,False
data201.vrp,sa,random,True,44,4192.512211494158,8,2685.7437890000983,36,1506.7684224940595,35.93951183643819,28.857648600001994,71955,0.75,1,450,0.995,0.01,1000,0.5,0.2,10,200,50,False
data201.vrp,sa,random,True,44,4192.512211494158,7,2539.1288600771422,37,1653.3833514170155,39.436578070878674,83.70899980000104,231567,0.75,1,450,0.995,0.01,1000,0.3,0.1,10,200,50,False
data201.vrp,sa,random,True,44,4192.512211494158,8,2689.16217878769,36,1503.3500327064676,35.857976241187686,55.39018589999978,154573,0.75,1,450,0.995,0.01,1000,0.5,0.1,10,200,50,False
data201.vrp,sa,random,True,44,4192.512211494158,8,2669.422319972099,36,1523.0898915220587,36.328812289356435,15.744094999998197,51444,0.75,1,500,0.985,0.01,600,0.3,0.1,10,200,50,False
data201.vrp,sa,random,True,44,4192.512211494158,7,2628.4767510218403,37,1564.0354604723175,37.30544794084011,66.0623302999993,157814,0.75,1,450,0.995,0.01,1000,0.5,0.3,10,200,50,False
data201.vrp,sa,random,True,44,4192.512211494158,7,1187.9692162635827,37,3004.542995230575,71.66450194213732,77.20612749999782,117919,0.75,1,500,0.985,0.01,500,0.3,0.1,10,200,50,False
data201.vrp,sa,random,True,44,4192.512211494158,8,2756.6904942654573,36,1435.8217172287004,34.24728765946735,19.13787030000094,56653,0.75,1,500,0.985,0.01,600,0.3,0.3,10,200,50,False
data201.vrp,sa,random,True,44,4192.512211494158,7,1202.3456097158512,37,2990.1666017783064,71.32159552405093,86.09220300000015,114320,0.75,1,500,0.985,0.01,500,0.3,0.2,10,200,50,False
data201.vrp,sa,random,True,44,4192.512211494158,7,1233.0634640656322,37,2959.4487474285256,70.58891180602706,86.30221270000038,112608,0.75,1,500,0.985,0.01,500,0.3,0.3,10,200,50,False
data201.vrp,sa,random,True,44,4192.512211494158,8,2651.3980568258507,36,1541.114154668307,36.75872786829817,24.632271900001797,70201,0.75,1,500,0.985,0.01,600,0.5,0.1,10,200,50,False
data201.vrp,sa,random,True,44,4192.512211494158,7,1228.7409772282629,37,2963.771234265895,70.69201196696443,80.99672719999944,109654,0.75,1,500,0.985,0.01,500,0.5,0.2,10,200,50,False
data201.vrp,sa,random,True,44,4192.512211494158,7,1269.4298400679734,37,2923.082371426184,69.72149928179779,87.37612090000039,112982,0.75,1,500,0.985,0.01,500,0.5,0.1,10,200,50,False
data201.vrp,sa,random,True,44,4192.512211494158,7,1225.8136508480004,37,2966.6985606461576,70.76183469454617,89.81396810000297,106836,0.75,1,500,0.985,0.01,500,0.5,0.3,10,200,50,False
data201.vrp,sa,random,True,44,4192.512211494158,8,2616.782045378474,36,1575.730166115684,37.584390614192486,25.85851140000159,81162,0.75,1,500,0.985,0.01,700,0.3,0.2,10,200,50,False
data201.vrp,sa,random,True,44,4192.512211494158,7,1223.087654552271,37,2969.4245569418867,70.82685528740825,93.08005319999938,139047,0.75,1,500,0.985,0.01,600,0.3,0.2,10,200,50,False
data201.vrp,sa,random,True,44,4192.512211494158,7,1206.1449634778955,37,2986.3672480162622,71.23097315802353,109.0525811999978,131306,0.75,1,500,0.985,0.01,600,0.5,0.2,10,200,50,False
data201.vrp,sa,random,True,44,4192.512211494158,8,1204.2419083852865,36,2988.2703031088713,71.27636491830015,107.87670400000206,156876,0.75,1,500,0.985,0.01,700,0.5,0.1,10,200,50,False
data201.vrp,sa,random,True,44,4192.512211494158,6,1224.291185724241,38,2968.221025769917,70.79814860484524,109.65918679999959,154834,0.75,1,500,0.985,0.01,700,0.3,0.3,10,200,50,False
data201.vrp,sa,random,True,44,4192.512211494158,7,1202.279531551593,37,2990.2326799425646,71.32317162355703,126.16541139999754,128452,0.75,1,500,0.985,0.01,600,0.5,0.3,10,200,50,False
data201.vrp,sa,random,True,44,4192.512211494158,6,1218.2664615527738,38,2974.245749941384,70.94185061136413,126.30946190000031,164095,0.75,1,500,0.985,0.01,700,0.3,0.1,10,200,50,False
data201.vrp,sa,random,True,44,4192.512211494158,7,1205.254649907049,37,2987.2575615871087,71.25220895951757,115.78824959999838,149143,0.75,1,500,0.985,0.01,700,0.5,0.3,10,200,50,False
data201.vrp,sa,random,True,44,4192.512211494158,7,1211.0988921288617,37,2981.413319365296,71.11281181701695,130.8908650000012,153175,0.75,1,500,0.985,0.01,700,0.5,0.2,10,200,50,False
data201.vrp,sa,random,True,44,4192.512211494158,7,2368.6755791483192,37,1823.8366323458386,43.50223780733715,44.070081100002426,122047,0.75,1,500,0.985,0.01,800,0.3,0.3,10,200,50,False
data201.vrp,sa,random,True,44,4192.512211494158,7,1189.9379402850946,37,3002.574271209063,71.6175438434557,115.41379940000115,188951,0.75,1,500,0.985,0.01,800,0.3,0.1,10,200,50,False
data201.vrp,sa,random,True,44,4192.512211494158,9,2803.965721252828,35,1388.5464902413296,33.11967670444708,24.83547869999893,82835,0.75,1,500,0.985,0.01,900,0.3,0.1,10,200,50,False
data201.vrp,sa,random,True,44,4192.512211494158,7,1223.954600037114,37,2968.557611457044,70.80617686260926,97.45807760000025,182762,0.75,1,500,0.985,0.01,800,0.3,0.2,10,200,50,False
data201.vrp,sa,random,True,44,4192.512211494158,8,2624.6212103457215,36,1567.8910011484363,37.39741047980538,41.743523999997706,109694,0.75,1,500,0.985,0.01,900,0.5,0.3,10,200,50,False
data201.vrp,sa,random,True,44,4192.512211494158,7,1197.425275561866,37,2995.0869359322915,71.43895556752311,136.22988800000167,174442,0.75,1,500,0.985,0.01,800,0.5,0.2,10,200,50,False
data201.vrp,sa,random,True,44,4192.512211494158,7,1220.2362778540448,37,2972.275933640113,70.89486645957393,146.07761210000172,179493,0.75,1,500,0.985,0.01,800,0.5,0.1,10,200,50,False
data201.vrp,sa,random,True,44,4192.512211494158,7,1194.4551569231166,37,2998.057054571041,71.5097989780827,146.01962819999972,170487,0.75,1,500,0.985,0.01,800,0.5,0.3,10,200,50,False
data201.vrp,sa,random,True,44,4192.512211494158,7,1222.2814501934324,37,2970.230761300725,70.84608491199059,137.19716999999946,205013,0.75,1,500,0.985,0.01,900,0.3,0.2,10,200,50,False
data201.vrp,sa,random,True,44,4192.512211494158,8,2535.099301380935,36,1657.412910113223,39.53269129590781,40.72203369999988,119604,0.75,1,500,0.985,0.01,1000,0.3,0.2,10,200,50,False
data201.vrp,sa,random,True,44,4192.512211494158,7,1194.6945604874013,37,2997.8176510067565,71.50408871291927,144.7645603000019,202072,0.75,1,500,0.985,0.01,900,0.3,0.3,10,200,50,False
data201.vrp,sa,random,True,44,4192.512211494158,7,1181.553530220238,37,3010.95868127392,71.81752918975643,157.0186778999996,204002,0.75,1,500,0.985,0.01,900,0.5,0.1,10,200,50,False
data201.vrp,sa,random,True,44,4192.512211494158,7,1205.4233049103077,37,2987.08890658385,71.24818619238535,157.99026830000003,197378,0.75,1,500,0.985,0.01,900,0.5,0.2,10,200,50,False
data201.vrp,sa,random,True,44,4192.512211494158,7,2592.5868203299756,37,1599.9253911641822,38.16149626893965,31.081529400002182,95221,0.75,1,500,0.99,0.01,500,0.3,0.1,10,200,50,False
data201.vrp,sa,random,True,44,4192.512211494158,9,2694.269990908552,35,1498.242220585606,35.73614446436285,21.763195800001995,73353,0.75,1,500,0.99,0.01,500,0.3,0.2,10,200,50,False
data201.vrp,sa,random,True,44,4192.512211494158,8,2371.1942048229566,36,1821.3180066712011,43.442163428359024,45.03074209999977,125836,0.75,1,500,0.99,0.01,500,0.3,0.3,10,200,50,False
data201.vrp,sa,random,True,44,4192.512211494158,8,2638.069444685998,36,1554.4427668081598,37.07664255685439,33.9631752000023,94096,0.75,1,500,0.99,0.01,500,0.5,0.2,10,200,50,False
data201.vrp,sa,random,True,44,4192.512211494158,7,1189.0580607029306,37,3003.454150791227,71.63853077295711,148.15125230000194,234384,0.75,1,500,0.985,0.01,1000,0.3,0.1,10,200,50,False
data201.vrp,sa,random,True,44,4192.512211494158,8,2749.8563022966287,36,1442.6559091975291,34.410297130258925,14.159976200000528,38620,0.75,1,500,0.99,0.01,500,0.5,0.3,10,200,50,False
data201.vrp,sa,random,True,44,4192.512211494158,9,2807.6409678601085,35,1384.8712436340493,33.03201454815796,18.860599800002092,63794,0.75,1,500,0.99,0.01,600,0.3,0.1,10,200,50,False
data201.vrp,sa,random,True,44,4192.512211494158,8,2716.5649367677534,36,1475.9472747264044,35.20436435891491,21.817465699998138,66858,0.75,1,500,0.99,0.01,600,0.3,0.3,10,200,50,False
data201.vrp,sa,random,True,44,4192.512211494158,8,2654.1627897440953,36,1538.3494217500624,36.69278332767966,29.705436200001714,92559,0.75,1,500,0.99,0.01,600,0.3,0.2,10,200,50,False
data201.vrp,sa,random,True,44,4192.512211494158,7,1193.4670268009038,37,2999.0451846932538,71.53336790459657,168.14606920000006,221437,0.75,1,500,0.985,0.01,1000,0.3,0.3,10,200,50,False
data201.vrp,sa,random,True,44,4192.512211494158,6,1223.9715215073763,38,2968.540689986781,70.80577325089844,163.0167779000003,224287,0.75,1,500,0.985,0.01,1000,0.5,0.1,10,200,50,False
data201.vrp,sa,random,True,44,4192.512211494158,8,2661.812744297742,36,1530.6994671964158,36.51031624904663,36.19405580000239,102472,0.75,1,500,0.99,0.01,600,0.5,0.1,10,200,50,False
data201.vrp,sa,random,True,44,4192.512211494158,6,1255.2461505296906,38,2937.266060964467,70.05980931699334,114.66903869999805,168729,0.75,1,500,0.99,0.01,500,0.5,0.1,10,200,50,False
data201.vrp,sa,random,True,44,4192.512211494158,9,2735.3647359396,35,1457.1474755545578,34.755950657929006,24.471633799999836,79706,0.75,1,500,0.99,0.01,700,0.3,0.1,10,200,50,False
data201.vrp,sa,random,True,44,4192.512211494158,8,2509.6047586302248,36,1682.907452863933,40.14078833807776,52.565124200002174,140515,0.75,1,500,0.99,0.01,600,0.5,0.2,10,200,50,False
data201.vrp,sa,random,True,44,4192.512211494158,8,2705.4628021056124,36,1487.0494093885454,35.46917300113432,33.5825545000007,95574,0.75,1,500,0.99,0.01,700,0.3,0.3,10,200,50,False
data201.vrp,sa,random,True,44,4192.512211494158,9,2754.8229396504335,35,1437.6892718437243,34.291832660669826,37.22712369999863,117817,0.75,1,500,0.99,0.01,700,0.3,0.2,10,200,50,False
data201.vrp,sa,random,True,44,4192.512211494158,7,1195.504107358936,37,2997.008104135222,71.48477936256569,181.7595309999997,219419,0.75,1,500,0.985,0.01,1000,0.5,0.2,10,200,50,False
data201.vrp,sa,random,True,44,4192.512211494158,8,2694.4424599631857,36,1498.069751530972,35.73203072429643,19.346868100001302,54089,0.75,1,500,0.99,0.01,700,0.5,0.3,10,200,50,False
data201.vrp,sa,random,True,44,4192.512211494158,7,2574.7140447449847,37,1617.798166749173,38.58779855938953,41.77362670000002,108506,0.75,1,500,0.99,0.01,700,0.5,0.1,10,200,50,False
data201.vrp,sa,random,True,44,4192.512211494158,6,1205.072789577117,38,2987.439421917041,71.25654670072757,200.77953630000047,212613,0.75,1,500,0.985,0.01,1000,0.5,0.3,10,200,50,False
data201.vrp,sa,random,True,44,4192.512211494158,9,2730.733729889513,35,1461.7784816046446,34.8664096337524,31.25012539999807,106781,0.75,1,500,0.99,0.01,800,0.3,0.1,10,200,50,False
data201.vrp,sa,random,True,44,4192.512211494158,8,2627.296245143953,36,1565.2159663502048,37.33360542299725,43.72327669999868,136138,0.75,1,500,0.99,0.01,800,0.3,0.2,10,200,50,False
data201.vrp,sa,random,True,44,4192.512211494158,8,2652.399333386466,36,1540.1128781076918,36.73484537231236,25.329463999998552,64287,0.75,1,500,0.99,0.01,800,0.5,0.2,10,200,50,False
data201.vrp,sa,random,True,44,4192.512211494158,8,2599.3369788643076,36,1593.1752326298501,38.000491167611,38.68104370000219,108643,0.75,1,500,0.99,0.01,800,0.5,0.1,10,200,50,False
data201.vrp,sa,random,True,44,4192.512211494158,9,2779.2584792191615,35,1413.2537322749963,33.70899501259486,23.15361589999884,74899,0.75,1,500,0.99,0.01,900,0.3,0.3,10,200,50,False
data201.vrp,sa,random,True,44,4192.512211494158,8,2711.1977332962497,36,1481.314478197908,35.3323831505308,39.79969060000076,121893,0.75,1,500,0.99,0.01,900,0.3,0.1,10,200,50,False
data201.vrp,sa,random,True,44,4192.512211494158,8,2612.185200792896,36,1580.3270107012618,37.69403476914509,47.50522899999851,125143,0.75,1,500,0.99,0.01,800,0.5,0.3,10,200,50,False
data201.vrp,sa,random,True,44,4192.512211494158,8,2641.76611744563,36,1550.746094048528,36.98846934296375,45.51172940000106,136342,0.75,1,500,0.99,0.01,900,0.3,0.2,10,200,50,False
data201.vrp,sa,random,True,44,4192.512211494158,8,2669.1791658454385,36,1523.3330456487192,36.33461201311141,26.477471700000024,71235,0.75,1,500,0.99,0.01,900,0.5,0.3,10,200,50,False
data201.vrp,sa,random,True,44,4192.512211494158,8,2699.4936538640177,36,1493.01855763014,35.61154940793952,49.2802683000009,136090,0.75,1,500,0.99,0.01,900,0.5,0.1,10,200,50,False
data201.vrp,sa,random,True,44,4192.512211494158,10,2798.2835634016083,34,1394.2286480925495,33.25520780285728,25.28999929999918,86368,0.75,1,500,0.99,0.01,1000,0.3,0.1,10,200,50,False
data201.vrp,sa,random,True,44,4192.512211494158,6,1213.8336420854248,38,2978.678569408733,71.04758243142172,161.48705119999795,192065,0.75,1,500,0.99,0.01,600,0.5,0.3,10,200,50,False
data201.vrp,sa,random,True,44,4192.512211494158,8,2637.8412509270875,36,1554.6709605670703,37.08208544520865,47.322190400002,125097,0.75,1,500,0.99,0.01,900,0.5,0.2,10,200,50,False
data201.vrp,sa,random,True,44,4192.512211494158,8,2722.4197844000732,36,1470.0924270940845,35.06471425566015,43.9928882000022,128604,0.75,1,500,0.99,0.01,1000,0.3,0.2,10,200,50,False
data201.vrp,sa,random,True,44,4192.512211494158,8,2711.8218188747596,36,1480.6903926193982,35.31749743172958,31.107488999998168,103028,0.75,1,500,0.995,0.01,500,0.3,0.1,10,200,50,False
data201.vrp,sa,random,True,44,4192.512211494158,8,2594.2687625921076,36,1598.2434489020502,38.12137850237666,55.54242359999989,160777,0.75,1,500,0.99,0.01,1000,0.3,0.3,10,200,50,False
data201.vrp,sa,random,True,44,4192.512211494158,8,2796.8983574318745,36,1395.6138540622833,33.28824780130824,17.25721589999739,51140,0.75,1,500,0.995,0.01,500,0.5,0.1,10,200,50,False
data201.vrp,sa,random,True,44,4192.512211494158,8,2521.6018511189745,36,1670.9103603751832,39.85463311935571,76.16793969999708,197497,0.75,1,500,0.99,0.01,1000,0.5,0.2,10,200,50,False
data201.vrp,sa,random,True,44,4192.512211494158,8,2724.021626121111,36,1468.490585373047,35.02650705100023,41.96235270000034,130298,0.75,1,500,0.995,0.01,500,0.3,0.2,10,200,50,False
data201.vrp,sa,random,True,44,4192.512211494158,6,1218.0506545537169,38,2974.461556940441,70.9469980501352,200.77537790000133,230714,0.75,1,500,0.99,0.01,700,0.5,0.2,10,200,50,False
data201.vrp,sa,random,True,44,4192.512211494158,8,2703.5350813316836,36,1488.9771301624742,35.51515308841096,37.869186699997954,112895,0.75,1,500,0.995,0.01,500,0.3,0.3,10,200,50,False
data201.vrp,sa,random,True,44,4192.512211494158,8,2747.4960803366403,36,1445.0161311575175,34.466593256326675,15.01065540000127,40835,0.75,1,500,0.995,0.01,500,0.5,0.3,10,200,50,False
data201.vrp,sa,random,True,44,4192.512211494158,7,2479.9184697036912,37,1712.5937417904665,40.84886710872859,92.41062450000027,202425,0.75,1,500,0.99,0.01,1000,0.5,0.3,10,200,50,False
data201.vrp,sa,random,True,44,4192.512211494158,6,1233.7462861961858,38,2958.765925297972,70.57262510020229,199.0462219000001,267350,0.75,1,500,0.99,0.01,800,0.3,0.3,10,200,50,False
data201.vrp,sa,random,True,44,4192.512211494158,9,2801.0346715786923,35,1391.4775399154655,33.18958824021077,25.085211100002198,82684,0.75,1,500,0.995,0.01,600,0.3,0.2,10,200,50,False
data201.vrp,sa,random,True,44,4192.512211494158,8,2601.230839740917,36,1591.2813717532408,37.955318708210235,35.657901099999435,107919,0.75,1,500,0.995,0.01,600,0.3,0.3,10,200,50,False
data201.vrp,sa,random,True,44,4192.512211494158,7,2559.623900733752,37,1632.8883107604056,38.94772938964119,62.17643650000173,153916,0.75,1,500,0.995,0.01,500,0.5,0.2,10,200,50,False
data201.vrp,sa,random,True,44,4192.512211494158,7,2617.1077295295067,37,1575.404481964651,37.57662238038412,59.872550500000216,171383,0.75,1,500,0.995,0.01,600,0.3,0.1,10,200,50,False
data201.vrp,sa,random,True,44,4192.512211494158,6,2513.4180927868424,38,1679.0941187073154,40.04983251101629,56.807732399996894,118308,0.75,1,500,0.995,0.01,600,0.5,0.1,10,200,50,False
data201.vrp,sa,random,True,44,4192.512211494158,8,2668.031103785154,36,1524.481107709004,36.36199564379321,19.964646999997058,61378,0.75,1,500,0.995,0.01,700,0.3,0.3,10,200,50,False
data201.vrp,sa,random,True,44,4192.512211494158,8,2642.8192803789243,36,1549.6929311152335,36.96334925075729,33.34432749999905,101321,0.75,1,500,0.995,0.01,700,0.3,0.2,10,200,50,False
data201.vrp,sa,random,True,44,4192.512211494158,7,2620.381749877937,37,1572.1304616162206,37.49853029183983,51.90996819999782,119803,0.75,1,500,0.995,0.01,600,0.5,0.3,10,200,50,False
data201.vrp,sa,random,True,44,4192.512211494158,7,2611.1429828282126,37,1581.3692286659452,37.71889380144143,63.64021589999902,166230,0.75,1,500,0.995,0.01,600,0.5,0.2,10,200,50,False
data201.vrp,sa,random,True,44,4192.512211494158,8,2685.4837061725857,36,1507.028505321572,35.945715344368345,24.473071299998992,66864,0.75,1,500,0.995,0.01,700,0.5,0.1,10,200,50,False
data201.vrp,sa,random,True,44,4192.512211494158,8,2564.6813829763023,36,1627.8308285178555,38.827098083459546,56.721629399999074,178259,0.75,1,500,0.995,0.01,700,0.3,0.1,10,200,50,False
data201.vrp,sa,random,True,44,4192.512211494158,8,2764.2708651217154,36,1428.2413463724424,34.0664802944828,26.041523200001393,76485,0.75,1,500,0.995,0.01,800,0.3,0.2,10,200,50,False
data201.vrp,sa,random,True,44,4192.512211494158,8,2689.659589200305,36,1502.8526222938526,35.84611198444799,25.56395789999806,73367,0.75,1,500,0.995,0.01,800,0.5,0.1,10,200,50,False
data201.vrp,sa,random,True,44,4192.512211494158,8,2654.1616237691974,36,1538.3505877249604,36.6928111385682,44.61176189999969,119022,0.75,1,500,0.995,0.01,700,0.5,0.2,10,200,50,False
data201.vrp,sa,random,True,44,4192.512211494158,7,2576.0858736693253,37,1616.4263378248324,38.55507763085939,42.56040060000305,124560,0.75,1,500,0.995,0.01,800,0.3,0.1,10,200,50,False
data201.vrp,sa,random,True,44,4192.512211494158,8,2667.364913937754,36,1525.1472975564038,36.3778856356118,45.01640530000077,139092,0.75,1,500,0.995,0.01,800,0.3,0.3,10,200,50,False
data201.vrp,sa,random,True,44,4192.512211494158,8,2711.5332688492394,36,1480.9789426449183,35.32437994061599,21.54533090000041,57607,0.75,1,500,0.995,0.01,800,0.5,0.3,10,200,50,False
data201.vrp,sa,random,True,44,4192.512211494158,7,2675.440133232687,37,1517.0720782614708,36.18527512221141,56.20099210000262,132735,0.75,1,500,0.995,0.01,700,0.5,0.3,10,200,50,False
data201.vrp,sa,random,True,44,4192.512211494158,7,2570.1733343477295,37,1622.3388771464283,38.69610379902143,42.310566899999685,107825,0.75,1,500,0.995,0.01,800,0.5,0.2,10,200,50,False
data201.vrp,sa,random,True,44,4192.512211494158,9,2747.306550406146,35,1445.2056610880118,34.47111393321282,28.545589800000016,98995,0.75,1,500,0.995,0.01,900,0.3,0.2,10,200,50,False
data201.vrp,sa,random,True,44,4192.512211494158,8,2701.175290188006,36,1491.336921306152,35.571438938627644,32.431912599997304,97948,0.75,1,500,0.995,0.01,900,0.3,0.3,10,200,50,False
data201.vrp,sa,random,True,44,4192.512211494158,8,2750.622489322492,36,1441.8897221716657,34.3920220009996,29.172965300000214,81321,0.75,1,500,0.995,0.01,900,0.5,0.2,10,200,50,False
data201.vrp,sa,random,True,44,4192.512211494158,8,2725.2410857804116,36,1467.2711257137462,34.997420441402355,52.4287957000015,173360,0.75,1,500,0.995,0.01,900,0.3,0.1,10,200,50,False
data201.vrp,sa,random,True,44,4192.512211494158,8,2675.778713154353,36,1516.7334983398046,36.17719929787062,38.875626699998975,101276,0.75,1,500,0.995,0.01,900,0.5,0.3,10,200,50,False
data201.vrp,sa,random,True,44,4192.512211494158,8,2636.791546088621,36,1555.7206654055367,37.10712305477335,37.0128052,118816,0.75,1,500,0.995,0.01,1000,0.3,0.1,10,200,50,False
data201.vrp,sa,random,True,44,4192.512211494158,7,1212.104209605058,37,2980.4080018891,71.08883293692114,252.48256740000215,336987,0.75,1,500,0.99,0.01,1000,0.5,0.1,10,200,50,False
data201.vrp,sa,random,True,44,4192.512211494158,7,2656.354509223069,37,1536.157702271089,36.64050633077637,53.66893540000092,134537,0.75,1,500,0.995,0.01,900,0.5,0.1,10,200,50,False
data201.vrp,sa,random,True,44,4192.512211494158,8,2703.8256427222423,36,1488.6865687719155,35.50822260435031,44.87787069999831,134220,0.75,1,500,0.995,0.01,1000,0.3,0.2,10,200,50,False
data201.vrp,sa,random,True,44,4192.512211494158,8,2726.7050920564025,36,1465.8071194377553,34.9625008943113,26.23718530000042,71108,0.75,1,500,0.995,0.01,1000,0.5,0.2,10,200,50,False
data201.vrp,sa,random,True,44,4192.512211494158,9,2650.4132579009056,35,1542.0989535932522,36.78221733893693,12.786410600001545,40847,0.75,1,550,0.985,0.01,500,0.3,0.3,10,200,50,False
data201.vrp,sa,random,True,44,4192.512211494158,8,2710.507355365473,36,1482.0048561286849,35.34885007766065,54.85196200000064,159773,0.75,1,500,0.995,0.01,1000,0.3,0.3,10,200,50,False
data201.vrp,sa,random,True,44,4192.512211494158,9,2770.76606072498,35,1421.7461507691778,33.91155658107161,17.18209829999978,50812,0.75,1,550,0.985,0.01,500,0.5,0.3,10,200,50,False
data201.vrp,sa,random,True,44,4192.512211494158,8,2636.933142644498,36,1555.57906884966,37.103745687010694,24.522622100001172,65950,0.75,1,550,0.985,0.01,500,0.5,0.2,10,200,50,False
data201.vrp,sa,random,True,44,4192.512211494158,7,1183.5410511927919,37,3008.9711603013657,71.77012274530757,74.7142246000003,121752,0.75,1,550,0.985,0.01,500,0.3,0.1,10,200,50,False
data201.vrp,sa,random,True,44,4192.512211494158,8,1204.317353828336,36,2988.1948576658215,71.27456539001628,77.41755639999974,118228,0.75,1,550,0.985,0.01,500,0.3,0.2,10,200,50,False
data201.vrp,sa,random,True,44,4192.512211494158,7,2486.757859843469,37,1705.754351650689,40.68573365091714,95.36450459999833,242084,0.75,1,500,0.995,0.01,1000,0.5,0.1,10,200,50,False
data201.vrp,sa,random,True,44,4192.512211494158,7,2518.829338878976,37,1673.6828726151816,39.92076321272544,83.585486699998,205549,0.75,1,500,0.995,0.01,1000,0.5,0.3,10,200,50,False
data201.vrp,sa,random,True,44,4192.512211494158,6,1196.625503520704,38,2995.8867079734537,71.4580317681593,95.61244589999842,116505,0.75,1,550,0.985,0.01,500,0.5,0.1,10,200,50,False
data201.vrp,sa,random,True,44,4192.512211494158,7,1227.4673911495474,37,2965.0448203446103,70.72238960248386,87.80875020000167,144273,0.75,1,550,0.985,0.01,600,0.3,0.1,10,200,50,False
data201.vrp,sa,random,True,44,4192.512211494158,8,1195.5084215020897,36,2997.003789992068,71.48467646141869,87.32553129999724,141972,0.75,1,550,0.985,0.01,600,0.3,0.2,10,200,50,False
data201.vrp,sa,random,True,44,4192.512211494158,7,1194.8717614941797,37,2997.640449999978,71.49986210610601,94.32452129999729,136144,0.75,1,550,0.985,0.01,600,0.3,0.3,10,200,50,False
data201.vrp,sa,random,True,44,4192.512211494158,8,2646.7932020571034,36,1545.7190094370544,36.86856308251944,29.482987699997466,92146,0.75,1,550,0.985,0.01,700,0.3,0.2,10,200,50,False
data201.vrp,sa,random,True,44,4192.512211494158,7,1188.4857992758025,37,3004.0264122183553,71.65218037964303,96.15422229999967,139074,0.75,1,550,0.985,0.01,600,0.5,0.1,10,200,50,False
data201.vrp,sa,random,True,44,4192.512211494158,7,1240.0312753913254,37,2952.4809361028324,70.42271524000179,105.58921010000267,131232,0.75,1,550,0.985,0.01,600,0.5,0.3,10,200,50,False
data201.vrp,sa,random,True,44,4192.512211494158,7,1195.7871247056216,37,2996.725086788536,71.47802881939707,106.61194550000073,135137,0.75,1,550,0.985,0.01,600,0.5,0.2,10,200,50,False
data201.vrp,sa,random,True,44,4192.512211494158,6,1269.4124114756569,38,2923.099800018501,69.72191498940788,123.6183861999998,169154,0.75,1,550,0.985,0.01,700,0.3,0.1,10,200,50,False
data201.vrp,sa,random,True,44,4192.512211494158,7,1211.0644145665758,37,2981.447796927582,71.11363417746689,115.46565399999963,160344,0.75,1,550,0.985,0.01,700,0.3,0.3,10,200,50,False
data201.vrp,sa,random,True,44,4192.512211494158,7,1178.0313527503906,37,3014.4808587437674,71.9015403337238,118.9811226999991,162404,0.75,1,550,0.985,0.01,700,0.5,0.1,10,200,50,False
data201.vrp,sa,random,True,44,4192.512211494158,6,1196.271950900395,38,2996.2402605937627,71.46646472201785,123.52446879999843,157843,0.75,1,550,0.985,0.01,700,0.5,0.2,10,200,50,False
data201.vrp,sa,random,True,44,4192.512211494158,7,1179.4610982752688,37,3013.051113218889,71.8674379756923,132.85790540000016,153022,0.75,1,550,0.985,0.01,700,0.5,0.3,10,200,50,False
data201.vrp,sa,random,True,44,4192.512211494158,7,1231.142188984444,37,2961.3700225097136,70.63473815033491,112.48626989999684,192031,0.75,1,550,0.985,0.01,800,0.3,0.1,10,200,50,False
data201.vrp,sa,random,True,44,4192.512211494158,8,2614.7756612110707,36,1577.7365502830871,37.63224698445904,39.56737819999762,103655,0.75,1,550,0.985,0.01,800,0.5,0.3,10,200,50,False
data201.vrp,sa,random,True,44,4192.512211494158,7,1180.7994126424394,37,3011.7127988517186,71.83551643796841,120.64234329999817,189224,0.75,1,550,0.985,0.01,800,0.3,0.2,10,200,50,False
data201.vrp,sa,random,True,44,4192.512211494158,6,1242.9868726714146,38,2949.525338822743,70.3522181935773,140.59498499999972,182002,0.75,1,550,0.985,0.01,800,0.3,0.3,10,200,50,False
data201.vrp,sa,random,True,44,4192.512211494158,6,1190.7641453799909,38,3001.748066114167,71.59783716036888,145.34337479999886,185060,0.75,1,550,0.985,0.01,800,0.5,0.1,10,200,50,False
data201.vrp,sa,random,True,44,4192.512211494158,8,2692.181405870461,36,1500.330805623697,35.7859614936935,31.744341699999495,99845,0.75,1,550,0.985,0.01,1000,0.3,0.1,10,200,50,False
data201.vrp,sa,random,True,44,4192.512211494158,7,1175.9180548175118,37,3016.594156676646,71.95194681619235,145.16183509999973,180078,0.75,1,550,0.985,0.01,800,0.5,0.2,10,200,50,False
data201.vrp,sa,random,True,44,4192.512211494158,7,1203.3153152016475,37,2989.1968962925102,71.29846606283822,133.3335367999971,217161,0.75,1,550,0.985,0.01,900,0.3,0.1,10,200,50,False
data201.vrp,sa,random,True,44,4192.512211494158,6,1207.10881136338,38,2985.4034001307778,71.2079834125711,134.61013390000153,211584,0.75,1,550,0.985,0.01,900,0.3,0.2,10,200,50,False
data201.vrp,sa,random,True,44,4192.512211494158,7,1207.1150379415742,37,2985.397173552584,71.20783489593286,136.3188811,206670,0.75,1,550,0.985,0.01,900,0.5,0.1,10,200,50,False
data201.vrp,sa,random,True,44,4192.512211494158,7,1204.2709529088354,37,2988.2412585853226,71.2756721469477,142.56105319999915,205020,0.75,1,550,0.985,0.01,900,0.3,0.3,10,200,50,False
data201.vrp,sa,random,True,44,4192.512211494158,7,1220.7598787881068,37,2971.7523327060508,70.8823775052752,144.33629999999903,201959,0.75,1,550,0.985,0.01,900,0.5,0.2,10,200,50,False
data201.vrp,sa,random,True,44,4192.512211494158,9,2507.88668256662,35,1684.6255289275377,40.18176796978627,35.62185839999802,115158,0.75,1,550,0.99,0.01,500,0.3,0.1,10,200,50,False
data201.vrp,sa,random,True,44,4192.512211494158,8,2570.166256503015,36,1622.3459549911427,38.69627262010906,36.04898469999898,103264,0.75,1,550,0.99,0.01,500,0.3,0.2,10,200,50,False
data201.vrp,sa,random,True,44,4192.512211494158,8,2641.9875607856393,36,1550.5246507085185,36.98318746592109,31.57944480000151,95234,0.75,1,550,0.99,0.01,500,0.3,0.3,10,200,50,False
data201.vrp,sa,random,True,44,4192.512211494158,7,1180.8117131377414,37,3011.7004983564166,71.8352230459714,171.71953250000297,196410,0.75,1,550,0.985,0.01,900,0.5,0.3,10,200,50,False
data201.vrp,sa,random,True,44,4192.512211494158,9,2850.186349948859,35,1342.3258615452987,32.01722007786141,15.93320920000042,49352,0.75,1,550,0.99,0.01,500,0.5,0.2,10,200,50,False
data201.vrp,sa,random,True,44,4192.512211494158,7,2621.0161268570355,37,1571.4960846371223,37.48339910206395,35.3254042999979,88631,0.75,1,550,0.99,0.01,500,0.5,0.1,10,200,50,False
data201.vrp,sa,random,True,44,4192.512211494158,7,1181.6604560895837,37,3010.851755404574,71.81497878885234,143.19413160000113,235680,0.75,1,550,0.985,0.01,1000,0.3,0.2,10,200,50,False
data201.vrp,sa,random,True,44,4192.512211494158,9,2803.7618798262783,35,1388.7503316678794,33.124538739815534,18.72881039999993,66265,0.75,1,550,0.99,0.01,600,0.3,0.1,10,200,50,False
data201.vrp,sa,random,True,44,4192.512211494158,8,1213.0293916557014,36,2979.4828198384566,71.06676545079416,165.33700339999996,228461,0.75,1,550,0.985,0.01,1000,0.3,0.3,10,200,50,False
data201.vrp,sa,random,True,44,4192.512211494158,8,2727.9540659535446,36,1464.5581455406132,34.9327103097134,30.192664199999854,90460,0.75,1,550,0.99,0.01,600,0.3,0.3,10,200,50,False
data201.vrp,sa,random,True,44,4192.512211494158,8,2656.8250124496653,36,1535.6871990444924,36.62928386551302,22.47426859999905,61390,0.75,1,550,0.99,0.01,600,0.5,0.2,10,200,50,False
data201.vrp,sa,random,True,44,4192.512211494158,7,1229.065934911513,37,2963.4462765826447,70.68426106090006,183.12770029999956,231839,0.75,1,550,0.985,0.01,1000,0.5,0.1,10,200,50,False
data201.vrp,sa,random,True,44,4192.512211494158,7,1189.8346638896603,37,3002.6775476044977,71.62000719693508,174.78318619999845,224581,0.75,1,550,0.985,0.01,1000,0.5,0.2,10,200,50,False
data201.vrp,sa,random,True,44,4192.512211494158,8,2694.3379518718516,36,1498.1742596223062,35.73452345624477,34.35919229999854,95429,0.75,1,550,0.99,0.01,600,0.5,0.3,10,200,50,False
data201.vrp,sa,random,True,44,4192.512211494158,8,2532.6225260760034,36,1659.8896854181544,39.59176745788395,30.55922560000181,98963,0.75,1,550,0.99,0.01,700,0.3,0.1,10,200,50,False
data201.vrp,sa,random,True,44,4192.512211494158,8,2777.0960330625167,36,1415.4161784316411,33.760573780826384,31.254787599998963,94008,0.75,1,550,0.99,0.01,700,0.3,0.3,10,200,50,False
data201.vrp,sa,random,True,44,4192.512211494158,6,1191.1001098405568,38,3001.412101653601,71.58982372013024,196.26343300000008,218869,0.75,1,550,0.985,0.01,1000,0.5,0.3,10,200,50,False
data201.vrp,sa,random,True,44,4192.512211494158,8,2747.979352586396,36,1444.5328589077617,34.45506622371766,30.263172199996916,86876,0.75,1,550,0.99,0.01,700,0.5,0.1,10,200,50,False
data201.vrp,sa,random,True,44,4192.512211494158,7,1200.6294935707483,37,2991.8827179234095,71.36252840769045,130.7252425000006,164181,0.75,1,550,0.99,0.01,500,0.5,0.3,10,200,50,False
data201.vrp,sa,random,True,44,4192.512211494158,8,2714.6053941013843,36,1477.9068173927735,35.25110346347844,18.38968390000082,61641,0.75,1,550,0.99,0.01,800,0.3,0.1,10,200,50,False
data201.vrp,sa,random,True,44,4192.512211494158,8,2631.0714462801207,36,1561.4407652140371,37.24355914654711,42.66490899999917,115530,0.75,1,550,0.99,0.01,700,0.5,0.2,10,200,50,False
data201.vrp,sa,random,True,44,4192.512211494158,6,1197.300642656387,38,2995.2115688377708,71.44192831749238,139.60732089999874,213266,0.75,1,550,0.99,0.01,600,0.3,0.2,10,200,50,False
data201.vrp,sa,random,True,44,4192.512211494158,8,2626.4414841942,36,1566.070727299958,37.35399322168773,39.606527100000676,114245,0.75,1,550,0.99,0.01,800,0.5,0.1,10,200,50,False
data201.vrp,sa,random,True,44,4192.512211494158,8,2765.9772593266507,36,1426.534952167507,34.02577929902101,26.839238000000478,71902,0.75,1,550,0.99,0.01,800,0.5,0.3,10,200,50,False
data201.vrp,sa,random,True,44,4192.512211494158,6,1181.5626715832482,38,3010.9495399109096,71.8173111495326,162.44033520000085,208118,0.75,1,550,0.99,0.01,600,0.5,0.1,10,200,50,False
data201.vrp,sa,random,True,44,4192.512211494158,8,2720.3312771919295,36,1472.1809343022283,35.114529428587204,46.431475299999875,128429,0.75,1,550,0.99,0.01,800,0.5,0.2,10,200,50,False
data201.vrp,sa,random,True,44,4192.512211494158,9,2826.4389619791077,35,1366.07324951505,32.58364390137814,21.54027330000099,69919,0.75,1,550,0.99,0.01,900,0.3,0.3,10,200,50,False
data201.vrp,sa,random,True,44,4192.512211494158,8,2647.784363136044,36,1544.727848358114,36.844921861482014,46.763255000001664,138571,0.75,1,550,0.99,0.01,900,0.3,0.2,10,200,50,False
data201.vrp,sa,random,True,44,4192.512211494158,8,2500.669955996287,36,1691.8422554978706,40.35390167402564,65.4365695000015,201899,0.75,1,550,0.99,0.01,900,0.3,0.1,10,200,50,False
data201.vrp,sa,random,True,44,4192.512211494158,8,2674.3541657193878,36,1518.15804577477,36.21117767081513,55.3475163999974,152160,0.75,1,550,0.99,0.01,900,0.5,0.1,10,200,50,False
data201.vrp,sa,random,True,44,4192.512211494158,8,2673.3103624066894,36,1519.2018490874684,36.23607451690747,38.45164189999923,104066,0.75,1,550,0.99,0.01,900,0.5,0.2,10,200,50,False
data201.vrp,sa,random,True,44,4192.512211494158,6,1184.7252510381966,38,3007.786960455961,71.7418771544621,184.79185309999957,248651,0.75,1,550,0.99,0.01,700,0.3,0.2,10,200,50,False
data201.vrp,sa,random,True,44,4192.512211494158,8,2714.0285233272757,36,1478.483688166882,35.26486301252703,36.24451630000112,98696,0.75,1,550,0.99,0.01,900,0.5,0.3,10,200,50,False
data201.vrp,sa,random,True,44,4192.512211494158,8,2783.1123279398753,36,1409.3998835542825,33.61707283023012,31.817373699999735,87378,0.75,1,550,0.99,0.01,1000,0.5,0.1,10,200,50,False
data201.vrp,sa,random,True,44,4192.512211494158,7,1222.011482612256,37,2970.5007288819015,70.85252419153367,164.32950840000194,272596,0.75,1,550,0.99,0.01,800,0.3,0.3,10,200,50,False
data201.vrp,sa,random,True,44,4192.512211494158,7,1191.6768646870753,37,3000.8353468070827,71.57606693619202,176.0437275000004,280035,0.75,1,550,0.99,0.01,800,0.3,0.2,10,200,50,False
data201.vrp,sa,random,True,44,4192.512211494158,8,2520.6413193961625,36,1671.8708920979952,39.87754376753889,49.804555799997615,139822,0.75,1,550,0.99,0.01,1000,0.3,0.3,10,200,50,False
data201.vrp,sa,random,True,44,4192.512211494158,8,2743.749866592637,36,1448.762344901521,34.55594812412486,13.82554280000113,41030,0.75,1,550,0.995,0.01,500,0.3,0.3,10,200,50,False
data201.vrp,sa,random,True,44,4192.512211494158,7,2479.649674829668,37,1712.8625366644897,40.85527841680507,65.5465605999998,181867,0.75,1,550,0.99,0.01,1000,0.3,0.2,10,200,50,False
data201.vrp,sa,random,True,44,4192.512211494158,8,2771.8398711867044,36,1420.6723403074534,33.88594400303831,21.042146399999183,72128,0.75,1,550,0.995,0.01,500,0.3,0.1,10,200,50,False
data201.vrp,sa,random,True,44,4192.512211494158,7,2421.4530581033773,37,1771.0591533907805,42.24338687756851,76.74729529999968,224231,0.75,1,550,0.99,0.01,1000,0.3,0.1,10,200,50,False
data201.vrp,sa,random,True,44,4192.512211494158,6,1197.3620391718034,38,2995.1501723223546,71.44046388489639,205.8862401999977,230236,0.75,1,550,0.99,0.01,700,0.5,0.3,10,200,50,False
data201.vrp,sa,random,True,44,4192.512211494158,8,2672.2831559646484,36,1520.2290555295094,36.26057549365418,51.64264159999948,133256,0.75,1,550,0.99,0.01,1000,0.5,0.2,10,200,50,False
data201.vrp,sa,random,True,44,4192.512211494158,9,2779.2480673921104,35,1413.2641441020473,33.709243355987226,26.428676300001825,90295,0.75,1,550,0.995,0.01,500,0.3,0.2,10,200,50,False
data201.vrp,sa,random,True,44,4192.512211494158,8,2645.2582298454467,36,1547.253981648711,36.90517531247188,34.95115900000019,94667,0.75,1,550,0.99,0.01,1000,0.5,0.3,10,200,50,False
data201.vrp,sa,random,True,44,4192.512211494158,8,2745.9538537853555,36,1446.5583577088023,34.50337851713179,23.655332900001667,65742,0.75,1,550,0.995,0.01,500,0.5,0.1,10,200,50,False
data201.vrp,sa,random,True,44,4192.512211494158,8,2738.384364297526,36,1454.1278471966316,34.68392633920078,23.480379199998424,66479,0.75,1,550,0.995,0.01,500,0.5,0.3,10,200,50,False
data201.vrp,sa,random,True,44,4192.512211494158,8,2699.3045094406098,36,1493.207702053548,35.616060889692385,23.127521300000808,75040,0.75,1,550,0.995,0.01,600,0.3,0.1,10,200,50,False
data201.vrp,sa,random,True,44,4192.512211494158,8,2660.1835322790316,36,1532.3286792151262,36.54917629134403,30.10811940000349,92114,0.75,1,550,0.995,0.01,600,0.3,0.2,10,200,50,False
data201.vrp,sa,random,True,44,4192.512211494158,8,2755.63507526116,36,1436.8771362329976,34.27246156358631,31.365613699999813,86396,0.75,1,550,0.995,0.01,600,0.3,0.3,10,200,50,False
data201.vrp,sa,random,True,44,4192.512211494158,8,2706.7492761296708,36,1485.762935364487,35.43848796173167,41.279546599998866,110356,0.75,1,550,0.995,0.01,500,0.5,0.2,10,200,50,False
data201.vrp,sa,random,True,44,4192.512211494158,9,2793.240665509358,35,1399.2715459847996,33.37549124242424,18.881916899998032,65033,0.75,1,550,0.995,0.01,700,0.3,0.1,10,200,50,False
data201.vrp,sa,random,True,44,4192.512211494158,8,2762.520653988949,36,1429.9915575052087,34.10822641338421,30.71352399999887,83423,0.75,1,550,0.995,0.01,600,0.5,0.2,10,200,50,False
data201.vrp,sa,random,True,44,4192.512211494158,8,2785.707717730107,36,1406.8044937640507,33.5551674699281,23.034340900001553,62450,0.75,1,550,0.995,0.01,600,0.5,0.3,10,200,50,False
data201.vrp,sa,random,True,44,4192.512211494158,9,2789.0885543239283,35,1403.4236571702295,33.474527595235486,19.16668059999938,63647,0.75,1,550,0.995,0.01,700,0.3,0.2,10,200,50,False
data201.vrp,sa,random,True,44,4192.512211494158,8,2782.2105475780586,36,1410.3016639160992,33.63858213816593,37.28289969999969,106544,0.75,1,550,0.995,0.01,600,0.5,0.1,10,200,50,False
data201.vrp,sa,random,True,44,4192.512211494158,8,2764.3062766192766,36,1428.2059348748812,34.06563565776442,17.149283700000524,49185,0.75,1,550,0.995,0.01,700,0.5,0.2,10,200,50,False
data201.vrp,sa,random,True,44,4192.512211494158,9,2790.3507830978624,35,1402.1614283962954,33.444420854688055,17.71472260000155,60199,0.75,1,550,0.995,0.01,800,0.3,0.2,10,200,50,False
data201.vrp,sa,random,True,44,4192.512211494158,9,2834.387424948967,35,1358.124786545191,32.39405678585186,21.09546219999902,71042,0.75,1,550,0.995,0.01,800,0.3,0.3,10,200,50,False
data201.vrp,sa,random,True,44,4192.512211494158,8,2641.77486880412,36,1550.7373426900376,36.98826060514621,31.603920699999435,97321,0.75,1,550,0.995,0.01,700,0.3,0.3,10,200,50,False
data201.vrp,sa,random,True,44,4192.512211494158,8,2761.1126465797743,36,1431.3995649143835,34.14181027284953,33.02571589999934,94072,0.75,1,550,0.995,0.01,700,0.5,0.1,10,200,50,False
data201.vrp,sa,random,True,44,4192.512211494158,8,2629.367252010025,36,1563.1449594841329,37.28420766905884,29.271793699997943,84289,0.75,1,550,0.995,0.01,800,0.5,0.1,10,200,50,False
data201.vrp,sa,random,True,44,4192.512211494158,8,2681.7868073090294,36,1510.7254041851284,36.033893951300506,44.83979890000046,140966,0.75,1,550,0.995,0.01,800,0.3,0.1,10,200,50,False
data201.vrp,sa,random,True,44,4192.512211494158,7,2535.9705320796393,37,1656.5416794145185,39.51191065998466,50.95011250000243,123915,0.75,1,550,0.995,0.01,700,0.5,0.3,10,200,50,False
data201.vrp,sa,random,True,44,4192.512211494158,8,2760.665783147038,36,1431.8464283471199,34.152468880629165,35.408985800000664,91755,0.75,1,550,0.995,0.01,800,0.5,0.3,10,200,50,False
data201.vrp,sa,random,True,44,4192.512211494158,8,2655.228907949037,36,1537.2833035451208,36.66735422571978,33.39838940000118,97378,0.75,1,550,0.995,0.01,900,0.3,0.3,10,200,50,False
data201.vrp,sa,random,True,44,4192.512211494158,7,2528.0890442821647,37,1664.4231672119931,39.6999002805245,49.98675860000003,121247,0.75,1,550,0.995,0.01,800,0.5,0.2,10,200,50,False
data201.vrp,sa,random,True,44,4192.512211494158,8,2713.124071506381,36,1479.3881399877769,35.28643604023139,41.95146770000065,125304,0.75,1,550,0.995,0.01,900,0.3,0.2,10,200,50,False
data201.vrp,sa,random,True,44,4192.512211494158,8,2644.7807966393566,36,1547.7314148548012,36.91656307193461,52.23092149999866,167864,0.75,1,550,0.995,0.01,900,0.3,0.1,10,200,50,False
data201.vrp,sa,random,True,44,4192.512211494158,8,2739.7001009828696,36,1452.8121105112882,34.652543325414065,32.72740630000044,91164,0.75,1,550,0.995,0.01,900,0.5,0.3,10,200,50,False
data201.vrp,sa,random,True,44,4192.512211494158,8,2707.1922671070192,36,1485.3199443871385,35.4279217199415,52.174770600002375,148729,0.75,1,550,0.995,0.01,900,0.5,0.1,10,200,50,False
data201.vrp,sa,random,True,44,4192.512211494158,8,2721.5290769477506,36,1470.9831345464072,35.08595945203383,39.98957369999698,126898,0.75,1,550,0.995,0.01,1000,0.3,0.1,10,200,50,False
data201.vrp,sa,random,True,44,4192.512211494158,8,2685.2502887259793,36,1507.2619227681785,35.95128282836914,56.604888999998366,159594,0.75,1,550,0.995,0.01,900,0.5,0.2,10,200,50,False
data201.vrp,sa,random,True,44,4192.512211494158,8,2754.3121333842682,36,1438.2000781098895,34.30401643594339,42.85279450000235,112944,0.75,1,550,0.995,0.01,1000,0.5,0.2,10,200,50,False
data201.vrp,sa,random,True,44,4192.512211494158,8,2704.9128559373576,36,1487.5993555568002,35.48229034320782,36.71760059999724,99280,0.75,1,550,0.995,0.01,1000,0.5,0.3,10,200,50,False
data201.vrp,sa,random,True,44,4192.512211494158,8,2634.148690454189,36,1558.3635210399689,37.170160572641194,57.78965409999728,168858,0.75,1,550,0.995,0.01,1000,0.3,0.3,10,200,50,False
data201.vrp,sa,random,True,44,4192.512211494158,8,2654.2063035933384,36,1538.3059079008194,36.6917454332849,74.70687239999825,217624,0.75,1,550,0.995,0.01,1000,0.3,0.2,10,200,50,False
data201.vrp,sa,random,True,44,4192.512211494158,8,2661.3198556930306,36,1531.1923558011272,36.52207265140988,19.97134869999718,57139,0.75,1,600,0.985,0.01,500,0.5,0.2,10,200,50,False
data201.vrp,sa,random,True,44,4192.512211494158,7,2620.7148475191393,37,1571.7973639750185,37.49058523111254,77.53157049999936,196006,0.75,1,550,0.995,0.01,1000,0.5,0.1,10,200,50,False
data201.vrp,sa,random,True,44,4192.512211494158,7,1232.9452298900528,37,2959.566981604105,70.59173193318746,73.80852690000029,125037,0.75,1,600,0.985,0.01,500,0.3,0.1,10,200,50,False
data201.vrp,sa,random,True,44,4192.512211494158,8,2749.150687542808,36,1443.3615239513497,34.427127486814264,20.599170499997854,65652,0.75,1,600,0.985,0.01,600,0.3,0.1,10,200,50,False
data201.vrp,sa,random,True,44,4192.512211494158,7,1204.610444419126,37,2987.901767075032,71.26757457935183,75.88774769999873,116565,0.75,1,600,0.985,0.01,500,0.3,0.3,10,200,50,False
data201.vrp,sa,random,True,44,4192.512211494158,7,1250.0044784011375,37,2942.5077330930203,70.1848339290668,83.29433880000215,120946,0.75,1,600,0.985,0.01,500,0.3,0.2,10,200,50,False
data201.vrp,sa,random,True,44,4192.512211494158,7,1192.7928855828545,37,2999.7193259113033,71.5494475528848,83.40892019999956,111852,0.75,1,600,0.985,0.01,500,0.5,0.3,10,200,50,False
data201.vrp,sa,random,True,44,4192.512211494158,6,1207.8209928101624,38,2984.6912186839954,71.19099642694397,95.03427890000239,118284,0.75,1,600,0.985,0.01,500,0.5,0.1,10,200,50,False
data201.vrp,sa,random,True,44,4192.512211494158,9,2688.544619392069,35,1503.967592102089,35.8727062971653,26.09674040000027,83917,0.75,1,600,0.985,0.01,700,0.3,0.2,10,200,50,False
data201.vrp,sa,random,True,44,4192.512211494158,7,1212.1044240103731,37,2980.407787483785,71.0888278229154,91.54891889999999,141201,0.75,1,600,0.985,0.01,600,0.3,0.3,10,200,50,False
data201.vrp,sa,random,True,44,4192.512211494158,7,1200.7110485554451,37,2991.801162938713,71.36058315432965,100.8231719999967,145417,0.75,1,600,0.985,0.01,600,0.3,0.2,10,200,50,False
data201.vrp,sa,random,True,44,4192.512211494158,7,1226.9587377743464,37,2965.5534737198113,70.7345220269001,98.69473740000103,141650,0.75,1,600,0.985,0.01,600,0.5,0.1,10,200,50,False
data201.vrp,sa,random,True,44,4192.512211494158,8,1237.0912922719776,36,2955.42091922218,70.49283985672415,106.18685610000102,138327,0.75,1,600,0.985,0.01,600,0.5,0.2,10,200,50,False
data201.vrp,sa,random,True,44,4192.512211494158,7,1220.0857429278817,37,2972.426468566276,70.89845702576835,106.18562509999902,174139,0.75,1,600,0.985,0.01,700,0.3,0.1,10,200,50,False
data201.vrp,sa,random,True,44,4192.512211494158,8,2706.9241411448006,36,1485.5880703493572,35.434317073101916,33.297402899999724,101970,0.75,1,600,0.985,0.01,800,0.3,0.1,10,200,50,False
data201.vrp,sa,random,True,44,4192.512211494158,9,2711.775829176453,35,1480.7363823177047,35.318594380193574,28.874856599999475,90122,0.75,1,600,0.985,0.01,800,0.3,0.2,10,200,50,False
data201.vrp,sa,random,True,44,4192.512211494158,7,1201.6062265488883,37,2990.9059849452697,71.33923132639724,120.63542059999963,135419,0.75,1,600,0.985,0.01,600,0.5,0.3,10,200,50,False
data201.vrp,sa,random,True,44,4192.512211494158,8,2680.26390829317,36,1512.2483032009877,36.07021821081451,32.12617559999853,91594,0.75,1,600,0.985,0.01,800,0.5,0.1,10,200,50,False
data201.vrp,sa,random,True,44,4192.512211494158,8,2580.798074670644,36,1611.7141368235139,38.44268198921046,38.37565100000211,110817,0.75,1,600,0.985,0.01,800,0.3,0.3,10,200,50,False
data201.vrp,sa,random,True,44,4192.512211494158,7,1220.2217082497002,37,2972.290503244458,70.89521397446738,118.13067339999907,163737,0.75,1,600,0.985,0.01,700,0.3,0.3,10,200,50,False
data201.vrp,sa,random,True,44,4192.512211494158,6,1217.3011198373392,38,2975.2110916568186,70.96487598771934,124.684932199998,165076,0.75,1,600,0.985,0.01,700,0.5,0.1,10,200,50,False
data201.vrp,sa,random,True,44,4192.512211494158,8,2729.1784790632537,36,1463.333732430904,34.903505550181585,35.065365599999495,106443,0.75,1,600,0.985,0.01,900,0.3,0.2,10,200,50,False
data201.vrp,sa,random,True,44,4192.512211494158,6,1213.484060661194,38,2979.0281508329635,71.05592066412314,145.02409620000253,161478,0.75,1,600,0.985,0.01,700,0.5,0.2,10,200,50,False
data201.vrp,sa,random,True,44,4192.512211494158,7,1216.3019331705227,37,2976.210278323635,70.9887086354592,151.67851710000105,157620,0.75,1,600,0.985,0.01,700,0.5,0.3,10,200,50,False
data201.vrp,sa,random,True,44,4192.512211494158,7,2639.4122425529795,37,1553.0999689411783,37.044614078480485,38.10418209999989,96576,0.75,1,600,0.985,0.01,900,0.5,0.1,10,200,50,False
data201.vrp,sa,random,True,44,4192.512211494158,6,1192.9432615491226,38,2999.5689499450355,71.54586077820933,158.9465436999999,184123,0.75,1,600,0.985,0.01,800,0.5,0.2,10,200,50,False
data201.vrp,sa,random,True,44,4192.512211494158,7,1214.3039482483512,37,2978.208263245807,71.03636466653037,137.54520319999938,222064,0.75,1,600,0.985,0.01,900,0.3,0.1,10,200,50,False
data201.vrp,sa,random,True,44,4192.512211494158,7,1227.0797300130898,37,2965.432481481068,70.73163611428637,130.91380740000022,211169,0.75,1,600,0.985,0.01,900,0.3,0.3,10,200,50,False
data201.vrp,sa,random,True,44,4192.512211494158,6,1219.6875777285568,38,2972.824633765601,70.90795408097628,187.14799029999995,180142,0.75,1,600,0.985,0.01,800,0.5,0.3,10,200,50,False
data201.vrp,sa,random,True,44,4192.512211494158,8,2740.148431518295,36,1452.3637799758626,34.64184972423154,32.64684970000235,91529,0.75,1,600,0.985,0.01,1000,0.5,0.1,10,200,50,False
data201.vrp,sa,random,True,44,4192.512211494158,9,2757.493889651774,35,1435.0183218423836,34.228125034630764,17.68307139999888,64360,0.75,1,600,0.99,0.01,500,0.3,0.1,10,200,50,False
data201.vrp,sa,random,True,44,4192.512211494158,8,2702.477254426631,36,1490.0349570675266,35.540384425892874,26.42322360000253,71519,0.75,1,600,0.985,0.01,1000,0.5,0.3,10,200,50,False
data201.vrp,sa,random,True,44,4192.512211494158,7,1183.127981219913,37,3009.384230274245,71.77997530988083,168.75531390000106,207691,0.75,1,600,0.985,0.01,900,0.5,0.2,10,200,50,False
data201.vrp,sa,random,True,44,4192.512211494158,7,1211.832492058247,37,2980.6797194359106,71.09531395672751,137.48052199999802,244764,0.75,1,600,0.985,0.01,1000,0.3,0.1,10,200,50,False
data201.vrp,sa,random,True,44,4192.512211494158,8,2768.5083195368907,36,1424.0038919572671,33.96540833091027,19.37327610000284,61954,0.75,1,600,0.99,0.01,500,0.3,0.2,10,200,50,False
data201.vrp,sa,random,True,44,4192.512211494158,9,2752.8643589337653,35,1439.6478525603925,34.338548820763485,18.434417599997687,60817,0.75,1,600,0.99,0.01,500,0.3,0.3,10,200,50,False
data201.vrp,sa,random,True,44,4192.512211494158,9,2739.8767206868024,35,1452.6354908073554,34.64833058386381,24.665183199998864,84023,0.75,1,600,0.99,0.01,600,0.3,0.1,10,200,50,False
data201.vrp,sa,random,True,44,4192.512211494158,6,1204.3418163746583,38,2988.1703951194995,71.27398190820185,162.21054000000004,241023,0.75,1,600,0.985,0.01,1000,0.3,0.2,10,200,50,False
data201.vrp,sa,random,True,44,4192.512211494158,7,1171.318214588857,37,3021.193996905301,72.06166242336563,187.56522259999838,202754,0.75,1,600,0.985,0.01,900,0.5,0.3,10,200,50,False
data201.vrp,sa,random,True,44,4192.512211494158,7,2471.1600688362114,37,1721.3521426579464,41.05777290138121,45.62544849999904,114687,0.75,1,600,0.99,0.01,500,0.5,0.2,10,200,50,False
data201.vrp,sa,random,True,44,4192.512211494158,8,2616.852641534987,36,1575.6595699591708,37.58270675132096,21.419103399999585,68528,0.75,1,600,0.99,0.01,600,0.3,0.2,10,200,50,False
data201.vrp,sa,random,True,44,4192.512211494158,8,2629.3440611196206,36,1563.1681503745372,37.284760819276045,40.4181236000004,114985,0.75,1,600,0.99,0.01,600,0.3,0.3,10,200,50,False
data201.vrp,sa,random,True,44,4192.512211494158,8,2630.632054762612,36,1561.8801567315459,37.25403953385056,42.04374259999895,111173,0.75,1,600,0.99,0.01,600,0.5,0.2,10,200,50,False
data201.vrp,sa,random,True,44,4192.512211494158,7,1199.7959633670355,37,2992.7162481271225,71.38240980962001,166.12049969999862,233274,0.75,1,600,0.985,0.01,1000,0.3,0.3,10,200,50,False
data201.vrp,sa,random,True,44,4192.512211494158,7,2532.8505895261046,37,1659.6616219680532,39.58632767766158,53.36731339999824,127206,0.75,1,600,0.99,0.01,600,0.5,0.3,10,200,50,False
data201.vrp,sa,random,True,44,4192.512211494158,6,1231.9166599193936,38,2960.595551574764,70.6162654328834,176.56565749999936,229207,0.75,1,600,0.985,0.01,1000,0.5,0.2,10,200,50,False
data201.vrp,sa,random,True,44,4192.512211494158,7,1179.4994527032477,37,3013.01275879091,71.86652314405808,118.04709210000146,178134,0.75,1,600,0.99,0.01,500,0.5,0.1,10,200,50,False
data201.vrp,sa,random,True,44,4192.512211494158,9,2800.672108539454,35,1391.840102954704,33.198236111008725,19.17057719999866,55266,0.75,1,600,0.99,0.01,700,0.5,0.1,10,200,50,False
data201.vrp,sa,random,True,44,4192.512211494158,8,2523.997935022572,36,1668.5142764715856,39.79748161250909,30.520638699999836,90407,0.75,1,600,0.99,0.01,700,0.3,0.3,10,200,50,False
data201.vrp,sa,random,True,44,4192.512211494158,8,2604.4324517196187,36,1588.079759774539,37.87895370753297,35.57834999999977,109860,0.75,1,600,0.99,0.01,800,0.3,0.1,10,200,50,False
data201.vrp,sa,random,True,44,4192.512211494158,6,1192.4084310899452,38,3000.1037804042126,71.5586175796734,155.3115402000003,168737,0.75,1,600,0.99,0.01,500,0.5,0.3,10,200,50,False
data201.vrp,sa,random,True,44,4192.512211494158,8,2703.2634005210452,36,1489.2488109731125,35.52163323198439,43.29938350000157,113192,0.75,1,600,0.99,0.01,700,0.5,0.3,10,200,50,False
data201.vrp,sa,random,True,44,4192.512211494158,8,2567.7666680418824,36,1624.7455434522753,38.753507717828136,50.36522690000129,157126,0.75,1,600,0.99,0.01,800,0.3,0.2,10,200,50,False
data201.vrp,sa,random,True,44,4192.512211494158,8,2726.851692711734,36,1465.6605187824239,34.95900416853124,39.237851599998976,109136,0.75,1,600,0.99,0.01,800,0.5,0.2,10,200,50,False
data201.vrp,sa,random,True,44,4192.512211494158,8,2594.020210647607,36,1598.4920008465506,38.12730697513862,47.45470270000078,131596,0.75,1,600,0.99,0.01,800,0.5,0.1,10,200,50,False
data201.vrp,sa,random,True,44,4192.512211494158,6,1195.0790456560824,38,2997.433165838075,71.49491795445071,164.4458197999993,214438,0.75,1,600,0.99,0.01,600,0.5,0.1,10,200,50,False
data201.vrp,sa,random,True,44,4192.512211494158,6,1204.9725984527515,38,2987.5396130414065,71.25893646417515,145.1532694000016,257882,0.75,1,600,0.99,0.01,700,0.3,0.1,10,200,50,False
data201.vrp,sa,random,True,44,4192.512211494158,8,2668.2989076860836,36,1524.2133038080742,36.355607972453925,29.588894399999845,92484,0.75,1,600,0.99,0.01,900,0.3,0.3,10,200,50,False
data201.vrp,sa,random,True,44,4192.512211494158,7,1219.987249242848,37,2972.5249622513097,70.90080630181254,156.91137179999714,252315,0.75,1,600,0.99,0.01,700,0.3,0.2,10,200,50,False
data201.vrp,sa,random,True,44,4192.512211494158,7,2374.851935452222,37,1817.660276041936,43.35491906400781,98.94915019999826,205837,0.75,1,600,0.99,0.01,800,0.5,0.3,10,200,50,False
data201.vrp,sa,random,True,44,4192.512211494158,8,2629.9821930813564,36,1562.5300184128014,37.2695400654763,42.98335650000081,119668,0.75,1,600,0.99,0.01,900,0.5,0.2,10,200,50,False
data201.vrp,sa,random,True,44,4192.512211494158,8,2765.4508676976398,36,1427.061343796518,34.038334817107945,31.670995699998457,94463,0.75,1,600,0.99,0.01,1000,0.3,0.1,10,200,50,False
data201.vrp,sa,random,True,44,4192.512211494158,8,2764.344335326069,36,1428.1678761680887,34.06472787968596,30.902633600002446,92385,0.75,1,600,0.99,0.01,1000,0.3,0.2,10,200,50,False
data201.vrp,sa,random,True,44,4192.512211494158,8,2577.567569161908,36,1614.9446423322497,38.51973615973569,66.53970300000219,173144,0.75,1,600,0.99,0.01,900,0.5,0.3,10,200,50,False
data201.vrp,sa,random,True,44,4192.512211494158,6,1197.4587630843998,38,2995.053448409758,71.43815682154826,201.84039459999985,242431,0.75,1,600,0.99,0.01,700,0.5,0.2,10,200,50,False
data201.vrp,sa,random,True,44,4192.512211494158,7,1213.215601582638,37,2979.2966099115197,71.06232396279024,170.87579449999976,280851,0.75,1,600,0.99,0.01,800,0.3,0.3,10,200,50,False
data201.vrp,sa,random,True,44,4192.512211494158,9,2767.405573994608,35,1425.1066374995498,33.99171106985661,37.84463759999926,121543,0.75,1,600,0.99,0.01,1000,0.3,0.3,10,200,50,False
data201.vrp,sa,random,True,44,4192.512211494158,8,2699.269947395076,36,1493.2422640990817,35.616885265240754,34.75795480000306,94027,0.75,1,600,0.99,0.01,1000,0.5,0.3,10,200,50,False
data201.vrp,sa,random,True,44,4192.512211494158,8,2691.9129505202063,36,1500.5992609739515,35.79236470343295,36.29208749999816,103758,0.75,1,600,0.99,0.01,1000,0.5,0.2,10,200,50,False
data201.vrp,sa,random,True,44,4192.512211494158,8,2575.399450694127,36,1617.1127608000306,38.571450224201314,45.31953430000067,122789,0.75,1,600,0.99,0.01,1000,0.5,0.1,10,200,50,False
data201.vrp,sa,random,True,44,4192.512211494158,9,2822.5427294356327,35,1369.969482058525,32.67657702469244,12.574945399999706,39600,0.75,1,600,0.995,0.01,500,0.3,0.3,10,200,50,False
data201.vrp,sa,random,True,44,4192.512211494158,9,2823.6326430074614,35,1368.8795684866964,32.65058035451363,21.357402400000865,67899,0.75,1,600,0.995,0.01,500,0.3,0.2,10,200,50,False
data201.vrp,sa,random,True,44,4192.512211494158,8,2837.7822723746576,36,1354.7299391195002,32.31308272413336,13.089842800000042,36251,0.75,1,600,0.995,0.01,500,0.5,0.1,10,200,50,False
data201.vrp,sa,random,True,44,4192.512211494158,8,2717.6569696912547,36,1474.855241802903,35.17831713785953,38.61102889999893,122609,0.75,1,600,0.995,0.01,500,0.3,0.1,10,200,50,False
data201.vrp,sa,random,True,44,4192.512211494158,9,2816.4064204501483,35,1376.1057910440095,32.82294055748457,16.792487099999562,51787,0.75,1,600,0.995,0.01,500,0.5,0.2,10,200,50,False
data201.vrp,sa,random,True,44,4192.512211494158,8,1177.7164979130682,36,3014.7957135810893,71.9090502662282,174.35162950000085,336626,0.75,1,600,0.99,0.01,900,0.3,0.1,10,200,50,False
data201.vrp,sa,random,True,44,4192.512211494158,8,2541.234962645711,36,1651.2772488484466,39.386343212580705,25.121445299999323,79094,0.75,1,600,0.995,0.01,600,0.3,0.2,10,200,50,False
data201.vrp,sa,random,True,44,4192.512211494158,8,2690.657371719543,36,1501.854839774615,35.822312828502724,28.108365899999626,88259,0.75,1,600,0.995,0.01,600,0.3,0.3,10,200,50,False
data201.vrp,sa,random,True,44,4192.512211494158,8,2694.097579015676,36,1498.414632478482,35.74025684100432,35.11815910000223,115117,0.75,1,600,0.995,0.01,600,0.3,0.1,10,200,50,False
data201.vrp,sa,random,True,44,4192.512211494158,9,2816.2328980265033,35,1376.2793134676544,32.82707942255858,11.88733560000037,36948,0.75,1,600,0.995,0.01,600,0.5,0.3,10,200,50,False
data201.vrp,sa,random,True,44,4192.512211494158,8,2744.9931132751176,36,1447.5190982190402,34.52629414532255,31.516980899999908,90166,0.75,1,600,0.995,0.01,600,0.5,0.1,10,200,50,False
data201.vrp,sa,random,True,44,4192.512211494158,7,1225.447438448568,37,2967.06477304559,70.77056961005644,198.2519018999992,317892,0.75,1,600,0.99,0.01,900,0.5,0.1,10,200,50,False
data201.vrp,sa,random,True,44,4192.512211494158,8,2797.6258302266097,36,1394.8863812675481,33.2708960857249,20.10494160000235,63841,0.75,1,600,0.995,0.01,700,0.3,0.1,10,200,50,False
data201.vrp,sa,random,True,44,4192.512211494158,8,2755.1794890831734,36,1437.3327224109844,34.283328226699126,42.223763599999074,120374,0.75,1,600,0.995,0.01,600,0.5,0.2,10,200,50,False
data201.vrp,sa,random,True,44,4192.512211494158,8,2794.547051098638,36,1397.96516039552,33.34433127142408,24.78738820000217,71277,0.75,1,600,0.995,0.01,700,0.3,0.2,10,200,50,False
data201.vrp,sa,random,True,44,4192.512211494158,8,2654.2113902895644,36,1538.3008212045934,36.6916241051654,20.534834399997635,55585,0.75,1,600,0.995,0.01,700,0.5,0.1,10,200,50,False
data201.vrp,sa,random,True,44,4192.512211494158,7,2534.562232677731,37,1657.9499788164267,39.54550148407449,64.55326490000152,155955,0.75,1,600,0.995,0.01,500,0.5,0.3,10,200,50,False
data201.vrp,sa,random,True,44,4192.512211494158,6,1185.71597718272,38,3006.7962343114377,71.718246307501,221.08291800000006,325689,0.75,1,600,0.99,0.01,900,0.3,0.2,10,200,50,False
data201.vrp,sa,random,True,44,4192.512211494158,8,2756.47913359702,36,1436.033077897138,34.25232904414974,26.58694800000012,76562,0.75,1,600,0.995,0.01,700,0.5,0.2,10,200,50,False
data201.vrp,sa,random,True,44,4192.512211494158,9,2810.0032055433853,35,1382.5090059507725,32.97567034296279,19.134997599998314,63409,0.75,1,600,0.995,0.01,800,0.3,0.3,10,200,50,False
data201.vrp,sa,random,True,44,4192.512211494158,8,2762.84520171236,36,1429.6670097817978,34.10048528570136,30.970726300001843,91533,0.75,1,600,0.995,0.01,800,0.3,0.2,10,200,50,False
data201.vrp,sa,random,True,44,4192.512211494158,8,2822.054226729819,36,1370.4579847643386,32.68822881438727,27.610949199999595,78199,0.75,1,600,0.995,0.01,800,0.5,0.2,10,200,50,False
data201.vrp,sa,random,True,44,4192.512211494158,8,2706.383018326951,36,1486.1291931672067,35.44722396020331,33.09660660000009,95312,0.75,1,600,0.995,0.01,800,0.5,0.1,10,200,50,False
data201.vrp,sa,random,True,44,4192.512211494158,8,2657.2873423960227,36,1535.224869098135,36.618256349717356,63.01589999999851,195697,0.75,1,600,0.995,0.01,700,0.3,0.3,10,200,50,False
data201.vrp,sa,random,True,44,4192.512211494158,8,2645.8901971227883,36,1546.6220143713695,36.890101599016525,54.33373559999745,164983,0.75,1,600,0.995,0.01,800,0.3,0.1,10,200,50,False
data201.vrp,sa,random,True,44,4192.512211494158,8,2748.5279453070993,36,1443.9842661870584,34.441981164139314,31.453446700001223,81960,0.75,1,600,0.995,0.01,800,0.5,0.3,10,200,50,False
data201.vrp,sa,random,True,44,4192.512211494158,9,2782.6895918513724,35,1409.8226196427854,33.62715595145142,23.900505699999485,79256,0.75,1,600,0.995,0.01,900,0.3,0.3,10,200,50,False
data201.vrp,sa,random,True,44,4192.512211494158,8,2675.035110876495,36,1517.477100617663,36.194935734649974,71.38943149999977,188021,0.75,1,600,0.995,0.01,700,0.5,0.3,10,200,50,False
data201.vrp,sa,random,True,44,4192.512211494158,8,2668.816190190198,36,1523.6960213039597,36.343269725645804,38.112918400001945,110007,0.75,1,600,0.995,0.01,900,0.3,0.2,10,200,50,False
data201.vrp,sa,random,True,44,4192.512211494158,8,2703.344798190932,36,1489.1674133032257,35.51969173090388,49.82548609999867,153645,0.75,1,600,0.995,0.01,900,0.3,0.1,10,200,50,False
data201.vrp,sa,random,True,44,4192.512211494158,8,2747.9328515553066,36,1444.5793599388512,34.456175368515424,24.60718330000236,77467,0.75,1,600,0.995,0.01,1000,0.3,0.2,10,200,50,False
data201.vrp,sa,random,True,44,4192.512211494158,8,2686.562836223047,36,1505.949375271111,35.91997588325234,33.57080970000243,103929,0.75,1,600,0.995,0.01,1000,0.3,0.1,10,200,50,False
data201.vrp,sa,random,True,44,4192.512211494158,8,2764.992172962099,36,1427.5200385320586,34.04927562568288,43.29163469999912,121228,0.75,1,600,0.995,0.01,900,0.5,0.2,10,200,50,False
data201.vrp,sa,random,True,44,4192.512211494158,9,2875.2143582873023,35,1317.2978532068555,31.420250836607277,9.546078100000159,32458,0.75,1,1000,0.985,0.01,500,0.3,0.2,10,200,50,False
data201.vrp,sa,random,True,44,4192.512211494158,8,2702.321027512052,36,1490.191183982106,35.54411075766481,32.040134599999874,97747,0.75,1,600,0.995,0.01,1000,0.3,0.3,10,200,50,False
data201.vrp,sa,random,True,44,4192.512211494158,9,2772.1008695820256,35,1420.4113419121322,33.87971865694139,14.881272300001001,52267,0.75,1,1000,0.985,0.01,500,0.3,0.1,10,200,50,False
data201.vrp,sa,random,True,44,4192.512211494158,8,2752.265187471355,36,1440.2470240228026,34.35284028688653,50.34669560000111,131268,0.75,1,600,0.995,0.01,900,0.5,0.3,10,200,50,False
data201.vrp,sa,random,True,44,4192.512211494158,7,2628.0751433474547,37,1564.437068146703,37.315027106126365,65.6899271000002,171550,0.75,1,600,0.995,0.01,900,0.5,0.1,10,200,50,False
data201.vrp,sa,random,True,44,4192.512211494158,9,2797.964639857607,35,1394.5475716365509,33.262814782346254,11.007927200000267,37254,0.75,1,1000,0.985,0.01,500,0.3,0.3,10,200,50,False
data201.vrp,sa,random,True,44,4192.512211494158,8,2716.8570526227504,36,1475.6551588714074,35.19739679769478,40.22825159999775,110333,0.75,1,600,0.995,0.01,1000,0.5,0.2,10,200,50,False
data201.vrp,sa,random,True,44,4192.512211494158,9,2726.8995650517086,35,1465.6126464424492,34.95786231520894,20.679338000001735,65703,0.75,1,1000,0.985,0.01,500,0.5,0.2,10,200,50,False
data201.vrp,sa,random,True,44,4192.512211494158,8,2692.7628816330425,36,1499.7493298611153,35.772092106241566,25.111585300001025,69613,0.75,1,1000,0.985,0.01,500,0.5,0.3,10,200,50,False
data201.vrp,sa,random,True,44,4192.512211494158,9,2750.3048133277084,35,1442.2073981664494,34.3995992238855,18.76423920000161,58594,0.75,1,1000,0.985,0.01,600,0.5,0.1,10,200,50,False
data201.vrp,sa,random,True,44,4192.512211494158,7,2612.2888024368012,37,1580.2234090573565,37.69156365782379,77.17002610000054,194394,0.75,1,600,0.995,0.01,1000,0.5,0.1,10,200,50,False
data201.vrp,sa,random,True,44,4192.512211494158,8,2758.1866032170615,36,1434.3256082770963,34.211602397835854,28.759140900001512,81539,0.75,1,1000,0.985,0.01,600,0.5,0.2,10,200,50,False
data201.vrp,sa,random,True,44,4192.512211494158,7,2600.3847487816893,37,1592.1274627124685,37.97549970987573,81.69750750000094,212597,0.75,1,600,0.995,0.01,1000,0.5,0.3,10,200,50,False
data201.vrp,sa,random,True,44,4192.512211494158,8,2652.152990399454,36,1540.3592210947036,36.74072115691558,26.998771400001715,73657,0.75,1,1000,0.985,0.01,600,0.5,0.3,10,200,50,False
data201.vrp,sa,random,True,44,4192.512211494158,8,2621.5724822669517,36,1570.939729227206,37.470128886454525,27.734092599999713,85119,0.75,1,1000,0.985,0.01,700,0.3,0.1,10,200,50,False
data201.vrp,sa,random,True,44,4192.512211494158,7,1212.4190766907316,37,2980.0931348034264,71.08132271226847,93.97416310000335,135457,0.75,1,1000,0.985,0.01,500,0.5,0.1,10,200,50,False
data201.vrp,sa,random,True,44,4192.512211494158,7,1199.3041807451882,37,2993.2080307489696,71.39413983202755,88.15565789999891,164469,0.75,1,1000,0.985,0.01,600,0.3,0.2,10,200,50,False
data201.vrp,sa,random,True,44,4192.512211494158,7,1224.0270128833424,37,2968.485198610815,70.80444966796853,91.52559420000034,169686,0.75,1,1000,0.985,0.01,600,0.3,0.1,10,200,50,False
data201.vrp,sa,random,True,44,4192.512211494158,8,2656.760883016351,36,1535.751328477807,36.63081348379627,32.66813540000294,94669,0.75,1,1000,0.985,0.01,700,0.5,0.1,10,200,50,False
data201.vrp,sa,random,True,44,4192.512211494158,9,2795.103297787375,35,1397.4089137067826,33.33106364903738,23.919287699998677,74233,0.75,1,1000,0.985,0.01,700,0.5,0.2,10,200,50,False
data201.vrp,sa,random,True,44,4192.512211494158,8,1238.6403374991958,36,2953.871873994962,70.45589195653744,101.45817940000052,161425,0.75,1,1000,0.985,0.01,600,0.3,0.3,10,200,50,False
data201.vrp,sa,random,True,44,4192.512211494158,9,2773.507699626279,35,1419.0045118678786,33.84616288003998,15.691588500001671,52596,0.75,1,1000,0.985,0.01,800,0.3,0.3,10,200,50,False
data201.vrp,sa,random,True,44,4192.512211494158,8,2689.794925885618,36,1502.71728560854,35.84288392741474,24.479334600000584,67544,0.75,1,1000,0.985,0.01,700,0.5,0.3,10,200,50,False
data201.vrp,sa,random,True,44,4192.512211494158,8,2742.6333620715623,36,1449.8788494225955,34.582579042885534,30.910983300000225,97973,0.75,1,1000,0.985,0.01,800,0.3,0.1,10,200,50,False
data201.vrp,sa,random,True,44,4192.512211494158,8,2728.5934808740108,36,1463.918730620147,34.917458954721205,25.010410099999717,67202,0.75,1,1000,0.985,0.01,800,0.5,0.3,10,200,50,False
data201.vrp,sa,random,True,44,4192.512211494158,8,2742.513597053123,36,1449.998614441035,34.5854356837824,28.713066099997377,92376,0.75,1,1000,0.985,0.01,900,0.3,0.1,10,200,50,False
data201.vrp,sa,random,True,44,4192.512211494158,9,2773.507699626279,35,1419.0045118678786,33.84616288003998,17.862571800000296,57427,0.75,1,1000,0.985,0.01,900,0.3,0.3,10,200,50,False
data201.vrp,sa,random,True,44,4192.512211494158,7,1208.864892491803,37,2983.647319002355,71.16609728225504,119.31198829999994,191013,0.75,1,1000,0.985,0.01,700,0.3,0.2,10,200,50,False
data201.vrp,sa,random,True,44,4192.512211494158,7,1188.6632069240263,37,3003.8490045701315,71.64794884400821,122.49793469999713,188272,0.75,1,1000,0.985,0.01,700,0.3,0.3,10,200,50,False
data201.vrp,sa,random,True,44,4192.512211494158,8,2620.312081346838,36,1572.2001301473197,37.500192028945996,62.46640800000023,164394,0.75,1,1000,0.985,0.01,900,0.5,0.1,10,200,50,False
data201.vrp,sa,random,True,44,4192.512211494158,7,1194.9101236973831,37,2997.602087796775,71.49894708901678,124.95804119999957,220189,0.75,1,1000,0.985,0.01,800,0.3,0.2,10,200,50,False
data201.vrp,sa,random,True,44,4192.512211494158,9,2821.518340579961,35,1370.9938709141966,32.70101079623551,19.75370230000044,68755,0.75,1,1000,0.985,0.01,1000,0.3,0.2,10,200,50,False
data201.vrp,sa,random,True,44,4192.512211494158,7,1236.280653532852,37,2956.231557961306,70.51217525035527,121.26496849999967,245235,0.75,1,1000,0.985,0.01,900,0.3,0.2,10,200,50,False
data201.vrp,sa,random,True,44,4192.512211494158,6,1198.6173644901019,38,2993.894847004056,71.4105218059,157.22833470000114,216069,0.75,1,1000,0.985,0.01,800,0.5,0.1,10,200,50,False
data201.vrp,sa,random,True,44,4192.512211494158,8,2613.1275263769126,36,1579.3846851172452,37.67155837464747,54.67884200000117,156694,0.75,1,1000,0.985,0.01,1000,0.3,0.3,10,200,50,False
data201.vrp,sa,random,True,44,4192.512211494158,8,2630.8418552217586,36,1561.6703562723992,37.24903536335413,32.53728409999894,87036,0.75,1,1000,0.985,0.01,1000,0.5,0.2,10,200,50,False
data201.vrp,sa,random,True,44,4192.512211494158,6,1226.7504092176787,38,2965.761802276479,70.73949108950882,165.25844629999847,211445,0.75,1,1000,0.985,0.01,800,0.5,0.2,10,200,50,False
data201.vrp,sa,random,True,44,4192.512211494158,9,2881.6761525465154,35,1310.8360589476424,31.266123813637677,22.444025999997393,78251,0.75,1,1000,0.99,0.01,500,0.3,0.1,10,200,50,False
data201.vrp,sa,random,True,44,4192.512211494158,8,2767.131476931674,36,1425.3807345624837,33.998248845994326,21.411495000000286,65502,0.75,1,1000,0.99,0.01,500,0.3,0.3,10,200,50,False
data201.vrp,sa,random,True,44,4192.512211494158,8,2740.9187057124436,36,1451.5935057817142,34.62347710764055,25.74146159999873,84204,0.75,1,1000,0.99,0.01,500,0.3,0.2,10,200,50,False
data201.vrp,sa,random,True,44,4192.512211494158,7,2559.5862662785003,37,1632.9259452156575,38.948627048451776,54.86305469999934,131089,0.75,1,1000,0.985,0.01,1000,0.5,0.3,10,200,50,False
data201.vrp,sa,random,True,44,4192.512211494158,9,2805.1335727190653,35,1387.3786387750924,33.09182105591646,19.347016600000643,59627,0.75,1,1000,0.99,0.01,500,0.5,0.3,10,200,50,False
data201.vrp,sa,random,True,44,4192.512211494158,8,2700.1370271269916,36,1492.3751843671662,35.5962036383742,24.488700199999585,72706,0.75,1,1000,0.99,0.01,500,0.5,0.2,10,200,50,False
data201.vrp,sa,random,True,44,4192.512211494158,8,2750.034758692229,36,1442.4774528019288,34.40604057985196,26.273297399999137,85173,0.75,1,1000,0.99,0.01,600,0.3,0.1,10,200,50,False
data201.vrp,sa,random,True,44,4192.512211494158,9,2773.507699626279,35,1419.0045118678786,33.84616288003998,12.904784800000925,43089,0.75,1,1000,0.99,0.01,600,0.3,0.3,10,200,50,False
data201.vrp,sa,random,True,44,4192.512211494158,6,1264.6970099495993,38,2927.8152015445585,69.8343869701246,160.2696743000015,279964,0.75,1,1000,0.985,0.01,1000,0.3,0.1,10,200,50,False
data201.vrp,sa,random,True,44,4192.512211494158,7,1204.102268402095,37,2988.409943092063,71.27969561779837,176.2209021000017,232429,0.75,1,1000,0.985,0.01,900,0.5,0.3,10,200,50,False
data201.vrp,sa,random,True,44,4192.512211494158,9,2781.2617921099613,35,1411.2504193841964,33.66121189856344,20.90616410000075,64702,0.75,1,1000,0.99,0.01,600,0.5,0.2,10,200,50,False
data201.vrp,sa,random,True,44,4192.512211494158,5,1232.5955543966,39,2959.9166570975576,70.60007240963243,207.4998349000016,237315,0.75,1,1000,0.985,0.01,900,0.5,0.2,10,200,50,False
data201.vrp,sa,random,True,44,4192.512211494158,8,2714.752061538969,36,1477.7601499551888,35.24760514480491,29.85731830000077,83854,0.75,1,1000,0.99,0.01,600,0.5,0.1,10,200,50,False
data201.vrp,sa,random,True,44,4192.512211494158,8,2773.2197981790346,36,1419.2924133151232,33.853029919006616,24.069025100001454,75626,0.75,1,1000,0.99,0.01,700,0.3,0.2,10,200,50,False
data201.vrp,sa,random,True,44,4192.512211494158,8,2644.686312705832,36,1547.825898788326,36.918816707195724,42.58209550000174,136528,0.75,1,1000,0.99,0.01,700,0.3,0.1,10,200,50,False
data201.vrp,sa,random,True,44,4192.512211494158,7,2605.341367856769,37,1587.1708436373888,37.857274196745664,34.21105130000069,85173,0.75,1,1000,0.99,0.01,700,0.5,0.1,10,200,50,False
data201.vrp,sa,random,True,44,4192.512211494158,8,2721.639153852719,36,1470.8730576414387,35.08333389247871,42.59361450000142,126240,0.75,1,1000,0.99,0.01,700,0.3,0.3,10,200,50,False
data201.vrp,sa,random,True,44,4192.512211494158,8,2769.419073222005,36,1423.0931382721528,33.94368499084182,24.551040599999396,70771,0.75,1,1000,0.99,0.01,700,0.5,0.2,10,200,50,False
data201.vrp,sa,random,True,44,4192.512211494158,6,1216.9575644466722,38,2975.5546470474856,70.97307048718257,185.9282652999973,269414,0.75,1,1000,0.985,0.01,1000,0.5,0.1,10,200,50,False
data201.vrp,sa,random,True,44,4192.512211494158,10,2873.7502337705705,34,1318.7619777235873,31.45517320398209,16.498739799997566,58315,0.75,1,1000,0.99,0.01,800,0.3,0.3,10,200,50,False
data201.vrp,sa,random,True,44,4192.512211494158,9,2756.83685534141,35,1435.675356152748,34.243796648145995,28.170330299999478,91174,0.75,1,1000,0.99,0.01,800,0.3,0.1,10,200,50,False
data201.vrp,sa,random,True,44,4192.512211494158,7,1176.339787954192,37,3016.172423539966,71.94188761742546,138.23408660000132,203501,0.75,1,1000,0.99,0.01,500,0.5,0.1,10,200,50,False
data201.vrp,sa,random,True,44,4192.512211494158,8,1186.6516911437097,36,3005.860520350448,71.69592761374922,124.02689230000033,246927,0.75,1,1000,0.99,0.01,600,0.3,0.2,10,200,50,False
data201.vrp,sa,random,True,44,4192.512211494158,9,2815.199870005724,35,1377.312341488434,32.85171925587731,32.37786640000195,95625,0.75,1,1000,0.99,0.01,800,0.5,0.2,10,200,50,False
data201.vrp,sa,random,True,44,4192.512211494158,8,2622.350574929312,36,1570.1616365648456,37.45156978338914,50.567093200003,156505,0.75,1,1000,0.99,0.01,800,0.3,0.2,10,200,50,False
data201.vrp,sa,random,True,44,4192.512211494158,8,2591.6484840961125,36,1600.8637273980453,38.183877509268314,49.57207830000334,133951,0.75,1,1000,0.99,0.01,800,0.5,0.1,10,200,50,False
data201.vrp,sa,random,True,44,4192.512211494158,8,2739.146954293459,36,1453.3652572006986,34.66573700646987,39.38235699999859,103097,0.75,1,1000,0.99,0.01,800,0.5,0.3,10,200,50,False
data201.vrp,sa,random,True,44,4192.512211494158,7,2476.1525642668316,37,1716.3596472273261,40.938691663718195,76.97009000000253,176057,0.75,1,1000,0.99,0.01,700,0.5,0.3,10,200,50,False
data201.vrp,sa,random,True,44,4192.512211494158,8,2793.3807185627447,36,1399.131492931413,33.372150690356136,19.116573700001027,54112,0.75,1,1000,0.99,0.01,900,0.5,0.2,10,200,50,False
data201.vrp,sa,random,True,44,4192.512211494158,8,2757.296515631074,36,1435.215695863084,34.23283280912833,34.858054500000435,112040,0.75,1,1000,0.99,0.01,900,0.3,0.2,10,200,50,False
data201.vrp,sa,random,True,44,4192.512211494158,8,2711.7466058295363,36,1480.7656056646215,35.31929141684946,54.750954099999944,176441,0.75,1,1000,0.99,0.01,900,0.3,0.1,10,200,50,False
data201.vrp,sa,random,True,44,4192.512211494158,8,2715.233226398445,36,1477.2789850957129,35.23612837776875,46.71352449999904,143673,0.75,1,1000,0.99,0.01,900,0.3,0.3,10,200,50,False
data201.vrp,sa,random,True,44,4192.512211494158,8,2700.5118986831185,36,1492.0003128110393,35.58726218424798,37.110126599996875,110122,0.75,1,1000,0.99,0.01,1000,0.3,0.1,10,200,50,False
data201.vrp,sa,random,True,44,4192.512211494158,8,2673.293227869343,36,1519.2189836248149,36.23648321070446,27.887743499999488,84536,0.75,1,1000,0.99,0.01,1000,0.3,0.3,10,200,50,False
data201.vrp,sa,random,True,44,4192.512211494158,9,2855.1091003426054,35,1337.4031111515524,31.899802402123928,10.848514400000568,37575,0.75,1,1000,0.995,0.01,500,0.3,0.1,10,200,50,False
data201.vrp,sa,random,True,44,4192.512211494158,7,2625.2355462578475,37,1567.2766652363102,37.38275731050889,70.2919976000012,172720,0.75,1,1000,0.99,0.01,900,0.5,0.1,10,200,50,False
data201.vrp,sa,random,True,44,4192.512211494158,6,1201.6901913762963,38,2990.8220201178615,71.33722859335384,186.35635660000116,232677,0.75,1,1000,0.99,0.01,600,0.5,0.3,10,200,50,False
data201.vrp,sa,random,True,44,4192.512211494158,8,2695.6571468272655,36,1496.8550646668923,35.703057955636396,45.6015561000022,127261,0.75,1,1000,0.99,0.01,1000,0.5,0.1,10,200,50,False
data201.vrp,sa,random,True,44,4192.512211494158,8,2620.950445486381,36,1571.561766007777,37.48496573723019,54.980536299997766,168582,0.75,1,1000,0.99,0.01,1000,0.3,0.2,10,200,50,False
data201.vrp,sa,random,True,44,4192.512211494158,9,2781.9129122595214,35,1410.5992992346364,33.645681349892044,18.708554599998024,64141,0.75,1,1000,0.995,0.01,500,0.3,0.2,10,200,50,False
data201.vrp,sa,random,True,44,4192.512211494158,8,2736.9033385553703,36,1455.6088729387875,34.71925183540556,37.86024130000078,100986,0.75,1,1000,0.99,0.01,1000,0.5,0.3,10,200,50,False
data201.vrp,sa,random,True,44,4192.512211494158,8,2793.3807185627447,36,1399.131492931413,33.372150690356136,12.02607419999913,34557,0.75,1,1000,0.995,0.01,500,0.5,0.2,10,200,50,False
data201.vrp,sa,random,True,44,4192.512211494158,9,2767.8122329913726,35,1424.6999785027851,33.98201142018952,19.40976909999881,60149,0.75,1,1000,0.995,0.01,500,0.5,0.1,10,200,50,False
data201.vrp,sa,random,True,44,4192.512211494158,8,2716.391215852367,36,1476.1209956417906,35.20850795842333,56.75050829999964,148255,0.75,1,1000,0.99,0.01,1000,0.5,0.2,10,200,50,False
data201.vrp,sa,random,True,44,4192.512211494158,8,2760.275481021024,36,1432.2367304731338,34.16177838543976,25.255182500000956,64977,0.75,1,1000,0.995,0.01,500,0.5,0.3,10,200,50,False
data201.vrp,sa,random,True,44,4192.512211494158,8,2646.0066832924394,36,1546.5055282017183,36.88732316537639,35.681253700000525,107381,0.75,1,1000,0.995,0.01,500,0.3,0.3,10,200,50,False
data201.vrp,sa,random,True,44,4192.512211494158,9,2806.268124757411,35,1386.2440867367468,33.06475966691835,22.089982800000143,71033,0.75,1,1000,0.995,0.01,600,0.3,0.2,10,200,50,False
data201.vrp,sa,random,True,44,4192.512211494158,9,2794.9104599548377,35,1397.60175153932,33.33566322615987,18.409828600000765,58598,0.75,1,1000,0.995,0.01,600,0.5,0.1,10,200,50,False
data201.vrp,sa,random,True,44,4192.512211494158,9,2871.0394780279194,35,1321.4727334662384,31.519830278449742,24.519582900000387,78565,0.75,1,1000,0.995,0.01,600,0.3,0.3,10,200,50,False
data201.vrp,sa,random,True,44,4192.512211494158,9,2809.7288495801977,35,1382.78336191396,32.98221429440163,17.944261300002836,56228,0.75,1,1000,0.995,0.01,600,0.5,0.2,10,200,50,False
data201.vrp,sa,random,True,44,4192.512211494158,7,2695.1980865704013,37,1497.3141249237565,35.714007482643275,44.525509399998555,132180,0.75,1,1000,0.995,0.01,600,0.3,0.1,10,200,50,False
data201.vrp,sa,random,True,44,4192.512211494158,9,2853.8978965246647,35,1338.614314969493,31.92869209300235,17.135480500000995,58043,0.75,1,1000,0.995,0.01,700,0.3,0.3,10,200,50,False
data201.vrp,sa,random,True,44,4192.512211494158,8,2771.2481820697944,36,1421.2640294243633,33.90005699990181,30.76193670000066,98757,0.75,1,1000,0.995,0.01,700,0.3,0.1,10,200,50,False
data201.vrp,sa,random,True,44,4192.512211494158,8,2767.7605616986657,36,1424.751649795492,33.98324388631247,28.723204900001292,88393,0.75,1,1000,0.995,0.01,700,0.3,0.2,10,200,50,False
data201.vrp,sa,random,True,44,4192.512211494158,8,2795.628594298436,36,1396.8836171957219,33.318534251755715,24.161693699999887,71854,0.75,1,1000,0.995,0.01,700,0.5,0.1,10,200,50,False
data201.vrp,sa,random,True,44,4192.512211494158,8,2708.3028885631234,36,1484.2093229310344,35.40143112432537,49.06805069999973,134444,0.75,1,1000,0.995,0.01,600,0.5,0.3,10,200,50,False
data201.vrp,sa,random,True,44,4192.512211494158,8,2721.8178619076352,36,1470.6943495865225,35.07907133948182,31.785024200002226,90322,0.75,1,1000,0.995,0.01,700,0.5,0.3,10,200,50,False
data201.vrp,sa,random,True,44,4192.512211494158,9,2742.3908213687273,35,1450.1213901254305,34.58836413522635,24.010441799997352,76603,0.75,1,1000,0.995,0.01,800,0.5,0.1,10,200,50,False
data201.vrp,sa,random,True,44,4192.512211494158,8,2779.0997185437523,36,1413.4124929504055,33.71278177975022,26.816603399998712,85344,0.75,1,1000,0.995,0.01,800,0.3,0.2,10,200,50,False
data201.vrp,sa,random,True,44,4192.512211494158,8,2802.755378611196,36,1389.7568328829616,33.14854585450736,45.14862090000315,126641,0.75,1,1000,0.995,0.01,700,0.5,0.2,10,200,50,False
data201.vrp,sa,random,True,44,4192.512211494158,9,2811.049560175956,35,1381.462651318202,32.95071264266792,33.2201378000027,112644,0.75,1,1000,0.995,0.01,800,0.3,0.3,10,200,50,False
data201.vrp,sa,random,True,44,4192.512211494158,8,2758.4708434299264,36,1434.0413680642314,34.20482268680518,50.939831499999855,169993,0.75,1,1000,0.995,0.01,800,0.3,0.1,10,200,50,False
data201.vrp,sa,random,True,44,4192.512211494158,8,2765.9061161518894,36,1426.6060953422684,34.02747620939771,35.87098509999851,101658,0.75,1,1000,0.995,0.01,800,0.5,0.2,10,200,50,False
data201.vrp,sa,random,True,44,4192.512211494158,8,2745.971599370125,36,1446.5406121240326,34.5029552486027,30.99291919999814,87541,0.75,1,1000,0.995,0.01,800,0.5,0.3,10,200,50,False
data201.vrp,sa,random,True,44,4192.512211494158,8,2749.741851794351,36,1442.7703596998067,34.41302700906438,28.92677840000033,91538,0.75,1,1000,0.995,0.01,900,0.3,0.2,10,200,50,False
data201.vrp,sa,random,True,44,4192.512211494158,8,2730.0253175784624,36,1462.4868939156954,34.8833067177754,34.21337920000224,105529,0.75,1,1000,0.995,0.01,900,0.3,0.3,10,200,50,False
data201.vrp,sa,random,True,44,4192.512211494158,8,2717.113325752076,36,1475.3988857420818,35.191284158866374,42.58063129999937,139319,0.75,1,1000,0.995,0.01,900,0.3,0.1,10,200,50,False
data201.vrp,sa,random,True,44,4192.512211494158,9,2842.096642362086,35,1350.4155691320716,32.21017616668553,31.30231669999921,106709,0.75,1,1000,0.995,0.01,1000,0.3,0.1,10,200,50,False
data201.vrp,sa,random,True,44,4192.512211494158,8,2705.323565083744,36,1487.1886464104136,35.472494089179975,44.46118550000028,124958,0.75,1,1000,0.995,0.01,900,0.5,0.2,10,200,50,False
data201.vrp,sa,random,True,44,4192.512211494158,9,2800.19539531684,35,1392.3168161773178,33.20960669739144,26.149434499999188,88809,0.75,1,1000,0.995,0.01,1000,0.3,0.3,10,200,50,False
data201.vrp,sa,random,True,44,4192.512211494158,7,2646.3054003795705,37,1546.2068111145873,36.88019815125449,58.04975420000119,142652,0.75,1,1000,0.995,0.01,900,0.5,0.1,10,200,50,False
data201.vrp,sa,random,True,44,4192.512211494158,8,2763.5451122928944,36,1428.9670992012634,34.08379098535762,58.83724660000007,163413,0.75,1,1000,0.995,0.01,900,0.5,0.3,10,200,50,False
data201.vrp,sa,random,True,44,4192.512211494158,9,2766.284408042783,35,1426.2278034513747,34.018453173284506,30.21889689999807,89817,0.75,1,1000,0.995,0.01,1000,0.5,0.2,10,200,50,False
data201.vrp,sa,random,True,44,4192.512211494158,7,2622.100169736515,37,1570.4120417576428,37.45754245991732,64.53880009999921,186969,0.75,1,1000,0.995,0.01,1000,0.3,0.2,10,200,50,False
data201.vrp,sa,random,True,44,4192.512211494158,7,2669.5201886737655,37,1522.9920228203923,36.326477920445164,52.88888130000123,130193,0.75,1,1000,0.995,0.01,1000,0.5,0.1,10,200,50,False
data201.vrp,sa,random,True,44,4192.512211494158,7,2649.290747229583,37,1543.221464264575,36.808991516678034,48.42559650000112,121169,0.75,1,1000,0.995,0.01,1000,0.5,0.3,10,200,50,False
data201.vrp,sa,random,True,44,4192.512211494158,6,1201.5752755671447,38,2990.936935927013,71.3399695706809,293.8081340000026,348419,0.75,1,1000,0.99,0.01,900,0.5,0.3,10,200,50,False
data201.vrp,sa,random,True,44,4192.512211494158,7,1222.2200707333661,37,2970.292140760792,70.84754893778157,56.1113557,45554,0.75,1,100,0.97,0.01,800,0.6,0.2,10,200,50,False
data201.vrp,sa,random,True,44,4192.512211494158,7,1212.8861032183627,37,2979.626108275795,71.07018317339366,56.1399858,47625,0.75,1,100,0.97,0.01,800,0.6,0.1,10,200,50,False
data201.vrp,sa,random,True,44,4192.512211494158,7,1208.7494634623374,37,2983.7627480318206,71.16885050093738,65.8969198,44144,0.75,1,100,0.97,0.01,800,0.8,0.1,10,200,50,False
data201.vrp,sa,random,True,44,4192.512211494158,7,1231.488600643212,37,2961.0236108509457,70.62647552302954,73.614326,43372,0.75,1,100,0.97,0.01,800,0.7,0.2,10,200,50,False
data201.vrp,sa,random,True,44,4192.512211494158,7,1199.378171951898,37,2993.13403954226,71.39237499025782,75.0930618,59578,0.75,1,100,0.97,0.01,1000,0.6,0.1,10,200,50,False
data201.vrp,sa,random,True,44,4192.512211494158,6,1217.3770961770063,38,2975.1351153171518,70.96306379646421,77.48934679999999,41133,0.75,1,100,0.97,0.01,800,0.8,0.2,10,200,50,False
data201.vrp,sa,random,True,44,4192.512211494158,6,1223.6579626126165,38,2968.854248881541,70.81325227251942,78.77156219999999,45407,0.75,1,100,0.97,0.01,800,0.7,0.1,10,200,50,False
data201.vrp,sa,random,True,44,4192.512211494158,7,1207.4280764876107,37,2985.084135006547,71.2003682856943,87.3742475,56670,0.75,1,100,0.97,0.01,1000,0.6,0.2,10,200,50,False
data201.vrp,sa,random,True,44,4192.512211494158,7,1224.374252420621,37,2968.137959073537,70.79616729406568,79.27807010000001,56823,0.75,1,100,0.97,0.01,1000,0.7,0.1,10,200,50,False
data201.vrp,sa,random,True,44,4192.512211494158,7,1195.4561374551931,37,2997.0560740389647,71.4859235429836,91.97766279999999,54727,0.75,1,100,0.97,0.01,1000,0.8,0.1,10,200,50,False
data201.vrp,sa,random,True,44,4192.512211494158,6,1216.8688162463334,38,2975.6433952478246,70.97518731346385,105.33050270000001,54461,0.75,1,100,0.97,0.01,1000,0.7,0.2,10,200,50,False
data201.vrp,sa,random,True,44,4192.512211494158,8,1222.1015126895325,36,2970.410698804625,70.8503767898629,87.7445715,71280,0.75,1,100,0.97,0.01,1200,0.6,0.1,10,200,50,False
data201.vrp,sa,random,True,44,4192.512211494158,7,1213.0336620940031,37,2979.4785494001544,71.06666359209736,90.8241617,52032,0.75,1,100,0.97,0.01,1000,0.8,0.2,10,200,50,False
data201.vrp,sa,random,True,44,4192.512211494158,7,1207.2032268215496,37,2985.308984672608,71.2057314105874,92.78367159999999,68087,0.75,1,100,0.97,0.01,1200,0.7,0.1,10,200,50,False
data201.vrp,sa,random,True,44,4192.512211494158,7,1217.703315739655,37,2974.808895754503,70.9552827919926,102.68872329999999,65061,0.75,1,100,0.97,0.01,1200,0.7,0.2,10,200,50,False
data201.vrp,sa,random,True,44,4192.512211494158,6,1203.06051004646,38,2989.451701447698,71.3045436874779,114.78853120000001,67773,0.75,1,100,0.97,0.01,1200,0.6,0.2,10,200,50,False
data201.vrp,sa,random,True,44,4192.512211494158,7,1182.6039791853234,37,3009.908232308834,71.79247383124833,90.76029869999999,67868,0.75,1,100,0.98,0.01,800,0.6,0.2,10,200,50,False
data201.vrp,sa,random,True,44,4192.512211494158,7,1192.8684679123203,37,2999.6437435818375,71.54764475957967,92.4930742,71268,0.75,1,100,0.98,0.01,800,0.6,0.1,10,200,50,False
data201.vrp,sa,random,True,44,4192.512211494158,7,1199.386168731582,37,2993.1260427625757,71.39218425068972,94.08353069999998,69088,0.75,1,100,0.98,0.01,800,0.7,0.1,10,200,50,False
data201.vrp,sa,random,True,44,4192.512211494158,7,1201.8500458575074,37,2990.6621656366506,71.33341573669065,125.6981112,66052,0.75,1,100,0.97,0.01,1200,0.8,0.1,10,200,50,False
data201.vrp,sa,random,True,44,4192.512211494158,7,1212.1071964628993,37,2980.4050150312587,71.08876169424634,96.3489351,64837,0.75,1,100,0.98,0.01,800,0.7,0.2,10,200,50,False
data201.vrp,sa,random,True,44,4192.512211494158,7,1246.801931497679,37,2945.7102799964787,70.26122122961367,111.15826639999997,62214,0.75,1,100,0.97,0.01,1200,0.8,0.2,10,200,50,False
data201.vrp,sa,random,True,44,4192.512211494158,7,1230.2063611033905,37,2962.3058503907673,70.65705956131346,92.1219606,61785,0.75,1,100,0.98,0.01,800,0.8,0.2,10,200,50,False
data201.vrp,sa,random,True,44,4192.512211494158,7,1212.7075318783232,37,2979.8046796158346,71.07444246546083,115.94189049999997,66351,0.75,1,100,0.98,0.01,800,0.8,0.1,10,200,50,False
data201.vrp,sa,random,True,44,4192.512211494158,7,1197.590195862331,37,2994.922015631827,71.43502188069895,117.68959679999998,84829,0.75,1,100,0.98,0.01,1000,0.6,0.2,10,200,50,False
data201.vrp,sa,random,True,44,4192.512211494158,7,1212.0408336159453,37,2980.4713778782125,71.09034458401757,113.37651929999998,85886,0.75,1,100,0.98,0.01,1000,0.7,0.1,10,200,50,False
data201.vrp,sa,random,True,44,4192.512211494158,6,1218.4848288407507,38,2974.027382653407,70.93664210446038,122.45080600000003,89093,0.75,1,100,0.98,0.01,1000,0.6,0.1,10,200,50,False
data201.vrp,sa,random,True,44,4192.512211494158,7,1200.9825100771332,37,2991.5297014170246,71.35410824124664,106.6202935,106878,0.75,1,100,0.98,0.01,1200,0.6,0.1,10,200,50,False
data201.vrp,sa,random,True,44,4192.512211494158,7,1203.840821409232,37,2988.671390084926,71.28593166386513,127.34187529999997,82339,0.75,1,100,0.98,0.01,1000,0.8,0.1,10,200,50,False
data201.vrp,sa,random,True,44,4192.512211494158,6,1211.672296617345,38,2980.839914876813,71.09913494597741,134.2062689,81550,0.75,1,100,0.98,0.01,1000,0.7,0.2,10,200,50,False
data201.vrp,sa,random,True,44,4192.512211494158,7,1220.187032529283,37,2972.325178964875,70.89604106139446,127.91376460000004,77528,0.75,1,100,0.98,0.01,1000,0.8,0.2,10,200,50,False
data201.vrp,sa,random,True,44,4192.512211494158,6,1218.5418045764363,38,2973.9704069177214,70.93528311651205,149.02833979999997,101963,0.75,1,100,0.98,0.01,1200,0.6,0.2,10,200,50,False
data201.vrp,sa,random,True,44,4192.512211494158,7,1220.2384049579823,37,2972.2738065361755,70.89481572378999,68.82203439999995,57447,0.75,1,150,0.97,0.01,800,0.6,0.1,10,200,50,False
data201.vrp,sa,random,True,44,4192.512211494158,7,1208.5720361651713,37,2983.9401753289867,71.1730825052397,72.3706469,55686,0.75,1,150,0.97,0.01,800,0.6,0.2,10,200,50,False
data201.vrp,sa,random,True,44,4192.512211494158,7,1217.7749222285267,37,2974.7372892656313,70.95357483062578,72.48867729999995,55415,0.75,1,150,0.97,0.01,800,0.7,0.1,10,200,50,False
data201.vrp,sa,random,True,44,4192.512211494158,7,1182.458384834238,37,3010.0538266599197,71.79594655461182,148.01577089999995,102608,0.75,1,100,0.98,0.01,1200,0.7,0.1,10,200,50,False
data201.vrp,sa,random,True,44,4192.512211494158,7,1203.467848215041,37,2989.0443632791166,71.29482783817247,156.1061456,98733,0.75,1,100,0.98,0.01,1200,0.7,0.2,10,200,50,False
data201.vrp,sa,random,True,44,4192.512211494158,7,1222.7031124221437,37,2969.809099072014,70.83602740452392,74.94946060000001,53041,0.75,1,150,0.97,0.01,800,0.7,0.2,10,200,50,False
data201.vrp,sa,random,True,44,4192.512211494158,7,1204.8907038484597,37,2987.6215076456983,71.26088981815865,145.8083906,93474,0.75,1,100,0.98,0.01,1200,0.8,0.2,10,200,50,False
data201.vrp,sa,random,True,44,4192.512211494158,6,1206.1649851054603,38,2986.3472263886974,71.23049560121379,163.32631099999998,97987,0.75,1,100,0.98,0.01,1200,0.8,0.1,10,200,50,False
data201.vrp,sa,random,True,44,4192.512211494158,7,1241.231250919166,37,2951.2809605749917,70.39409336683107,78.58391069999993,53698,0.75,1,150,0.97,0.01,800,0.8,0.1,10,200,50,False
data201.vrp,sa,random,True,44,4192.512211494158,7,1232.5031258301703,37,2960.009085663987,70.60227702018017,78.36635109999997,50855,0.75,1,150,0.97,0.01,800,0.8,0.2,10,200,50,False
data201.vrp,sa,random,True,44,4192.512211494158,6,1229.3012949891947,38,2963.2109165049633,70.67864724117078,83.99870520000002,71262,0.75,1,150,0.97,0.01,1000,0.6,0.1,10,200,50,False
data201.vrp,sa,random,True,44,4192.512211494158,8,1193.030657259442,36,2999.481554234716,71.5437762115841,77.77593349999995,68368,0.75,1,150,0.97,0.01,1000,0.6,0.2,10,200,50,False
data201.vrp,sa,random,True,44,4192.512211494158,7,1220.0201195983059,37,2972.492091895852,70.90002227653605,91.1905332,66357,0.75,1,150,0.97,0.01,1000,0.7,0.2,10,200,50,False
data201.vrp,sa,random,True,44,4192.512211494158,7,1241.3001539409768,37,2951.212057553181,70.39244988868873,98.21757479999997,70248,0.75,1,150,0.97,0.01,1000,0.7,0.1,10,200,50,False
data201.vrp,sa,random,True,44,4192.512211494158,8,1206.0157547189403,36,2986.4964567752177,71.23405505146683,90.29169419999994,82075,0.75,1,150,0.97,0.01,1200,0.6,0.2,10,200,50,False
data201.vrp,sa,random,True,44,4192.512211494158,7,1210.0750147736815,37,2982.437196720476,71.13723338822604,104.10054009999999,67197,0.75,1,150,0.97,0.01,1000,0.8,0.1,10,200,50,False
data201.vrp,sa,random,True,44,4192.512211494158,7,1206.8073510839836,37,2985.704860410174,71.21517385744494,106.3300276,63437,0.75,1,150,0.97,0.01,1000,0.8,0.2,10,200,50,False
data201.vrp,sa,random,True,44,4192.512211494158,6,1232.1353056902653,38,2960.3769058038924,70.61105028359242,107.23582540000007,86752,0.75,1,150,0.97,0.01,1200,0.6,0.1,10,200,50,False
data201.vrp,sa,random,True,44,4192.512211494158,6,1182.618547066656,38,3009.893664427502,71.79212635745226,131.38576949999992,83634,0.75,1,150,0.97,0.01,1200,0.7,0.1,10,200,50,False
data201.vrp,sa,random,True,44,4192.512211494158,6,1196.5367497888146,38,2995.975461705343,71.4601487263794,121.77321870000003,79339,0.75,1,150,0.97,0.01,1200,0.7,0.2,10,200,50,False
data201.vrp,sa,random,True,44,4192.512211494158,6,1196.882017785105,38,2995.630193709053,71.45191337776566,96.18530249999992,82634,0.75,1,150,0.98,0.01,800,0.6,0.2,10,200,50,False
data201.vrp,sa,random,True,44,4192.512211494158,6,1213.3653140253944,38,2979.146897468763,71.05875301450901,102.85424890000002,85969,0.75,1,150,0.98,0.01,800,0.6,0.1,10,200,50,False
data201.vrp,sa,random,True,44,4192.512211494158,7,1245.0439390186973,37,2947.4682724754603,70.30315294955386,121.41421200000002,80905,0.75,1,150,0.97,0.01,1200,0.8,0.1,10,200,50,False
data201.vrp,sa,random,True,44,4192.512211494158,7,1194.0905838092847,37,2998.421627684873,71.51849479327512,102.07077360000005,83870,0.75,1,150,0.98,0.01,800,0.7,0.1,10,200,50,False
data201.vrp,sa,random,True,44,4192.512211494158,7,1215.240339689528,37,2977.27187180463,71.01402981348905,100.1161072000001,79654,0.75,1,150,0.98,0.01,800,0.7,0.2,10,200,50,False
data201.vrp,sa,random,True,44,4192.512211494158,6,1218.5311017634192,38,2973.9811097307384,70.93553840051545,143.06639189999999,76324,0.75,1,150,0.97,0.01,1200,0.8,0.2,10,200,50,False
data201.vrp,sa,random,True,44,4192.512211494158,7,1212.9296695810954,37,2979.5825419130624,71.06914402644465,107.50303029999998,80211,0.75,1,150,0.98,0.01,800,0.8,0.1,10,200,50,False
data201.vrp,sa,random,True,44,4192.512211494158,7,1211.7406623864417,37,2980.771549107716,71.09750428241226,117.35779430000002,107705,0.75,1,150,0.98,0.01,1000,0.6,0.1,10,200,50,False
data201.vrp,sa,random,True,44,4192.512211494158,7,1215.8801655983307,37,2976.632045895827,70.99876865558355,121.42023569999992,103990,0.75,1,150,0.98,0.01,1000,0.7,0.1,10,200,50,False
data201.vrp,sa,random,True,44,4192.512211494158,6,1245.7690879617837,38,2946.743123532374,70.28585666259018,147.2323748,76798,0.75,1,150,0.98,0.01,800,0.8,0.2,10,200,50,False
data201.vrp,sa,random,True,44,4192.512211494158,7,1217.1672529551809,37,2975.344958538977,70.96806898693808,132.89387639999995,104572,0.75,1,150,0.98,0.01,1000,0.6,0.2,10,200,50,False
data201.vrp,sa,random,True,44,4192.512211494158,7,1199.5407360738118,37,2992.971475420346,71.38849750311614,145.75025140000002,100403,0.75,1,150,0.98,0.01,1000,0.8,0.1,10,200,50,False
data201.vrp,sa,random,True,44,4192.512211494158,7,1240.858090797986,37,2951.654120696172,70.40299399972982,131.37538329999995,95131,0.75,1,150,0.98,0.01,1000,0.8,0.2,10,200,50,False
data201.vrp,sa,random,True,44,4192.512211494158,6,1185.478539568903,38,3007.0336719252546,71.72390968072068,172.80653659999996,100565,0.75,1,150,0.98,0.01,1000,0.7,0.2,10,200,50,False
data201.vrp,sa,random,True,44,4192.512211494158,7,1255.9724654819745,37,2936.539746012183,70.04248521832302,152.98527279999996,129009,0.75,1,150,0.98,0.01,1200,0.6,0.1,10,200,50,False
data201.vrp,sa,random,True,44,4192.512211494158,7,1213.1812468289481,37,2979.3309646652096,71.06314339400372,70.49781429999996,64219,0.75,1,200,0.97,0.01,800,0.6,0.1,10,200,50,False
data201.vrp,sa,random,True,44,4192.512211494158,7,1197.2707334256443,37,2995.2414780685135,71.4426417138818,74.18417490000002,62605,0.75,1,200,0.97,0.01,800,0.6,0.2,10,200,50,False
data201.vrp,sa,random,True,44,4192.512211494158,7,1219.883983465275,37,2972.628228028883,70.90326940203416,73.8343314,62687,0.75,1,200,0.97,0.01,800,0.7,0.1,10,200,50,False
data201.vrp,sa,random,True,44,4192.512211494158,6,1199.2984328681127,38,2993.213778626045,71.394276930664,165.91336490000003,123243,0.75,1,150,0.98,0.01,1200,0.6,0.2,10,200,50,False
data201.vrp,sa,random,True,44,4192.512211494158,6,1218.6120678602645,38,2973.900143633893,70.93360719333559,170.22112879999997,124462,0.75,1,150,0.98,0.01,1200,0.7,0.1,10,200,50,False
data201.vrp,sa,random,True,44,4192.512211494158,7,1223.6345813092119,37,2968.8776301849457,70.81380996447655,75.4290377000001,60178,0.75,1,200,0.97,0.01,800,0.7,0.2,10,200,50,False
data201.vrp,sa,random,True,44,4192.512211494158,7,1212.810237473746,37,2979.701974020412,71.0719927267304,179.55156450000004,121200,0.75,1,150,0.98,0.01,1200,0.8,0.1,10,200,50,False
data201.vrp,sa,random,True,44,4192.512211494158,6,1182.0852240270406,38,3010.426987467117,71.80484720387348,188.2225827000001,119854,0.75,1,150,0.98,0.01,1200,0.7,0.2,10,200,50,False
data201.vrp,sa,random,True,44,4192.512211494158,7,1234.4809129960813,37,2958.0312984980765,70.55510274694875,84.58870510000008,60998,0.75,1,200,0.97,0.01,800,0.8,0.1,10,200,50,False
data201.vrp,sa,random,True,44,4192.512211494158,7,1224.8376771526598,37,2967.6745343414977,70.78511366539006,74.27752809999993,58469,0.75,1,200,0.97,0.01,800,0.8,0.2,10,200,50,False
data201.vrp,sa,random,True,44,4192.512211494158,6,1233.2578292525654,38,2959.2543822415923,70.58427579837512,199.31953620000013,115451,0.75,1,150,0.98,0.01,1200,0.8,0.2,10,200,50,False
data201.vrp,sa,random,True,44,4192.512211494158,7,1221.8248192954122,37,2970.6873921987453,70.85697649381515,81.35620110000002,80782,0.75,1,200,0.97,0.01,1000,0.6,0.1,10,200,50,False
data201.vrp,sa,random,True,44,4192.512211494158,6,1227.0731999065938,38,2965.439011587564,70.73179187069606,97.5209777,78068,0.75,1,200,0.97,0.01,1000,0.6,0.2,10,200,50,False
data201.vrp,sa,random,True,44,4192.512211494158,7,1196.9487435491237,37,2995.563467945034,71.45032183167937,99.87533450000001,78136,0.75,1,200,0.97,0.01,1000,0.7,0.1,10,200,50,False
data201.vrp,sa,random,True,44,4192.512211494158,7,1194.3133732751378,37,2998.19883821902,71.51318080837505,102.57870739999998,75195,0.75,1,200,0.97,0.01,1000,0.8,0.1,10,200,50,False
data201.vrp,sa,random,True,44,4192.512211494158,6,1237.5710676724125,38,2954.9411438217453,70.48139623113087,107.26275759999999,75338,0.75,1,200,0.97,0.01,1000,0.7,0.2,10,200,50,False
data201.vrp,sa,random,True,44,4192.512211494158,7,1236.8605905191655,37,2955.6516209749925,70.49834256586783,88.02851989999999,96412,0.75,1,200,0.97,0.01,1200,0.6,0.1,10,200,50,False
data201.vrp,sa,random,True,44,4192.512211494158,7,1208.48939761679,37,2984.0228138773678,71.17505360381288,110.5649347000001,93250,0.75,1,200,0.97,0.01,1200,0.6,0.2,10,200,50,False
data201.vrp,sa,random,True,44,4192.512211494158,6,1260.8332544937552,38,2931.6789570004025,69.92654544840526,128.27698050000004,72272,0.75,1,200,0.97,0.01,1000,0.8,0.2,10,200,50,False
data201.vrp,sa,random,True,44,4192.512211494158,7,1199.6820792664923,37,2992.8301322276657,71.38512617858444,110.52286649999996,93698,0.75,1,200,0.97,0.01,1200,0.7,0.1,10,200,50,False
data201.vrp,sa,random,True,44,4192.512211494158,7,1200.8351666943793,37,2991.6770447997787,71.3576226825964,110.43627700000002,90506,0.75,1,200,0.97,0.01,1200,0.7,0.2,10,200,50,False
data201.vrp,sa,random,True,44,4192.512211494158,7,1195.3354428029907,37,2997.176768691167,71.48880235754905,97.11472630000003,97541,0.75,1,200,0.98,0.01,800,0.6,0.1,10,200,50,False
data201.vrp,sa,random,True,44,4192.512211494158,7,1216.096653605311,37,2976.4155578888467,70.9936049733792,118.37207230000013,90992,0.75,1,200,0.97,0.01,1200,0.8,0.1,10,200,50,False
data201.vrp,sa,random,True,44,4192.512211494158,7,1216.236404837101,37,2976.275806657057,70.99027162037413,115.50044400000002,87633,0.75,1,200,0.97,0.01,1200,0.8,0.2,10,200,50,False
data201.vrp,sa,random,True,44,4192.512211494158,7,1218.9449793808026,37,2973.567232113355,70.92566657196721,107.81439620000015,93613,0.75,1,200,0.98,0.01,800,0.6,0.2,10,200,50,False
data201.vrp,sa,random,True,44,4192.512211494158,7,1229.465171446492,37,2963.047040047666,70.67473845214333,96.79894660000014,94494,0.75,1,200,0.98,0.01,800,0.7,0.1,10,200,50,False
data201.vrp,sa,random,True,44,4192.512211494158,6,1201.2997134705765,38,2991.2124980235812,71.3465422908703,113.10744410000007,90671,0.75,1,200,0.98,0.01,800,0.7,0.2,10,200,50,False
data201.vrp,sa,random,True,44,4192.512211494158,6,1231.9405924014004,38,2960.5716190927574,70.61569459418814,123.14131299999985,90882,0.75,1,200,0.98,0.01,800,0.8,0.1,10,200,50,False
data201.vrp,sa,random,True,44,4192.512211494158,7,1176.4833819533171,37,3016.028829540841,71.93846260655175,114.07202429999984,120484,0.75,1,200,0.98,0.01,1000,0.6,0.1,10,200,50,False
data201.vrp,sa,random,True,44,4192.512211494158,5,1275.894390720387,39,2916.6178207737707,69.56730651320692,149.55939650000005,87414,0.75,1,200,0.98,0.01,800,0.8,0.2,10,200,50,False
data201.vrp,sa,random,True,44,4192.512211494158,7,1202.067251956285,37,2990.444959537873,71.3282349265267,122.9807073999998,117261,0.75,1,200,0.98,0.01,1000,0.7,0.1,10,200,50,False
data201.vrp,sa,random,True,44,4192.512211494158,7,1176.2001026465173,37,3016.3121088476405,71.9452193980054,138.81825389999995,116508,0.75,1,200,0.98,0.01,1000,0.6,0.2,10,200,50,False
data201.vrp,sa,random,True,44,4192.512211494158,6,1199.6530037037742,38,2992.8592077903836,71.3858196902846,151.92425430000003,113455,0.75,1,200,0.98,0.01,1000,0.7,0.2,10,200,50,False
data201.vrp,sa,random,True,44,4192.512211494158,6,1256.0914834364755,38,2936.420728057682,70.03964639643064,138.18345850000014,110437,0.75,1,200,0.98,0.01,1000,0.8,0.2,10,200,50,False
data201.vrp,sa,random,True,44,4192.512211494158,6,1204.9989883757062,38,2987.5132231184516,71.2583070104819,172.63911899999994,114249,0.75,1,200,0.98,0.01,1000,0.8,0.1,10,200,50,False
data201.vrp,sa,random,True,44,4192.512211494158,6,1206.245852239557,38,2986.2663592546005,71.22856675449809,149.44519319999995,144379,0.75,1,200,0.98,0.01,1200,0.6,0.1,10,200,50,False
data201.vrp,sa,random,True,44,4192.512211494158,8,1187.8823577423236,36,3004.629853751834,71.66657369570362,59.835992799999985,69572,0.75,1,250,0.97,0.01,800,0.6,0.1,10,200,50,False
data201.vrp,sa,random,True,44,4192.512211494158,8,1227.5783093341734,36,2964.9339021599844,70.71974397668647,59.702468799999906,68652,0.75,1,250,0.97,0.01,800,0.6,0.2,10,200,50,False
data201.vrp,sa,random,True,44,4192.512211494158,6,1250.564399791796,38,2941.947811702362,70.17147865751569,181.74444419999986,140330,0.75,1,200,0.98,0.01,1200,0.6,0.2,10,200,50,False
data201.vrp,sa,random,True,44,4192.512211494158,6,1234.2286043229947,38,2958.283607171163,70.56112082537904,86.8559385000001,67772,0.75,1,250,0.97,0.01,800,0.7,0.1,10,200,50,False
data201.vrp,sa,random,True,44,4192.512211494158,6,1213.2796162399716,38,2979.232595254186,71.06079708214911,192.18321320000018,140937,0.75,1,200,0.98,0.01,1200,0.7,0.1,10,200,50,False
data201.vrp,sa,random,True,44,4192.512211494158,7,1217.1627451739628,37,2975.349466320195,70.96817650674936,76.33017369999993,66242,0.75,1,250,0.97,0.01,800,0.7,0.2,10,200,50,False
data201.vrp,sa,random,True,44,4192.512211494158,6,1194.237269143628,38,2998.2749423505297,71.51499604772725,203.91662789999987,135517,0.75,1,200,0.98,0.01,1200,0.7,0.2,10,200,50,False
data201.vrp,sa,random,True,44,4192.512211494158,7,1218.908845861616,37,2973.6033656325417,70.92652843037963,173.7506727,131047,0.75,1,200,0.98,0.01,1200,0.8,0.2,10,200,50,False
data201.vrp,sa,random,True,44,4192.512211494158,7,1234.3131534807922,37,2958.1990580133656,70.55910415485948,77.40268760000004,64047,0.75,1,250,0.97,0.01,800,0.8,0.2,10,200,50,False
data201.vrp,sa,random,True,44,4192.512211494158,6,1240.8910357807495,38,2951.6211757134083,70.4022081944393,98.22581439999999,66790,0.75,1,250,0.97,0.01,800,0.8,0.1,10,200,50,False
data201.vrp,sa,random,True,44,4192.512211494158,6,1218.153193098543,38,2974.359018395615,70.94455229590353,232.68201219999992,137281,0.75,1,200,0.98,0.01,1200,0.8,0.1,10,200,50,False
data201.vrp,sa,random,True,44,4192.512211494158,7,1211.7631096333143,37,2980.7491018608434,71.09696886961582,86.81438980000007,87526,0.75,1,250,0.97,0.01,1000,0.6,0.1,10,200,50,False
data201.vrp,sa,random,True,44,4192.512211494158,6,1231.9571736904957,38,2960.5550378036623,70.61529909649465,100.2281430999999,84978,0.75,1,250,0.97,0.01,1000,0.6,0.2,10,200,50,False
data201.vrp,sa,random,True,44,4192.512211494158,7,1235.17132179707,37,2957.3408896970877,70.53863508350115,104.5479965999998,82924,0.75,1,250,0.97,0.01,1000,0.7,0.2,10,200,50,False
data201.vrp,sa,random,True,44,4192.512211494158,6,1231.8608318325528,38,2960.651379661605,70.61759704705706,109.71024030000012,85415,0.75,1,250,0.97,0.01,1000,0.7,0.1,10,200,50,False
data201.vrp,sa,random,True,44,4192.512211494158,7,1235.332999581834,37,2957.179211912324,70.5347787373152,102.82073300000002,82933,0.75,1,250,0.97,0.01,1000,0.8,0.1,10,200,50,False
data201.vrp,sa,random,True,44,4192.512211494158,8,1225.0236147984185,36,2967.488596695739,70.78067867184969,96.95987369999989,79593,0.75,1,250,0.97,0.01,1000,0.8,0.2,10,200,50,False
data201.vrp,sa,random,True,44,4192.512211494158,8,1183.0622523344537,36,3009.449959159704,71.78154307837245,104.29040480000003,105230,0.75,1,250,0.97,0.01,1200,0.6,0.1,10,200,50,False
data201.vrp,sa,random,True,44,4192.512211494158,6,1224.3965756277146,38,2968.115635866443,70.79563483987192,114.41277730000002,101544,0.75,1,250,0.97,0.01,1200,0.6,0.2,10,200,50,False
data201.vrp,sa,random,True,44,4192.512211494158,7,1223.012985158534,37,2969.4992263356235,70.82863630532711,117.92468699999995,103068,0.75,1,250,0.97,0.01,1200,0.7,0.1,10,200,50,False
data201.vrp,sa,random,True,44,4192.512211494158,7,1211.4209522797978,37,2981.09125921436,71.10513002303068,121.25060869999993,98193,0.75,1,250,0.97,0.01,1200,0.7,0.2,10,200,50,False
data201.vrp,sa,random,True,44,4192.512211494158,7,1177.7373731066366,37,3014.7748383875214,71.9085523501217,111.9219101000001,105270,0.75,1,250,0.98,0.01,800,0.6,0.1,10,200,50,False
data201.vrp,sa,random,True,44,4192.512211494158,6,1264.9168164343992,38,2927.5953950597586,69.82914413542998,140.80411440000012,95572,0.75,1,250,0.97,0.01,1200,0.8,0.2,10,200,50,False
data201.vrp,sa,random,True,44,4192.512211494158,6,1203.9185269735217,38,2988.593684520636,71.28407822706232,141.68893930000013,99830,0.75,1,250,0.97,0.01,1200,0.8,0.1,10,200,50,False
data201.vrp,sa,random,True,44,4192.512211494158,7,1194.2165526166557,37,2998.2956588775023,71.5154901793106,111.6915826999998,102055,0.75,1,250,0.98,0.01,800,0.7,0.1,10,200,50,False
data201.vrp,sa,random,True,44,4192.512211494158,6,1231.3187502010308,38,2961.1934612931273,70.63052680382762,127.80000139999993,101856,0.75,1,250,0.98,0.01,800,0.6,0.2,10,200,50,False
data201.vrp,sa,random,True,44,4192.512211494158,6,1212.5632431613474,38,2979.94896833281,71.07788404677764,132.07196670000008,98828,0.75,1,250,0.98,0.01,800,0.7,0.2,10,200,50,False
data201.vrp,sa,random,True,44,4192.512211494158,7,1188.7252632620844,37,3003.7869482320734,71.64646867329128,122.87576250000006,99492,0.75,1,250,0.98,0.01,800,0.8,0.1,10,200,50,False
data201.vrp,sa,random,True,44,4192.512211494158,7,1230.326627958224,37,2962.185583535934,70.65419095059114,104.77838040000006,95223,0.75,1,250,0.98,0.01,800,0.8,0.2,10,200,50,False
data201.vrp,sa,random,True,44,4192.512211494158,6,1222.7326352482196,38,2969.779576245938,70.83532322467694,132.5784152000001,132013,0.75,1,250,0.98,0.01,1000,0.6,0.1,10,200,50,False
data201.vrp,sa,random,True,44,4192.512211494158,7,1209.1797720917602,37,2983.3324394023975,71.1585867591111,140.92613460000007,128797,0.75,1,250,0.98,0.01,1000,0.7,0.1,10,200,50,False
data201.vrp,sa,random,True,44,4192.512211494158,7,1187.674385724675,37,3004.837825769483,71.67153425412677,142.30560519999995,126384,0.75,1,250,0.98,0.01,1000,0.6,0.2,10,200,50,False
data201.vrp,sa,random,True,44,4192.512211494158,6,1216.999232854993,38,2975.512978639165,70.97207661033217,152.9041719999998,123357,0.75,1,250,0.98,0.01,1000,0.7,0.2,10,200,50,False
data201.vrp,sa,random,True,44,4192.512211494158,7,1181.8520005160196,37,3010.660210978138,71.8104100621135,153.8582598999999,124722,0.75,1,250,0.98,0.01,1000,0.8,0.1,10,200,50,False
data201.vrp,sa,random,True,44,4192.512211494158,7,1169.228857197434,37,3023.2833542967237,72.11149787490456,152.8710384000001,158546,0.75,1,250,0.98,0.01,1200,0.6,0.1,10,200,50,False
data201.vrp,sa,random,True,44,4192.512211494158,6,1222.3131835359927,38,2970.199027958165,70.84532800679962,176.83234820000007,120397,0.75,1,250,0.98,0.01,1000,0.8,0.2,10,200,50,False
data201.vrp,sa,random,True,44,4192.512211494158,6,1205.6549705763675,38,2986.8572409177905,71.24266049193719,174.43396269999994,152320,0.75,1,250,0.98,0.01,1200,0.6,0.2,10,200,50,False
data201.vrp,sa,random,True,44,4192.512211494158,7,1187.03544439893,37,3005.476767095228,71.68677431291522,79.31759519999991,74492,0.75,1,300,0.97,0.01,800,0.6,0.1,10,200,50,False
data201.vrp,sa,random,True,44,4192.512211494158,8,1190.4579439635795,36,3002.0542675305783,71.60514069106752,76.75870750000013,71902,0.75,1,300,0.97,0.01,800,0.6,0.2,10,200,50,False
data201.vrp,sa,random,True,44,4192.512211494158,7,1206.3185710786734,37,2986.1936404154844,71.22683226130052,173.29612069999985,154242,0.75,1,250,0.98,0.01,1200,0.7,0.1,10,200,50,False
data201.vrp,sa,random,True,44,4192.512211494158,7,1216.6440588848454,37,2975.8681526093123,70.9805482367039,78.80343170000015,73031,0.75,1,300,0.97,0.01,800,0.7,0.1,10,200,50,False
data201.vrp,sa,random,True,44,4192.512211494158,7,1209.4062792530958,37,2983.105932241062,71.15318409956214,152.7727384000002,143277,0.75,1,250,0.98,0.01,1200,0.8,0.2,10,200,50,False
data201.vrp,sa,random,True,44,4192.512211494158,6,1209.4564629018046,38,2983.055748592353,71.15198711679436,180.1036712,148976,0.75,1,250,0.98,0.01,1200,0.7,0.2,10,200,50,False
data201.vrp,sa,random,True,44,4192.512211494158,7,1204.346100809741,37,2988.1661106844167,71.27387971565317,83.53111489999992,69943,0.75,1,300,0.97,0.01,800,0.7,0.2,10,200,50,False
data201.vrp,sa,random,True,44,4192.512211494158,7,1207.087053666433,37,2985.425157827725,71.20850237819003,87.39391960000012,70303,0.75,1,300,0.97,0.01,800,0.8,0.1,10,200,50,False
data201.vrp,sa,random,True,44,4192.512211494158,6,1180.6645038661384,38,3011.8477076280196,71.83873428849563,199.31899750000002,149055,0.75,1,250,0.98,0.01,1200,0.8,0.1,10,200,50,False
data201.vrp,sa,random,True,44,4192.512211494158,6,1247.0306229941857,38,2945.481588499972,70.25576646919868,92.21729539999978,68445,0.75,1,300,0.97,0.01,800,0.8,0.2,10,200,50,False
data201.vrp,sa,random,True,44,4192.512211494158,6,1244.8052823589753,38,2947.7069291351827,70.30884539951424,110.46883029999981,93325,0.75,1,300,0.97,0.01,1000,0.6,0.1,10,200,50,False
data201.vrp,sa,random,True,44,4192.512211494158,6,1213.3982923654337,38,2979.113919128724,71.05796641357917,109.28541219999988,90441,0.75,1,300,0.97,0.01,1000,0.6,0.2,10,200,50,False
data201.vrp,sa,random,True,44,4192.512211494158,7,1197.1736037970554,37,2995.3386076971024,71.44495845438699,104.84400099999993,88501,0.75,1,300,0.97,0.01,1000,0.7,0.2,10,200,50,False
data201.vrp,sa,random,True,44,4192.512211494158,7,1188.9464889251842,37,3003.565722568974,71.64119198828861,104.38658630000009,88392,0.75,1,300,0.97,0.01,1000,0.8,0.1,10,200,50,False
data201.vrp,sa,random,True,44,4192.512211494158,6,1216.3849727156335,38,2976.1272387785243,70.98672797229302,120.57996580000008,90839,0.75,1,300,0.97,0.01,1000,0.7,0.1,10,200,50,False
data201.vrp,sa,random,True,44,4192.512211494158,7,1212.549161659889,37,2979.9630498342685,71.0782199194179,106.54265579999992,85179,0.75,1,300,0.97,0.01,1000,0.8,0.2,10,200,50,False
data201.vrp,sa,random,True,44,4192.512211494158,6,1242.242301002251,38,2950.2699104919066,70.36997775232402,118.84782919999998,111616,0.75,1,300,0.97,0.01,1200,0.6,0.1,10,200,50,False
data201.vrp,sa,random,True,44,4192.512211494158,7,1211.103280960308,37,2981.40893053385,71.11270713440125,103.66583859999992,107488,0.75,1,300,0.97,0.01,1200,0.6,0.2,10,200,50,False
data201.vrp,sa,random,True,44,4192.512211494158,7,1200.310745937613,37,2992.2014655565445,71.37013119134511,121.64962809999997,108182,0.75,1,300,0.97,0.01,1200,0.7,0.1,10,200,50,False
data201.vrp,sa,random,True,44,4192.512211494158,7,1216.1996361527204,37,2976.3125753414374,70.99114862877687,130.91240459999972,105026,0.75,1,300,0.97,0.01,1200,0.7,0.2,10,200,50,False
data201.vrp,sa,random,True,44,4192.512211494158,7,1194.1367184954438,37,2998.375492998714,71.517394386554,112.51249030000008,112409,0.75,1,300,0.98,0.01,800,0.6,0.1,10,200,50,False
data201.vrp,sa,random,True,44,4192.512211494158,6,1264.0690856142926,38,2928.443125879865,69.84936425113489,132.4093573,103168,0.75,1,300,0.97,0.01,1200,0.8,0.2,10,200,50,False
data201.vrp,sa,random,True,44,4192.512211494158,6,1239.0156352802753,38,2953.4965762138827,70.44694033607344,124.15328309999995,109680,0.75,1,300,0.98,0.01,800,0.6,0.2,10,200,50,False
data201.vrp,sa,random,True,44,4192.512211494158,6,1230.2598071759621,38,2962.2524043181957,70.65578476305706,149.09788350000008,106680,0.75,1,300,0.97,0.01,1200,0.8,0.1,10,200,50,False
data201.vrp,sa,random,True,44,4192.512211494158,6,1207.9383238598984,38,2984.5738876342593,71.18819784118399,119.68684840000014,109443,0.75,1,300,0.98,0.01,800,0.7,0.1,10,200,50,False
data201.vrp,sa,random,True,44,4192.512211494158,6,1213.6734058863462,38,2978.8388056078115,71.05140439283757,135.75468219999993,105593,0.75,1,300,0.98,0.01,800,0.7,0.2,10,200,50,False
data201.vrp,sa,random,True,44,4192.512211494158,7,1216.452104404903,37,2976.060107089255,70.98512674405843,130.29503030000024,106148,0.75,1,300,0.98,0.01,800,0.8,0.1,10,200,50,False
data201.vrp,sa,random,True,44,4192.512211494158,7,1220.9852493129113,37,2971.5269621812467,70.87700195683466,123.61205550000022,102590,0.75,1,300,0.98,0.01,800,0.8,0.2,10,200,50,False
data201.vrp,sa,random,True,44,4192.512211494158,7,1180.1633941960195,37,3012.3488172981383,71.85068678010065,126.49168700000018,140986,0.75,1,300,0.98,0.01,1000,0.6,0.1,10,200,50,False
data201.vrp,sa,random,True,44,4192.512211494158,6,1193.801107219388,38,2998.7111042747697,71.52539940261897,152.11594100000002,136045,0.75,1,300,0.98,0.01,1000,0.6,0.2,10,200,50,False
data201.vrp,sa,random,True,44,4192.512211494158,6,1251.6662876426594,38,2940.8459238514984,70.14519637626574,160.40591040000027,137079,0.75,1,300,0.98,0.01,1000,0.7,0.1,10,200,50,False
data201.vrp,sa,random,True,44,4192.512211494158,6,1189.8219013391495,38,3002.6903101550083,71.62031160989481,160.03991540000015,132399,0.75,1,300,0.98,0.01,1000,0.8,0.1,10,200,50,False
data201.vrp,sa,random,True,44,4192.512211494158,6,1217.7004947994405,38,2974.8117166947172,70.95535007719232,182.15709900000002,133090,0.75,1,300,0.98,0.01,1000,0.7,0.2,10,200,50,False
data201.vrp,sa,random,True,44,4192.512211494158,6,1228.8188997692148,38,2963.6933117249428,70.69015335482399,164.31470910000007,128287,0.75,1,300,0.98,0.01,1000,0.8,0.2,10,200,50,False
data201.vrp,sa,random,True,44,4192.512211494158,6,1195.2347617875844,38,2997.2774497065734,71.49120380590095,154.66843719999997,168837,0.75,1,300,0.98,0.01,1200,0.6,0.1,10,200,50,False
data201.vrp,sa,random,True,44,4192.512211494158,7,1203.523683131582,37,2988.988528362576,71.29349606109648,153.6149045000002,164416,0.75,1,300,0.98,0.01,1200,0.7,0.1,10,200,50,False
data201.vrp,sa,random,True,44,4192.512211494158,7,1223.39894831698,37,2969.113263177178,70.81943029377662,67.45046690000027,78564,0.75,1,350,0.97,0.01,800,0.6,0.1,10,200,50,False
data201.vrp,sa,random,True,44,4192.512211494158,7,1204.6436777301637,37,2987.868533763994,71.26678189684165,174.9683344,163907,0.75,1,300,0.98,0.01,1200,0.6,0.2,10,200,50,False
data201.vrp,sa,random,True,44,4192.512211494158,7,1234.6706404426336,37,2957.841571051524,70.55057735890023,73.78558019999991,76000,0.75,1,350,0.97,0.01,800,0.6,0.2,10,200,50,False
data201.vrp,sa,random,True,44,4192.512211494158,6,1212.9485711680604,38,2979.5636403260974,71.06869318489639,176.1769648999998,158411,0.75,1,300,0.98,0.01,1200,0.7,0.2,10,200,50,False
data201.vrp,sa,random,True,44,4192.512211494158,7,1216.1527406420362,37,2976.3594708521214,70.99226718272062,86.93355889999975,74250,0.75,1,350,0.97,0.01,800,0.7,0.2,10,200,50,False
data201.vrp,sa,random,True,44,4192.512211494158,6,1223.7006120176086,38,2968.8115994765494,70.81223499688991,190.0256377999999,160300,0.75,1,300,0.98,0.01,1200,0.8,0.1,10,200,50,False
data201.vrp,sa,random,True,44,4192.512211494158,7,1229.89482631667,37,2962.6173851774874,70.66449030381354,81.2821799999997,72209,0.75,1,350,0.97,0.01,800,0.8,0.2,10,200,50,False
data201.vrp,sa,random,True,44,4192.512211494158,5,1257.825113225802,39,2934.687098268356,69.99829577651894,107.94524660000025,76375,0.75,1,350,0.97,0.01,800,0.7,0.1,10,200,50,False
data201.vrp,sa,random,True,44,4192.512211494158,6,1224.6634529485505,38,2967.8487585456073,70.78926926936496,184.31682760000012,153820,0.75,1,300,0.98,0.01,1200,0.8,0.2,10,200,50,False
data201.vrp,sa,random,True,44,4192.512211494158,7,1193.8940589421904,37,2998.6181525519673,71.52318231372062,91.61800829999993,98477,0.75,1,350,0.97,0.01,1000,0.6,0.1,10,200,50,False
data201.vrp,sa,random,True,44,4192.512211494158,6,1211.6169010784367,38,2980.895310415721,71.10045624299728,119.99831679999988,75062,0.75,1,350,0.97,0.01,800,0.8,0.1,10,200,50,False
data201.vrp,sa,random,True,44,4192.512211494158,7,1197.180382547474,37,2995.331828946684,71.44479676731068,109.43022149999979,95154,0.75,1,350,0.97,0.01,1000,0.6,0.2,10,200,50,False
data201.vrp,sa,random,True,44,4192.512211494158,7,1184.9084306858958,37,3007.603780808262,71.73750794482218,107.50799569999981,95531,0.75,1,350,0.97,0.01,1000,0.7,0.1,10,200,50,False
data201.vrp,sa,random,True,44,4192.512211494158,7,1190.6593615581903,37,3001.8528499359672,71.60033646905336,116.12885050000023,93653,0.75,1,350,0.97,0.01,1000,0.8,0.1,10,200,50,False
data201.vrp,sa,random,True,44,4192.512211494158,6,1230.887205972115,38,2961.6250055220426,70.64082001723156,125.35150130000011,93200,0.75,1,350,0.97,0.01,1000,0.7,0.2,10,200,50,False
data201.vrp,sa,random,True,44,4192.512211494158,6,1185.8947419025606,38,3006.617469591597,71.71398240292964,132.0852215,117673,0.75,1,350,0.97,0.01,1200,0.6,0.1,10,200,50,False
data201.vrp,sa,random,True,44,4192.512211494158,6,1228.104455666591,38,2964.4077558275667,70.7071943094255,143.4598430000001,89799,0.75,1,350,0.97,0.01,1000,0.8,0.2,10,200,50,False
data201.vrp,sa,random,True,44,4192.512211494158,7,1222.4483545196692,37,2970.0638569744888,70.84210390208966,121.43672650000008,113743,0.75,1,350,0.97,0.01,1200,0.6,0.2,10,200,50,False
data201.vrp,sa,random,True,44,4192.512211494158,7,1188.3117689686217,37,3004.2004425255363,71.65633135877921,132.3830883999999,114508,0.75,1,350,0.97,0.01,1200,0.7,0.1,10,200,50,False
data201.vrp,sa,random,True,44,4192.512211494158,8,1188.037968783179,36,3004.4742427109786,71.66286205378094,109.79501860000028,110654,0.75,1,350,0.97,0.01,1200,0.7,0.2,10,200,50,False
data201.vrp,sa,random,True,44,4192.512211494158,7,1210.3267023203007,37,2982.185509173857,71.13123012493372,112.21090839999988,117547,0.75,1,350,0.98,0.01,800,0.6,0.1,10,200,50,False
data201.vrp,sa,random,True,44,4192.512211494158,7,1219.922558280173,37,2972.589653213985,70.90234931372072,127.4534279999998,108247,0.75,1,350,0.97,0.01,1200,0.8,0.2,10,200,50,False
data201.vrp,sa,random,True,44,4192.512211494158,7,1201.3764069887777,37,2991.1358045053803,71.34471299343879,104.88529620000008,113746,0.75,1,350,0.98,0.01,800,0.6,0.2,10,200,50,False
data201.vrp,sa,random,True,44,4192.512211494158,6,1216.2980799176416,38,2976.214131576516,70.98880054342958,153.0405882,112920,0.75,1,350,0.97,0.01,1200,0.8,0.1,10,200,50,False
data201.vrp,sa,random,True,44,4192.512211494158,9,2718.8213653633075,35,1473.6908461308503,35.15054391709561,18.734165200000007,53610,0.75,1,350,0.98,0.01,1000,0.6,0.2,10,200,50,False
data201.vrp,sa,random,True,44,4192.512211494158,7,1208.5609018581147,37,2983.9513096360433,71.1733480812594,121.71826910000027,111968,0.75,1,350,0.98,0.01,800,0.7,0.2,10,200,50,False
data201.vrp,sa,random,True,44,4192.512211494158,9,2642.341870453256,35,1550.1703410409018,36.97473645493428,25.755321600000116,70131,0.75,1,350,0.98,0.01,1000,0.7,0.2,10,200,50,False
data201.vrp,sa,random,True,44,4192.512211494158,7,1196.2724209843773,37,2996.2397905097805,71.46645350955242,120.75291979999975,112613,0.75,1,350,0.98,0.01,800,0.8,0.1,10,200,50,False
data201.vrp,sa,random,True,44,4192.512211494158,6,1192.2975747890139,38,3000.2146367051437,71.56126172941796,144.2852395,115588,0.75,1,350,0.98,0.01,800,0.7,0.1,10,200,50,False
data201.vrp,sa,random,True,44,4192.512211494158,7,1219.9235680178745,37,2972.5886434762833,70.90232522940919,121.65752280000015,108237,0.75,1,350,0.98,0.01,800,0.8,0.2,10,200,50,False
data201.vrp,sa,random,True,44,4192.512211494158,7,1193.9604398525314,37,2998.551771641626,71.52159899310062,125.21130410000023,147267,0.75,1,350,0.98,0.01,1000,0.6,0.1,10,200,50,False
data201.vrp,sa,random,True,44,4192.512211494158,7,1194.9811571740402,37,2997.5310543201176,71.49725279516446,144.79037610000023,144853,0.75,1,350,0.98,0.01,1000,0.7,0.1,10,200,50,False
data201.vrp,sa,random,True,44,4192.512211494158,7,1197.4567848720246,37,2995.0554266221334,71.43820400596361,143.8803425000001,135448,0.75,1,350,0.98,0.01,1000,0.8,0.2,10,200,50,False
data201.vrp,sa,random,True,44,4192.512211494158,7,1214.842236703096,37,2977.6699747910616,71.0235253847921,164.88570960000015,140491,0.75,1,350,0.98,0.01,1000,0.8,0.1,10,200,50,False
data201.vrp,sa,random,True,44,4192.512211494158,6,1212.1885632870142,38,2980.3236482071434,71.08682092890062,154.50008530000014,177062,0.75,1,350,0.98,0.01,1200,0.6,0.1,10,200,50,False
data201.vrp,sa,random,True,44,4192.512211494158,7,1228.1628057172506,37,2964.349405776907,70.7058025412513,171.32346030000008,173051,0.75,1,350,0.98,0.01,1200,0.6,0.2,10,200,50,False
data201.vrp,sa,random,True,44,4192.512211494158,6,1201.841879168905,38,2990.6703323252527,71.3336105289343,182.6900384999999,173471,0.75,1,350,0.98,0.01,1200,0.7,0.1,10,200,50,False
data201.vrp,sa,greedy,True,15,1984.9558763101602,6,1257.2433372987828,9,727.7125390113774,36.66139624041035,78.16241030000037,47230,0.75,1,100,0.97,0.01,800,0.6,0.1,10,200,50,False
data201.vrp,sa,random,True,44,4192.512211494158,6,1190.2580437608258,38,3002.254167733332,71.60990872017919,186.40891779999993,167304,0.75,1,350,0.98,0.01,1200,0.7,0.2,10,200,50,False
data201.vrp,sa,greedy,True,15,1984.9558763101602,6,1226.249221807319,9,758.7066545028413,38.22284734677343,76.69476480000003,45098,0.75,1,100,0.97,0.01,800,0.6,0.2,10,200,50,False
data201.vrp,sa,greedy,True,15,1984.9558763101602,7,1207.0867019139923,8,777.8691743961679,39.18823504742841,77.87045100000023,46698,0.75,1,100,0.97,0.01,800,0.7,0.1,10,200,50,False
data201.vrp,sa,greedy,True,15,1984.9558763101602,7,1211.736735305899,8,773.2191410042612,38.95397123091725,62.708902899999885,43002,0.75,1,100,0.97,0.01,800,0.7,0.2,10,200,50,False
data201.vrp,sa,random,True,44,4192.512211494158,7,1171.5010660687674,37,3021.01114542539,72.05730104119935,169.9843439000001,167216,0.75,1,350,0.98,0.01,1200,0.8,0.1,10,200,50,False
data201.vrp,sa,greedy,True,15,1984.9558763101602,7,1211.8794903422754,8,773.0763859678848,38.94677938156281,72.02259980000008,43583,0.75,1,100,0.97,0.01,800,0.8,0.1,10,200,50,False
data201.vrp,sa,greedy,True,15,1984.9558763101602,6,1251.377806282973,9,733.5780700271871,36.95689555532274,86.0332742999999,41532,0.75,1,100,0.97,0.01,800,0.8,0.2,10,200,50,False
data201.vrp,sa,random,True,44,4192.512211494158,7,1234.498202017622,37,2958.0140094765356,70.55469036838744,193.05205879999994,163517,0.75,1,350,0.98,0.01,1200,0.8,0.2,10,200,50,False
data201.vrp,sa,greedy,True,15,1984.9558763101602,7,1188.122404416155,8,796.8334718940052,40.14363651121762,85.17806860000019,59559,0.75,1,100,0.97,0.01,1000,0.6,0.1,10,200,50,False
data201.vrp,sa,greedy,True,15,1984.9558763101602,7,1205.1122550070943,8,779.8436213030659,39.28770561654596,87.79812260000017,55927,0.75,1,100,0.97,0.01,1000,0.6,0.2,10,200,50,False
data201.vrp,sa,greedy,True,15,1984.9558763101602,7,1199.1318995153133,8,785.8239767948469,39.588989668405986,88.91426720000027,56713,0.75,1,100,0.97,0.01,1000,0.7,0.1,10,200,50,False
data201.vrp,sa,greedy,True,15,1984.9558763101602,7,1207.150937085023,8,777.8049392251371,39.184998946727255,96.32787640000015,54296,0.75,1,100,0.97,0.01,1000,0.7,0.2,10,200,50,False
data201.vrp,sa,greedy,True,15,1984.9558763101602,7,1213.6794594383555,8,771.2764168718047,38.8560988219815,89.6500646000004,55179,0.75,1,100,0.97,0.01,1000,0.8,0.1,10,200,50,False
data201.vrp,sa,greedy,True,15,1984.9558763101602,7,1225.2788652811146,8,759.6770110290456,38.27173289318709,84.07355270000016,51447,0.75,1,100,0.97,0.01,1000,0.8,0.2,10,200,50,False
data201.vrp,sa,greedy,True,15,1984.9558763101602,7,1221.247857610011,8,763.7080187001493,38.4748108416298,92.99088369999981,69340,0.75,1,100,0.97,0.01,1200,0.7,0.1,10,200,50,False
data201.vrp,sa,greedy,True,15,1984.9558763101602,6,1271.2254267863257,9,713.7304495238345,35.95699320282071,101.37274609999986,71496,0.75,1,100,0.97,0.01,1200,0.6,0.1,10,200,50,False
data201.vrp,sa,greedy,True,15,1984.9558763101602,6,1202.7116938350007,9,782.2441824751595,39.4086433764601,80.82967680000002,68214,0.75,1,100,0.98,0.01,800,0.6,0.2,10,200,50,False
data201.vrp,sa,greedy,True,15,1984.9558763101602,6,1210.0616579681434,9,774.8942183420168,39.038359874400314,124.01634570000033,67725,0.75,1,100,0.97,0.01,1200,0.6,0.2,10,200,50,False
data201.vrp,sa,greedy,True,15,1984.9558763101602,7,1194.5247921144316,8,790.4310841957285,39.82109091840686,94.9899605999999,72695,0.75,1,100,0.98,0.01,800,0.6,0.1,10,200,50,False
data201.vrp,sa,greedy,True,15,1984.9558763101602,8,1195.7731511989127,7,789.1827251112475,39.75819989400779,116.67845020000004,66057,0.75,1,100,0.97,0.01,1200,0.8,0.1,10,200,50,False
data201.vrp,sa,greedy,True,15,1984.9558763101602,6,1243.7836553225802,9,741.17222098758,37.33948093422343,122.63204569999971,62312,0.75,1,100,0.97,0.01,1200,0.8,0.2,10,200,50,False
data201.vrp,sa,greedy,True,15,1984.9558763101602,6,1202.798650062863,9,782.1572262472971,39.40426261269098,150.84664190000012,64969,0.75,1,100,0.97,0.01,1200,0.7,0.2,10,200,50,False
data201.vrp,sa,greedy,True,15,1984.9558763101602,7,1211.0003876985713,8,773.9554886115889,38.991067652863734,96.07577320000019,68545,0.75,1,100,0.98,0.01,800,0.7,0.1,10,200,50,False
data201.vrp,sa,greedy,True,15,1984.9558763101602,7,1217.3415818893502,8,767.61429442081,38.67160492492812,108.17131479999989,65157,0.75,1,100,0.98,0.01,800,0.7,0.2,10,200,50,False
data201.vrp,sa,greedy,True,15,1984.9558763101602,6,1252.4959724940636,9,732.4599038160966,36.900563511651875,97.81144039999981,62243,0.75,1,100,0.98,0.01,800,0.8,0.2,10,200,50,False
data201.vrp,sa,greedy,True,15,1984.9558763101602,7,1210.876717188329,8,774.0791591218313,38.9972980437615,101.39977679999993,65972,0.75,1,100,0.98,0.01,800,0.8,0.1,10,200,50,False
data201.vrp,sa,greedy,True,15,1984.9558763101602,7,1203.7876943521726,8,781.1681819579876,39.354435596326866,106.59889459999977,88699,0.75,1,100,0.98,0.01,1000,0.6,0.1,10,200,50,False
data201.vrp,sa,greedy,True,15,1984.9558763101602,6,1195.5065351786961,9,789.449341131464,39.771631730120546,119.41260620000003,84678,0.75,1,100,0.98,0.01,1000,0.6,0.2,10,200,50,False
data201.vrp,sa,greedy,True,15,1984.9558763101602,7,1203.7965220569265,8,781.1593542532337,39.353990865798636,99.06509230000029,80818,0.75,1,100,0.98,0.01,1000,0.7,0.2,10,200,50,False
data201.vrp,sa,greedy,True,15,1984.9558763101602,7,1186.6710790008576,8,798.2847973093026,40.21675276698021,105.14282270000012,85748,0.75,1,100,0.98,0.01,1000,0.7,0.1,10,200,50,False
data201.vrp,sa,greedy,True,15,1984.9558763101602,6,1229.2065533701555,9,755.7493229400047,38.07386007717558,132.24993190000032,82345,0.75,1,100,0.98,0.01,1000,0.8,0.1,10,200,50,False
data201.vrp,sa,greedy,True,15,1984.9558763101602,6,1218.5057827702965,9,766.4500935398637,38.61295370276038,120.48840120000023,77738,0.75,1,100,0.98,0.01,1000,0.8,0.2,10,200,50,False
data201.vrp,sa,greedy,True,15,1984.9558763101602,6,1195.2082052941698,9,789.7476710159904,39.78666127753199,156.06126870000026,101473,0.75,1,100,0.98,0.01,1200,0.6,0.2,10,200,50,False
data201.vrp,sa,greedy,True,15,1984.9558763101602,6,1211.0208493987545,9,773.9350269114057,38.99003681381954,157.56808390000015,101534,0.75,1,100,0.98,0.01,1200,0.7,0.1,10,200,50,False
data201.vrp,sa,greedy,True,15,1984.9558763101602,7,1225.4106169182505,8,759.5452593919097,38.26509538357247,65.88391319999982,54873,0.75,1,150,0.97,0.01,800,0.6,0.2,10,200,50,False
data201.vrp,sa,greedy,True,15,1984.9558763101602,7,1205.16044837672,8,779.7954279334401,39.285277685013526,75.01850869999998,58021,0.75,1,150,0.97,0.01,800,0.6,0.1,10,200,50,False
data201.vrp,sa,greedy,True,15,1984.9558763101602,5,1237.1262597445993,10,747.8296165655609,37.67487355717465,193.05595679999988,107598,0.75,1,100,0.98,0.01,1200,0.6,0.1,10,200,50,False
data201.vrp,sa,greedy,True,15,1984.9558763101602,6,1198.945047024892,9,786.0108292852683,39.59840310135185,163.5020715999999,97759,0.75,1,100,0.98,0.01,1200,0.7,0.2,10,200,50,False
data201.vrp,sa,greedy,True,15,1984.9558763101602,7,1201.693593868194,8,783.2622824419661,39.459934187452795,164.7203360999997,98967,0.75,1,100,0.98,0.01,1200,0.8,0.1,10,200,50,False
data201.vrp,sa,greedy,True,15,1984.9558763101602,6,1236.7662619773178,9,748.1896143328424,37.69300986799032,196.77721169999995,94412,0.75,1,100,0.98,0.01,1200,0.8,0.2,10,200,50,False
data201.vrp,sa,greedy,True,15,1984.9558763101602,6,1237.6585703190876,9,747.2973059910726,37.64805630743921,73.75374740000007,55907,0.75,1,150,0.97,0.01,800,0.7,0.1,10,200,50,False
data201.vrp,sa,greedy,True,15,1984.9558763101602,7,1234.995162937851,8,749.9607133723091,37.782235984328935,73.65948329999992,51060,0.75,1,150,0.97,0.01,800,0.8,0.2,10,200,50,False
data201.vrp,sa,greedy,True,15,1984.9558763101602,7,1187.5488764322909,8,797.4069998778693,40.17253025090771,80.30738919999976,53304,0.75,1,150,0.97,0.01,800,0.7,0.2,10,200,50,False
data201.vrp,sa,greedy,True,15,1984.9558763101602,6,1208.9482185102465,9,776.0076577999137,39.09445378919135,90.09615429999985,53552,0.75,1,150,0.97,0.01,800,0.8,0.1,10,200,50,False
data201.vrp,sa,greedy,True,15,1984.9558763101602,7,1206.9322605514444,8,778.0236157587158,39.196015641666854,75.33918850000009,69234,0.75,1,150,0.97,0.01,1000,0.7,0.1,10,200,50,False
data201.vrp,sa,greedy,True,15,1984.9558763101602,6,1193.3957339481572,9,791.560142362003,39.87797168738261,96.57296899999983,71545,0.75,1,150,0.97,0.01,1000,0.6,0.1,10,200,50,False
data201.vrp,sa,greedy,True,15,1984.9558763101602,6,1188.5263227599453,9,796.4295535502149,40.123287527715725,113.59247629999982,68832,0.75,1,150,0.97,0.01,1000,0.6,0.2,10,200,50,False
data201.vrp,sa,greedy,True,15,1984.9558763101602,7,1191.0141316015204,8,793.9417447086398,39.99795432150866,89.56455090000009,66548,0.75,1,150,0.97,0.01,1000,0.7,0.2,10,200,50,False
data201.vrp,sa,greedy,True,15,1984.9558763101602,7,1202.6293530712076,8,782.3265232389526,39.41279161797901,91.59327059999987,66869,0.75,1,150,0.97,0.01,1000,0.8,0.1,10,200,50,False
data201.vrp,sa,greedy,True,15,1984.9558763101602,7,1260.3753260890571,8,724.5805502211031,36.503609922454686,96.62105519999977,63730,0.75,1,150,0.97,0.01,1000,0.8,0.2,10,200,50,False
data201.vrp,sa,greedy,True,15,1984.9558763101602,6,1204.9355771820206,9,780.0202991281396,39.296606460498325,124.05656060000001,86748,0.75,1,150,0.97,0.01,1200,0.6,0.1,10,200,50,False
data201.vrp,sa,greedy,True,15,1984.9558763101602,7,1196.0134603454044,8,788.9424159647558,39.746093370665896,105.44766290000007,82727,0.75,1,150,0.97,0.01,1200,0.7,0.1,10,200,50,False
data201.vrp,sa,greedy,True,15,1984.9558763101602,6,1191.3535553533475,9,793.6023209568127,39.98085450806303,118.83033109999997,82272,0.75,1,150,0.97,0.01,1200,0.6,0.2,10,200,50,False
data201.vrp,sa,greedy,True,15,1984.9558763101602,7,1225.8977555094268,8,759.0581208007334,38.24055385108855,103.22391729999981,80365,0.75,1,150,0.97,0.01,1200,0.8,0.1,10,200,50,False
data201.vrp,sa,greedy,True,15,1984.9558763101602,7,1208.3450662279436,8,776.6108100822166,39.12483997003805,89.34519739999996,85840,0.75,1,150,0.98,0.01,800,0.6,0.1,10,200,50,False
data201.vrp,sa,greedy,True,15,1984.9558763101602,7,1219.3020863996778,8,765.6537899104824,38.57283675916052,101.66720239999995,76123,0.75,1,150,0.97,0.01,1200,0.8,0.2,10,200,50,False
data201.vrp,sa,greedy,True,15,1984.9558763101602,6,1217.8941009249347,9,767.0617753852255,38.643769594068694,138.13578330000018,80006,0.75,1,150,0.97,0.01,1200,0.7,0.2,10,200,50,False
data201.vrp,sa,greedy,True,15,1984.9558763101602,7,1183.7373461693876,8,801.2185301407726,40.36455115718542,103.53471360000003,81901,0.75,1,150,0.98,0.01,800,0.6,0.2,10,200,50,False
data201.vrp,sa,greedy,True,15,1984.9558763101602,7,1181.4525296289346,8,803.5033466812256,40.479657823672134,103.32802700000002,79152,0.75,1,150,0.98,0.01,800,0.7,0.2,10,200,50,False
data201.vrp,sa,greedy,True,15,1984.9558763101602,7,1192.634483508014,8,792.3213928021462,39.916322687988135,113.57104220000019,85153,0.75,1,150,0.98,0.01,800,0.7,0.1,10,200,50,False
data201.vrp,sa,greedy,True,15,1984.9558763101602,7,1233.3616126787674,8,751.5942636313928,37.86453253704226,126.14314330000025,80806,0.75,1,150,0.98,0.01,800,0.8,0.1,10,200,50,False
data201.vrp,sa,greedy,True,15,1984.9558763101602,7,1187.5886730414904,8,797.3672032686698,40.17052533937922,106.91143890000012,106418,0.75,1,150,0.98,0.01,1000,0.6,0.1,10,200,50,False
data201.vrp,sa,greedy,True,15,1984.9558763101602,7,1223.1958212094164,8,761.7600551007438,38.37667447383171,115.3613633,77681,0.75,1,150,0.98,0.01,800,0.8,0.2,10,200,50,False
data201.vrp,sa,greedy,True,15,1984.9558763101602,7,1178.634470330799,8,806.3214059793611,40.62162870230819,120.27070869999989,103255,0.75,1,150,0.98,0.01,1000,0.6,0.2,10,200,50,False
data201.vrp,sa,greedy,True,15,1984.9558763101602,6,1218.4248550861685,9,766.5310212239917,38.6170307548044,140.22989759999973,103833,0.75,1,150,0.98,0.01,1000,0.7,0.1,10,200,50,False
data201.vrp,sa,greedy,True,15,1984.9558763101602,7,1214.8963044922714,8,770.0595718178888,38.794795441466164,132.65177929999936,99302,0.75,1,150,0.98,0.01,1000,0.7,0.2,10,200,50,False
data201.vrp,sa,greedy,True,15,1984.9558763101602,6,1209.77531025441,9,775.1805660557502,39.05278577258531,145.79488730000048,99535,0.75,1,150,0.98,0.01,1000,0.8,0.1,10,200,50,False
data201.vrp,sa,greedy,True,15,1984.9558763101602,6,1252.9568031726635,9,731.9990731374967,36.877347344275066,151.49219670000048,95797,0.75,1,150,0.98,0.01,1000,0.8,0.2,10,200,50,False
data201.vrp,sa,greedy,True,15,1984.9558763101602,7,1187.1751747370076,8,797.7807015731526,40.19135695127638,137.34030880000046,128694,0.75,1,150,0.98,0.01,1200,0.6,0.1,10,200,50,False
data201.vrp,sa,greedy,True,15,1984.9558763101602,7,1205.863743907325,8,779.0921324028352,39.2498463921068,145.83279319999974,123746,0.75,1,150,0.98,0.01,1200,0.6,0.2,10,200,50,False
data201.vrp,sa,greedy,True,15,1984.9558763101602,7,1215.8223617026551,8,769.133514607505,38.748141648228945,144.5477406,124977,0.75,1,150,0.98,0.01,1200,0.7,0.1,10,200,50,False
data201.vrp,sa,greedy,True,15,1984.9558763101602,7,1210.3312158309895,8,774.6246604791706,39.024779831334214,156.40444800000023,118770,0.75,1,150,0.98,0.01,1200,0.7,0.2,10,200,50,False
data201.vrp,sa,greedy,True,15,1984.9558763101602,6,1248.646322978841,9,736.3095533313192,37.094504825973615,79.62851309999951,64649,0.75,1,200,0.97,0.01,800,0.6,0.1,10,200,50,False
data201.vrp,sa,greedy,True,15,1984.9558763101602,7,1223.6825439838044,8,761.2733323263558,38.35215388976246,77.89401550000002,62041,0.75,1,200,0.97,0.01,800,0.6,0.2,10,200,50,False
data201.vrp,sa,greedy,True,15,1984.9558763101602,7,1217.6270582690488,8,767.3288180411114,38.65722292364004,75.07762329999969,62110,0.75,1,200,0.97,0.01,800,0.7,0.1,10,200,50,False
data201.vrp,sa,greedy,True,15,1984.9558763101602,8,1183.039160008961,7,801.9167163011991,40.39972504536898,72.95380810000006,60387,0.75,1,200,0.97,0.01,800,0.7,0.2,10,200,50,False
data201.vrp,sa,greedy,True,15,1984.9558763101602,6,1232.3224632493889,9,752.6334130607713,37.91688379793326,169.65866019999976,114762,0.75,1,150,0.98,0.01,1200,0.8,0.2,10,200,50,False
data201.vrp,sa,greedy,True,15,1984.9558763101602,7,1198.6398117849446,8,786.3160645252156,39.61378053334367,85.6073650999997,60898,0.75,1,200,0.97,0.01,800,0.8,0.1,10,200,50,False
data201.vrp,sa,greedy,True,15,1984.9558763101602,6,1208.5522029325589,9,776.4036733776013,39.11440463960641,194.49808269999994,121064,0.75,1,150,0.98,0.01,1200,0.8,0.1,10,200,50,False
data201.vrp,sa,greedy,True,15,1984.9558763101602,7,1215.49535785574,8,769.4605184544203,38.76461575986124,82.3994330000005,58271,0.75,1,200,0.97,0.01,800,0.8,0.2,10,200,50,False
data201.vrp,sa,greedy,True,15,1984.9558763101602,6,1201.0903970362383,9,783.8654792739219,39.4903226126644,105.08331369999996,81386,0.75,1,200,0.97,0.01,1000,0.6,0.1,10,200,50,False
data201.vrp,sa,greedy,True,15,1984.9558763101602,7,1199.6183265498369,8,785.3375497603233,39.56448398340166,99.69398550000005,78320,0.75,1,200,0.97,0.01,1000,0.7,0.1,10,200,50,False
data201.vrp,sa,greedy,True,15,1984.9558763101602,6,1216.4616444461567,9,768.4942318640035,38.7159352525538,103.14513970000007,77324,0.75,1,200,0.97,0.01,1000,0.6,0.2,10,200,50,False
data201.vrp,sa,greedy,True,15,1984.9558763101602,6,1241.0318370177617,9,743.9240392923984,37.47811466093044,123.86902509999982,75532,0.75,1,200,0.97,0.01,1000,0.7,0.2,10,200,50,False
data201.vrp,sa,greedy,True,15,1984.9558763101602,7,1221.9179268261955,8,763.0379494839647,38.44105345567569,100.81865600000037,97653,0.75,1,200,0.97,0.01,1200,0.6,0.1,10,200,50,False
data201.vrp,sa,greedy,True,15,1984.9558763101602,6,1202.7988756842653,9,782.1570006258949,39.40425124612083,117.58817230000022,75880,0.75,1,200,0.97,0.01,1000,0.8,0.1,10,200,50,False
data201.vrp,sa,greedy,True,15,1984.9558763101602,6,1267.0744791179106,9,717.8813971922496,36.166113602823316,118.23095110000031,72774,0.75,1,200,0.97,0.01,1000,0.8,0.2,10,200,50,False
data201.vrp,sa,greedy,True,15,1984.9558763101602,7,1205.2241650710228,8,779.7317112391374,39.282067704627416,122.67954599999939,92788,0.75,1,200,0.97,0.01,1200,0.6,0.2,10,200,50,False
data201.vrp,sa,greedy,True,15,1984.9558763101602,6,1250.5139772359166,9,734.4418990742436,37.000414358806786,127.53910369999994,90957,0.75,1,200,0.97,0.01,1200,0.8,0.1,10,200,50,False
data201.vrp,sa,greedy,True,15,1984.9558763101602,6,1195.9254431979457,9,789.0304331122145,39.75052758245414,136.8285479999995,94199,0.75,1,200,0.97,0.01,1200,0.7,0.1,10,200,50,False
data201.vrp,sa,greedy,True,15,1984.9558763101602,6,1208.0383853192004,9,776.9174909909598,39.14029023331107,144.13793879999957,89855,0.75,1,200,0.97,0.01,1200,0.7,0.2,10,200,50,False
data201.vrp,sa,greedy,True,15,1984.9558763101602,6,1226.6915099055273,9,758.2643664046329,38.20056533519388,114.9728155999992,96979,0.75,1,200,0.98,0.01,800,0.6,0.1,10,200,50,False
data201.vrp,sa,greedy,True,15,1984.9558763101602,7,1210.9811826750963,8,773.9746936350639,38.99203518185037,114.91707640000004,93549,0.75,1,200,0.98,0.01,800,0.6,0.2,10,200,50,False
data201.vrp,sa,greedy,True,15,1984.9558763101602,7,1200.1741877200125,8,784.7816885901477,39.53648027929872,114.11219110000002,93831,0.75,1,200,0.98,0.01,800,0.7,0.1,10,200,50,False
data201.vrp,sa,greedy,True,15,1984.9558763101602,7,1232.5223050097486,8,752.4335713004116,37.906815979159816,137.8347147000004,86861,0.75,1,200,0.97,0.01,1200,0.8,0.2,10,200,50,False
data201.vrp,sa,greedy,True,15,1984.9558763101602,7,1276.7920299789828,8,708.1638463311774,35.67655355884207,96.94039080000039,90713,0.75,1,200,0.98,0.01,800,0.7,0.2,10,200,50,False
data201.vrp,sa,greedy,True,15,1984.9558763101602,7,1199.6274096653428,8,785.3284666448174,39.564026385546995,110.15425499999947,90943,0.75,1,200,0.98,0.01,800,0.8,0.1,10,200,50,False
data201.vrp,sa,greedy,True,15,1984.9558763101602,6,1220.1477652599556,9,764.8081110502046,38.53023234309412,138.47983060000024,87541,0.75,1,200,0.98,0.01,800,0.8,0.2,10,200,50,False
data201.vrp,sa,greedy,True,15,1984.9558763101602,6,1194.604631357327,9,790.3512449528332,39.8170687008932,126.33591210000031,122106,0.75,1,200,0.98,0.01,1000,0.6,0.1,10,200,50,False
data201.vrp,sa,greedy,True,15,1984.9558763101602,6,1209.8353701089084,9,775.1205062012518,39.04976001996203,144.78055900000072,116188,0.75,1,200,0.98,0.01,1000,0.6,0.2,10,200,50,False
data201.vrp,sa,greedy,True,15,1984.9558763101602,7,1170.8144097163088,8,814.1414665938514,41.015595173191514,139.59304189999966,117302,0.75,1,200,0.98,0.01,1000,0.7,0.1,10,200,50,False
data201.vrp,sa,greedy,True,15,1984.9558763101602,7,1199.542017781541,8,785.4138585286191,39.56832833929926,142.74801799999932,112483,0.75,1,200,0.98,0.01,1000,0.7,0.2,10,200,50,False
data201.vrp,sa,greedy,True,15,1984.9558763101602,6,1207.3390000033269,9,777.6168763068333,39.17552453369127,157.95778669999982,114934,0.75,1,200,0.98,0.01,1000,0.8,0.1,10,200,50,False
data201.vrp,sa,greedy,True,15,1984.9558763101602,6,1244.7778457195045,9,740.1780305906557,37.28939466234255,168.07973859999947,109199,0.75,1,200,0.98,0.01,1000,0.8,0.2,10,200,50,False
data201.vrp,sa,greedy,True,15,1984.9558763101602,7,1185.5289573865243,8,799.4269189236359,40.274291658799626,68.87567839999974,70435,0.75,1,250,0.97,0.01,800,0.6,0.1,10,200,50,False
data201.vrp,sa,greedy,True,15,1984.9558763101602,6,1196.924428689676,9,788.0314476204842,39.700199738714495,175.7017667,145407,0.75,1,200,0.98,0.01,1200,0.6,0.1,10,200,50,False
data201.vrp,sa,greedy,True,15,1984.9558763101602,7,1214.8299621035717,8,770.1259142065885,38.798137701588495,150.49394289999964,139824,0.75,1,200,0.98,0.01,1200,0.6,0.2,10,200,50,False
data201.vrp,sa,greedy,True,15,1984.9558763101602,7,1191.048244608925,8,793.9076317012352,39.996235743891305,73.58100169999943,67647,0.75,1,250,0.97,0.01,800,0.6,0.2,10,200,50,False
data201.vrp,sa,greedy,True,15,1984.9558763101602,6,1214.7584342434357,9,770.1974420667245,38.80174120033573,187.6824075000004,141327,0.75,1,200,0.98,0.01,1200,0.7,0.1,10,200,50,False
data201.vrp,sa,greedy,True,15,1984.9558763101602,7,1220.9674274145611,8,763.988448895599,38.488938621435715,174.67551850000018,137585,0.75,1,200,0.98,0.01,1200,0.8,0.1,10,200,50,False
data201.vrp,sa,greedy,True,15,1984.9558763101602,7,1174.7409089308574,8,810.2149673793028,40.817782251432895,178.76443010000003,136318,0.75,1,200,0.98,0.01,1200,0.7,0.2,10,200,50,False
data201.vrp,sa,greedy,True,15,1984.9558763101602,7,1263.0120114543267,8,721.9438648558335,36.370776472767595,80.65750920000028,68219,0.75,1,250,0.97,0.01,800,0.7,0.1,10,200,50,False
data201.vrp,sa,greedy,True,15,1984.9558763101602,6,1232.6686998335013,9,752.2871764766589,37.899440761126016,179.61620459999995,130365,0.75,1,200,0.98,0.01,1200,0.8,0.2,10,200,50,False
data201.vrp,sa,greedy,True,15,1984.9558763101602,7,1218.9575849480912,8,765.998291362069,38.59019238180676,78.85255260000031,65179,0.75,1,250,0.97,0.01,800,0.7,0.2,10,200,50,False
data201.vrp,sa,greedy,True,15,1984.9558763101602,8,1220.0503799264206,7,764.9054963837395,38.53513851429405,78.09090730000025,66509,0.75,1,250,0.97,0.01,800,0.8,0.1,10,200,50,False
data201.vrp,sa,greedy,True,15,1984.9558763101602,7,1208.8035700601274,8,776.1523062500328,39.10174102674889,81.22967430000062,63748,0.75,1,250,0.97,0.01,800,0.8,0.2,10,200,50,False
data201.vrp,sa,greedy,True,15,1984.9558763101602,7,1184.74778234759,8,800.2080939625703,40.31364643984325,102.26360980000027,87954,0.75,1,250,0.97,0.01,1000,0.6,0.1,10,200,50,False
data201.vrp,sa,greedy,True,15,1984.9558763101602,7,1195.9045060436247,8,789.0513702665355,39.75158237438029,94.50401800000054,82446,0.75,1,250,0.97,0.01,1000,0.8,0.1,10,200,50,False
data201.vrp,sa,greedy,True,15,1984.9558763101602,6,1250.0799963003828,9,734.8758800097773,37.02227786422336,109.12471950000054,85473,0.75,1,250,0.97,0.01,1000,0.6,0.2,10,200,50,False
data201.vrp,sa,greedy,True,15,1984.9558763101602,7,1212.2770361239254,8,772.6788401862348,38.926751441073314,106.29675459999999,82725,0.75,1,250,0.97,0.01,1000,0.7,0.2,10,200,50,False
data201.vrp,sa,greedy,True,15,1984.9558763101602,6,1228.7622500040952,9,756.193626306065,38.09624361584074,118.52054150000004,85305,0.75,1,250,0.97,0.01,1000,0.7,0.1,10,200,50,False
data201.vrp,sa,greedy,True,15,1984.9558763101602,7,1224.1510059397447,8,760.8048703704155,38.32855326661859,106.95637159999933,79435,0.75,1,250,0.97,0.01,1000,0.8,0.2,10,200,50,False
data201.vrp,sa,greedy,True,15,1984.9558763101602,7,1191.2955417844448,8,793.6603345257154,39.98377717095922,116.6216344000004,105638,0.75,1,250,0.97,0.01,1200,0.6,0.1,10,200,50,False
data201.vrp,sa,greedy,True,15,1984.9558763101602,7,1226.2497272309663,8,758.7061490791939,38.222821884058945,127.97717300000022,101818,0.75,1,250,0.97,0.01,1200,0.6,0.2,10,200,50,False
data201.vrp,sa,greedy,True,15,1984.9558763101602,7,1196.2851590663545,8,788.6707172438057,39.7324054734087,111.58015389999946,101938,0.75,1,250,0.97,0.01,1200,0.7,0.1,10,200,50,False
data201.vrp,sa,greedy,True,15,1984.9558763101602,7,1177.3838900294054,8,807.5719862807548,40.684631629291054,98.4510722999994,104853,0.75,1,250,0.98,0.01,800,0.6,0.1,10,200,50,False
data201.vrp,sa,greedy,True,15,1984.9558763101602,6,1257.635248683478,9,727.3206276266822,36.641652154943635,116.12674940000034,101829,0.75,1,250,0.98,0.01,800,0.6,0.2,10,200,50,False
data201.vrp,sa,greedy,True,15,1984.9558763101602,7,1247.1687417883627,8,737.7871345217975,37.168943820215894,127.29454600000008,95753,0.75,1,250,0.97,0.01,1200,0.8,0.2,10,200,50,False
data201.vrp,sa,greedy,True,15,1984.9558763101602,6,1198.3194378359601,9,786.6364384742001,39.62992063765572,146.60281920000034,99416,0.75,1,250,0.97,0.01,1200,0.8,0.1,10,200,50,False
data201.vrp,sa,greedy,True,15,1984.9558763101602,6,1228.3175412680812,9,756.638335042079,38.11864757661999,154.7037850000006,98075,0.75,1,250,0.97,0.01,1200,0.7,0.2,10,200,50,False
data201.vrp,sa,greedy,True,15,1984.9558763101602,6,1237.7198631629121,9,747.2360131472481,37.644968438103874,131.6480550999995,102678,0.75,1,250,0.98,0.01,800,0.7,0.1,10,200,50,False
data201.vrp,sa,greedy,True,15,1984.9558763101602,6,1225.2359478184017,9,759.7199284917585,38.27389503004993,130.41012189999947,99011,0.75,1,250,0.98,0.01,800,0.7,0.2,10,200,50,False
data201.vrp,sa,greedy,True,15,1984.9558763101602,7,1208.2449385266045,8,776.7109377835557,39.12988429885836,122.4189336999998,100144,0.75,1,250,0.98,0.01,800,0.8,0.1,10,200,50,False
data201.vrp,sa,greedy,True,15,1984.9558763101602,7,1202.0713202518252,8,782.884556058335,39.44090472749657,119.17552760000035,127129,0.75,1,250,0.98,0.01,1000,0.6,0.2,10,200,50,False
data201.vrp,sa,greedy,True,15,1984.9558763101602,6,1260.8443488138105,9,724.1115274963497,36.47998104836479,154.4295871000004,95400,0.75,1,250,0.98,0.01,800,0.8,0.2,10,200,50,False
data201.vrp,sa,greedy,True,15,1984.9558763101602,7,1201.9427547587316,8,783.0131215514286,39.447381722508304,141.47410970000055,131454,0.75,1,250,0.98,0.01,1000,0.6,0.1,10,200,50,False
data201.vrp,sa,greedy,True,15,1984.9558763101602,7,1166.0648660459897,8,818.8910102641705,41.254872213402,129.8112761000002,123383,0.75,1,250,0.98,0.01,1000,0.7,0.2,10,200,50,False
data201.vrp,sa,greedy,True,15,1984.9558763101602,7,1190.867086578291,8,794.0887897318692,40.00536229591174,157.91521879999982,128471,0.75,1,250,0.98,0.01,1000,0.7,0.1,10,200,50,False
data201.vrp,sa,greedy,True,15,1984.9558763101602,6,1185.8354622497143,9,799.1204140604459,40.25885026451736,149.1177128999998,124611,0.75,1,250,0.98,0.01,1000,0.8,0.1,10,200,50,False
data201.vrp,sa,greedy,True,15,1984.9558763101602,6,1236.8274709208076,9,748.1284053893526,37.68992622546605,185.59481389999928,119232,0.75,1,250,0.98,0.01,1000,0.8,0.2,10,200,50,False
data201.vrp,sa,greedy,True,15,1984.9558763101602,7,1205.9355314652807,8,779.0203448448794,39.24622981005515,81.94894419999946,74610,0.75,1,300,0.97,0.01,800,0.6,0.1,10,200,50,False
data201.vrp,sa,greedy,True,15,1984.9558763101602,6,1187.41163685073,9,797.5442394594302,40.17944423741989,190.42557409999972,158088,0.75,1,250,0.98,0.01,1200,0.6,0.1,10,200,50,False
data201.vrp,sa,greedy,True,15,1984.9558763101602,6,1195.5251826836231,9,789.430693626537,39.77069228833499,184.42435560000013,152854,0.75,1,250,0.98,0.01,1200,0.6,0.2,10,200,50,False
data201.vrp,sa,greedy,True,15,1984.9558763101602,6,1248.2493733675826,9,736.7065029425776,37.11450273202261,176.02027850000013,147872,0.75,1,250,0.98,0.01,1200,0.7,0.2,10,200,50,False
data201.vrp,sa,greedy,True,15,1984.9558763101602,7,1202.0565970219168,8,782.8992792882434,39.44164646841304,185.0306445999995,153836,0.75,1,250,0.98,0.01,1200,0.7,0.1,10,200,50,False
data201.vrp,sa,greedy,True,15,1984.9558763101602,6,1228.2284314382534,9,756.7274448719068,38.123136836602605,96.1154577999996,72111,0.75,1,300,0.97,0.01,800,0.6,0.2,10,200,50,False
data201.vrp,sa,greedy,True,15,1984.9558763101602,7,1209.6474588472538,8,775.3084174629064,39.05922679269472,81.96482990000004,72915,0.75,1,300,0.97,0.01,800,0.7,0.1,10,200,50,False
data201.vrp,sa,greedy,True,15,1984.9558763101602,7,1223.5711316982722,8,761.384744611888,38.35776672412629,90.20776769999975,69912,0.75,1,300,0.97,0.01,800,0.7,0.2,10,200,50,False
data201.vrp,sa,greedy,True,15,1984.9558763101602,6,1190.4975197056897,9,794.4583566044705,40.02398068824035,211.45780360000026,148483,0.75,1,250,0.98,0.01,1200,0.8,0.1,10,200,50,False
data201.vrp,sa,greedy,True,15,1984.9558763101602,6,1266.4946229323957,9,718.4612533777645,36.19532615069077,202.1395177000004,144716,0.75,1,250,0.98,0.01,1200,0.8,0.2,10,200,50,False
data201.vrp,sa,greedy,True,15,1984.9558763101602,6,1225.3034138942962,9,759.652462415864,38.27049615974255,98.26573389999976,70911,0.75,1,300,0.97,0.01,800,0.8,0.1,10,200,50,False
data201.vrp,sa,greedy,True,15,1984.9558763101602,7,1268.2139153898754,8,716.7419609202848,36.108709995742494,99.05422989999988,93183,0.75,1,300,0.97,0.01,1000,0.6,0.1,10,200,50,False
data201.vrp,sa,greedy,True,15,1984.9558763101602,7,1223.6634827972102,8,761.29239351295,38.35311417239755,102.88806629999999,90709,0.75,1,300,0.97,0.01,1000,0.6,0.2,10,200,50,False
data201.vrp,sa,greedy,True,15,1984.9558763101602,6,1240.0628420465582,9,744.893034263602,37.52693161362789,117.26643780000086,68818,0.75,1,300,0.97,0.01,800,0.8,0.2,10,200,50,False
data201.vrp,sa,greedy,True,15,1984.9558763101602,7,1205.5970843406944,8,779.3587919694658,39.26328042204233,99.2910522000002,90652,0.75,1,300,0.97,0.01,1000,0.7,0.1,10,200,50,False
data201.vrp,sa,greedy,True,15,1984.9558763101602,6,1217.5720270341894,9,767.3838492759708,38.65999533966783,109.54890179999984,88551,0.75,1,300,0.97,0.01,1000,0.8,0.1,10,200,50,False
data201.vrp,sa,greedy,True,15,1984.9558763101602,7,1215.8881440607051,8,769.067732249455,38.744827601864735,121.53738160000012,88072,0.75,1,300,0.97,0.01,1000,0.7,0.2,10,200,50,False
data201.vrp,sa,greedy,True,15,1984.9558763101602,6,1239.7318252877692,9,745.224051022391,37.5436078915613,129.80596499999956,85162,0.75,1,300,0.97,0.01,1000,0.8,0.2,10,200,50,False
data201.vrp,sa,greedy,True,15,1984.9558763101602,7,1207.4312237978984,8,777.5246525122618,39.1708783954233,107.72772290000012,111276,0.75,1,300,0.97,0.01,1200,0.6,0.1,10,200,50,False
data201.vrp,sa,greedy,True,15,1984.9558763101602,7,1210.549615938994,8,774.4062603711661,39.01377706242579,126.19803520000005,108980,0.75,1,300,0.97,0.01,1200,0.7,0.1,10,200,50,False
data201.vrp,sa,greedy,True,15,1984.9558763101602,6,1205.045669757603,9,779.9102065525572,39.29106011174084,141.5281404999996,107943,0.75,1,300,0.97,0.01,1200,0.6,0.2,10,200,50,False
data201.vrp,sa,greedy,True,15,1984.9558763101602,7,1180.4636221967555,8,804.4922541134047,40.529477945317225,128.5189048000002,105160,0.75,1,300,0.97,0.01,1200,0.7,0.2,10,200,50,False
data201.vrp,sa,greedy,True,15,1984.9558763101602,6,1230.2909226747652,9,754.664953635395,38.01923068628829,128.72095360000003,106071,0.75,1,300,0.97,0.01,1200,0.8,0.1,10,200,50,False
data201.vrp,sa,greedy,True,15,1984.9558763101602,7,1214.7392498717861,8,770.2166264383741,38.802707688904995,109.44032220000008,112160,0.75,1,300,0.98,0.01,800,0.6,0.1,10,200,50,False
data201.vrp,sa,greedy,True,15,1984.9558763101602,7,1236.904285435594,8,748.0515908745663,37.68605639058947,120.74601219999931,101902,0.75,1,300,0.97,0.01,1200,0.8,0.2,10,200,50,False
data201.vrp,sa,greedy,True,15,1984.9558763101602,7,1208.5836866040486,8,776.3721897061116,39.112818525181126,101.76012880000053,108628,0.75,1,300,0.98,0.01,800,0.6,0.2,10,200,50,False
data201.vrp,sa,greedy,True,15,1984.9558763101602,7,1183.2426167333322,8,801.713259576828,40.389475108491325,102.16633809999985,109890,0.75,1,300,0.98,0.01,800,0.7,0.1,10,200,50,False
data201.vrp,sa,greedy,True,15,1984.9558763101602,6,1193.7309822482498,9,791.2248940619104,39.86108222882619,112.20341030000054,106730,0.75,1,300,0.98,0.01,800,0.8,0.1,10,200,50,False
data201.vrp,sa,greedy,True,15,1984.9558763101602,7,1251.9919063593468,8,732.9639699508134,36.925957836066466,117.81047330000001,106144,0.75,1,300,0.98,0.01,800,0.7,0.2,10,200,50,False
data201.vrp,sa,greedy,True,15,1984.9558763101602,7,1213.9338900353887,8,771.0219862747715,38.84328087473795,118.44550519999939,102740,0.75,1,300,0.98,0.01,800,0.8,0.2,10,200,50,False
data201.vrp,sa,greedy,True,15,1984.9558763101602,7,1201.7432432156477,8,783.2126330945125,39.45743290528093,123.19352929999968,139910,0.75,1,300,0.98,0.01,1000,0.6,0.1,10,200,50,False
data201.vrp,sa,greedy,True,15,1984.9558763101602,8,2513.929485960178,7,-528.973609650018,-26.649136938667297,38.46785760000057,91127,0.75,1,300,0.98,0.01,1200,0.6,0.1,10,200,50,False
data201.vrp,sa,greedy,True,15,1984.9558763101602,7,1188.122404416155,8,796.8334718940052,40.14363651121762,86.90298019999999,59559,0.75,1,100,0.97,0.001,1000,0.6,0.1,10,200,50,False
data201.vrp,sa,greedy,True,15,1984.9558763101602,7,1199.1318995153133,8,785.8239767948469,39.588989668405986,88.63152269999999,56713,0.75,1,100,0.97,0.001,1000,0.7,0.1,10,200,50,False
data201.vrp,sa,greedy,True,15,1984.9558763101602,7,1213.6794594383555,8,771.2764168718047,38.8560988219815,91.7488299,55179,0.75,1,100,0.97,0.001,1000,0.8,0.1,10,200,50,False
data201.vrp,sa,greedy,True,15,1984.9558763101602,7,1187.3185417221453,8,797.6373345880149,40.184134272583684,112.2633225,87855,0.75,1,100,0.97,0.001,1500,0.6,0.1,10,200,50,False
data201.vrp,sa,greedy,True,15,1984.9558763101602,7,1212.1986022210522,8,772.757274089108,38.9307028590272,127.00722969999998,84908,0.75,1,100,0.97,0.001,1500,0.7,0.1,10,200,50,False
data201.vrp,sa,greedy,True,15,1984.9558763101602,6,1200.7869136560573,9,784.1689626541029,39.50561178779433,162.92634370000002,82773,0.75,1,100,0.97,0.001,1500,0.8,0.1,10,200,50,False
data201.vrp,sa,greedy,True,15,1984.9558763101602,6,1200.2856176074372,9,784.670258702723,39.53086655816998,191.595986,114145,0.75,1,100,0.97,0.001,2000,0.7,0.1,10,200,50,False
data201.vrp,sa,greedy,True,15,1984.9558763101602,5,1230.359761464065,10,754.5961148460951,38.015762660115946,197.2775408,118247,0.75,1,100,0.97,0.001,2000,0.6,0.1,10,200,50,False
data201.vrp,sa,greedy,True,15,1984.9558763101602,7,1203.7876943521726,8,781.1681819579876,39.354435596326866,106.8258314,88699,0.75,1,100,0.98,0.001,1000,0.6,0.1,10,200,50,False
data201.vrp,sa,greedy,True,15,1984.9558763101602,7,1186.6710790008576,8,798.2847973093026,40.21675276698021,104.25717800000001,85748,0.75,1,100,0.98,0.001,1000,0.7,0.1,10,200,50,False
data201.vrp,sa,greedy,True,15,1984.9558763101602,6,1215.8763291177174,9,769.0795471924428,38.74542282632935,214.95575759999997,109374,0.75,1,100,0.97,0.001,2000,0.8,0.1,10,200,50,False
data201.vrp,sa,greedy,True,15,1984.9558763101602,6,1229.2065533701555,9,755.7493229400047,38.07386007717558,138.46502299999997,82345,0.75,1,100,0.98,0.001,1000,0.8,0.1,10,200,50,False
data201.vrp,sa,greedy,True,15,1984.9558763101602,7,1186.800226695271,8,798.1556496148892,40.210246441275196,260.8153268,176787,0.75,1,100,0.97,0.001,3000,0.6,0.1,10,200,50,False
data201.vrp,sa,greedy,True,15,1984.9558763101602,7,1199.2190928412745,8,785.7367834688857,39.58459695988275,169.27737439999999,132695,0.75,1,100,0.98,0.001,1500,0.6,0.1,10,200,50,False
data201.vrp,sa,greedy,True,15,1984.9558763101602,6,1219.920051987319,9,765.0358243228411,38.54170429949144,328.685423,170680,0.75,1,100,0.97,0.001,3000,0.7,0.1,10,200,50,False
data201.vrp,sa,greedy,True,15,1984.9558763101602,6,1225.3412726661406,9,759.6146036440196,38.26858887443227,336.7283036,164571,0.75,1,100,0.97,0.001,3000,0.8,0.1,10,200,50,False
data201.vrp,sa,greedy,True,15,1984.9558763101602,6,1215.0904769434273,9,769.8653993667328,38.78501323655807,224.5841579,128526,0.75,1,100,0.98,0.001,1500,0.7,0.1,10,200,50,False
data201.vrp,sa,greedy,True,15,1984.9558763101602,7,1181.8895141969906,8,803.0663621131696,40.457642998392075,213.3550426,122805,0.75,1,100,0.98,0.001,1500,0.8,0.1,10,200,50,False
data201.vrp,sa,greedy,True,15,1984.9558763101602,7,1188.122404416155,8,796.8334718940052,40.14363651121762,88.37296829999997,59559,0.75,1,100,0.97,0.01,1000,0.6,0.1,10,200,50,False
data201.vrp,sa,greedy,True,15,1984.9558763101602,6,1193.602886256107,9,791.3529900540532,39.8675355708713,251.1668555,178905,0.75,1,100,0.98,0.001,2000,0.6,0.1,10,200,50,False
data201.vrp,sa,greedy,True,15,1984.9558763101602,7,1199.1318995153133,8,785.8239767948469,39.588989668405986,90.41165029999996,56713,0.75,1,100,0.97,0.01,1000,0.7,0.1,10,200,50,False
data201.vrp,sa,greedy,True,15,1984.9558763101602,8,1223.2370220610078,7,761.7188542491524,38.37459881804091,51.8733249,32080,0.75,1,90,0.95,0.001,1000,0.7,0.1,10,200,50,False
data201.vrp,sa,greedy,True,15,1984.9558763101602,7,1193.458991919559,8,791.4968843906013,39.87478481697624,55.290684600000006,34328,0.75,1,90,0.95,0.001,1000,0.6,0.1,10,200,50,False
data201.vrp,sa,greedy,True,15,1984.9558763101602,6,1253.403640923169,9,731.5522353869912,36.85483612597352,71.80495789999999,31048,0.75,1,90,0.95,0.001,1000,0.8,0.1,10,200,50,False
data201.vrp,sa,greedy,True,15,1984.9558763101602,7,1197.749347033337,8,787.2065292768232,39.65864121575153,95.4427129,48981,0.75,1,90,0.95,0.001,1500,0.7,0.1,10,200,50,False
data201.vrp,sa,greedy,True,15,1984.9558763101602,6,1197.0735740723226,9,787.8823022378376,39.69268595040178,96.2901391,51281,0.75,1,90,0.95,0.001,1500,0.6,0.1,10,200,50,False
data201.vrp,sa,greedy,True,15,1984.9558763101602,7,1190.174817519635,8,794.7810587905251,40.04023808669973,99.1949162,46489,0.75,1,90,0.95,0.001,1500,0.8,0.1,10,200,50,False
data201.vrp,sa,greedy,True,15,1984.9558763101602,6,1234.5318521822237,9,750.4240241279365,37.80557709539124,117.8789747,67494,0.75,1,90,0.95,0.001,2000,0.6,0.1,10,200,50,False
data201.vrp,sa,greedy,True,15,1984.9558763101602,7,1188.0881923182947,8,796.8676839918655,40.145360080908446,123.6763835,65461,0.75,1,90,0.95,0.001,2000,0.7,0.1,10,200,50,False
data201.vrp,sa,greedy,True,15,1984.9558763101602,7,1240.3981989352644,8,744.5576773748958,37.51003668449074,73.38054900000002,42594,0.75,1,90,0.96,0.001,1000,0.6,0.1,10,200,50,False
data201.vrp,sa,greedy,True,15,1984.9558763101602,7,1234.8435214888757,8,750.1123548212845,37.78987552185142,66.19092979999999,40521,0.75,1,90,0.96,0.001,1000,0.7,0.1,10,200,50,False
data201.vrp,sa,greedy,True,15,1984.9558763101602,7,1186.2461873541604,8,798.7096889559998,40.238158363536186,70.763838,38779,0.75,1,90,0.96,0.001,1000,0.8,0.1,10,200,50,False
data201.vrp,sa,greedy,True,15,1984.9558763101602,7,1205.2588102734408,8,779.6970660367194,39.28032231558217,117.2457923,62086,0.75,1,90,0.95,0.001,2000,0.8,0.1,10,200,50,False
data201.vrp,sa,greedy,True,15,1984.9558763101602,7,1188.2959726544611,8,796.659903655699,40.13489232499275,95.20579520000001,63211,0.75,1,90,0.96,0.001,1500,0.6,0.1,10,200,50,False
data201.vrp,sa,greedy,True,15,1984.9558763101602,7,1225.38358948827,8,759.5722868218902,38.26645699721352,102.2696454,60760,0.75,1,90,0.96,0.001,1500,0.7,0.1,10,200,50,False
data201.vrp,sa,greedy,True,15,1984.9558763101602,8,1205.484208815894,7,779.4716674942663,39.26896697286936,48.9499223,35827,0.75,1,100,0.95,0.001,1000,0.6,0.1,10,200,50,False
data201.vrp,sa,greedy,True,15,1984.9558763101602,7,1227.5457796882886,8,757.4100966218716,38.157528117442254,55.63173739999999,34714,0.75,1,100,0.95,0.001,1000,0.7,0.1,10,200,50,False
data201.vrp,sa,greedy,True,15,1984.9558763101602,7,1178.5358332720723,8,806.4200430380879,40.62659793411349,107.38164470000001,57982,0.75,1,90,0.96,0.001,1500,0.8,0.1,10,200,50,False
data201.vrp,sa,greedy,True,15,1984.9558763101602,7,1217.8646717022002,8,767.09120460796,38.645252207515455,62.89645599999997,32628,0.75,1,100,0.95,0.001,1000,0.8,0.1,10,200,50,False
data201.vrp,sa,greedy,True,15,1984.9558763101602,6,1206.5758755836416,9,778.3800007265186,39.213969943425205,145.71162479999998,83268,0.75,1,90,0.96,0.001,2000,0.6,0.1,10,200,50,False
data201.vrp,sa,greedy,True,15,1984.9558763101602,8,1213.74335802537,7,771.2125182847901,38.85287967803089,73.05505850000003,53746,0.75,1,100,0.95,0.001,1500,0.6,0.1,10,200,50,False
data201.vrp,sa,greedy,True,15,1984.9558763101602,6,1222.2212497578773,9,762.7346265522829,38.42577236377326,159.4083614,81297,0.75,1,90,0.96,0.001,2000,0.7,0.1,10,200,50,False
data201.vrp,sa,greedy,True,15,1984.9558763101602,8,1187.184306728679,7,797.7715695814811,40.19089689109165,79.6002464,51724,0.75,1,100,0.95,0.001,1500,0.7,0.1,10,200,50,False
data201.vrp,sa,greedy,True,15,1984.9558763101602,6,1238.6458124039893,9,746.3100639061709,37.59832008424735,185.1454372,78406,0.75,1,90,0.96,0.001,2000,0.8,0.1,10,200,50,False
data201.vrp,sa,greedy,True,15,1984.9558763101602,6,1199.4746805915252,9,785.481195718635,39.57172071647094,108.12647300000003,48697,0.75,1,100,0.95,0.001,1500,0.8,0.1,10,200,50,False
data201.vrp,sa,greedy,True,15,1984.9558763101602,7,1186.5575140740993,8,798.3983622360608,40.22247404915648,61.54098670000002,44419,0.75,1,100,0.96,0.001,1000,0.6,0.1,10,200,50,False
data201.vrp,sa,greedy,True,15,1984.9558763101602,7,1205.0439931846602,8,779.9118831255,39.291144575731344,72.07423640000002,42831,0.75,1,100,0.96,0.001,1000,0.7,0.1,10,200,50,False
data201.vrp,sa,greedy,True,15,1984.9558763101602,7,1184.3579179276257,8,800.5979583825344,40.33328740136874,120.29066640000002,68030,0.75,1,100,0.95,0.001,2000,0.7,0.1,10,200,50,False
data201.vrp,sa,greedy,True,15,1984.9558763101602,6,1217.7091338433645,9,767.2467424667957,38.653088042089514,155.71197489999997,71604,0.75,1,100,0.95,0.001,2000,0.6,0.1,10,200,50,False
data201.vrp,sa,greedy,True,15,1984.9558763101602,6,1202.3525755587914,9,782.6033007513688,39.42673537943585,96.24787839999999,40735,0.75,1,100,0.96,0.001,1000,0.8,0.1,10,200,50,False
data201.vrp,sa,greedy,True,15,1984.9558763101602,8,1193.3130391504105,7,791.6428371597497,39.88213776476163,101.27773410000003,61882,0.75,1,100,0.96,0.001,1500,0.8,0.1,10,200,50,False
data201.vrp,sa,greedy,True,15,1984.9558763101602,6,1189.6955032315766,9,795.2603730785836,40.0643854389799,174.00679399999996,65428,0.75,1,100,0.95,0.001,2000,0.8,0.1,10,200,50,False
data201.vrp,sa,greedy,True,15,1984.9558763101602,6,1208.1863365786312,9,776.769539731529,39.132836603676445,124.03600260000002,66927,0.75,1,100,0.96,0.001,1500,0.6,0.1,10,200,50,False
data201.vrp,sa,greedy,True,15,1984.9558763101602,6,1208.7621205567632,9,776.193755753397,39.10382920935581,128.16880709999998,63861,0.75,1,100,0.96,0.001,1500,0.7,0.1,10,200,50,False
data201.vrp,sa,greedy,True,15,1984.9558763101602,7,1194.3720292476953,8,790.5838470624649,39.828786951782696,120.39962730000002,89310,0.75,1,100,0.96,0.001,2000,0.6,0.1,10,200,50,False
data201.vrp,sa,greedy,True,15,1984.9558763101602,7,1194.5843676313418,8,790.3715086788184,39.81808956620447,143.41198679999997,86012,0.75,1,100,0.96,0.001,2000,0.7,0.1,10,200,50,False
data201.vrp,sa,greedy,True,15,1984.9558763101602,7,1193.5774989730269,8,791.3783773371333,39.868814555627736,153.3097992,81811,0.75,1,100,0.96,0.001,2000,0.8,0.1,10,200,50,False
data201.vrp,tabu,random,True,44,4192.512211494159,14,1279.8199738167334,30,2912.6922376774255,69.47367331911428,373.6527636999999,983,0.75,1,1000.0,0.995,0.01,400,0.5,0.2,30,1000,200,False
data201.vrp,tabu,random,True,44,4192.512211494159,13,1257.6751644382364,31,2934.837047055922,70.00187236210775,372.0108509999991,998,0.75,1,1000.0,0.995,0.01,400,0.5,0.2,30,1000,300,False
data201.vrp,tabu,random,True,44,4192.512211494159,13,1263.0065134211445,31,2929.505698073014,69.87470877345339,374.9933263999992,998,0.75,1,1000.0,0.995,0.01,400,0.5,0.2,30,1000,250,False
data201.vrp,tabu,random,True,44,4192.512211494159,11,1226.1468203413003,33,2966.365391152858,70.75388791999923,536.0577568000008,1179,0.75,1,1000.0,0.995,0.01,400,0.5,0.2,30,1500,200,False
data201.vrp,tabu,random,True,44,4192.512211494159,11,1231.776608746426,33,2960.7356027477326,70.61960594009966,538.9786999999997,1497,0.75,1,1000.0,0.995,0.01,400,0.5,0.2,30,1500,250,False
data201.vrp,tabu,random,True,44,4192.512211494159,13,1265.9806230913473,31,2926.5315884028114,69.8037701686224,548.6088960000016,1457,0.75,1,1000.0,0.995,0.01,400,0.5,0.2,30,1500,300,False
data201.vrp,tabu,random,True,44,4192.512211494159,11,1216.6100254990322,33,2975.9021859951263,70.98136000263557,689.2161457000002,1973,0.75,1,1000.0,0.995,0.01,400,0.5,0.2,30,2000,200,False
data201.vrp,tabu,random,True,44,4192.512211494159,11,1221.4549122150809,33,2971.0572992790776,70.86579953502938,725.5030989000006,1959,0.75,1,1000.0,0.995,0.01,400,0.5,0.2,30,2000,250,False
data201.vrp,tabu,random,True,44,4192.512211494159,12,1239.1582525395902,32,2953.3539589545685,70.443538622444,372.5350995000008,997,0.75,1,1000.0,0.995,0.01,400,0.5,0.2,40,1000,200,False
data201.vrp,tabu,random,True,44,4192.512211494159,13,1249.3430181441051,31,2943.1691933500533,70.20061111047175,374.5582315000029,998,0.75,1,1000.0,0.995,0.01,400,0.5,0.2,40,1000,250,False
data201.vrp,tabu,random,True,44,4192.512211494159,11,1197.6081460467035,33,2994.904065447455,71.43459373205043,373.6003641999996,999,0.75,1,1000.0,0.995,0.01,400,0.5,0.2,40,1000,300,False
data201.vrp,tabu,random,True,44,4192.512211494159,10,1206.407925284374,34,2986.1042862097847,71.22470098055062,519.5276145999997,1479,0.75,1,1000.0,0.995,0.01,400,0.5,0.2,40,1500,250,False
data201.vrp,tabu,random,True,44,4192.512211494159,10,1203.6734811022006,34,2988.838730391958,71.28992307280062,543.2927922999988,1486,0.75,1,1000.0,0.995,0.01,400,0.5,0.2,40,1500,200,False
data201.vrp,tabu,random,True,44,4192.512211494159,12,1242.2109353764592,32,2950.3012761176997,70.3707258867172,719.6568431999985,1982,0.75,1,1000.0,0.995,0.01,400,0.5,0.2,30,2000,300,False
data201.vrp,tabu,random,True,44,4192.512211494159,10,1201.3578325077692,34,2991.1543789863895,71.34515603284026,531.7488754999977,1496,0.75,1,1000.0,0.995,0.01,400,0.5,0.2,40,1500,300,False
data201.vrp,tabu,random,True,44,4192.512211494159,11,1230.3603325477611,33,2962.1518789463976,70.65338702712386,370.02556729999924,997,0.75,1,1000.0,0.995,0.01,400,0.5,0.2,50,1000,200,False
data201.vrp,tabu,random,True,44,4192.512211494159,10,1200.504663089239,34,2992.0075484049194,71.36550587025256,663.6098141000002,1994,0.75,1,1000.0,0.995,0.01,400,0.5,0.2,40,2000,250,False
data201.vrp,tabu,random,True,44,4192.512211494159,13,1261.6633157292038,31,2930.848895764955,69.90674678847118,697.4887579999995,813,0.75,1,1000.0,0.995,0.01,400,0.5,0.2,40,2000,200,False
data201.vrp,tabu,random,True,44,4192.512211494159,12,1230.1668963266218,32,2962.3453151675367,70.65800087703964,363.60423509999964,995,0.75,1,1000.0,0.995,0.01,400,0.5,0.2,50,1000,250,False
data201.vrp,tabu,random,True,44,4192.512211494159,12,1248.6759185961741,32,2943.8362928979845,70.21652280051053,363.400872299997,940,0.75,1,1000.0,0.995,0.01,400,0.5,0.2,50,1000,300,False
data201.vrp,tabu,random,True,44,4192.512211494159,11,1220.718381339774,33,2971.7938301543845,70.88336730437989,699.5462454000008,1987,0.75,1,1000.0,0.995,0.01,400,0.5,0.2,40,2000,300,False
data201.vrp,tabu,random,True,44,4192.512211494159,12,1232.3648417108454,32,2960.1473697833135,70.60557537954921,525.1383165000007,1235,0.75,1,1000.0,0.995,0.01,400,0.5,0.2,50,1500,200,False
data201.vrp,tabu,random,True,44,4192.512211494159,10,1209.8125669430747,34,2982.699644551084,71.14349330632211,527.375693500002,1494,0.75,1,1000.0,0.995,0.01,400,0.5,0.2,50,1500,250,False
data201.vrp,tabu,random,True,44,4192.512211494159,11,1217.9196555718545,33,2974.592555922304,70.95012264406016,524.5443089,1496,0.75,1,1000.0,0.995,0.01,400,0.5,0.2,50,1500,300,False
data201.vrp,tabu,random,True,44,4192.512211494159,10,1232.876165858493,34,2959.6360456356656,70.59337925174196,674.3952510999989,1395,0.75,1,1000.0,0.995,0.01,400,0.5,0.2,50,2000,250,False
data201.vrp,tabu,random,True,44,4192.512211494159,11,1211.0639653679204,33,2981.4482461262382,71.11364489177451,700.8528823000015,1988,0.75,1,1000.0,0.995,0.01,400,0.5,0.2,50,2000,200,False
data201.vrp,tabu,random,True,44,4192.512211494159,10,1219.524880578702,34,2972.9873309154564,70.91183474110672,692.0294323000016,1966,0.75,1,1000.0,0.995,0.01,400,0.5,0.2,50,2000,300,False
data201.vrp,tabu,random,True,45,4095.9948588913808,12,1214.9082806945366,33,2881.086578196844,70.33911607439461,357.35501769999973,996,0.75,2,1000.0,0.995,0.01,400,0.5,0.2,30,1000,200,False
data201.vrp,tabu,random,True,45,4095.9948588913808,11,1195.413390565343,34,2900.581468326038,70.81506613782976,350.76734489999944,998,0.75,2,1000.0,0.995,0.01,400,0.5,0.2,30,1000,250,False
data201.vrp,tabu,random,True,45,4095.9948588913808,10,1229.796010967671,35,2866.1988479237098,69.97564564081199,349.76070980000077,999,0.75,2,1000.0,0.995,0.01,400,0.5,0.2,30,1000,300,False
data201.vrp,tabu,random,True,45,4095.9948588913808,12,1242.3465074699102,33,2853.6483514214706,69.66923665020998,474.454164499999,330,0.75,2,1000.0,0.995,0.01,400,0.5,0.2,30,1500,200,False
data201.vrp,tabu,random,True,45,4095.9948588913808,10,1203.9741683242478,35,2892.020690567133,70.60606251224362,517.1174165000011,1495,0.75,2,1000.0,0.995,0.01,400,0.5,0.2,30,1500,250,False
data201.vrp,tabu,random,True,45,4095.9948588913808,10,1198.236870931227,35,2897.7579879601535,70.74613342518839,510.2846037999989,1497,0.75,2,1000.0,0.995,0.01,400,0.5,0.2,30,1500,300,False
data201.vrp,tabu,random,True,45,4095.9948588913808,10,1191.982613269879,35,2904.0122456215017,70.8988254542756,358.2080720999984,997,0.75,2,1000.0,0.995,0.01,400,0.5,0.2,40,1000,200,False
data201.vrp,tabu,random,True,45,4095.9948588913808,11,1205.116141002164,34,2890.8787178892167,70.5781822849177,363.88224320000154,997,0.75,2,1000.0,0.995,0.01,400,0.5,0.2,40,1000,250,False
data201.vrp,tabu,random,True,45,4095.9948588913808,9,1189.4703520512098,36,2906.524506840171,70.96016003366881,675.4211858000017,1967,0.75,2,1000.0,0.995,0.01,400,0.5,0.2,30,2000,200,False
data201.vrp,tabu,random,True,45,4095.9948588913808,10,1190.2944481869135,35,2905.7004107044672,70.9400404738526,678.9476243999998,1932,0.75,2,1000.0,0.995,0.01,400,0.5,0.2,30,2000,250,False
data201.vrp,tabu,random,True,45,4095.9948588913808,11,1186.5103782301871,34,2909.4844806611936,71.03242511023738,365.2131952999989,1000,0.75,2,1000.0,0.995,0.01,400,0.5,0.2,40,1000,300,False
data201.vrp,tabu,random,True,45,4095.9948588913808,10,1192.8433510927323,35,2903.1515077986487,70.87781132089637,671.8200340000003,1933,0.75,2,1000.0,0.995,0.01,400,0.5,0.2,30,2000,300,False
data201.vrp,tabu,random,True,45,4095.9948588913808,10,1186.5683919228145,35,2909.4264669685663,71.031008758542,478.49424440000075,1433,0.75,2,1000.0,0.995,0.01,400,0.5,0.2,40,1500,200,False
data201.vrp,tabu,random,True,45,4095.9948588913808,9,1182.5978427302662,36,2913.3970161611146,71.12794611635944,476.1946917000023,1494,0.75,2,1000.0,0.995,0.01,400,0.5,0.2,40,1500,250,False
data201.vrp,tabu,random,True,45,4095.9948588913808,11,1216.5897269187894,34,2879.4051319725913,70.29806508966004,431.4610715000017,1488,0.75,2,1000.0,0.995,0.01,400,0.5,0.2,40,1500,300,False
data201.vrp,tabu,random,True,45,4095.9948588913808,10,1184.9279528682112,35,2911.0669060231694,71.0710585904172,266.3378828999994,950,0.75,2,1000.0,0.995,0.01,400,0.5,0.2,50,1000,200,False
data201.vrp,tabu,random,True,45,4095.9948588913808,10,1184.9279528682112,35,2911.0669060231694,71.0710585904172,268.1384311999973,976,0.75,2,1000.0,0.995,0.01,400,0.5,0.2,50,1000,250,False
data201.vrp,tabu,random,True,45,4095.9948588913808,9,1187.5311574229156,36,2908.463701468465,71.00750371194724,569.1141425000023,1991,0.75,2,1000.0,0.995,0.01,400,0.5,0.2,40,2000,200,False
data201.vrp,tabu,random,True,45,4095.9948588913808,10,1187.5363235473058,35,2908.4585353440752,71.00737758570519,567.380668400001,1991,0.75,2,1000.0,0.995,0.01,400,0.5,0.2,40,2000,250,False
data201.vrp,tabu,random,True,45,4095.9948588913808,10,1184.9279528682112,35,2911.0669060231694,71.0710585904172,287.66020879999996,998,0.75,2,1000.0,0.995,0.01,400,0.5,0.2,50,1000,300,False
data201.vrp,tabu,random,True,45,4095.9948588913808,9,1196.403922630963,36,2899.590936260418,70.79088319571815,555.8950622999982,1983,0.75,2,1000.0,0.995,0.01,400,0.5,0.2,40,2000,300,False
data201.vrp,tabu,random,True,45,4095.9948588913808,10,1184.9279528682112,35,2911.0669060231694,71.0710585904172,418.1139966999981,1451,0.75,2,1000.0,0.995,0.01,400,0.5,0.2,50,1500,200,False
data201.vrp,tabu,random,True,45,4095.9948588913808,10,1184.9279528682112,35,2911.0669060231694,71.0710585904172,444.998176699999,1455,0.75,2,1000.0,0.995,0.01,400,0.5,0.2,50,1500,250,False
data201.vrp,tabu,random,True,45,4095.9948588913808,10,1184.9279528682112,35,2911.0669060231694,71.0710585904172,468.0802754999968,1497,0.75,2,1000.0,0.995,0.01,400,0.5,0.2,50,1500,300,False
data201.vrp,tabu,random,True,45,4095.9948588913808,8,1178.889722264517,37,2917.105136626864,71.21847651479733,624.6385491000001,1991,0.75,2,1000.0,0.995,0.01,400,0.5,0.2,50,2000,200,False
data201.vrp,tabu,random,True,45,4095.9948588913808,8,1173.803441717991,37,2922.1914171733897,71.34265344181385,611.5936669000002,1965,0.75,2,1000.0,0.995,0.01,400,0.5,0.2,50,2000,300,False
data201.vrp,tabu,random,True,45,4095.9948588913808,10,1165.3220658731464,35,2930.672793018234,71.54971854167434,625.2570212999999,1956,0.75,2,1000.0,0.995,0.01,400,0.5,0.2,50,2000,250,False
data201.vrp,tabu,random,True,43,4057.53718585891,12,1266.8531329718946,31,2790.6840528870152,68.77778132540456,354.03554579999764,998,0.75,3,1000.0,0.995,0.01,400,0.5,0.2,30,1000,200,False
data201.vrp,tabu,random,True,43,4057.53718585891,11,1242.0698291768058,32,2815.4673566821043,69.38857803926987,349.2119128000013,999,0.75,3,1000.0,0.995,0.01,400,0.5,0.2,30,1000,250,False
data201.vrp,tabu,random,True,43,4057.53718585891,11,1235.5473518856943,32,2821.989833973216,69.54932770076017,347.59267349999936,998,0.75,3,1000.0,0.995,0.01,400,0.5,0.2,30,1000,300,False
data201.vrp,tabu,random,True,43,4057.53718585891,9,1220.7602497857981,34,2836.7769360731118,69.91376310634145,516.3128438999993,1446,0.75,3,1000.0,0.995,0.01,400,0.5,0.2,30,1500,200,False
data201.vrp,tabu,random,True,43,4057.53718585891,12,1223.267489132119,31,2834.269696726791,69.85197095924643,523.1576690000002,1494,0.75,3,1000.0,0.995,0.01,400,0.5,0.2,30,1500,250,False
data201.vrp,tabu,random,True,43,4057.53718585891,11,1233.7075704568526,32,2823.8296154020572,69.59467001913137,521.0638121000011,1497,0.75,3,1000.0,0.995,0.01,400,0.5,0.2,30,1500,300,False
data201.vrp,tabu,random,True,43,4057.53718585891,10,1209.4412761474034,33,2848.0959097115065,70.19272477988675,342.66136180000103,995,0.75,3,1000.0,0.995,0.01,400,0.5,0.2,40,1000,200,False
data201.vrp,tabu,random,True,43,4057.53718585891,10,1204.8950360028036,33,2852.6421498561067,70.30476910471621,347.6828413000003,991,0.75,3,1000.0,0.995,0.01,400,0.5,0.2,40,1000,250,False
data201.vrp,tabu,random,True,43,4057.53718585891,10,1225.3378120069842,33,2832.199373851926,69.80094683352603,337.7722078000006,963,0.75,3,1000.0,0.995,0.01,400,0.5,0.2,40,1000,300,False
data201.vrp,tabu,random,True,43,4057.53718585891,9,1194.5953625178215,34,2862.941823341089,70.55860962454872,665.9243124000022,1958,0.75,3,1000.0,0.995,0.01,400,0.5,0.2,30,2000,200,False
data201.vrp,tabu,random,True,43,4057.53718585891,9,1205.0394434109858,34,2852.4977424479243,70.30121011310214,668.7673998999999,1996,0.75,3,1000.0,0.995,0.01,400,0.5,0.2,30,2000,250,False
data201.vrp,tabu,random,True,43,4057.53718585891,9,1168.2978382237623,34,2889.239347635148,71.20672504751293,668.1328753999987,1998,0.75,3,1000.0,0.995,0.01,400,0.5,0.2,30,2000,300,False
data201.vrp,tabu,random,True,43,4057.53718585891,10,1195.5799952675486,33,2861.9571905913617,70.53434286605399,475.40217859999757,793,0.75,3,1000.0,0.995,0.01,400,0.5,0.2,40,1500,200,False
data201.vrp,tabu,random,True,43,4057.53718585891,10,1204.8950360028036,33,2852.6421498561067,70.30476910471621,506.2976775999996,1494,0.75,3,1000.0,0.995,0.01,400,0.5,0.2,40,1500,250,False
data201.vrp,tabu,random,True,43,4057.53718585891,9,1210.1910853900235,34,2847.3461004688866,70.17424536224313,333.0077394999971,944,0.75,3,1000.0,0.995,0.01,400,0.5,0.2,50,1000,200,False
data201.vrp,tabu,random,True,43,4057.53718585891,10,1199.2365512285346,33,2858.3006346303755,70.44422524559864,496.60771170000226,1496,0.75,3,1000.0,0.995,0.01,400,0.5,0.2,40,1500,300,False
data201.vrp,tabu,random,True,43,4057.53718585891,9,1194.3176850150753,34,2863.219500843835,70.56545312320387,340.41130129999874,998,0.75,3,1000.0,0.995,0.01,400,0.5,0.2,50,1000,250,False
data201.vrp,tabu,random,True,43,4057.53718585891,8,1198.7958387891863,35,2858.741347069724,70.45508682046935,320.6247438999999,978,0.75,3,1000.0,0.995,0.01,400,0.5,0.2,50,1000,300,False
data201.vrp,tabu,random,True,43,4057.53718585891,10,1209.4412761474034,33,2848.0959097115065,70.19272477988675,638.4221887999993,1986,0.75,3,1000.0,0.995,0.01,400,0.5,0.2,40,2000,200,False
data201.vrp,tabu,random,True,43,4057.53718585891,9,1175.3697697404307,34,2882.167416118479,71.03243381633666,626.688591099999,1996,0.75,3,1000.0,0.995,0.01,400,0.5,0.2,40,2000,250,False
data201.vrp,tabu,random,True,43,4057.53718585891,9,1176.2616957437813,34,2881.275490115129,71.01045186121229,627.6423290000021,1961,0.75,3,1000.0,0.995,0.01,400,0.5,0.2,40,2000,300,False
data201.vrp,tabu,random,True,43,4057.53718585891,9,1210.1910853900235,34,2847.3461004688866,70.17424536224313,464.85720969999966,1488,0.75,3,1000.0,0.995,0.01,400,0.5,0.2,50,1500,200,False
data201.vrp,tabu,random,True,43,4057.53718585891,9,1166.613635013243,34,2890.923550845667,71.24823306415881,464.7768911000021,1464,0.75,3,1000.0,0.995,0.01,400,0.5,0.2,50,1500,250,False
data201.vrp,tabu,random,True,43,4057.53718585891,9,1201.5270118934145,34,2856.0101739654956,70.38777571574931,468.04984409999815,1482,0.75,3,1000.0,0.995,0.01,400,0.5,0.2,50,1500,300,False
data201.vrp,tabu,random,True,43,4057.53718585891,9,1210.1910853900235,34,2847.3461004688866,70.17424536224313,605.0607620999981,1940,0.75,3,1000.0,0.995,0.01,400,0.5,0.2,50,2000,200,False
data201.vrp,tabu,random,True,43,4057.53718585891,9,1170.8901155486342,34,2886.647070310276,71.14283709760316,614.9713494999996,1522,0.75,3,1000.0,0.995,0.01,400,0.5,0.2,50,2000,250,False
data201.vrp,tabu,random,True,43,4057.53718585891,9,1173.6947720292603,34,2883.8424138296496,71.07371495892255,619.1397635999965,1955,0.75,3,1000.0,0.995,0.01,400,0.5,0.2,50,2000,300,False
data201.vrp,tabu,random,True,45,4095.9948588913808,8,1178.9541420965272,37,2917.0407167948533,71.21690376301834,664.8027703000007,1916,0.75,2,1000.0,0.995,0.01,400,0.5,0.2,50,2000,300,False
data201.vrp,milp,random,False,2,3543.0095459485783,3,693.5431856183386,-1,2849.4663603302397,80.42502633357554,120.41193719999865,3,0.75,1,1000.0,0.995,0.01,400,0.5,0.2,30,1000,200,False
data201.vrp,milp,random,False,2,3543.0095459485783,3,693.5431856183386,-1,2849.4663603302397,80.42502633357554,120.45541179999782,3,0.75,1,1000.0,0.995,0.01,400,0.5,0.2,30,1000,250,False
data201.vrp,milp,random,False,2,3543.0095459485783,3,693.5431856183386,-1,2849.4663603302397,80.42502633357554,120.42983489999824,3,0.75,1,1000.0,0.995,0.01,400,0.5,0.2,30,1000,300,False
data201.vrp,milp,random,False,2,3543.0095459485783,3,693.5431856183386,-1,2849.4663603302397,80.42502633357554,120.43404979999832,3,0.75,1,1000.0,0.995,0.01,400,0.5,0.2,30,1500,200,False
data201.vrp,milp,random,False,2,3543.0095459485783,3,693.5431856183386,-1,2849.4663603302397,80.42502633357554,120.41695550000077,3,0.75,1,1000.0,0.995,0.01,400,0.5,0.2,30,1500,250,False
data201.vrp,milp,random,False,2,3543.0095459485783,3,693.5431856183386,-1,2849.4663603302397,80.42502633357554,120.38218169999891,3,0.75,1,1000.0,0.995,0.01,400,0.5,0.2,30,1500,300,False
data201.vrp,milp,random,False,2,3543.0095459485783,3,693.5431856183386,-1,2849.4663603302397,80.42502633357554,120.43575730000157,3,0.75,1,1000.0,0.995,0.01,400,0.5,0.2,30,2000,200,False
data201.vrp,milp,random,False,2,3543.0095459485783,3,693.5431856183386,-1,2849.4663603302397,80.42502633357554,120.43269390000205,3,0.75,1,1000.0,0.995,0.01,400,0.5,0.2,30,2000,250,False
data201.vrp,milp,random,False,2,3543.0095459485783,3,693.5431856183386,-1,2849.4663603302397,80.42502633357554,120.44007049999709,3,0.75,1,1000.0,0.995,0.01,400,0.5,0.2,30,2000,300,False
data201.vrp,milp,random,False,2,3543.0095459485783,3,693.5431856183386,-1,2849.4663603302397,80.42502633357554,120.41752039999847,3,0.75,1,1000.0,0.995,0.01,400,0.5,0.2,40,1000,200,False
data201.vrp,milp,random,False,2,3543.0095459485783,3,693.5431856183386,-1,2849.4663603302397,80.42502633357554,120.57396130000052,3,0.75,1,1000.0,0.995,0.01,400,0.5,0.2,40,1000,300,False
data201.vrp,milp,random,False,2,3543.0095459485783,3,693.5431856183386,-1,2849.4663603302397,80.42502633357554,120.81042289999823,3,0.75,1,1000.0,0.995,0.01,400,0.5,0.2,40,1500,200,False
data201.vrp,milp,random,False,2,3543.0095459485783,3,693.5431856183386,-1,2849.4663603302397,80.42502633357554,120.93504040000334,3,0.75,1,1000.0,0.995,0.01,400,0.5,0.2,40,1000,250,False
data201.vrp,milp,random,False,2,3543.0095459485783,3,693.5431856183386,-1,2849.4663603302397,80.42502633357554,120.84743440000238,3,0.75,1,1000.0,0.995,0.01,400,0.5,0.2,40,1500,250,False
data201.vrp,milp,random,False,2,3543.0095459485783,3,693.5431856183386,-1,2849.4663603302397,80.42502633357554,120.85774650000167,3,0.75,1,1000.0,0.995,0.01,400,0.5,0.2,40,1500,300,False
data201.vrp,milp,random,False,2,3543.0095459485783,3,693.5431856183386,-1,2849.4663603302397,80.42502633357554,120.8375132000001,3,0.75,1,1000.0,0.995,0.01,400,0.5,0.2,40,2000,200,False
data201.vrp,milp,random,False,2,3543.0095459485783,3,725.3943594952603,-1,2817.615186453318,79.5260399361682,120.2178781,3,0.75,1,1000.0,0.995,0.01,400,0.5,0.2,10,200,50,False
data201.vrp,milp,random,False,2,3543.0095459485783,3,725.3943594952603,-1,2817.615186453318,79.5260399361682,120.3174997,3,0.75,1,1000.0,0.995,0.01,400,0.5,0.2,10,200,50,False
data201.vrp,milp,random,False,2,3543.0095459485783,3,725.3943594952603,-1,2817.615186453318,79.5260399361682,120.2255932,3,0.75,1,1000.0,0.995,0.01,400,0.5,0.2,10,200,50,False
data201.vrp,milp,random,False,2,3543.0095459485783,3,725.3943594952603,-1,2817.615186453318,79.5260399361682,120.27035550000001,3,0.75,1,1000.0,0.995,0.01,400,0.5,0.2,10,200,50,False
data201.vrp,milp,random,False,2,3543.0095459485783,3,725.3943594952603,-1,2817.615186453318,79.5260399361682,200.26559799999998,3,0.75,1,1000.0,0.995,0.01,400,0.5,0.2,10,200,50,False
data201.vrp,milp,random,False,2,3543.0095459485783,3,725.3943594952603,-1,2817.615186453318,79.5260399361682,200.3559728,3,0.75,1,1000.0,0.995,0.01,400,0.5,0.2,10,200,50,False
data201.vrp,milp,random,False,2,3543.0095459485783,3,719.4881770680641,-1,2823.5213688805143,79.69273952730957,200.4170805,3,0.75,1,1000.0,0.995,0.01,400,0.5,0.2,10,200,50,False
data201.vrp,milp,random,False,2,3543.0095459485783,3,719.4881770680641,-1,2823.5213688805143,79.69273952730957,200.4049801,3,0.75,1,1000.0,0.995,0.01,400,0.5,0.2,10,200,50,False
