instance_name,method,generator,use_time_windows,initial_routes,initial_distance,final_routes,final_distance,delta_routes,delta_distance,distance_improvement_pct,runtime_seconds,history_length,param_fill_ratio,param_seed,param_sa_initial_temp,param_sa_cooling_rate,param_sa_min_temp,param_sa_iterations_per_temp,param_sa_p_relocate,param_sa_p_exchange,param_tabu_tenure,param_tabu_max_iterations,param_tabu_max_no_improve,param_tabu_no_2opt
data101.vrp,sa,random,True,70,4607.637731288301,21,1724.7917631540718,49,2882.8459681342297,62.56668028734504,3.0816695,1626,0.75,42,1000.0,0.55,0.01,200,0.5,0.2,10,200,50,False
data101.vrp,tabu,greedy,True,37,2623.244873647066,23,1833.1702456923138,14,790.0746279547523,30.11821869516592,3.6507098,51,0.75,42,1000.0,0.55,0.01,200,0.5,0.2,10,50,50,True
data101.vrp,tabu,random,True,73,4567.752626931998,20,1690.2983062597154,53,2877.4543206722824,62.994968328768046,46.3761137,648,0.75,1,1000.0,0.55,0.01,200,0.5,0.2,50,1000,100,0
data101.vrp,tabu,random,True,73,4567.752626931998,20,1684.8005893420523,53,2882.9520375899456,63.11532766883494,65.2496117,843,0.75,1,1000.0,0.55,0.01,200,0.5,0.2,50,1000,100,1
data101.vrp,tabu,random,True,73,4567.752626931998,20,1703.453150678124,53,2864.2994762538738,62.706974527596635,36.732674900000006,501,0.75,1,1000.0,0.55,0.01,200,0.5,0.2,50,1000,120,0
data101.vrp,tabu,random,True,73,4567.752626931998,20,1712.7596365865954,53,2854.992990345402,62.50323131581236,43.6525302,574,0.75,1,1000.0,0.55,0.01,200,0.5,0.2,50,1000,150,0
data101.vrp,tabu,random,True,73,4567.752626931998,20,1703.453150678124,53,2864.2994762538738,62.706974527596635,63.333934400000004,294,0.75,1,1000.0,0.55,0.01,200,0.5,0.2,50,1000,120,1
data101.vrp,tabu,random,True,73,4567.752626931998,20,1684.9317321986998,53,2882.820894733298,63.112456610190584,28.2857951,365,0.75,1,1000.0,0.55,0.01,200,0.5,0.2,50,1000,150,1
data101.vrp,sa,random,True,70,4607.637731288301,21,1724.7917631540718,49,2882.8459681342297,62.56668028734504,2.8391468,1626,0.75,42,1000.0,0.55,0.01,200,0.5,0.2,10,200,50,False
data101.vrp,sa,random,True,70,4607.637731288301,21,1724.7917631540718,49,2882.8459681342297,62.56668028734504,2.7018428,1626,0.75,42,1000.0,0.55,0.01,200,0.5,0.5,10,200,50,False
data101.vrp,sa,random,True,70,4607.637731288301,21,1724.7917631540718,49,2882.8459681342297,62.56668028734504,2.6906919,1626,0.75,42,1000.0,0.55,0.01,200,0.5,0.5,10,200,50,False
data101.vrp,sa,random,True,70,4607.637731288301,21,1724.7917631540718,49,2882.8459681342297,62.56668028734504,7.415482199999998,1626,0.75,42,1000.0,0.55,0.01,200,0.5,0.5,10,200,50,False
data101.vrp,tabu,random,True,70,4607.637731288301,21,1731.5583713212325,49,2876.0793599670687,62.41982394659559,48.2635414,201,0.75,42,1000.0,0.55,0.01,200,0.5,0.5,10,200,50,False
data101.vrp,tabu,random,False,11,3702.412274430896,8,886.8417620286555,3,2815.5705124022406,76.04692032399407,111.68192859999999,201,0.75,42,1000.0,0.55,0.01,200,0.5,0.5,10,200,50,False
data101.vrp,tabu,random,True,70,4607.637731288301,21,1731.5583713212325,49,2876.0793599670687,62.41982394659559,45.4405882,201,0.75,42,1000.0,0.55,0.01,200,0.5,0.5,10,200,50,False
data101.vrp,sa,random,True,70,4607.637731288301,21,1724.7917631540718,49,2882.8459681342297,62.56668028734504,7.390889800000002,1626,0.75,42,1000.0,0.55,0.01,200,0.5,0.5,10,200,50,False
data101.vrp,sa,random,True,70,4607.637731288301,21,1680.225919420599,49,2927.4118118677025,63.53389703337624,50.5821804,8547,0.75,42,1000.0,0.9,0.01,200,0.5,0.5,10,200,50,False
data101.vrp,sa,random,True,70,4607.637731288301,21,1710.1160529981796,49,2897.5216782901216,62.885188620937235,20.573603,4163,0.75,42,1000.0,0.5,0.01,600,0.5,0.5,10,200,50,False
data101.vrp,sa,random,True,70,4607.637731288301,20,1653.259260392628,50,2954.3784708956737,64.1191569995592,299.2426632,42357,0.75,42,1000.0,0.9,0.01,1000,0.5,0.5,10,200,50,False
data101.vrp,sa,random,True,70,4607.637731288301,21,1724.7917631540718,49,2882.8459681342297,62.56668028734504,3.1039052000000003,1626,0.75,42,1000.0,0.55,0.01,200,0.5,0.5,10,200,50,False
data101.vrp,sa,random,True,70,4607.637731288301,21,1724.7917631540718,49,2882.8459681342297,62.56668028734504,3.0659087,1626,0.75,42,1000.0,0.55,0.01,200,0.5,0.5,10,200,50,False
data101.vrp,sa,greedy,True,37,2623.244873647066,21,1699.1181850370567,16,924.1266886100093,35.22838061721653,7.7790743,2061,0.75,1,100.0,0.8,0.01,200,0.5,0.2,10,200,50,False
data101.vrp,sa,greedy,True,37,2623.244873647066,20,1660.2549981432664,17,962.9898755037996,36.70987353021932,15.8692708,4184,0.75,1,100.0,0.9,0.01,200,0.5,0.2,10,200,50,False
data101.vrp,sa,greedy,True,37,2623.244873647066,21,1707.4770140635105,16,915.7678595835555,34.90973598322044,7.0285242,2665,0.75,1,200.0,0.8,0.01,200,0.5,0.2,10,200,50,False
data101.vrp,sa,greedy,True,37,2623.244873647066,20,1681.360462119701,17,941.884411527365,35.905317913301566,19.320208300000004,5597,0.75,1,200.0,0.9,0.01,200,0.5,0.2,10,200,50,False
data101.vrp,sa,greedy,True,37,2623.244873647066,21,1748.725309023786,16,874.5195646232801,33.33732101827939,7.6829842,2062,0.75,2,100.0,0.8,0.01,200,0.5,0.2,10,200,50,False
data101.vrp,sa,greedy,True,37,2623.244873647066,20,1688.7317137712284,17,934.5131598758376,35.62432044617303,17.537135599999992,4195,0.75,2,100.0,0.9,0.01,200,0.5,0.2,10,200,50,False
data101.vrp,sa,greedy,True,37,2623.244873647066,21,1681.2502137239903,16,941.9946599230757,35.90952066222593,7.843888700000008,2693,0.75,2,200.0,0.8,0.01,200,0.5,0.2,10,200,50,False
data101.vrp,sa,greedy,True,37,2623.244873647066,21,1692.931457066474,16,930.313416580592,35.464223181238445,16.014513800000003,5460,0.75,2,200.0,0.9,0.01,200,0.5,0.2,10,200,50,False
data101.vrp,sa,random,True,73,4567.752626931998,20,1662.4697819217756,53,2905.2828450102224,63.60420719546717,17.0675213,2721,0.75,1,200.0,0.9,0.01,100,0.3,0.1,10,200,50,False
data101.vrp,sa,random,True,73,4567.752626931998,22,1729.1942239007824,51,2838.5584030312157,62.14343540179358,10.640086399999998,2722,0.75,1,200.0,0.9,0.01,100,0.3,0.2,10,200,50,False
data101.vrp,sa,random,True,73,4567.752626931998,21,1706.743722224851,52,2861.008904707147,62.634935347380846,9.436686999999996,2747,0.75,1,200.0,0.9,0.01,100,0.3,0.3,10,200,50,False
data101.vrp,sa,random,True,73,4567.752626931998,20,1698.3852644809326,53,2869.367362451065,62.81792375385968,11.469138700000002,2796,0.75,1,200.0,0.9,0.01,100,0.5,0.1,10,200,50,False
data101.vrp,sa,random,True,73,4567.752626931998,21,1701.2114613026977,52,2866.5411656293,62.7560509456629,8.291170400000006,2756,0.75,1,200.0,0.9,0.01,100,0.5,0.2,10,200,50,False
data101.vrp,sa,random,True,73,4567.752626931998,21,1683.4480817990252,52,2884.3045451329726,63.144937581049795,6.645091999999998,2775,0.75,1,200.0,0.9,0.01,100,0.5,0.3,10,200,50,False
data101.vrp,sa,random,True,73,4567.752626931998,21,1702.314846164378,52,2865.43778076762,62.73189497768919,6.901040699999996,2786,0.75,1,200.0,0.9,0.01,100,0.7,0.1,10,200,50,False
data101.vrp,sa,random,True,73,4567.752626931998,21,1694.7452255096323,52,2873.0074014223655,62.89761368605607,5.672729399999994,2722,0.75,1,200.0,0.9,0.01,100,0.7,0.2,10,200,50,False
data101.vrp,sa,random,True,73,4567.752626931998,20,1697.6650162469803,53,2870.0876106850174,62.83369186331696,5.446387599999994,2766,0.75,1,200.0,0.9,0.01,100,0.7,0.3,10,200,50,False
data101.vrp,sa,random,True,73,4567.752626931998,21,1694.933696633001,52,2872.8189302989967,62.893487562363255,33.3321289,5462,0.75,1,200.0,0.9,0.01,200,0.3,0.1,10,200,50,False
data101.vrp,sa,random,True,73,4567.752626931998,20,1668.0200298629104,53,2899.732597069087,63.482697814499154,24.1947313,5436,0.75,1,200.0,0.9,0.01,200,0.3,0.2,10,200,50,False
data101.vrp,sa,random,True,73,4567.752626931998,21,1691.131346444424,52,2876.621280487574,62.97673090978443,18.8682824,5342,0.75,1,200.0,0.9,0.01,200,0.3,0.3,10,200,50,False
data101.vrp,sa,random,True,73,4567.752626931998,19,1695.082615518847,54,2872.670011413151,62.89022734014877,29.728957699999995,5723,0.75,1,200.0,0.9,0.01,200,0.5,0.1,10,200,50,False
data101.vrp,sa,random,True,73,4567.752626931998,20,1692.7407109183778,53,2875.01191601362,62.94149773046416,19.406140800000003,5479,0.75,1,200.0,0.9,0.01,200,0.5,0.2,10,200,50,False
data101.vrp,sa,random,True,73,4567.752626931998,21,1682.597344324965,52,2885.155282607033,63.16356243978327,13.094237899999996,5513,0.75,1,200.0,0.9,0.01,200,0.5,0.3,10,200,50,False
data101.vrp,sa,random,True,73,4567.752626931998,20,1715.6351061353262,53,2852.1175207966717,62.44027979930999,16.813636799999983,5430,0.75,1,200.0,0.9,0.01,200,0.7,0.1,10,200,50,False
data101.vrp,sa,random,True,73,4567.752626931998,20,1673.6098758654477,53,2894.14275106655,63.360321528848765,15.20490430000001,5478,0.75,1,200.0,0.9,0.01,200,0.7,0.2,10,200,50,False
data101.vrp,sa,random,True,73,4567.752626931998,21,1705.8474215391152,52,2861.9052053928826,62.65455770347017,12.55438730000003,5509,0.75,1,200.0,0.9,0.01,200,0.7,0.3,10,200,50,False
data101.vrp,sa,random,True,73,4567.752626931998,20,1676.5879445435455,53,2891.164682388452,63.29512385022365,69.70254260000002,11030,0.75,1,200.0,0.9,0.01,400,0.3,0.1,10,200,50,False
data101.vrp,sa,random,True,73,4567.752626931998,20,1668.3136771677339,53,2899.438949764264,63.47626911030245,51.20027110000001,11118,0.75,1,200.0,0.9,0.01,400,0.3,0.2,10,200,50,False
data101.vrp,sa,random,True,73,4567.752626931998,19,1684.7460323106548,54,2883.006594621343,63.11652206432552,49.08206100000001,11035,0.75,1,200.0,0.9,0.01,400,0.3,0.3,10,200,50,False
data101.vrp,sa,random,True,73,4567.752626931998,20,1684.1977587839833,53,2883.5548681480145,63.12852519959688,43.37482320000004,11178,0.75,1,200.0,0.9,0.01,400,0.5,0.1,10,200,50,False
data101.vrp,sa,random,True,73,4567.752626931998,20,1678.519592404373,53,2889.233034527625,63.25283504829865,36.08278619999999,11049,0.75,1,200.0,0.9,0.01,400,0.5,0.2,10,200,50,False
data101.vrp,sa,random,True,73,4567.752626931998,20,1683.5087654921294,53,2884.2438614398684,63.143609056979855,30.730606899999998,10990,0.75,1,200.0,0.9,0.01,400,0.5,0.3,10,200,50,False
data101.vrp,sa,random,True,73,4567.752626931998,19,1667.2420884406922,54,2900.510538491306,63.49972897808782,38.631518400000004,11115,0.75,1,200.0,0.9,0.01,400,0.7,0.1,10,200,50,False
data101.vrp,sa,random,True,73,4567.752626931998,20,1675.5332614738834,53,2892.219365458114,63.31821360914456,29.893024500000024,10972,0.75,1,200.0,0.9,0.01,400,0.7,0.2,10,200,50,False
data101.vrp,sa,random,True,73,4567.752626931998,19,1699.1041391509716,54,2868.6484877810262,62.8021857152934,30.566871199999923,10953,0.75,1,200.0,0.9,0.01,400,0.7,0.3,10,200,50,False
data101.vrp,sa,random,True,73,4567.752626931998,20,1662.4697819217756,53,2905.2828450102224,63.60420719546717,12.583520300000032,2720,0.75,1,200.0,0.9,0.1,100,0.3,0.1,10,200,50,False
data101.vrp,sa,random,True,73,4567.752626931998,22,1729.7094315465483,51,2838.0431953854495,62.132156164762925,8.626083999999992,2721,0.75,1,200.0,0.9,0.1,100,0.3,0.2,10,200,50,False
data101.vrp,sa,random,True,73,4567.752626931998,21,1708.6843728859517,52,2859.068254046046,62.59244945071344,6.8518969000000425,2745,0.75,1,200.0,0.9,0.1,100,0.3,0.3,10,200,50,False
data101.vrp,sa,random,True,73,4567.752626931998,20,1698.3852644809326,53,2869.367362451065,62.81792375385968,8.079885600000011,2786,0.75,1,200.0,0.9,0.1,100,0.5,0.1,10,200,50,False
data101.vrp,sa,random,True,73,4567.752626931998,21,1701.2114613026977,52,2866.5411656293,62.7560509456629,5.701575399999911,2752,0.75,1,200.0,0.9,0.1,100,0.5,0.2,10,200,50,False
data101.vrp,sa,random,True,73,4567.752626931998,21,1683.4480817990252,52,2884.3045451329726,63.144937581049795,4.97333900000001,2774,0.75,1,200.0,0.9,0.1,100,0.5,0.3,10,200,50,False
data101.vrp,sa,random,True,73,4567.752626931998,21,1702.314846164378,52,2865.43778076762,62.73189497768919,5.409882299999936,2784,0.75,1,200.0,0.9,0.1,100,0.7,0.1,10,200,50,False
data101.vrp,sa,random,True,73,4567.752626931998,21,1696.543506359421,52,2871.209120572577,62.85824463530699,4.505815200000029,2718,0.75,1,200.0,0.9,0.1,100,0.7,0.2,10,200,50,False
data101.vrp,sa,random,True,73,4567.752626931998,20,1697.6650162469803,53,2870.0876106850174,62.83369186331696,4.610133799999971,2759,0.75,1,200.0,0.9,0.1,100,0.7,0.3,10,200,50,False
data101.vrp,sa,random,True,73,4567.752626931998,21,1694.933696633001,52,2872.8189302989967,62.893487562363255,24.555312800000024,5450,0.75,1,200.0,0.9,0.1,200,0.3,0.1,10,200,50,False
data101.vrp,sa,random,True,73,4567.752626931998,20,1668.0200298629104,53,2899.732597069087,63.482697814499154,18.286352599999987,5422,0.75,1,200.0,0.9,0.1,200,0.3,0.2,10,200,50,False
data101.vrp,sa,random,True,73,4567.752626931998,21,1691.131346444424,52,2876.621280487574,62.97673090978443,13.74011459999997,5336,0.75,1,200.0,0.9,0.1,200,0.3,0.3,10,200,50,False
data101.vrp,sa,random,True,73,4567.752626931998,19,1695.082615518847,54,2872.670011413151,62.89022734014877,21.225945499999966,5696,0.75,1,200.0,0.9,0.1,200,0.5,0.1,10,200,50,False
data101.vrp,sa,random,True,73,4567.752626931998,20,1692.7407109183778,53,2875.01191601362,62.94149773046416,14.490487700000017,5470,0.75,1,200.0,0.9,0.1,200,0.5,0.2,10,200,50,False
data101.vrp,sa,random,True,73,4567.752626931998,21,1682.597344324965,52,2885.155282607033,63.16356243978327,9.976987200000053,5505,0.75,1,200.0,0.9,0.1,200,0.5,0.3,10,200,50,False
data101.vrp,sa,random,True,73,4567.752626931998,20,1715.6351061353262,53,2852.1175207966717,62.44027979930999,12.514165400000024,5423,0.75,1,200.0,0.9,0.1,200,0.7,0.1,10,200,50,False
data101.vrp,sa,random,True,73,4567.752626931998,20,1673.6098758654477,53,2894.14275106655,63.360321528848765,10.393755100000021,5449,0.75,1,200.0,0.9,0.1,200,0.7,0.2,10,200,50,False
data101.vrp,sa,random,True,73,4567.752626931998,21,1705.8474215391152,52,2861.9052053928826,62.65455770347017,8.649357900000041,5505,0.75,1,200.0,0.9,0.1,200,0.7,0.3,10,200,50,False
data101.vrp,sa,random,True,73,4567.752626931998,20,1676.5879445435455,53,2891.164682388452,63.29512385022365,52.91101059999994,10988,0.75,1,200.0,0.9,0.1,400,0.3,0.1,10,200,50,False
data101.vrp,sa,random,True,73,4567.752626931998,20,1668.3136771677339,53,2899.438949764264,63.47626911030245,39.480530300000055,11050,0.75,1,200.0,0.9,0.1,400,0.3,0.2,10,200,50,False
data101.vrp,sa,random,True,73,4567.752626931998,19,1684.7460323106548,54,2883.006594621343,63.11652206432552,36.7166876,10981,0.75,1,200.0,0.9,0.1,400,0.3,0.3,10,200,50,False
data101.vrp,sa,random,True,73,4567.752626931998,20,1684.1977587839833,53,2883.5548681480145,63.12852519959688,34.32556320000003,11163,0.75,1,200.0,0.9,0.1,400,0.5,0.1,10,200,50,False
data101.vrp,sa,random,True,73,4567.752626931998,20,1678.519592404373,53,2889.233034527625,63.25283504829865,28.631870100000015,11049,0.75,1,200.0,0.9,0.1,400,0.5,0.2,10,200,50,False
data101.vrp,sa,random,True,73,4567.752626931998,20,1683.5087654921294,53,2884.2438614398684,63.143609056979855,23.14856850000001,10966,0.75,1,200.0,0.9,0.1,400,0.5,0.3,10,200,50,False
data101.vrp,sa,random,True,73,4567.752626931998,19,1667.2420884406922,54,2900.510538491306,63.49972897808782,29.342063800000005,11050,0.75,1,200.0,0.9,0.1,400,0.7,0.1,10,200,50,False
data101.vrp,sa,random,True,73,4567.752626931998,20,1675.5332614738834,53,2892.219365458114,63.31821360914456,23.3503068,10954,0.75,1,200.0,0.9,0.1,400,0.7,0.2,10,200,50,False
data101.vrp,sa,random,True,73,4567.752626931998,19,1699.1041391509716,54,2868.6484877810262,62.8021857152934,21.88588300000015,10926,0.75,1,200.0,0.9,0.1,400,0.7,0.3,10,200,50,False
data101.vrp,sa,random,True,73,4567.752626931998,20,1686.5812983388382,53,2881.1713285931596,63.07634331170738,26.93283550000001,5595,0.75,1,200.0,0.95,0.01,100,0.3,0.1,10,200,50,False
data101.vrp,sa,random,True,73,4567.752626931998,21,1687.5912792397385,52,2880.1613476922594,63.05423219967069,24.249874800000043,5659,0.75,1,200.0,0.95,0.01,100,0.3,0.2,10,200,50,False
data101.vrp,sa,random,True,73,4567.752626931998,20,1674.0120012851607,53,2893.740625646837,63.35151795622661,18.848669699999846,5546,0.75,1,200.0,0.95,0.01,100,0.3,0.3,10,200,50,False
data101.vrp,sa,random,True,73,4567.752626931998,20,1690.6777303811718,53,2877.074896550826,62.98666174668171,22.532945800000107,5774,0.75,1,200.0,0.95,0.01,100,0.5,0.1,10,200,50,False
data101.vrp,sa,random,True,73,4567.752626931998,20,1658.5386085445577,53,2909.21401838744,63.69027081795931,18.37247380000008,5593,0.75,1,200.0,0.95,0.01,100,0.5,0.2,10,200,50,False
data101.vrp,sa,random,True,73,4567.752626931998,20,1692.402924305239,53,2875.3497026267587,62.94889275906415,12.231216500000073,5521,0.75,1,200.0,0.95,0.01,100,0.5,0.3,10,200,50,False
data101.vrp,sa,random,True,73,4567.752626931998,21,1722.2941291552254,52,2845.4584977767727,62.294496444479506,15.677697399999943,5612,0.75,1,200.0,0.95,0.01,100,0.7,0.1,10,200,50,False
data101.vrp,sa,random,True,73,4567.752626931998,20,1679.109370453387,53,2888.643256478611,63.23992327095028,12.917733999999882,5530,0.75,1,200.0,0.95,0.01,100,0.7,0.2,10,200,50,False
data101.vrp,sa,random,True,73,4567.752626931998,20,1685.5159062598423,53,2882.2367206721556,63.09966751873021,10.868744900000138,5510,0.75,1,200.0,0.95,0.01,100,0.7,0.3,10,200,50,False
data101.vrp,sa,random,True,73,4567.752626931998,20,1680.2763583010283,53,2887.4762686309696,63.21437486798378,66.4337559999999,11053,0.75,1,200.0,0.95,0.01,200,0.3,0.1,10,200,50,False
data101.vrp,sa,random,True,73,4567.752626931998,20,1673.3665452510963,53,2894.3860816809015,63.36564866966014,42.43238439999982,11009,0.75,1,200.0,0.95,0.01,200,0.3,0.2,10,200,50,False
data101.vrp,sa,random,True,73,4567.752626931998,19,1691.920495231629,54,2875.832131700369,62.95945438779084,39.45230040000001,11054,0.75,1,200.0,0.95,0.01,200,0.3,0.3,10,200,50,False
data101.vrp,sa,random,True,73,4567.752626931998,20,1656.5377261553585,53,2911.2149007766393,63.7340753440057,43.069933099999844,11111,0.75,1,200.0,0.95,0.01,200,0.5,0.1,10,200,50,False
data101.vrp,sa,random,True,73,4567.752626931998,20,1651.1105924124372,53,2916.6420345195606,63.85288943457011,31.36980440000002,11055,0.75,1,200.0,0.95,0.01,200,0.5,0.2,10,200,50,False
data101.vrp,sa,random,True,73,4567.752626931998,20,1684.372344849919,53,2883.380282082079,63.12470305596969,30.901895100000047,11236,0.75,1,200.0,0.95,0.01,200,0.5,0.3,10,200,50,False
data101.vrp,sa,random,True,73,4567.752626931998,19,1672.0744636427103,54,2895.6781632892876,63.39393570080906,38.640001900000016,11522,0.75,1,200.0,0.95,0.01,200,0.7,0.1,10,200,50,False
data101.vrp,sa,random,True,73,4567.752626931998,20,1683.049062775477,53,2884.7035641565208,63.15367314657048,22.562803599999825,10932,0.75,1,200.0,0.95,0.01,200,0.7,0.2,10,200,50,False
data101.vrp,sa,random,True,73,4567.752626931998,20,1657.099511454531,53,2910.6531154774666,63.72177640084796,23.01888699999995,11059,0.75,1,200.0,0.95,0.01,200,0.7,0.3,10,200,50,False
data101.vrp,sa,random,True,73,4567.752626931998,20,1655.7368879200767,53,2912.015739011921,63.75160777845848,106.59276269999987,22393,0.75,1,200.0,0.95,0.01,400,0.3,0.1,10,200,50,False
data101.vrp,sa,random,True,73,4567.752626931998,19,1661.6753231305745,54,2906.077303801423,63.62159996727615,120.29162359999987,22774,0.75,1,200.0,0.95,0.01,400,0.3,0.2,10,200,50,False
data101.vrp,sa,random,True,73,4567.752626931998,19,1674.1946032874303,54,2893.5580236445676,63.34752032287858,87.81553480000002,22699,0.75,1,200.0,0.95,0.01,400,0.3,0.3,10,200,50,False
data101.vrp,sa,random,True,73,4567.752626931998,19,1682.7393423149583,54,2885.0132846170395,63.16045373400187,92.22689429999991,22927,0.75,1,200.0,0.95,0.01,400,0.5,0.1,10,200,50,False
data101.vrp,sa,random,True,73,4567.752626931998,20,1676.4072099925183,53,2891.3454169394795,63.29908060020091,71.87719900000002,22408,0.75,1,200.0,0.95,0.01,400,0.5,0.2,10,200,50,False
data101.vrp,sa,random,True,73,4567.752626931998,19,1668.285949557335,54,2899.466677374663,63.47687613990022,67.76787400000012,22678,0.75,1,200.0,0.95,0.01,400,0.5,0.3,10,200,50,False
data101.vrp,sa,random,True,73,4567.752626931998,19,1667.903218045993,54,2899.8494088860048,63.485255129364,62.32901119999997,22731,0.75,1,200.0,0.95,0.01,400,0.7,0.1,10,200,50,False
data101.vrp,sa,random,True,73,4567.752626931998,20,1680.1330556099263,53,2887.6195713220714,63.21751213707004,48.8452626000003,22058,0.75,1,200.0,0.95,0.01,400,0.7,0.2,10,200,50,False
data101.vrp,sa,random,True,73,4567.752626931998,20,1662.296856327939,53,2905.4557706040587,63.60799298703602,46.33781799999997,22306,0.75,1,200.0,0.95,0.01,400,0.7,0.3,10,200,50,False
data101.vrp,sa,random,True,73,4567.752626931998,20,1686.5812983388382,53,2881.1713285931596,63.07634331170738,27.50988419999976,5592,0.75,1,200.0,0.95,0.1,100,0.3,0.1,10,200,50,False
data101.vrp,sa,random,True,73,4567.752626931998,21,1687.5912792397385,52,2880.1613476922594,63.05423219967069,18.45641539999997,5636,0.75,1,200.0,0.95,0.1,100,0.3,0.2,10,200,50,False
data101.vrp,sa,random,True,73,4567.752626931998,20,1674.0120012851607,53,2893.740625646837,63.35151795622661,15.493682299999818,5538,0.75,1,200.0,0.95,0.1,100,0.3,0.3,10,200,50,False
data101.vrp,sa,random,True,73,4567.752626931998,20,1690.6777303811718,53,2877.074896550826,62.98666174668171,18.458137500000248,5762,0.75,1,200.0,0.95,0.1,100,0.5,0.1,10,200,50,False
data101.vrp,sa,random,True,73,4567.752626931998,20,1658.5386085445577,53,2909.21401838744,63.69027081795931,14.14799149999999,5589,0.75,1,200.0,0.95,0.1,100,0.5,0.2,10,200,50,False
data101.vrp,sa,random,True,73,4567.752626931998,20,1692.402924305239,53,2875.3497026267587,62.94889275906415,10.995465799999693,5515,0.75,1,200.0,0.95,0.1,100,0.5,0.3,10,200,50,False
data101.vrp,sa,random,True,73,4567.752626931998,21,1722.2941291552254,52,2845.4584977767727,62.294496444479506,12.276317100000142,5610,0.75,1,200.0,0.95,0.1,100,0.7,0.1,10,200,50,False
data101.vrp,sa,random,True,73,4567.752626931998,20,1679.109370453387,53,2888.643256478611,63.23992327095028,10.488407199999983,5527,0.75,1,200.0,0.95,0.1,100,0.7,0.2,10,200,50,False
data101.vrp,sa,random,True,73,4567.752626931998,20,1685.5159062598423,53,2882.2367206721556,63.09966751873021,8.956181600000036,5500,0.75,1,200.0,0.95,0.1,100,0.7,0.3,10,200,50,False
data101.vrp,sa,random,True,73,4567.752626931998,20,1680.2763583010283,53,2887.4762686309696,63.21437486798378,56.18231990000004,11030,0.75,1,200.0,0.95,0.1,200,0.3,0.1,10,200,50,False
data101.vrp,sa,random,True,73,4567.752626931998,20,1673.3665452510963,53,2894.3860816809015,63.36564866966014,40.82784330000004,11005,0.75,1,200.0,0.95,0.1,200,0.3,0.2,10,200,50,False
data101.vrp,sa,random,True,73,4567.752626931998,19,1691.920495231629,54,2875.832131700369,62.95945438779084,38.84031789999972,11053,0.75,1,200.0,0.95,0.1,200,0.3,0.3,10,200,50,False
data101.vrp,sa,random,True,73,4567.752626931998,20,1656.5377261553585,53,2911.2149007766393,63.7340753440057,37.361784700000044,11105,0.75,1,200.0,0.95,0.1,200,0.5,0.1,10,200,50,False
data101.vrp,sa,random,True,73,4567.752626931998,20,1651.1105924124372,53,2916.6420345195606,63.85288943457011,28.381772800000363,11035,0.75,1,200.0,0.95,0.1,200,0.5,0.2,10,200,50,False
data101.vrp,sa,random,True,73,4567.752626931998,20,1684.372344849919,53,2883.380282082079,63.12470305596969,28.623111599999902,11211,0.75,1,200.0,0.95,0.1,200,0.5,0.3,10,200,50,False
data101.vrp,sa,random,True,73,4567.752626931998,19,1672.0744636427103,54,2895.6781632892876,63.39393570080906,33.380990799999836,11483,0.75,1,200.0,0.95,0.1,200,0.7,0.1,10,200,50,False
data101.vrp,sa,random,True,73,4567.752626931998,20,1683.049062775477,53,2884.7035641565208,63.15367314657048,21.54795030000014,10932,0.75,1,200.0,0.95,0.1,200,0.7,0.2,10,200,50,False
data101.vrp,sa,random,True,73,4567.752626931998,20,1657.099511454531,53,2910.6531154774666,63.72177640084796,17.95655809999971,11044,0.75,1,200.0,0.95,0.1,200,0.7,0.3,10,200,50,False
data101.vrp,sa,random,True,73,4567.752626931998,20,1655.7368879200767,53,2912.015739011921,63.75160777845848,100.97009079999998,22393,0.75,1,200.0,0.95,0.1,400,0.3,0.1,10,200,50,False
data101.vrp,sa,random,True,73,4567.752626931998,19,1661.6753231305745,54,2906.077303801423,63.62159996727615,95.55864629999996,22674,0.75,1,200.0,0.95,0.1,400,0.3,0.2,10,200,50,False
data101.vrp,sa,random,True,73,4567.752626931998,19,1674.1946032874303,54,2893.5580236445676,63.34752032287858,74.25986359999979,22606,0.75,1,200.0,0.95,0.1,400,0.3,0.3,10,200,50,False
data101.vrp,sa,random,True,73,4567.752626931998,19,1682.7393423149583,54,2885.0132846170395,63.16045373400187,85.32198389999985,22893,0.75,1,200.0,0.95,0.1,400,0.5,0.1,10,200,50,False
data101.vrp,sa,random,True,73,4567.752626931998,20,1676.4072099925183,53,2891.3454169394795,63.29908060020091,60.34466259999999,22375,0.75,1,200.0,0.95,0.1,400,0.5,0.2,10,200,50,False
data101.vrp,sa,random,True,73,4567.752626931998,19,1668.285949557335,54,2899.466677374663,63.47687613990022,63.0569145999998,22655,0.75,1,200.0,0.95,0.1,400,0.5,0.3,10,200,50,False
data101.vrp,sa,random,True,73,4567.752626931998,19,1667.903218045993,54,2899.8494088860048,63.485255129364,62.03342840000005,22731,0.75,1,200.0,0.95,0.1,400,0.7,0.1,10,200,50,False
data101.vrp,sa,random,True,73,4567.752626931998,20,1680.1330556099263,53,2887.6195713220714,63.21751213707004,46.05415649999986,22047,0.75,1,200.0,0.95,0.1,400,0.7,0.2,10,200,50,False
data101.vrp,sa,random,True,73,4567.752626931998,20,1662.296856327939,53,2905.4557706040587,63.60799298703602,40.491024599999946,22284,0.75,1,200.0,0.95,0.1,400,0.7,0.3,10,200,50,False
data101.vrp,sa,random,True,73,4567.752626931998,23,2201.4961126640937,50,2366.256514267904,51.80351712385171,22.740233200000148,12347,0.75,1,200.0,0.99,0.01,100,0.3,0.1,10,200,50,False
data101.vrp,sa,random,True,73,4567.752626931998,19,1661.512620978338,54,2906.24000595366,63.62516194108527,96.63464830000021,28333,0.75,1,200.0,0.99,0.01,100,0.3,0.2,10,200,50,False
data101.vrp,sa,random,True,73,4567.752626931998,19,1661.8938766544882,54,2905.85875027751,63.616815261497095,80.13139820000015,28723,0.75,1,200.0,0.99,0.01,100,0.3,0.3,10,200,50,False
data101.vrp,sa,random,True,73,4567.752626931998,19,1664.0725780267703,54,2903.6800489052275,63.56911781484825,70.30303170000025,28275,0.75,1,200.0,0.99,0.01,100,0.5,0.1,10,200,50,False
data101.vrp,sa,random,True,73,4567.752626931998,19,1662.6703622481702,54,2905.082264683828,63.59981596978625,66.77611100000013,28380,0.75,1,200.0,0.99,0.01,100,0.5,0.2,10,200,50,False
data101.vrp,sa,random,True,73,4567.752626931998,24,2240.9385261344305,49,2326.8141007975673,50.940019980031366,8.376992299999984,11308,0.75,1,200.0,0.99,0.01,100,0.5,0.3,10,200,50,False
data101.vrp,sa,random,True,73,4567.752626931998,19,1665.3565615266518,54,2902.3960654053462,63.54100807238298,53.22432429999981,28190,0.75,1,200.0,0.99,0.01,100,0.7,0.1,10,200,50,False
data101.vrp,sa,random,True,73,4567.752626931998,22,2150.2165358771917,51,2417.536091054806,52.92616059811851,7.023975300000075,8958,0.75,1,200.0,0.99,0.01,100,0.7,0.2,10,200,50,False
data101.vrp,sa,random,True,73,4567.752626931998,21,1987.7428818799215,52,2580.009745052076,56.48313198573934,15.548569000000043,19752,0.75,1,200.0,0.99,0.01,100,0.7,0.3,10,200,50,False
data101.vrp,sa,random,True,73,4567.752626931998,20,1692.8994207458109,53,2874.853206186187,62.93802315904149,199.80261119999977,55662,0.75,1,200.0,0.99,0.01,200,0.3,0.1,10,200,50,False
data101.vrp,sa,random,True,73,4567.752626931998,19,1665.2626304464848,54,2902.489996485513,63.54306446833605,197.5861614999999,56863,0.75,1,200.0,0.99,0.01,200,0.3,0.2,10,200,50,False
data101.vrp,sa,random,True,73,4567.752626931998,20,1812.609824178972,53,2755.1428027530255,60.31725068709686,70.2520254000001,48246,0.75,1,200.0,0.99,0.01,200,0.3,0.3,10,200,50,False
data101.vrp,sa,random,True,73,4567.752626931998,22,2114.482140749815,51,2453.270486182183,53.70847956427011,33.81966399999965,25533,0.75,1,200.0,0.99,0.01,200,0.5,0.1,10,200,50,False
data101.vrp,sa,random,True,73,4567.752626931998,22,2115.2531336072134,51,2452.4994933247845,53.69160052286028,26.82409370000005,24591,0.75,1,200.0,0.99,0.01,200,0.5,0.2,10,200,50,False
data101.vrp,sa,random,True,73,4567.752626931998,19,1668.522895819415,54,2899.229731112583,63.471688769185725,119.74850810000044,56935,0.75,1,200.0,0.99,0.01,200,0.5,0.3,10,200,50,False
data101.vrp,sa,random,True,73,4567.752626931998,22,2142.366394443656,51,2425.3862324883416,53.09802063684412,26.17971260000013,25003,0.75,1,200.0,0.99,0.01,200,0.7,0.1,10,200,50,False
data101.vrp,sa,random,True,73,4567.752626931998,22,2145.8643157498764,51,2421.8883111821215,53.02144203042844,13.4674057000002,16212,0.75,1,200.0,0.99,0.01,200,0.7,0.2,10,200,50,False
data101.vrp,sa,random,True,73,4567.752626931998,19,1661.3496760783003,54,2906.402950853698,63.6287292292759,84.68309649999992,56338,0.75,1,200.0,0.99,0.01,200,0.7,0.3,10,200,50,False
data101.vrp,sa,random,True,73,4567.752626931998,20,1903.9103413265116,53,2663.8422856054863,58.318444608825004,239.82862449999993,86193,0.75,1,200.0,0.99,0.01,400,0.3,0.1,10,200,50,False
data101.vrp,sa,random,True,73,4567.752626931998,20,1656.7106545525273,53,2911.0419723794703,63.7302894910646,312.9952499000001,111179,0.75,1,200.0,0.99,0.01,400,0.3,0.2,10,200,50,False
data101.vrp,sa,random,True,73,4567.752626931998,21,2027.8861257386095,52,2539.866501193388,55.604291839668406,54.818654400000014,42248,0.75,1,200.0,0.99,0.01,400,0.3,0.3,10,200,50,False
data101.vrp,sa,random,True,73,4567.752626931998,19,1658.5956966163537,54,2909.156930315644,63.689021011403256,372.0556679000001,114748,0.75,1,200.0,0.99,0.01,400,0.5,0.1,10,200,50,False
data101.vrp,sa,random,True,73,4567.752626931998,21,2037.795398651675,52,2529.957228280323,55.38735205062118,75.72779020000053,60362,0.75,1,200.0,0.99,0.01,400,0.5,0.2,10,200,50,False
data101.vrp,sa,random,True,73,4567.752626931998,19,1653.5332279373106,54,2914.2193989946873,63.79985163408615,261.4973836999998,114603,0.75,1,200.0,0.99,0.01,400,0.5,0.3,10,200,50,False
data101.vrp,sa,random,True,73,4567.752626931998,21,2032.9066147517763,52,2534.846012180222,55.49438026119183,53.29317899999933,46704,0.75,1,200.0,0.99,0.01,400,0.7,0.1,10,200,50,False
data101.vrp,sa,random,True,73,4567.752626931998,20,1908.6563359491877,53,2659.0962909828104,58.21454242737383,99.07809660000021,81962,0.75,1,200.0,0.99,0.01,400,0.7,0.2,10,200,50,False
data101.vrp,sa,random,True,73,4567.752626931998,20,1950.8601631317326,53,2616.8924638002654,57.29059074632818,67.94457859999966,69499,0.75,1,200.0,0.99,0.01,400,0.7,0.3,10,200,50,False
data101.vrp,sa,random,True,73,4567.752626931998,23,2201.4961126640937,50,2366.256514267904,51.80351712385171,22.634168399999908,12347,0.75,1,200.0,0.99,0.1,100,0.3,0.1,10,200,50,False
data101.vrp,sa,random,True,73,4567.752626931998,19,1661.512620978338,54,2906.24000595366,63.62516194108527,95.57467910000014,28333,0.75,1,200.0,0.99,0.1,100,0.3,0.2,10,200,50,False
data101.vrp,sa,random,True,73,4567.752626931998,19,1661.8938766544882,54,2905.85875027751,63.616815261497095,77.15145510000002,28723,0.75,1,200.0,0.99,0.1,100,0.3,0.3,10,200,50,False
data101.vrp,sa,random,True,73,4567.752626931998,19,1664.0725780267703,54,2903.6800489052275,63.56911781484825,67.90892219999932,28275,0.75,1,200.0,0.99,0.1,100,0.5,0.1,10,200,50,False
data101.vrp,sa,random,True,73,4567.752626931998,19,1662.6703622481702,54,2905.082264683828,63.59981596978625,65.00466460000007,28380,0.75,1,200.0,0.99,0.1,100,0.5,0.2,10,200,50,False
data101.vrp,sa,random,True,73,4567.752626931998,24,2240.9385261344305,49,2326.8141007975673,50.940019980031366,8.505071900000075,11308,0.75,1,200.0,0.99,0.1,100,0.5,0.3,10,200,50,False
data101.vrp,sa,random,True,73,4567.752626931998,19,1665.3565615266518,54,2902.3960654053462,63.54100807238298,51.42933439999979,28190,0.75,1,200.0,0.99,0.1,100,0.7,0.1,10,200,50,False
data101.vrp,sa,random,True,73,4567.752626931998,22,2150.2165358771917,51,2417.536091054806,52.92616059811851,6.788366799999494,8958,0.75,1,200.0,0.99,0.1,100,0.7,0.2,10,200,50,False
data101.vrp,sa,random,True,73,4567.752626931998,21,1987.7428818799215,52,2580.009745052076,56.48313198573934,15.209106199999951,19752,0.75,1,200.0,0.99,0.1,100,0.7,0.3,10,200,50,False
data101.vrp,sa,random,True,73,4567.752626931998,20,1692.8994207458109,53,2874.853206186187,62.93802315904149,195.60471640000014,55662,0.75,1,200.0,0.99,0.1,200,0.3,0.1,10,200,50,False
data101.vrp,sa,random,True,73,4567.752626931998,19,1665.2626304464848,54,2902.489996485513,63.54306446833605,193.99475830000029,56863,0.75,1,200.0,0.99,0.1,200,0.3,0.2,10,200,50,False
data101.vrp,sa,random,True,73,4567.752626931998,20,1812.609824178972,53,2755.1428027530255,60.31725068709686,70.36475169999994,48246,0.75,1,200.0,0.99,0.1,200,0.3,0.3,10,200,50,False
data101.vrp,sa,random,True,73,4567.752626931998,22,2114.482140749815,51,2453.270486182183,53.70847956427011,33.98329120000017,25533,0.75,1,200.0,0.99,0.1,200,0.5,0.1,10,200,50,False
data101.vrp,sa,random,True,73,4567.752626931998,22,2115.2531336072134,51,2452.4994933247845,53.69160052286028,26.76833380000062,24591,0.75,1,200.0,0.99,0.1,200,0.5,0.2,10,200,50,False
data101.vrp,sa,random,True,73,4567.752626931998,19,1668.522895819415,54,2899.229731112583,63.471688769185725,121.93044209999971,56935,0.75,1,200.0,0.99,0.1,200,0.5,0.3,10,200,50,False
data101.vrp,sa,random,True,73,4567.752626931998,22,2142.366394443656,51,2425.3862324883416,53.09802063684412,27.21462470000006,25003,0.75,1,200.0,0.99,0.1,200,0.7,0.1,10,200,50,False
data101.vrp,sa,random,True,73,4567.752626931998,22,2145.8643157498764,51,2421.8883111821215,53.02144203042844,14.26667550000002,16212,0.75,1,200.0,0.99,0.1,200,0.7,0.2,10,200,50,False
data101.vrp,sa,random,True,73,4567.752626931998,19,1661.3496760783003,54,2906.402950853698,63.6287292292759,86.63763879999988,56338,0.75,1,200.0,0.99,0.1,200,0.7,0.3,10,200,50,False
data101.vrp,sa,random,True,73,4567.752626931998,20,1903.9103413265116,53,2663.8422856054863,58.318444608825004,241.6005955999999,86193,0.75,1,200.0,0.99,0.1,400,0.3,0.1,10,200,50,False
data101.vrp,sa,random,True,73,4567.752626931998,20,1656.7106545525273,53,2911.0419723794703,63.7302894910646,317.8639863999997,111179,0.75,1,200.0,0.99,0.1,400,0.3,0.2,10,200,50,False
data101.vrp,sa,random,True,73,4567.752626931998,21,2027.8861257386095,52,2539.866501193388,55.604291839668406,55.11828779999996,42248,0.75,1,200.0,0.99,0.1,400,0.3,0.3,10,200,50,False
data101.vrp,sa,random,True,73,4567.752626931998,19,1658.5956966163537,54,2909.156930315644,63.689021011403256,373.00283090000084,114748,0.75,1,200.0,0.99,0.1,400,0.5,0.1,10,200,50,False
data101.vrp,sa,random,True,73,4567.752626931998,21,2037.795398651675,52,2529.957228280323,55.38735205062118,76.68102999999974,60362,0.75,1,200.0,0.99,0.1,400,0.5,0.2,10,200,50,False
data101.vrp,sa,random,True,73,4567.752626931998,19,1653.5332279373106,54,2914.2193989946873,63.79985163408615,267.37811509999847,114603,0.75,1,200.0,0.99,0.1,400,0.5,0.3,10,200,50,False
data101.vrp,sa,random,True,73,4567.752626931998,21,2032.9066147517763,52,2534.846012180222,55.49438026119183,55.30645120000008,46704,0.75,1,200.0,0.99,0.1,400,0.7,0.1,10,200,50,False
data101.vrp,sa,random,True,73,4567.752626931998,20,1908.6563359491877,53,2659.0962909828104,58.21454242737383,102.20599810000022,81962,0.75,1,200.0,0.99,0.1,400,0.7,0.2,10,200,50,False
data101.vrp,sa,random,True,73,4567.752626931998,20,1950.8601631317326,53,2616.8924638002654,57.29059074632818,71.00651910000124,69499,0.75,1,200.0,0.99,0.1,400,0.7,0.3,10,200,50,False
data101.vrp,sa,random,True,73,4567.752626931998,22,1717.0186079083728,51,2850.734019023625,62.409991342687164,15.674922600001082,3702,0.75,1,500.0,0.9,0.01,100,0.3,0.1,10,200,50,False
data101.vrp,sa,random,True,73,4567.752626931998,21,1669.9460275592155,52,2897.8065993727823,63.44053270938929,13.07053900000028,3583,0.75,1,500.0,0.9,0.01,100,0.3,0.2,10,200,50,False
data101.vrp,sa,random,True,73,4567.752626931998,21,1712.6010825748526,52,2855.151544357145,62.506702476023804,9.855239600001369,3570,0.75,1,500.0,0.9,0.01,100,0.3,0.3,10,200,50,False
data101.vrp,sa,random,True,73,4567.752626931998,21,1718.2903003262766,52,2849.4623266057215,62.38215068401389,10.782229100001132,3591,0.75,1,500.0,0.9,0.01,100,0.5,0.1,10,200,50,False
data101.vrp,sa,random,True,73,4567.752626931998,21,1685.8116819871864,52,2881.9409449448112,63.09319221782182,8.544911599999978,3634,0.75,1,500.0,0.9,0.01,100,0.5,0.2,10,200,50,False
data101.vrp,sa,random,True,73,4567.752626931998,20,1677.9139807437823,53,2889.8386461882155,63.26609346463712,8.576311900000292,3631,0.75,1,500.0,0.9,0.01,100,0.5,0.3,10,200,50,False
data101.vrp,sa,random,True,73,4567.752626931998,20,1712.382925855814,53,2855.369701076184,62.51147849471081,9.198809499999697,3590,0.75,1,500.0,0.9,0.01,100,0.7,0.1,10,200,50,False
data101.vrp,sa,random,True,73,4567.752626931998,21,1720.9383764305255,52,2846.814250501472,62.32417740217205,7.0431629000013345,3629,0.75,1,500.0,0.9,0.01,100,0.7,0.2,10,200,50,False
data101.vrp,sa,random,True,73,4567.752626931998,21,1684.078731172372,52,2883.673895759626,63.13113102397776,4.71894070000053,3611,0.75,1,500.0,0.9,0.01,100,0.7,0.3,10,200,50,False
data101.vrp,sa,random,True,73,4567.752626931998,21,1691.070299872329,52,2876.6823270596688,62.97806737822046,33.922807200000534,7091,0.75,1,500.0,0.9,0.01,200,0.3,0.1,10,200,50,False
data101.vrp,sa,random,True,73,4567.752626931998,20,1692.7124866390768,53,2875.040140292921,62.94211563343759,29.567378600000666,7118,0.75,1,500.0,0.9,0.01,200,0.3,0.2,10,200,50,False
data101.vrp,sa,random,True,73,4567.752626931998,20,1695.3341966810353,53,2872.4184302509625,62.884719573359796,23.716221299999233,7037,0.75,1,500.0,0.9,0.01,200,0.3,0.3,10,200,50,False
data101.vrp,sa,random,True,73,4567.752626931998,20,1665.9878674577906,53,2901.7647594742075,63.52718714155112,26.14440570000079,7227,0.75,1,500.0,0.9,0.01,200,0.5,0.1,10,200,50,False
data101.vrp,sa,random,True,73,4567.752626931998,21,1680.1821707538697,52,2887.570456178128,63.21643687866718,17.434321900000214,7100,0.75,1,500.0,0.9,0.01,200,0.5,0.2,10,200,50,False
data101.vrp,sa,random,True,73,4567.752626931998,20,1673.3311870446635,53,2894.4214398873346,63.36642275287613,18.060845199999676,7284,0.75,1,500.0,0.9,0.01,200,0.5,0.3,10,200,50,False
data101.vrp,sa,random,True,73,4567.752626931998,19,1688.2559194883188,54,2879.496707443679,63.03968149382331,22.933345499999632,7267,0.75,1,500.0,0.9,0.01,200,0.7,0.1,10,200,50,False
data101.vrp,sa,random,True,73,4567.752626931998,21,1696.2266622062332,52,2871.5259647257644,62.86518117892189,13.021483099999386,7187,0.75,1,500.0,0.9,0.01,200,0.7,0.2,10,200,50,False
data101.vrp,sa,random,True,73,4567.752626931998,19,1672.9116549786927,54,2894.840971953305,63.37560740231395,16.32681599999887,7241,0.75,1,500.0,0.9,0.01,200,0.7,0.3,10,200,50,False
data101.vrp,sa,random,True,73,4567.752626931998,20,1664.821762019196,53,2902.9308649128016,63.55271622628567,78.46358340000006,14236,0.75,1,500.0,0.9,0.01,400,0.3,0.1,10,200,50,False
data101.vrp,sa,random,True,73,4567.752626931998,20,1663.8913289090274,53,2903.8612980229705,63.573085830030905,58.77794919999906,14346,0.75,1,500.0,0.9,0.01,400,0.3,0.2,10,200,50,False
data101.vrp,sa,random,True,73,4567.752626931998,20,1673.1491099147684,53,2894.6035170172295,63.37040889540104,48.63174149999941,14485,0.75,1,500.0,0.9,0.01,400,0.3,0.3,10,200,50,False
data101.vrp,sa,random,True,73,4567.752626931998,19,1669.2364262268422,54,2898.516200705156,63.45606773044515,58.6167792999986,14524,0.75,1,500.0,0.9,0.01,400,0.5,0.1,10,200,50,False
data101.vrp,sa,random,True,73,4567.752626931998,20,1672.5970429594956,53,2895.1555839725024,63.382495078703045,42.85585130000072,14368,0.75,1,500.0,0.9,0.01,400,0.5,0.2,10,200,50,False
data101.vrp,sa,random,True,73,4567.752626931998,20,1681.0152506777026,53,2886.737376254295,63.19819858969065,38.370828600000095,14582,0.75,1,500.0,0.9,0.01,400,0.5,0.3,10,200,50,False
data101.vrp,sa,random,True,73,4567.752626931998,19,1689.7554721024646,54,2877.9971548295334,63.006852382077994,43.616535099999965,14341,0.75,1,500.0,0.9,0.01,400,0.7,0.1,10,200,50,False
data101.vrp,sa,random,True,73,4567.752626931998,20,1649.450862139335,53,2918.3017647926627,63.88922525239256,32.43113950000043,14296,0.75,1,500.0,0.9,0.01,400,0.7,0.2,10,200,50,False
data101.vrp,sa,random,True,73,4567.752626931998,20,1698.968285018505,53,2868.784341913493,62.80515991603417,26.90319350000027,14272,0.75,1,500.0,0.9,0.01,400,0.7,0.3,10,200,50,False
data101.vrp,sa,random,True,73,4567.752626931998,22,1718.5411667113153,51,2849.2114602206825,62.376658565558095,12.917367500000182,3695,0.75,1,500.0,0.9,0.1,100,0.3,0.1,10,200,50,False
data101.vrp,sa,random,True,73,4567.752626931998,21,1669.9460275592155,52,2897.8065993727823,63.44053270938929,10.142493899998954,3576,0.75,1,500.0,0.9,0.1,100,0.3,0.2,10,200,50,False
data101.vrp,sa,random,True,73,4567.752626931998,21,1712.6010825748526,52,2855.151544357145,62.506702476023804,7.7175602999996045,3569,0.75,1,500.0,0.9,0.1,100,0.3,0.3,10,200,50,False
data101.vrp,sa,random,True,73,4567.752626931998,21,1719.6931975425518,52,2848.059429389446,62.351437610630626,8.311748399999487,3588,0.75,1,500.0,0.9,0.1,100,0.5,0.1,10,200,50,False
data101.vrp,sa,random,True,73,4567.752626931998,21,1686.492282607322,52,2881.2603443246758,63.078292097878325,6.530094499999905,3623,0.75,1,500.0,0.9,0.1,100,0.5,0.2,10,200,50,False
data101.vrp,sa,random,True,73,4567.752626931998,20,1677.9139807437823,53,2889.8386461882155,63.26609346463712,6.2224309000012,3616,0.75,1,500.0,0.9,0.1,100,0.5,0.3,10,200,50,False
data101.vrp,sa,random,True,73,4567.752626931998,20,1712.382925855814,53,2855.369701076184,62.51147849471081,6.7935706000007485,3590,0.75,1,500.0,0.9,0.1,100,0.7,0.1,10,200,50,False
data101.vrp,sa,random,True,73,4567.752626931998,21,1721.805478177757,52,2845.9471487542405,62.30519428688425,5.3130516999990505,3622,0.75,1,500.0,0.9,0.1,100,0.7,0.2,10,200,50,False
data101.vrp,sa,random,True,73,4567.752626931998,21,1684.9458329196036,52,2882.806794012394,63.11214790868998,3.7982446999994863,3607,0.75,1,500.0,0.9,0.1,100,0.7,0.3,10,200,50,False
data101.vrp,sa,random,True,73,4567.752626931998,21,1691.070299872329,52,2876.6823270596688,62.97806737822046,26.892174599999635,7089,0.75,1,500.0,0.9,0.1,200,0.3,0.1,10,200,50,False
data101.vrp,sa,random,True,73,4567.752626931998,20,1692.7124866390768,53,2875.040140292921,62.94211563343759,21.618533499999103,7105,0.75,1,500.0,0.9,0.1,200,0.3,0.2,10,200,50,False
data101.vrp,sa,random,True,73,4567.752626931998,20,1695.3341966810353,53,2872.4184302509625,62.884719573359796,17.988510499999393,7037,0.75,1,500.0,0.9,0.1,200,0.3,0.3,10,200,50,False
data101.vrp,sa,random,True,73,4567.752626931998,20,1665.9878674577906,53,2901.7647594742075,63.52718714155112,20.07924769999954,7217,0.75,1,500.0,0.9,0.1,200,0.5,0.1,10,200,50,False
data101.vrp,sa,random,True,73,4567.752626931998,21,1680.1821707538697,52,2887.570456178128,63.21643687866718,13.932286999999633,7095,0.75,1,500.0,0.9,0.1,200,0.5,0.2,10,200,50,False
data101.vrp,sa,random,True,73,4567.752626931998,20,1673.3311870446635,53,2894.4214398873346,63.36642275287613,14.189356799999587,7275,0.75,1,500.0,0.9,0.1,200,0.5,0.3,10,200,50,False
data101.vrp,sa,random,True,73,4567.752626931998,19,1688.2559194883188,54,2879.496707443679,63.03968149382331,16.99739109999973,7267,0.75,1,500.0,0.9,0.1,200,0.7,0.1,10,200,50,False
data101.vrp,sa,random,True,73,4567.752626931998,21,1696.2266622062332,52,2871.5259647257644,62.86518117892189,10.415135799999916,7180,0.75,1,500.0,0.9,0.1,200,0.7,0.2,10,200,50,False
data101.vrp,sa,random,True,73,4567.752626931998,19,1672.9116549786927,54,2894.840971953305,63.37560740231395,12.302915199999916,7219,0.75,1,500.0,0.9,0.1,200,0.7,0.3,10,200,50,False
data101.vrp,sa,random,True,73,4567.752626931998,20,1664.821762019196,53,2902.9308649128016,63.55271622628567,59.78817519999939,14229,0.75,1,500.0,0.9,0.1,400,0.3,0.1,10,200,50,False
data101.vrp,sa,random,True,73,4567.752626931998,20,1663.8913289090274,53,2903.8612980229705,63.573085830030905,45.7342819000005,14324,0.75,1,500.0,0.9,0.1,400,0.3,0.2,10,200,50,False
data101.vrp,sa,random,True,73,4567.752626931998,20,1673.1491099147684,53,2894.6035170172295,63.37040889540104,37.45624829999906,14469,0.75,1,500.0,0.9,0.1,400,0.3,0.3,10,200,50,False
data101.vrp,sa,random,True,73,4567.752626931998,19,1669.2364262268422,54,2898.516200705156,63.45606773044515,44.325331000000006,14478,0.75,1,500.0,0.9,0.1,400,0.5,0.1,10,200,50,False
data101.vrp,sa,random,True,73,4567.752626931998,20,1672.5970429594956,53,2895.1555839725024,63.382495078703045,32.67757519999941,14355,0.75,1,500.0,0.9,0.1,400,0.5,0.2,10,200,50,False
data101.vrp,sa,random,True,73,4567.752626931998,20,1681.0152506777026,53,2886.737376254295,63.19819858969065,28.693424700000833,14541,0.75,1,500.0,0.9,0.1,400,0.5,0.3,10,200,50,False
data101.vrp,sa,random,True,73,4567.752626931998,19,1689.7554721024646,54,2877.9971548295334,63.006852382077994,32.656055900000865,14341,0.75,1,500.0,0.9,0.1,400,0.7,0.1,10,200,50,False
data101.vrp,sa,random,True,73,4567.752626931998,20,1649.450862139335,53,2918.3017647926627,63.88922525239256,25.797913399999743,14285,0.75,1,500.0,0.9,0.1,400,0.7,0.2,10,200,50,False
data101.vrp,sa,random,True,73,4567.752626931998,20,1698.968285018505,53,2868.784341913493,62.80515991603417,22.646016800001235,14259,0.75,1,500.0,0.9,0.1,400,0.7,0.3,10,200,50,False
data101.vrp,sa,random,True,73,4567.752626931998,19,1673.1553587961273,54,2894.5972681358708,63.37027209111523,39.31326209999861,7378,0.75,1,500.0,0.95,0.01,100,0.3,0.1,10,200,50,False
data101.vrp,sa,random,True,73,4567.752626931998,19,1674.4570866593367,54,2893.295540272661,63.34177387832817,25.734044600001653,7361,0.75,1,500.0,0.95,0.01,100,0.3,0.2,10,200,50,False
data101.vrp,sa,random,True,73,4567.752626931998,20,1676.1431375916181,53,2891.6094893403797,63.30486183273402,20.25109060000068,7262,0.75,1,500.0,0.95,0.01,100,0.3,0.3,10,200,50,False
data101.vrp,sa,random,True,73,4567.752626931998,20,1673.3497417553872,53,2894.4028851766107,63.3660165419396,22.768527999998696,7327,0.75,1,500.0,0.95,0.01,100,0.5,0.1,10,200,50,False
data101.vrp,sa,random,True,73,4567.752626931998,20,1671.6057451982588,53,2896.146881733739,63.404197168159286,17.328112499999406,7309,0.75,1,500.0,0.95,0.01,100,0.5,0.2,10,200,50,False
data101.vrp,sa,random,True,73,4567.752626931998,20,1676.1344557242385,53,2891.6181712077596,63.30505190141962,15.874946399999317,7294,0.75,1,500.0,0.95,0.01,100,0.5,0.3,10,200,50,False
data101.vrp,sa,random,True,73,4567.752626931998,19,1684.5739501196826,54,2883.178676812315,63.12028939160935,20.716204700000162,7367,0.75,1,500.0,0.95,0.01,100,0.7,0.1,10,200,50,False
data101.vrp,sa,random,True,73,4567.752626931998,20,1683.3136636650154,53,2884.4389632669827,63.14788034404483,15.940458000000945,7320,0.75,1,500.0,0.95,0.01,100,0.7,0.2,10,200,50,False
data101.vrp,sa,random,True,73,4567.752626931998,20,1723.434450045789,53,2844.3181768862087,62.26953185064751,14.590309699999125,7372,0.75,1,500.0,0.95,0.01,100,0.7,0.3,10,200,50,False
data101.vrp,sa,random,True,73,4567.752626931998,19,1672.8600161021361,54,2894.892610829862,63.37673791179584,79.39964700000019,14903,0.75,1,500.0,0.95,0.01,200,0.3,0.1,10,200,50,False
data101.vrp,sa,random,True,73,4567.752626931998,21,1663.5406806710007,52,2904.211946260997,63.58076243309298,51.26500859999942,14549,0.75,1,500.0,0.95,0.01,200,0.3,0.2,10,200,50,False
data101.vrp,sa,random,True,73,4567.752626931998,20,1667.5772516199079,53,2900.17537531209,63.49239138328815,44.46670429999904,14428,0.75,1,500.0,0.95,0.01,200,0.3,0.3,10,200,50,False
data101.vrp,sa,random,True,73,4567.752626931998,19,1686.6750144857715,54,2881.0776124462263,63.074291621202505,53.13367399999879,14920,0.75,1,500.0,0.95,0.01,200,0.5,0.1,10,200,50,False
data101.vrp,sa,random,True,73,4567.752626931998,20,1668.502204954691,53,2899.250421977307,63.47214174609612,39.391819399999804,14541,0.75,1,500.0,0.95,0.01,200,0.5,0.2,10,200,50,False
data101.vrp,sa,random,True,73,4567.752626931998,20,1683.870921763442,53,2883.8817051685555,63.13568051310081,35.16544079999949,14632,0.75,1,500.0,0.95,0.01,200,0.5,0.3,10,200,50,False
data101.vrp,sa,random,True,73,4567.752626931998,20,1705.098699461134,53,2862.653927470864,62.67094917952267,35.644249999999374,14759,0.75,1,500.0,0.95,0.01,200,0.7,0.1,10,200,50,False
data101.vrp,sa,random,True,73,4567.752626931998,20,1670.5887529846214,53,2897.1638739473765,63.42646177609013,27.433795299999474,14777,0.75,1,500.0,0.95,0.01,200,0.7,0.2,10,200,50,False
data101.vrp,sa,random,True,73,4567.752626931998,20,1652.0614557105903,53,2915.691171221408,63.832072560807156,23.329612600000473,14671,0.75,1,500.0,0.95,0.01,200,0.7,0.3,10,200,50,False
data101.vrp,sa,random,True,73,4567.752626931998,20,1661.3337768821427,53,2906.418850049855,63.62907730408327,141.20666279999932,29118,0.75,1,500.0,0.95,0.01,400,0.3,0.1,10,200,50,False
data101.vrp,sa,random,True,73,4567.752626931998,20,1648.3270835015696,53,2919.425543430428,63.91382769323272,103.6090462000011,29405,0.75,1,500.0,0.95,0.01,400,0.3,0.2,10,200,50,False
data101.vrp,sa,random,True,73,4567.752626931998,20,1658.1716864960795,53,2909.5809404359184,63.698303697111186,84.4519567999996,29302,0.75,1,500.0,0.95,0.01,400,0.3,0.3,10,200,50,False
data101.vrp,sa,random,True,73,4567.752626931998,20,1678.4229527977411,53,2889.3296741342565,63.25495074094938,102.63049990000036,29553,0.75,1,500.0,0.95,0.01,400,0.5,0.1,10,200,50,False
data101.vrp,sa,random,True,73,4567.752626931998,20,1669.2483183302338,53,2898.504308601764,63.45580738133338,88.7964092000002,29489,0.75,1,500.0,0.95,0.01,400,0.5,0.2,10,200,50,False
data101.vrp,sa,random,True,73,4567.752626931998,20,1648.3883362669205,53,2919.3642906650775,63.91248671068936,70.08040400000027,29553,0.75,1,500.0,0.95,0.01,400,0.5,0.3,10,200,50,False
data101.vrp,sa,random,True,73,4567.752626931998,20,1661.2219474202482,53,2906.5306795117494,63.63152554222197,76.44968349999908,29581,0.75,1,500.0,0.95,0.01,400,0.7,0.1,10,200,50,False
data101.vrp,sa,random,True,73,4567.752626931998,20,1664.9545012581982,53,2902.7981256737994,63.54981021867441,60.76195550000011,29304,0.75,1,500.0,0.95,0.01,400,0.7,0.2,10,200,50,False
data101.vrp,sa,random,True,73,4567.752626931998,20,1658.1774524106927,53,2909.575174521305,63.69817746622515,55.26880449999953,29268,0.75,1,500.0,0.95,0.01,400,0.7,0.3,10,200,50,False
data101.vrp,sa,random,True,73,4567.752626931998,19,1673.1553587961273,54,2894.5972681358708,63.37027209111523,33.6234929000002,7351,0.75,1,500.0,0.95,0.1,100,0.3,0.1,10,200,50,False
data101.vrp,sa,random,True,73,4567.752626931998,19,1674.4570866593367,54,2893.295540272661,63.34177387832817,26.47784580000007,7361,0.75,1,500.0,0.95,0.1,100,0.3,0.2,10,200,50,False
data101.vrp,sa,random,True,73,4567.752626931998,20,1676.1431375916181,53,2891.6094893403797,63.30486183273402,17.17307769999934,7256,0.75,1,500.0,0.95,0.1,100,0.3,0.3,10,200,50,False
data101.vrp,sa,random,True,73,4567.752626931998,20,1673.3497417553872,53,2894.4028851766107,63.3660165419396,18.97796659999949,7327,0.75,1,500.0,0.95,0.1,100,0.5,0.1,10,200,50,False
data101.vrp,sa,random,True,73,4567.752626931998,20,1671.6057451982588,53,2896.146881733739,63.404197168159286,17.424256199999945,7309,0.75,1,500.0,0.95,0.1,100,0.5,0.2,10,200,50,False
data101.vrp,sa,random,True,73,4567.752626931998,20,1676.1344557242385,53,2891.6181712077596,63.30505190141962,13.432703499998752,7277,0.75,1,500.0,0.95,0.1,100,0.5,0.3,10,200,50,False
data101.vrp,sa,random,True,73,4567.752626931998,19,1684.5739501196826,54,2883.178676812315,63.12028939160935,18.64489979999962,7367,0.75,1,500.0,0.95,0.1,100,0.7,0.1,10,200,50,False
data101.vrp,sa,random,True,73,4567.752626931998,20,1683.3136636650154,53,2884.4389632669827,63.14788034404483,13.005165299999135,7312,0.75,1,500.0,0.95,0.1,100,0.7,0.2,10,200,50,False
data101.vrp,sa,random,True,73,4567.752626931998,20,1723.434450045789,53,2844.3181768862087,62.26953185064751,11.116229799999928,7368,0.75,1,500.0,0.95,0.1,100,0.7,0.3,10,200,50,False
data101.vrp,sa,random,True,73,4567.752626931998,19,1672.8600161021361,54,2894.892610829862,63.37673791179584,72.0070039000002,14876,0.75,1,500.0,0.95,0.1,200,0.3,0.1,10,200,50,False
data101.vrp,sa,random,True,73,4567.752626931998,21,1663.5406806710007,52,2904.211946260997,63.58076243309298,44.3478367000007,14532,0.75,1,500.0,0.95,0.1,200,0.3,0.2,10,200,50,False
data101.vrp,sa,random,True,73,4567.752626931998,20,1667.5772516199079,53,2900.17537531209,63.49239138328815,38.328695199999856,14413,0.75,1,500.0,0.95,0.1,200,0.3,0.3,10,200,50,False
data101.vrp,sa,random,True,73,4567.752626931998,19,1686.6750144857715,54,2881.0776124462263,63.074291621202505,48.652998900000966,14873,0.75,1,500.0,0.95,0.1,200,0.5,0.1,10,200,50,False
data101.vrp,sa,random,True,73,4567.752626931998,20,1668.502204954691,53,2899.250421977307,63.47214174609612,33.64280780000081,14520,0.75,1,500.0,0.95,0.1,200,0.5,0.2,10,200,50,False
data101.vrp,sa,random,True,73,4567.752626931998,20,1683.870921763442,53,2883.8817051685555,63.13568051310081,27.95140199999878,14620,0.75,1,500.0,0.95,0.1,200,0.5,0.3,10,200,50,False
data101.vrp,sa,random,True,73,4567.752626931998,20,1705.098699461134,53,2862.653927470864,62.67094917952267,29.98222739999983,14719,0.75,1,500.0,0.95,0.1,200,0.7,0.1,10,200,50,False
data101.vrp,sa,random,True,73,4567.752626931998,20,1670.5887529846214,53,2897.1638739473765,63.42646177609013,26.567506800000046,14771,0.75,1,500.0,0.95,0.1,200,0.7,0.2,10,200,50,False
data101.vrp,sa,random,True,73,4567.752626931998,20,1652.0614557105903,53,2915.691171221408,63.832072560807156,21.666985100000602,14664,0.75,1,500.0,0.95,0.1,200,0.7,0.3,10,200,50,False
data101.vrp,sa,random,True,73,4567.752626931998,20,1661.3337768821427,53,2906.418850049855,63.62907730408327,127.64725220000037,29107,0.75,1,500.0,0.95,0.1,400,0.3,0.1,10,200,50,False
data101.vrp,sa,random,True,73,4567.752626931998,20,1648.3270835015696,53,2919.425543430428,63.91382769323272,96.2402336999985,29381,0.75,1,500.0,0.95,0.1,400,0.3,0.2,10,200,50,False
data101.vrp,sa,random,True,73,4567.752626931998,20,1658.1716864960795,53,2909.5809404359184,63.698303697111186,78.41733939999904,29269,0.75,1,500.0,0.95,0.1,400,0.3,0.3,10,200,50,False
data101.vrp,sa,random,True,73,4567.752626931998,20,1678.4229527977411,53,2889.3296741342565,63.25495074094938,94.0130795999994,29533,0.75,1,500.0,0.95,0.1,400,0.5,0.1,10,200,50,False
data101.vrp,sa,random,True,73,4567.752626931998,20,1669.2483183302338,53,2898.504308601764,63.45580738133338,77.46538560000045,29453,0.75,1,500.0,0.95,0.1,400,0.5,0.2,10,200,50,False
data101.vrp,sa,random,True,73,4567.752626931998,20,1648.3883362669205,53,2919.3642906650775,63.91248671068936,62.55061200000091,29515,0.75,1,500.0,0.95,0.1,400,0.5,0.3,10,200,50,False
data101.vrp,sa,random,True,73,4567.752626931998,20,1661.2219474202482,53,2906.5306795117494,63.63152554222197,67.17217300000084,29542,0.75,1,500.0,0.95,0.1,400,0.7,0.1,10,200,50,False
data101.vrp,sa,random,True,73,4567.752626931998,20,1664.9545012581982,53,2902.7981256737994,63.54981021867441,56.317473099999916,29283,0.75,1,500.0,0.95,0.1,400,0.7,0.2,10,200,50,False
data101.vrp,sa,random,True,73,4567.752626931998,20,1658.1774524106927,53,2909.575174521305,63.69817746622515,50.870461699998486,29248,0.75,1,500.0,0.95,0.1,400,0.7,0.3,10,200,50,False
data101.vrp,sa,random,True,73,4567.752626931998,24,2337.6287875513813,49,2230.1238393806166,48.82321836413707,17.484221400000024,10057,0.75,1,500.0,0.99,0.01,100,0.3,0.1,10,200,50,False
data101.vrp,sa,random,True,73,4567.752626931998,21,2025.063979508632,52,2542.688647423366,55.666075969862725,27.39059840000118,18065,0.75,1,500.0,0.99,0.01,100,0.3,0.2,10,200,50,False
data101.vrp,sa,random,True,73,4567.752626931998,22,2150.3238631166305,51,2417.4287638153673,52.9238109253537,19.89151320000019,16323,0.75,1,500.0,0.99,0.01,100,0.3,0.3,10,200,50,False
data101.vrp,sa,random,True,73,4567.752626931998,23,2219.357986203901,50,2348.394640728097,51.4124741975231,25.768792000000758,20326,0.75,1,500.0,0.99,0.01,100,0.5,0.1,10,200,50,False
data101.vrp,sa,random,True,73,4567.752626931998,19,1658.7647114323595,54,2908.9879154996383,63.68532083694526,72.62442519999968,37062,0.75,1,500.0,0.99,0.01,100,0.5,0.2,10,200,50,False
data101.vrp,sa,random,True,73,4567.752626931998,23,2229.9744918425577,50,2337.77813508944,51.18005124239062,14.308126800000537,18377,0.75,1,500.0,0.99,0.01,100,0.5,0.3,10,200,50,False
data101.vrp,sa,random,True,73,4567.752626931998,23,2278.0679410920056,50,2289.684685839992,50.127160396991435,9.689696299999923,10431,0.75,1,500.0,0.99,0.01,100,0.7,0.1,10,200,50,False
data101.vrp,sa,random,True,73,4567.752626931998,22,2187.891506599057,51,2379.861120332941,52.10135737870314,8.331668300001184,10226,0.75,1,500.0,0.99,0.01,100,0.7,0.2,10,200,50,False
data101.vrp,sa,random,True,73,4567.752626931998,20,1648.4950291347216,53,2919.2575977972765,63.9101509259717,53.01074549999976,37138,0.75,1,500.0,0.99,0.01,100,0.7,0.3,10,200,50,False
data101.vrp,sa,random,True,73,4567.752626931998,22,2163.4233461411745,51,2404.3292807908233,52.63702912926195,63.310193100000106,30544,0.75,1,500.0,0.99,0.01,200,0.3,0.1,10,200,50,False
data101.vrp,sa,random,True,73,4567.752626931998,22,2175.873721216177,51,2391.878905715821,52.36445799654356,28.746009500000582,19293,0.75,1,500.0,0.99,0.01,200,0.3,0.2,10,200,50,False
data101.vrp,sa,random,True,73,4567.752626931998,22,2155.8795096626636,51,2411.873117269334,52.80218335486584,46.20965190000061,37921,0.75,1,500.0,0.99,0.01,200,0.3,0.3,10,200,50,False
data101.vrp,sa,random,True,73,4567.752626931998,21,2094.23084565584,52,2473.521781276158,54.151833150770635,49.1663879000007,34789,0.75,1,500.0,0.99,0.01,200,0.5,0.1,10,200,50,False
data101.vrp,sa,random,True,73,4567.752626931998,21,2066.300926194579,52,2501.451700737419,54.76329182076477,50.471803000000364,39008,0.75,1,500.0,0.99,0.01,200,0.5,0.2,10,200,50,False
data101.vrp,sa,random,True,73,4567.752626931998,19,1658.2798649878678,54,2909.47276194413,63.69593538821569,141.27459999999883,74632,0.75,1,500.0,0.99,0.01,200,0.5,0.3,10,200,50,False
data101.vrp,sa,random,True,73,4567.752626931998,21,2075.4471776772416,52,2492.3054492547562,54.56305655783185,34.8827524999997,30765,0.75,1,500.0,0.99,0.01,200,0.7,0.1,10,200,50,False
data101.vrp,sa,random,True,73,4567.752626931998,21,2094.7939258645642,52,2472.9587010674336,54.139505858670695,34.458720300001005,33021,0.75,1,500.0,0.99,0.01,200,0.7,0.2,10,200,50,False
data101.vrp,sa,random,True,73,4567.752626931998,21,2079.233967100274,52,2488.5186598317237,54.48015387609062,39.097869100000025,42687,0.75,1,500.0,0.99,0.01,200,0.7,0.3,10,200,50,False
data101.vrp,sa,random,True,73,4567.752626931998,20,2016.3293614843017,53,2551.4232654476964,55.85729950444798,108.03964629999973,41388,0.75,1,500.0,0.99,0.01,400,0.3,0.1,10,200,50,False
data101.vrp,sa,random,True,73,4567.752626931998,22,2125.896169477919,51,2441.8564574540787,53.45859675186022,124.8930980999994,78886,0.75,1,500.0,0.99,0.01,400,0.3,0.2,10,200,50,False
data101.vrp,sa,random,True,73,4567.752626931998,21,1987.3747561674427,52,2580.377870764555,56.49119121623068,104.49464850000004,79316,0.75,1,500.0,0.99,0.01,400,0.3,0.3,10,200,50,False
data101.vrp,sa,random,True,73,4567.752626931998,21,2066.7629772938776,52,2500.98964963812,54.753176318962545,129.5761418000002,78796,0.75,1,500.0,0.99,0.01,400,0.5,0.1,10,200,50,False
data101.vrp,sa,random,True,73,4567.752626931998,21,2090.7401956232093,52,2477.0124313087886,54.22825257007214,99.91699999999946,79767,0.75,1,500.0,0.99,0.01,400,0.5,0.2,10,200,50,False
data101.vrp,sa,random,True,73,4567.752626931998,21,2068.9477884949806,52,2498.804838437017,54.70534511225006,62.89137169999958,56424,0.75,1,500.0,0.99,0.01,400,0.5,0.3,10,200,50,False
data101.vrp,sa,random,True,73,4567.752626931998,19,1658.1449554059068,54,2909.607671526091,63.698888910286165,364.5018278000007,150352,0.75,1,500.0,0.99,0.01,400,0.7,0.1,10,200,50,False
data101.vrp,sa,random,True,73,4567.752626931998,21,2086.806294340199,52,2480.9463325917986,54.31437591352588,52.146370899999965,53176,0.75,1,500.0,0.99,0.01,400,0.7,0.2,10,200,50,False
data101.vrp,sa,random,True,73,4567.752626931998,22,2170.477971858321,51,2397.274655073677,52.482585001190046,32.09602260000065,40527,0.75,1,500.0,0.99,0.01,400,0.7,0.3,10,200,50,False
data101.vrp,sa,random,True,73,4567.752626931998,24,2337.6287875513813,49,2230.1238393806166,48.82321836413707,18.030525500000294,10057,0.75,1,500.0,0.99,0.1,100,0.3,0.1,10,200,50,False
data101.vrp,sa,random,True,73,4567.752626931998,21,2025.063979508632,52,2542.688647423366,55.666075969862725,29.757104399999662,18065,0.75,1,500.0,0.99,0.1,100,0.3,0.2,10,200,50,False
data101.vrp,sa,random,True,73,4567.752626931998,22,2150.3238631166305,51,2417.4287638153673,52.9238109253537,20.770448000001124,16323,0.75,1,500.0,0.99,0.1,100,0.3,0.3,10,200,50,False
data101.vrp,sa,random,True,73,4567.752626931998,23,2219.357986203901,50,2348.394640728097,51.4124741975231,27.018891300000178,20326,0.75,1,500.0,0.99,0.1,100,0.5,0.1,10,200,50,False
data101.vrp,sa,random,True,73,4567.752626931998,19,1658.7647114323595,54,2908.9879154996383,63.68532083694526,73.79059320000124,37062,0.75,1,500.0,0.99,0.1,100,0.5,0.2,10,200,50,False
data101.vrp,sa,random,True,73,4567.752626931998,23,2229.9744918425577,50,2337.77813508944,51.18005124239062,14.5196348999998,18377,0.75,1,500.0,0.99,0.1,100,0.5,0.3,10,200,50,False
data101.vrp,sa,random,True,73,4567.752626931998,23,2278.0679410920056,50,2289.684685839992,50.127160396991435,9.31918339999902,10431,0.75,1,500.0,0.99,0.1,100,0.7,0.1,10,200,50,False
data101.vrp,sa,random,True,73,4567.752626931998,22,2187.891506599057,51,2379.861120332941,52.10135737870314,8.56914400000096,10226,0.75,1,500.0,0.99,0.1,100,0.7,0.2,10,200,50,False
data101.vrp,sa,random,True,73,4567.752626931998,20,1648.4950291347216,53,2919.2575977972765,63.9101509259717,51.858406399998785,37138,0.75,1,500.0,0.99,0.1,100,0.7,0.3,10,200,50,False
data101.vrp,sa,random,True,73,4567.752626931998,22,2163.4233461411745,51,2404.3292807908233,52.63702912926195,60.67134239999905,30544,0.75,1,500.0,0.99,0.1,200,0.3,0.1,10,200,50,False
data101.vrp,sa,random,True,73,4567.752626931998,22,2175.873721216177,51,2391.878905715821,52.36445799654356,27.76987349999945,19293,0.75,1,500.0,0.99,0.1,200,0.3,0.2,10,200,50,False
data101.vrp,sa,random,True,73,4567.752626931998,22,2155.8795096626636,51,2411.873117269334,52.80218335486584,44.93189370000073,37921,0.75,1,500.0,0.99,0.1,200,0.3,0.3,10,200,50,False
data101.vrp,sa,random,True,73,4567.752626931998,21,2094.23084565584,52,2473.521781276158,54.151833150770635,48.98440929999924,34789,0.75,1,500.0,0.99,0.1,200,0.5,0.1,10,200,50,False
data101.vrp,sa,random,True,73,4567.752626931998,21,2066.300926194579,52,2501.451700737419,54.76329182076477,50.063643800000136,39008,0.75,1,500.0,0.99,0.1,200,0.5,0.2,10,200,50,False
data101.vrp,sa,random,True,73,4567.752626931998,19,1658.2798649878678,54,2909.47276194413,63.69593538821569,144.24822940000013,74632,0.75,1,500.0,0.99,0.1,200,0.5,0.3,10,200,50,False
data101.vrp,sa,random,True,73,4567.752626931998,21,2075.4471776772416,52,2492.3054492547562,54.56305655783185,34.90222540000104,30765,0.75,1,500.0,0.99,0.1,200,0.7,0.1,10,200,50,False
data101.vrp,sa,random,True,73,4567.752626931998,21,2094.7939258645642,52,2472.9587010674336,54.139505858670695,34.01883420000013,33021,0.75,1,500.0,0.99,0.1,200,0.7,0.2,10,200,50,False
data101.vrp,sa,random,True,73,4567.752626931998,21,2079.233967100274,52,2488.5186598317237,54.48015387609062,39.505533899999136,42687,0.75,1,500.0,0.99,0.1,200,0.7,0.3,10,200,50,False
data101.vrp,sa,random,True,73,4567.752626931998,20,2016.3293614843017,53,2551.4232654476964,55.85729950444798,109.26353969999946,41388,0.75,1,500.0,0.99,0.1,400,0.3,0.1,10,200,50,False
data101.vrp,sa,random,True,73,4567.752626931998,22,2125.896169477919,51,2441.8564574540787,53.45859675186022,128.96676429999934,78886,0.75,1,500.0,0.99,0.1,400,0.3,0.2,10,200,50,False
data101.vrp,sa,random,True,73,4567.752626931998,21,1987.3747561674427,52,2580.377870764555,56.49119121623068,106.37538339999992,79316,0.75,1,500.0,0.99,0.1,400,0.3,0.3,10,200,50,False
data101.vrp,sa,random,True,73,4567.752626931998,21,2066.7629772938776,52,2500.98964963812,54.753176318962545,131.79348629999913,78796,0.75,1,500.0,0.99,0.1,400,0.5,0.1,10,200,50,False
data101.vrp,sa,random,True,73,4567.752626931998,21,2090.7401956232093,52,2477.0124313087886,54.22825257007214,97.65128819999882,79767,0.75,1,500.0,0.99,0.1,400,0.5,0.2,10,200,50,False
data101.vrp,sa,random,True,73,4567.752626931998,21,2068.9477884949806,52,2498.804838437017,54.70534511225006,59.285853499999575,56424,0.75,1,500.0,0.99,0.1,400,0.5,0.3,10,200,50,False
data101.vrp,sa,random,True,73,4567.752626931998,19,1658.1449554059068,54,2909.607671526091,63.698888910286165,347.2217536999997,150352,0.75,1,500.0,0.99,0.1,400,0.7,0.1,10,200,50,False
data101.vrp,sa,random,True,73,4567.752626931998,21,2086.806294340199,52,2480.9463325917986,54.31437591352588,49.52645719999964,53176,0.75,1,500.0,0.99,0.1,400,0.7,0.2,10,200,50,False
data101.vrp,sa,random,True,73,4567.752626931998,22,2170.477971858321,51,2397.274655073677,52.482585001190046,30.776631000000634,40527,0.75,1,500.0,0.99,0.1,400,0.7,0.3,10,200,50,False
data101.vrp,sa,random,True,73,4567.752626931998,20,1674.2379833263815,53,2893.5146436056166,63.34657062085893,20.56087490000027,4333,0.75,1,1000.0,0.9,0.01,100,0.3,0.1,10,200,50,False
data101.vrp,sa,random,True,73,4567.752626931998,20,1687.2990265295905,53,2880.4536004024076,63.060630372558265,15.048412399999506,4189,0.75,1,1000.0,0.9,0.01,100,0.3,0.2,10,200,50,False
data101.vrp,sa,random,True,73,4567.752626931998,21,1723.4282257072205,52,2844.3244012247774,62.269668117627724,10.924818500001493,4206,0.75,1,1000.0,0.9,0.01,100,0.3,0.3,10,200,50,False
data101.vrp,sa,random,True,73,4567.752626931998,21,1711.8657529920176,52,2855.8868739399804,62.52280075548183,12.111187400001654,4300,0.75,1,1000.0,0.9,0.01,100,0.5,0.1,10,200,50,False
data101.vrp,sa,random,True,73,4567.752626931998,21,1683.6642959280182,52,2884.08833100398,63.140204090717646,9.755008299998735,4258,0.75,1,1000.0,0.9,0.01,100,0.5,0.2,10,200,50,False
data101.vrp,sa,random,True,73,4567.752626931998,21,1708.7932079483585,52,2858.9594189836394,62.59006676777731,7.951989799999865,4275,0.75,1,1000.0,0.9,0.01,100,0.5,0.3,10,200,50,False
data101.vrp,sa,random,True,73,4567.752626931998,20,1705.5500989071174,53,2862.2025280248804,62.66106687014974,9.302086800002144,4223,0.75,1,1000.0,0.9,0.01,100,0.7,0.1,10,200,50,False
data101.vrp,sa,random,True,73,4567.752626931998,21,1710.5252344499995,52,2857.2273924819983,62.55214819724377,7.338055899999745,4215,0.75,1,1000.0,0.9,0.01,100,0.7,0.2,10,200,50,False
data101.vrp,sa,random,True,73,4567.752626931998,21,1744.7923941353292,52,2822.9602327966686,61.801950835782314,5.7289225999993505,4294,0.75,1,1000.0,0.9,0.01,100,0.7,0.3,10,200,50,False
data101.vrp,sa,random,True,73,4567.752626931998,20,1671.4481270079523,53,2896.3044999240456,63.40764784080248,39.750714400001016,8608,0.75,1,1000.0,0.9,0.01,200,0.3,0.1,10,200,50,False
data101.vrp,sa,random,True,73,4567.752626931998,20,1680.2580308821873,53,2887.4945960498108,63.214776102909084,32.04677559999982,8475,0.75,1,1000.0,0.9,0.01,200,0.3,0.2,10,200,50,False
data101.vrp,sa,random,True,73,4567.752626931998,21,1690.1713075927505,52,2877.5813193392473,62.99774866030825,22.178942300000926,8431,0.75,1,1000.0,0.9,0.01,200,0.3,0.3,10,200,50,False
data101.vrp,sa,random,True,73,4567.752626931998,21,1717.1753598080395,52,2850.5772671239583,62.406559635402,24.97803340000246,8479,0.75,1,1000.0,0.9,0.01,200,0.5,0.1,10,200,50,False
data101.vrp,sa,random,True,73,4567.752626931998,20,1702.199197031865,53,2865.553429900133,62.73442683836464,22.24905520000175,8512,0.75,1,1000.0,0.9,0.01,200,0.5,0.2,10,200,50,False
data101.vrp,sa,random,True,73,4567.752626931998,21,1701.2211848052186,52,2866.5314421267794,62.75583807287152,15.801495899999281,8437,0.75,1,1000.0,0.9,0.01,200,0.5,0.3,10,200,50,False
data101.vrp,sa,random,True,73,4567.752626931998,20,1690.5205705216501,53,2877.2320564103475,62.99010238527048,19.35365710000042,8579,0.75,1,1000.0,0.9,0.01,200,0.7,0.1,10,200,50,False
data101.vrp,sa,random,True,73,4567.752626931998,20,1675.697929930325,53,2892.054697001673,63.3146085878159,14.245358100000885,8567,0.75,1,1000.0,0.9,0.01,200,0.7,0.2,10,200,50,False
data101.vrp,sa,random,True,73,4567.752626931998,20,1675.7538597304986,53,2891.9987672014995,63.31338413884194,12.463875299999927,8409,0.75,1,1000.0,0.9,0.01,200,0.7,0.3,10,200,50,False
data101.vrp,sa,random,True,73,4567.752626931998,20,1663.5816336306668,53,2904.170993301331,63.57986586615927,78.90054660000169,16993,0.75,1,1000.0,0.9,0.01,400,0.3,0.1,10,200,50,False
data101.vrp,sa,random,True,73,4567.752626931998,20,1660.1630745983384,53,2907.5895523336594,63.654707025730225,60.098993799998425,17004,0.75,1,1000.0,0.9,0.01,400,0.3,0.2,10,200,50,False
data101.vrp,sa,random,True,73,4567.752626931998,20,1679.2335000880541,53,2888.519126843944,63.237205749998395,47.20768849999877,17310,0.75,1,1000.0,0.9,0.01,400,0.3,0.3,10,200,50,False
data101.vrp,sa,random,True,73,4567.752626931998,19,1680.9047331604213,54,2886.8478937715763,63.2006181059453,65.73093920000247,17368,0.75,1,1000.0,0.9,0.01,400,0.5,0.1,10,200,50,False
data101.vrp,sa,random,True,73,4567.752626931998,21,1674.8965473853305,52,2892.8560795466674,63.332152938625725,38.325394499999675,17223,0.75,1,1000.0,0.9,0.01,400,0.5,0.2,10,200,50,False
data101.vrp,sa,random,True,73,4567.752626931998,21,1674.5106790511782,52,2893.2419478808197,63.340600601309504,34.89282359999925,16921,0.75,1,1000.0,0.9,0.01,400,0.5,0.3,10,200,50,False
data101.vrp,sa,random,True,73,4567.752626931998,20,1664.0810125482535,53,2903.6716143837443,63.568933161208435,41.14656660000037,17090,0.75,1,1000.0,0.9,0.01,400,0.7,0.1,10,200,50,False
data101.vrp,sa,random,True,73,4567.752626931998,19,1668.445956649707,54,2899.3066702822907,63.47337316796981,41.81233010000142,17150,0.75,1,1000.0,0.9,0.01,400,0.7,0.2,10,200,50,False
data101.vrp,sa,random,True,73,4567.752626931998,20,1675.538832478398,53,2892.2137944536,63.31809164534815,28.5006461999983,16912,0.75,1,1000.0,0.9,0.01,400,0.7,0.3,10,200,50,False
data101.vrp,sa,random,True,73,4567.752626931998,20,1674.2844274989807,53,2893.468199433017,63.34555383697432,15.800578599999426,4328,0.75,1,1000.0,0.9,0.1,100,0.3,0.1,10,200,50,False
data101.vrp,sa,random,True,73,4567.752626931998,20,1687.2990265295905,53,2880.4536004024076,63.060630372558265,11.796913900001528,4181,0.75,1,1000.0,0.9,0.1,100,0.3,0.2,10,200,50,False
data101.vrp,sa,random,True,73,4567.752626931998,21,1723.4282257072205,52,2844.3244012247774,62.269668117627724,8.292671100000007,4200,0.75,1,1000.0,0.9,0.1,100,0.3,0.3,10,200,50,False
data101.vrp,sa,random,True,73,4567.752626931998,21,1711.8657529920176,52,2855.8868739399804,62.52280075548183,9.295508200000768,4296,0.75,1,1000.0,0.9,0.1,100,0.5,0.1,10,200,50,False
data101.vrp,sa,random,True,73,4567.752626931998,21,1683.6642959280182,52,2884.08833100398,63.140204090717646,7.653658800001722,4255,0.75,1,1000.0,0.9,0.1,100,0.5,0.2,10,200,50,False
data101.vrp,sa,random,True,73,4567.752626931998,21,1713.8077707642797,52,2853.944856167718,62.48028492919098,6.3810722999987775,4265,0.75,1,1000.0,0.9,0.1,100,0.5,0.3,10,200,50,False
data101.vrp,sa,random,True,73,4567.752626931998,20,1705.5500989071174,53,2862.2025280248804,62.66106687014974,7.077527200002805,4219,0.75,1,1000.0,0.9,0.1,100,0.7,0.1,10,200,50,False
data101.vrp,sa,random,True,73,4567.752626931998,21,1711.1703103423815,52,2856.5823165896163,62.538025806101594,5.68660330000057,4210,0.75,1,1000.0,0.9,0.1,100,0.7,0.2,10,200,50,False
data101.vrp,sa,random,True,73,4567.752626931998,21,1744.7923941353292,52,2822.9602327966686,61.801950835782314,4.5582113999989815,4291,0.75,1,1000.0,0.9,0.1,100,0.7,0.3,10,200,50,False
data101.vrp,sa,random,True,73,4567.752626931998,20,1671.4481270079523,53,2896.3044999240456,63.40764784080248,31.624584599998343,8585,0.75,1,1000.0,0.9,0.1,200,0.3,0.1,10,200,50,False
data101.vrp,sa,random,True,73,4567.752626931998,20,1680.2580308821873,53,2887.4945960498108,63.214776102909084,25.485700899997028,8471,0.75,1,1000.0,0.9,0.1,200,0.3,0.2,10,200,50,False
data101.vrp,sa,random,True,73,4567.752626931998,21,1690.2177517653497,52,2877.534875166648,62.99673187642364,17.15538110000125,8420,0.75,1,1000.0,0.9,0.1,200,0.3,0.3,10,200,50,False
data101.vrp,sa,random,True,73,4567.752626931998,21,1717.1753598080395,52,2850.5772671239583,62.406559635402,19.881691099999443,8477,0.75,1,1000.0,0.9,0.1,200,0.5,0.1,10,200,50,False
data101.vrp,sa,random,True,73,4567.752626931998,20,1702.199197031865,53,2865.553429900133,62.73442683836464,17.04540089999864,8505,0.75,1,1000.0,0.9,0.1,200,0.5,0.2,10,200,50,False
data101.vrp,sa,random,True,73,4567.752626931998,21,1701.2211848052186,52,2866.5314421267794,62.75583807287152,12.793271299997286,8429,0.75,1,1000.0,0.9,0.1,200,0.5,0.3,10,200,50,False
data101.vrp,sa,random,True,73,4567.752626931998,20,1690.5205705216501,53,2877.2320564103475,62.99010238527048,15.50979340000049,8574,0.75,1,1000.0,0.9,0.1,200,0.7,0.1,10,200,50,False
data101.vrp,sa,random,True,73,4567.752626931998,20,1675.697929930325,53,2892.054697001673,63.3146085878159,11.722272200000589,8563,0.75,1,1000.0,0.9,0.1,200,0.7,0.2,10,200,50,False
data101.vrp,sa,random,True,73,4567.752626931998,20,1675.7538597304986,53,2891.9987672014995,63.31338413884194,9.974023099999613,8408,0.75,1,1000.0,0.9,0.1,200,0.7,0.3,10,200,50,False
data101.vrp,sa,random,True,73,4567.752626931998,20,1663.5816336306668,53,2904.170993301331,63.57986586615927,64.78356409999833,16980,0.75,1,1000.0,0.9,0.1,400,0.3,0.1,10,200,50,False
data101.vrp,sa,random,True,73,4567.752626931998,20,1660.1630745983384,53,2907.5895523336594,63.654707025730225,47.089902800002164,16984,0.75,1,1000.0,0.9,0.1,400,0.3,0.2,10,200,50,False
data101.vrp,sa,random,True,73,4567.752626931998,20,1679.2335000880541,53,2888.519126843944,63.237205749998395,37.17732909999904,17272,0.75,1,1000.0,0.9,0.1,400,0.3,0.3,10,200,50,False
data101.vrp,sa,random,True,73,4567.752626931998,19,1680.9047331604213,54,2886.8478937715763,63.2006181059453,51.1383093000004,17331,0.75,1,1000.0,0.9,0.1,400,0.5,0.1,10,200,50,False
data101.vrp,sa,random,True,73,4567.752626931998,21,1674.8965473853305,52,2892.8560795466674,63.332152938625725,30.09247609999875,17174,0.75,1,1000.0,0.9,0.1,400,0.5,0.2,10,200,50,False
data101.vrp,sa,random,True,73,4567.752626931998,21,1674.5106790511782,52,2893.2419478808197,63.340600601309504,27.935022300000128,16896,0.75,1,1000.0,0.9,0.1,400,0.5,0.3,10,200,50,False
data101.vrp,sa,random,True,73,4567.752626931998,20,1664.0810125482535,53,2903.6716143837443,63.568933161208435,32.65648350000265,17085,0.75,1,1000.0,0.9,0.1,400,0.7,0.1,10,200,50,False
data101.vrp,sa,random,True,73,4567.752626931998,19,1668.445956649707,54,2899.3066702822907,63.47337316796981,31.241241400002764,17091,0.75,1,1000.0,0.9,0.1,400,0.7,0.2,10,200,50,False
data101.vrp,sa,random,True,73,4567.752626931998,20,1675.538832478398,53,2892.2137944536,63.31809164534815,21.7147530000002,16890,0.75,1,1000.0,0.9,0.1,400,0.7,0.3,10,200,50,False
data101.vrp,sa,random,True,73,4567.752626931998,21,1701.7773683153748,52,2865.9752586166233,62.7436617674631,32.99887040000249,8564,0.75,1,1000.0,0.95,0.01,100,0.3,0.1,10,200,50,False
data101.vrp,sa,random,True,73,4567.752626931998,22,1695.2364248939102,51,2872.5162020380876,62.88686005238988,26.27879910000047,8563,0.75,1,1000.0,0.95,0.01,100,0.3,0.2,10,200,50,False
data101.vrp,sa,random,True,73,4567.752626931998,21,1688.080949469583,52,2879.6716774624147,63.043512043177145,22.260462800000823,8753,0.75,1,1000.0,0.95,0.01,100,0.3,0.3,10,200,50,False
data101.vrp,sa,random,True,73,4567.752626931998,21,1679.8652986132483,52,2887.8873283187495,63.223374034999885,22.39590649999809,8705,0.75,1,1000.0,0.95,0.01,100,0.5,0.1,10,200,50,False
data101.vrp,sa,random,True,73,4567.752626931998,21,1668.134509040622,52,2899.6181178913757,63.480191567181016,19.93582569999853,8726,0.75,1,1000.0,0.95,0.01,100,0.5,0.2,10,200,50,False
data101.vrp,sa,random,True,73,4567.752626931998,21,1684.0021690234985,52,2883.7504579084994,63.132807168793974,17.100190699999075,8759,0.75,1,1000.0,0.95,0.01,100,0.5,0.3,10,200,50,False
data101.vrp,sa,random,True,73,4567.752626931998,21,1707.3557852998213,52,2860.396841632177,62.6215356927813,15.743275000000722,8783,0.75,1,1000.0,0.95,0.01,100,0.7,0.1,10,200,50,False
data101.vrp,sa,random,True,73,4567.752626931998,20,1659.7894506800246,53,2907.963176251973,63.662886626265305,13.328547000000981,8572,0.75,1,1000.0,0.95,0.01,100,0.7,0.2,10,200,50,False
data101.vrp,sa,random,True,73,4567.752626931998,21,1671.4759632687803,52,2896.2766636632177,63.40703843256387,11.293835300002684,8700,0.75,1,1000.0,0.95,0.01,100,0.7,0.3,10,200,50,False
data101.vrp,sa,random,True,73,4567.752626931998,20,1667.1855532431275,53,2900.5670736888706,63.50096668078721,73.12280800000008,17511,0.75,1,1000.0,0.95,0.01,200,0.3,0.1,10,200,50,False
data101.vrp,sa,random,True,73,4567.752626931998,19,1677.32111112541,54,2890.431515806588,63.27907292448959,55.47132280000005,17425,0.75,1,1000.0,0.95,0.01,200,0.3,0.2,10,200,50,False
data101.vrp,sa,random,True,73,4567.752626931998,20,1674.0309567378367,53,2893.721670194161,63.35110297200517,40.990245900000446,17234,0.75,1,1000.0,0.95,0.01,200,0.3,0.3,10,200,50,False
data101.vrp,sa,random,True,73,4567.752626931998,20,1662.7360115466429,53,2905.016615385355,63.59837873568374,52.43962340000144,17397,0.75,1,1000.0,0.95,0.01,200,0.5,0.1,10,200,50,False
data101.vrp,sa,random,True,73,4567.752626931998,20,1681.117664877614,53,2886.634962054384,63.19595647615526,41.29516899999726,17499,0.75,1,1000.0,0.95,0.01,200,0.5,0.2,10,200,50,False
data101.vrp,sa,random,True,73,4567.752626931998,20,1668.9744393400351,53,2898.7781875919627,63.46180330564381,30.767524499999126,17295,0.75,1,1000.0,0.95,0.01,200,0.5,0.3,10,200,50,False
data101.vrp,sa,random,True,73,4567.752626931998,20,1667.2772908082563,53,2900.4753361237417,63.4989583065905,35.96361790000083,17353,0.75,1,1000.0,0.95,0.01,200,0.7,0.1,10,200,50,False
data101.vrp,sa,random,True,73,4567.752626931998,19,1696.1142722045217,54,2871.6383547274763,62.86764168873692,33.084603100000095,17473,0.75,1,1000.0,0.95,0.01,200,0.7,0.2,10,200,50,False
data101.vrp,sa,random,True,73,4567.752626931998,19,1661.3293556495614,54,2906.4232712824364,63.62917409637791,28.52765129999898,17579,0.75,1,1000.0,0.95,0.01,200,0.7,0.3,10,200,50,False
data101.vrp,sa,random,True,73,4567.752626931998,20,1665.7946797766817,53,2901.957947155316,63.53141652297536,168.01910520000092,34594,0.75,1,1000.0,0.95,0.01,400,0.3,0.1,10,200,50,False
data101.vrp,sa,random,True,73,4567.752626931998,20,1649.9636007977138,53,2917.789026134284,63.87800006792536,107.26425569999992,34731,0.75,1,1000.0,0.95,0.01,400,0.3,0.2,10,200,50,False
data101.vrp,sa,random,True,73,4567.752626931998,19,1664.107095864455,54,2903.645531067543,63.56836212949258,88.28922189999867,34929,0.75,1,1000.0,0.95,0.01,400,0.3,0.3,10,200,50,False
data101.vrp,sa,random,True,73,4567.752626931998,19,1689.921774198683,54,2877.8308527333147,63.00321159612041,102.08671250000043,34639,0.75,1,1000.0,0.95,0.01,400,0.5,0.1,10,200,50,False
data101.vrp,sa,random,True,73,4567.752626931998,20,1650.5186496065553,53,2917.2339773254425,63.865848604083624,82.44086399999651,34745,0.75,1,1000.0,0.95,0.01,400,0.5,0.2,10,200,50,False
data101.vrp,sa,random,True,73,4567.752626931998,19,1662.215587986227,54,2905.5370389457707,63.60977216266897,69.95763420000003,35078,0.75,1,1000.0,0.95,0.01,400,0.5,0.3,10,200,50,False
data101.vrp,sa,random,True,73,4567.752626931998,19,1680.3793015598135,54,2887.3733253721844,63.212121171971916,80.56815270000152,34904,0.75,1,1000.0,0.95,0.01,400,0.7,0.1,10,200,50,False
data101.vrp,sa,random,True,73,4567.752626931998,20,1666.9357626547703,53,2900.8168642772275,63.506435247252135,69.22467239999969,34860,0.75,1,1000.0,0.95,0.01,400,0.7,0.2,10,200,50,False
data101.vrp,sa,random,True,73,4567.752626931998,20,1672.9957648839156,53,2894.7568620480824,63.373766017455964,50.17159030000039,34898,0.75,1,1000.0,0.95,0.01,400,0.7,0.3,10,200,50,False
data101.vrp,sa,random,True,73,4567.752626931998,21,1701.7773683153748,52,2865.9752586166233,62.7436617674631,27.378818900000624,8562,0.75,1,1000.0,0.95,0.1,100,0.3,0.1,10,200,50,False
data101.vrp,sa,random,True,73,4567.752626931998,22,1695.2364248939102,51,2872.5162020380876,62.88686005238988,20.323690599998372,8557,0.75,1,1000.0,0.95,0.1,100,0.3,0.2,10,200,50,False
data101.vrp,sa,random,True,73,4567.752626931998,21,1688.1512260849995,52,2879.6014008469983,63.04197350505663,16.9697070000002,8745,0.75,1,1000.0,0.95,0.1,100,0.3,0.3,10,200,50,False
data101.vrp,sa,random,True,73,4567.752626931998,21,1679.8652986132483,52,2887.8873283187495,63.223374034999885,19.19287489999988,8695,0.75,1,1000.0,0.95,0.1,100,0.5,0.1,10,200,50,False
data101.vrp,sa,random,True,73,4567.752626931998,21,1668.134509040622,52,2899.6181178913757,63.480191567181016,15.44529589999729,8713,0.75,1,1000.0,0.95,0.1,100,0.5,0.2,10,200,50,False
data101.vrp,sa,random,True,73,4567.752626931998,21,1684.0021690234985,52,2883.7504579084994,63.132807168793974,12.795494900001358,8749,0.75,1,1000.0,0.95,0.1,100,0.5,0.3,10,200,50,False
data101.vrp,sa,random,True,73,4567.752626931998,21,1707.3557852998213,52,2860.396841632177,62.6215356927813,13.998165599998174,8773,0.75,1,1000.0,0.95,0.1,100,0.7,0.1,10,200,50,False
data101.vrp,sa,random,True,73,4567.752626931998,20,1659.7894506800246,53,2907.963176251973,63.662886626265305,11.015797299998667,8568,0.75,1,1000.0,0.95,0.1,100,0.7,0.2,10,200,50,False
data101.vrp,sa,random,True,73,4567.752626931998,21,1671.4759632687803,52,2896.2766636632177,63.40703843256387,9.423564900000201,8692,0.75,1,1000.0,0.95,0.1,100,0.7,0.3,10,200,50,False
data101.vrp,sa,random,True,73,4567.752626931998,20,1667.1855532431275,53,2900.5670736888706,63.50096668078721,61.24523300000146,17471,0.75,1,1000.0,0.95,0.1,200,0.3,0.1,10,200,50,False
data101.vrp,sa,random,True,73,4567.752626931998,19,1677.32111112541,54,2890.431515806588,63.27907292448959,52.2606581,17416,0.75,1,1000.0,0.95,0.1,200,0.3,0.2,10,200,50,False
data101.vrp,sa,random,True,73,4567.752626931998,20,1674.0309567378367,53,2893.721670194161,63.35110297200517,36.1292609000011,17205,0.75,1,1000.0,0.95,0.1,200,0.3,0.3,10,200,50,False
data101.vrp,sa,random,True,73,4567.752626931998,20,1662.7360115466429,53,2905.016615385355,63.59837873568374,41.230514000002586,17392,0.75,1,1000.0,0.95,0.1,200,0.5,0.1,10,200,50,False
data101.vrp,sa,random,True,73,4567.752626931998,20,1681.117664877614,53,2886.634962054384,63.19595647615526,35.12610859999768,17466,0.75,1,1000.0,0.95,0.1,200,0.5,0.2,10,200,50,False
data101.vrp,sa,random,True,73,4567.752626931998,20,1668.9744393400351,53,2898.7781875919627,63.46180330564381,28.155826199999865,17291,0.75,1,1000.0,0.95,0.1,200,0.5,0.3,10,200,50,False
data101.vrp,sa,random,True,73,4567.752626931998,20,1667.2772908082563,53,2900.4753361237417,63.4989583065905,30.676088200001686,17334,0.75,1,1000.0,0.95,0.1,200,0.7,0.1,10,200,50,False
data101.vrp,sa,random,True,73,4567.752626931998,19,1696.1142722045217,54,2871.6383547274763,62.86764168873692,33.61868770000001,17471,0.75,1,1000.0,0.95,0.1,200,0.7,0.2,10,200,50,False
data101.vrp,sa,random,True,73,4567.752626931998,19,1661.3293556495614,54,2906.4232712824364,63.62917409637791,24.00766549999753,17550,0.75,1,1000.0,0.95,0.1,200,0.7,0.3,10,200,50,False
data101.vrp,sa,random,True,73,4567.752626931998,20,1665.7946797766817,53,2901.957947155316,63.53141652297536,132.38788549999663,34564,0.75,1,1000.0,0.95,0.1,400,0.3,0.1,10,200,50,False
data101.vrp,sa,random,True,73,4567.752626931998,20,1649.9636007977138,53,2917.789026134284,63.87800006792536,98.49312490000011,34689,0.75,1,1000.0,0.95,0.1,400,0.3,0.2,10,200,50,False
data101.vrp,sa,random,True,73,4567.752626931998,19,1664.107095864455,54,2903.645531067543,63.56836212949258,86.84859169999982,34922,0.75,1,1000.0,0.95,0.1,400,0.3,0.3,10,200,50,False
data101.vrp,sa,random,True,73,4567.752626931998,19,1689.921774198683,54,2877.8308527333147,63.00321159612041,93.25407329999871,34629,0.75,1,1000.0,0.95,0.1,400,0.5,0.1,10,200,50,False
data101.vrp,sa,random,True,73,4567.752626931998,20,1650.5186496065553,53,2917.2339773254425,63.865848604083624,73.87045769999895,34718,0.75,1,1000.0,0.95,0.1,400,0.5,0.2,10,200,50,False
data101.vrp,sa,random,True,73,4567.752626931998,19,1662.215587986227,54,2905.5370389457707,63.60977216266897,72.09828380000181,35061,0.75,1,1000.0,0.95,0.1,400,0.5,0.3,10,200,50,False
data101.vrp,sa,random,True,73,4567.752626931998,19,1680.3793015598135,54,2887.3733253721844,63.212121171971916,77.40011600000071,34877,0.75,1,1000.0,0.95,0.1,400,0.7,0.1,10,200,50,False
data101.vrp,sa,random,True,73,4567.752626931998,20,1666.9357626547703,53,2900.8168642772275,63.506435247252135,57.76825110000209,34802,0.75,1,1000.0,0.95,0.1,400,0.7,0.2,10,200,50,False
data101.vrp,sa,random,True,73,4567.752626931998,20,1672.9957648839156,53,2894.7568620480824,63.373766017455964,47.20814869999958,34873,0.75,1,1000.0,0.95,0.1,400,0.7,0.3,10,200,50,False
data101.vrp,sa,random,True,73,4567.752626931998,22,2201.037309795768,51,2366.7153171362297,51.813561513419145,22.56641309999759,12513,0.75,1,1000.0,0.99,0.01,100,0.3,0.1,10,200,50,False
data101.vrp,sa,random,True,73,4567.752626931998,22,2205.6523375415713,51,2362.1002893904265,51.71252653795676,18.865402699997503,13980,0.75,1,1000.0,0.99,0.01,100,0.3,0.2,10,200,50,False
data101.vrp,sa,random,True,73,4567.752626931998,22,2217.1025469363067,51,2350.650079995691,51.46185163653536,19.77522129999852,19163,0.75,1,1000.0,0.99,0.01,100,0.3,0.3,10,200,50,False
data101.vrp,sa,random,True,73,4567.752626931998,22,2196.7833441749817,51,2370.969282757016,51.90669189871419,20.12746960000004,16867,0.75,1,1000.0,0.99,0.01,100,0.5,0.1,10,200,50,False
data101.vrp,sa,random,True,73,4567.752626931998,23,2206.563537161186,50,2361.1890897708117,51.692578005406155,18.809016799998062,20149,0.75,1,1000.0,0.99,0.01,100,0.5,0.2,10,200,50,False
data101.vrp,sa,random,True,73,4567.752626931998,22,2159.781596838241,51,2407.971030093757,52.716756505071686,10.84138769999845,13906,0.75,1,1000.0,0.99,0.01,100,0.5,0.3,10,200,50,False
data101.vrp,sa,random,True,73,4567.752626931998,21,2054.6510888767484,52,2513.1015380552494,55.018337097278696,16.28196129999924,16706,0.75,1,1000.0,0.99,0.01,100,0.7,0.1,10,200,50,False
data101.vrp,sa,random,True,73,4567.752626931998,22,2164.622238508551,51,2403.1303884234467,52.6107822532751,14.681312299999263,19554,0.75,1,1000.0,0.99,0.01,100,0.7,0.2,10,200,50,False
data101.vrp,sa,random,True,73,4567.752626931998,20,1695.6815252942533,53,2872.0711016377445,62.877115645529514,42.414590399999724,42941,0.75,1,1000.0,0.99,0.01,100,0.7,0.3,10,200,50,False
data101.vrp,sa,random,True,73,4567.752626931998,21,2045.3677761568288,52,2522.384850775169,55.221572987619695,100.79619000000093,50824,0.75,1,1000.0,0.99,0.01,200,0.3,0.1,10,200,50,False
data101.vrp,sa,random,True,73,4567.752626931998,22,2161.1042170237574,51,2406.6484099082404,52.687800904943124,35.266753800002334,25044,0.75,1,1000.0,0.99,0.01,200,0.3,0.2,10,200,50,False
data101.vrp,sa,random,True,73,4567.752626931998,23,2256.4351041027235,50,2311.3175228292744,50.6007595332873,24.866712899998674,25251,0.75,1,1000.0,0.99,0.01,200,0.3,0.3,10,200,50,False
data101.vrp,sa,random,True,73,4567.752626931998,22,2144.564525749394,51,2423.188101182604,53.04989781835396,32.04689750000034,26206,0.75,1,1000.0,0.99,0.01,200,0.5,0.1,10,200,50,False
data101.vrp,sa,random,True,73,4567.752626931998,23,2197.240487347293,50,2370.512139584705,51.89668384421458,17.71496079999997,19591,0.75,1,1000.0,0.99,0.01,200,0.5,0.2,10,200,50,False
data101.vrp,sa,random,True,73,4567.752626931998,21,2081.1351692029057,52,2486.617457729092,54.43853161109707,32.17005920000156,36844,0.75,1,1000.0,0.99,0.01,200,0.5,0.3,10,200,50,False
data101.vrp,sa,random,True,73,4567.752626931998,22,2172.3586329091945,51,2395.3939940228033,52.44141243331093,31.913194000000658,32591,0.75,1,1000.0,0.99,0.01,200,0.7,0.1,10,200,50,False
data101.vrp,sa,random,True,73,4567.752626931998,21,2094.787041028398,52,2472.9655859035997,54.139656585663346,36.46000070000082,42869,0.75,1,1000.0,0.99,0.01,200,0.7,0.2,10,200,50,False
data101.vrp,sa,random,True,73,4567.752626931998,20,1648.7957662493498,53,2918.956860682648,63.903567007375585,110.35619349999979,87690,0.75,1,1000.0,0.99,0.01,200,0.7,0.3,10,200,50,False
data101.vrp,sa,random,True,73,4567.752626931998,21,2063.044762205191,52,2504.7078647268067,54.83457772994885,116.10704970000006,56724,0.75,1,1000.0,0.99,0.01,400,0.3,0.1,10,200,50,False
data101.vrp,sa,random,True,73,4567.752626931998,22,2142.6446229419225,51,2425.1080039900753,53.09192949047543,128.16692239999975,88741,0.75,1,1000.0,0.99,0.01,400,0.3,0.2,10,200,50,False
data101.vrp,sa,random,True,73,4567.752626931998,21,2077.2685948549556,52,2490.4840320770422,54.52318099261463,106.77409839999746,88381,0.75,1,1000.0,0.99,0.01,400,0.3,0.3,10,200,50,False
data101.vrp,sa,random,True,73,4567.752626931998,20,1954.649143351111,53,2613.103483580887,57.20764010234982,178.1878669999969,114288,0.75,1,1000.0,0.99,0.01,400,0.5,0.1,10,200,50,False
data101.vrp,sa,random,True,73,4567.752626931998,22,2150.5335469141123,51,2417.2190800178855,52.91922040098411,56.216334700002335,54751,0.75,1,1000.0,0.99,0.01,400,0.5,0.2,10,200,50,False
data101.vrp,sa,random,True,73,4567.752626931998,21,2075.310326242392,52,2492.442300689606,54.56605259211888,71.88762230000066,77054,0.75,1,1000.0,0.99,0.01,400,0.5,0.3,10,200,50,False
data101.vrp,sa,random,True,73,4567.752626931998,21,2082.489383067215,52,2485.263243864783,54.40888434306585,81.18365400000039,74496,0.75,1,1000.0,0.99,0.01,400,0.7,0.1,10,200,50,False
data101.vrp,sa,random,True,73,4567.752626931998,22,2146.983564238084,51,2420.769062693914,52.99693876635918,30.75695370000176,37568,0.75,1,1000.0,0.99,0.01,400,0.7,0.2,10,200,50,False
data101.vrp,sa,random,True,73,4567.752626931998,20,1986.4128670527894,53,2581.3397598792085,56.51224947382944,94.82409650000045,103953,0.75,1,1000.0,0.99,0.01,400,0.7,0.3,10,200,50,False
data101.vrp,sa,random,True,73,4567.752626931998,22,2201.037309795768,51,2366.7153171362297,51.813561513419145,22.247827099999995,12513,0.75,1,1000.0,0.99,0.1,100,0.3,0.1,10,200,50,False
data101.vrp,sa,random,True,73,4567.752626931998,22,2205.6523375415713,51,2362.1002893904265,51.71252653795676,18.79236089999904,13980,0.75,1,1000.0,0.99,0.1,100,0.3,0.2,10,200,50,False
data101.vrp,sa,random,True,73,4567.752626931998,22,2217.1025469363067,51,2350.650079995691,51.46185163653536,20.489843100000144,19163,0.75,1,1000.0,0.99,0.1,100,0.3,0.3,10,200,50,False
data101.vrp,sa,random,True,73,4567.752626931998,22,2196.7833441749817,51,2370.969282757016,51.90669189871419,20.162973700000293,16867,0.75,1,1000.0,0.99,0.1,100,0.5,0.1,10,200,50,False
data101.vrp,sa,random,True,73,4567.752626931998,23,2206.563537161186,50,2361.1890897708117,51.692578005406155,19.02977949999695,20149,0.75,1,1000.0,0.99,0.1,100,0.5,0.2,10,200,50,False
data101.vrp,sa,random,True,73,4567.752626931998,22,2159.781596838241,51,2407.971030093757,52.716756505071686,10.949511999999231,13906,0.75,1,1000.0,0.99,0.1,100,0.5,0.3,10,200,50,False
data101.vrp,sa,random,True,73,4567.752626931998,21,2054.6510888767484,52,2513.1015380552494,55.018337097278696,16.378515100001096,16706,0.75,1,1000.0,0.99,0.1,100,0.7,0.1,10,200,50,False
data101.vrp,sa,random,True,73,4567.752626931998,22,2164.622238508551,51,2403.1303884234467,52.6107822532751,14.877230800000689,19554,0.75,1,1000.0,0.99,0.1,100,0.7,0.2,10,200,50,False
data101.vrp,sa,random,True,73,4567.752626931998,20,1695.6815252942533,53,2872.0711016377445,62.877115645529514,42.464540099997976,42941,0.75,1,1000.0,0.99,0.1,100,0.7,0.3,10,200,50,False
data101.vrp,sa,random,True,73,4567.752626931998,21,2045.3677761568288,52,2522.384850775169,55.221572987619695,101.1857056000008,50824,0.75,1,1000.0,0.99,0.1,200,0.3,0.1,10,200,50,False
data101.vrp,sa,random,True,73,4567.752626931998,22,2161.1042170237574,51,2406.6484099082404,52.687800904943124,34.79881029999888,25044,0.75,1,1000.0,0.99,0.1,200,0.3,0.2,10,200,50,False
data101.vrp,sa,random,True,73,4567.752626931998,23,2256.4351041027235,50,2311.3175228292744,50.6007595332873,25.4046957999999,25251,0.75,1,1000.0,0.99,0.1,200,0.3,0.3,10,200,50,False
data101.vrp,sa,random,True,73,4567.752626931998,22,2144.564525749394,51,2423.188101182604,53.04989781835396,31.850628000000142,26206,0.75,1,1000.0,0.99,0.1,200,0.5,0.1,10,200,50,False
data101.vrp,sa,random,True,73,4567.752626931998,23,2197.240487347293,50,2370.512139584705,51.89668384421458,17.799960199998168,19591,0.75,1,1000.0,0.99,0.1,200,0.5,0.2,10,200,50,False
data101.vrp,sa,random,True,73,4567.752626931998,21,2081.1351692029057,52,2486.617457729092,54.43853161109707,32.10275279999769,36844,0.75,1,1000.0,0.99,0.1,200,0.5,0.3,10,200,50,False
data101.vrp,sa,random,True,73,4567.752626931998,22,2172.3586329091945,51,2395.3939940228033,52.44141243331093,32.200302699999156,32591,0.75,1,1000.0,0.99,0.1,200,0.7,0.1,10,200,50,False
data101.vrp,sa,random,True,73,4567.752626931998,21,2094.787041028398,52,2472.9655859035997,54.139656585663346,36.47075240000049,42869,0.75,1,1000.0,0.99,0.1,200,0.7,0.2,10,200,50,False
data101.vrp,sa,random,True,73,4567.752626931998,20,1648.7957662493498,53,2918.956860682648,63.903567007375585,111.27637479999976,87690,0.75,1,1000.0,0.99,0.1,200,0.7,0.3,10,200,50,False
data101.vrp,sa,random,True,73,4567.752626931998,21,2063.044762205191,52,2504.7078647268067,54.83457772994885,117.1179372000006,56724,0.75,1,1000.0,0.99,0.1,400,0.3,0.1,10,200,50,False
data101.vrp,sa,random,True,73,4567.752626931998,22,2142.6446229419225,51,2425.1080039900753,53.09192949047543,128.23592449999705,88741,0.75,1,1000.0,0.99,0.1,400,0.3,0.2,10,200,50,False
data101.vrp,sa,random,True,73,4567.752626931998,21,2077.2685948549556,52,2490.4840320770422,54.52318099261463,108.20467210000061,88381,0.75,1,1000.0,0.99,0.1,400,0.3,0.3,10,200,50,False
data101.vrp,sa,random,True,73,4567.752626931998,20,1954.649143351111,53,2613.103483580887,57.20764010234982,174.42479439999806,114288,0.75,1,1000.0,0.99,0.1,400,0.5,0.1,10,200,50,False
data101.vrp,sa,random,True,73,4567.752626931998,22,2150.5335469141123,51,2417.2190800178855,52.91922040098411,55.64004520000162,54751,0.75,1,1000.0,0.99,0.1,400,0.5,0.2,10,200,50,False
data101.vrp,sa,random,True,73,4567.752626931998,21,2075.310326242392,52,2492.442300689606,54.56605259211888,71.8306319000003,77054,0.75,1,1000.0,0.99,0.1,400,0.5,0.3,10,200,50,False
data101.vrp,sa,random,True,73,4567.752626931998,21,2082.489383067215,52,2485.263243864783,54.40888434306585,80.39769159999923,74496,0.75,1,1000.0,0.99,0.1,400,0.7,0.1,10,200,50,False
data101.vrp,sa,random,True,73,4567.752626931998,22,2146.983564238084,51,2420.769062693914,52.99693876635918,30.019915100001526,37568,0.75,1,1000.0,0.99,0.1,400,0.7,0.2,10,200,50,False
data101.vrp,sa,random,True,73,4567.752626931998,20,1986.4128670527894,53,2581.3397598792085,56.51224947382944,95.07367939999676,103953,0.75,1,1000.0,0.99,0.1,400,0.7,0.3,10,200,50,False
data101.vrp,sa,random,True,71,4448.776235076591,22,1695.4027380612258,49,2753.3734970153646,61.89058184824534,14.28623289999814,2739,0.75,2,200.0,0.9,0.01,100,0.3,0.1,10,200,50,False
data101.vrp,sa,random,True,71,4448.776235076591,22,1696.4313110047046,49,2752.344924071886,61.86746149133979,10.447374999999738,2693,0.75,2,200.0,0.9,0.01,100,0.3,0.2,10,200,50,False
data101.vrp,sa,random,True,71,4448.776235076591,21,1706.726115211297,50,2742.0501198652937,61.636053938731905,8.42657070000132,2718,0.75,2,200.0,0.9,0.01,100,0.3,0.3,10,200,50,False
data101.vrp,sa,random,True,71,4448.776235076591,21,1727.617528329388,50,2721.158706747203,61.16645483969492,9.256316500002868,2809,0.75,2,200.0,0.9,0.01,100,0.5,0.1,10,200,50,False
data101.vrp,sa,random,True,71,4448.776235076591,21,1706.3536984277441,50,2742.4225366488463,61.64442515732941,7.937473699999828,2773,0.75,2,200.0,0.9,0.01,100,0.5,0.2,10,200,50,False
data101.vrp,sa,random,True,71,4448.776235076591,20,1703.1526844631012,51,2745.6235506134894,61.716377842641045,6.4691378000025,2825,0.75,2,200.0,0.9,0.01,100,0.5,0.3,10,200,50,False
data101.vrp,sa,random,True,71,4448.776235076591,20,1692.0495773917378,51,2756.726657684853,61.96595450113469,7.489402999999584,2755,0.75,2,200.0,0.9,0.01,100,0.7,0.1,10,200,50,False
data101.vrp,sa,random,True,71,4448.776235076591,21,1720.584801543227,50,2728.1914335333636,61.32453711703472,5.655195999999705,2792,0.75,2,200.0,0.9,0.01,100,0.7,0.2,10,200,50,False
data101.vrp,sa,random,True,71,4448.776235076591,21,1740.1715207228401,50,2708.6047143537508,60.88426504793894,4.657693799999834,2701,0.75,2,200.0,0.9,0.01,100,0.7,0.3,10,200,50,False
data101.vrp,sa,random,True,71,4448.776235076591,20,1660.419035457189,51,2788.3571996194014,62.67694872208821,32.37493489999906,5430,0.75,2,200.0,0.9,0.01,200,0.3,0.1,10,200,50,False
data101.vrp,sa,random,True,71,4448.776235076591,20,1675.68193222128,51,2773.0943028553106,62.33386792958285,23.14548549999745,5362,0.75,2,200.0,0.9,0.01,200,0.3,0.2,10,200,50,False
data101.vrp,sa,random,True,71,4448.776235076591,20,1687.0297928999946,51,2761.7464421765962,62.078789677068336,20.461139800001547,5387,0.75,2,200.0,0.9,0.01,200,0.3,0.3,10,200,50,False
data101.vrp,sa,random,True,71,4448.776235076591,21,1683.4301500822392,50,2765.3460849943513,62.159702778279716,19.379659200003516,5412,0.75,2,200.0,0.9,0.01,200,0.5,0.1,10,200,50,False
data101.vrp,sa,random,True,71,4448.776235076591,20,1709.8124908222692,51,2738.9637442543217,61.56667810484218,18.102019900001324,5484,0.75,2,200.0,0.9,0.01,200,0.5,0.2,10,200,50,False
data101.vrp,sa,random,True,71,4448.776235076591,20,1693.150437216247,51,2755.6257978603435,61.94120927309131,14.763044999999693,5507,0.75,2,200.0,0.9,0.01,200,0.5,0.3,10,200,50,False
data101.vrp,sa,random,True,71,4448.776235076591,21,1695.3671337220483,50,2753.409101354542,61.891382165844966,14.947208599998703,5549,0.75,2,200.0,0.9,0.01,200,0.7,0.1,10,200,50,False
data101.vrp,sa,random,True,71,4448.776235076591,21,1666.7617252467621,50,2782.0145098298285,62.53437715960855,11.645552699999826,5492,0.75,2,200.0,0.9,0.01,200,0.7,0.2,10,200,50,False
data101.vrp,sa,random,True,71,4448.776235076591,20,1711.4361574950399,51,2737.3400775815508,61.53018117654156,11.439988500002073,5444,0.75,2,200.0,0.9,0.01,200,0.7,0.3,10,200,50,False
data101.vrp,sa,random,True,71,4448.776235076591,20,1675.199002378437,51,2773.5772326981537,62.34472327085706,66.79334369999924,10806,0.75,2,200.0,0.9,0.01,400,0.3,0.1,10,200,50,False
data101.vrp,sa,random,True,71,4448.776235076591,20,1672.0773322052116,51,2776.698902871379,62.414892459152306,50.07171129999915,11000,0.75,2,200.0,0.9,0.01,400,0.3,0.2,10,200,50,False
data101.vrp,sa,random,True,71,4448.776235076591,21,1672.9961858585966,50,2775.780049217994,62.394238382506686,36.80885429999762,10746,0.75,2,200.0,0.9,0.01,400,0.3,0.3,10,200,50,False
data101.vrp,sa,random,True,71,4448.776235076591,19,1671.5978666119613,52,2777.1783684646293,62.42566993070662,52.350359000000026,11145,0.75,2,200.0,0.9,0.01,400,0.5,0.1,10,200,50,False
data101.vrp,sa,random,True,71,4448.776235076591,20,1656.4046217280093,51,2792.3716133485814,62.767185081865726,32.20522780000101,10661,0.75,2,200.0,0.9,0.01,400,0.5,0.2,10,200,50,False
data101.vrp,sa,random,True,71,4448.776235076591,20,1652.373965825726,51,2796.4022692508647,62.85778653469905,31.31197919999977,10985,0.75,2,200.0,0.9,0.01,400,0.5,0.3,10,200,50,False
data101.vrp,sa,random,True,71,4448.776235076591,20,1668.5119901453593,51,2780.2642449312316,62.49503454478344,31.12986920000185,10989,0.75,2,200.0,0.9,0.01,400,0.7,0.1,10,200,50,False
data101.vrp,sa,random,True,71,4448.776235076591,20,1653.5856690656135,51,2795.190566010977,62.83054975820456,29.653340699998807,10892,0.75,2,200.0,0.9,0.01,400,0.7,0.2,10,200,50,False
data101.vrp,sa,random,True,71,4448.776235076591,20,1674.5455812565904,51,2774.23065382,62.35941093072842,24.376624900000024,10864,0.75,2,200.0,0.9,0.01,400,0.7,0.3,10,200,50,False
data101.vrp,sa,random,True,71,4448.776235076591,22,1695.4027380612258,49,2753.3734970153646,61.89058184824534,10.707002900002408,2739,0.75,2,200.0,0.9,0.1,100,0.3,0.1,10,200,50,False
data101.vrp,sa,random,True,71,4448.776235076591,22,1696.477755177304,49,2752.2984798992866,61.8664175149709,7.88383260000046,2689,0.75,2,200.0,0.9,0.1,100,0.3,0.2,10,200,50,False
data101.vrp,sa,random,True,71,4448.776235076591,21,1707.0138111346844,50,2741.7624239419065,61.629587083394945,6.245708900001773,2716,0.75,2,200.0,0.9,0.1,100,0.3,0.3,10,200,50,False
data101.vrp,sa,random,True,71,4448.776235076591,21,1728.1104471131332,50,2720.6657879634577,61.1553749660915,7.170524700002716,2808,0.75,2,200.0,0.9,0.1,100,0.5,0.1,10,200,50,False
data101.vrp,sa,random,True,71,4448.776235076591,21,1706.3536984277441,50,2742.4225366488463,61.64442515732941,5.988701099999162,2769,0.75,2,200.0,0.9,0.1,100,0.5,0.2,10,200,50,False
data101.vrp,sa,random,True,71,4448.776235076591,20,1703.1526844631012,51,2745.6235506134894,61.716377842641045,4.740341499997157,2815,0.75,2,200.0,0.9,0.1,100,0.5,0.3,10,200,50,False
data101.vrp,sa,random,True,71,4448.776235076591,20,1692.5424961754832,51,2756.2337389011072,61.95487462753126,5.659831699998904,2752,0.75,2,200.0,0.9,0.1,100,0.7,0.1,10,200,50,False
data101.vrp,sa,random,True,71,4448.776235076591,21,1720.584801543227,50,2728.1914335333636,61.32453711703472,4.315766899999289,2787,0.75,2,200.0,0.9,0.1,100,0.7,0.2,10,200,50,False
data101.vrp,sa,random,True,71,4448.776235076591,21,1740.1715207228401,50,2708.6047143537508,60.88426504793894,3.2915094000018144,2695,0.75,2,200.0,0.9,0.1,100,0.7,0.3,10,200,50,False
data101.vrp,sa,random,True,71,4448.776235076591,20,1660.4654796297884,51,2788.3107554468024,62.67590474571932,25.02875589999894,5421,0.75,2,200.0,0.9,0.1,200,0.3,0.1,10,200,50,False
data101.vrp,sa,random,True,71,4448.776235076591,20,1675.68193222128,51,2773.0943028553106,62.33386792958285,18.41403569999966,5352,0.75,2,200.0,0.9,0.1,200,0.3,0.2,10,200,50,False
data101.vrp,sa,random,True,71,4448.776235076591,20,1687.0297928999946,51,2761.7464421765962,62.078789677068336,15.231314200002089,5385,0.75,2,200.0,0.9,0.1,200,0.3,0.3,10,200,50,False
data101.vrp,sa,random,True,71,4448.776235076591,21,1683.4301500822392,50,2765.3460849943513,62.159702778279716,15.622913100000005,5403,0.75,2,200.0,0.9,0.1,200,0.5,0.1,10,200,50,False
data101.vrp,sa,random,True,71,4448.776235076591,20,1709.8124908222692,51,2738.9637442543217,61.56667810484218,14.57628449999902,5479,0.75,2,200.0,0.9,0.1,200,0.5,0.2,10,200,50,False
data101.vrp,sa,random,True,71,4448.776235076591,20,1693.150437216247,51,2755.6257978603435,61.94120927309131,11.456449500001327,5500,0.75,2,200.0,0.9,0.1,200,0.5,0.3,10,200,50,False
data101.vrp,sa,random,True,71,4448.776235076591,21,1695.3671337220483,50,2753.409101354542,61.891382165844966,11.788959800000157,5544,0.75,2,200.0,0.9,0.1,200,0.7,0.1,10,200,50,False
data101.vrp,sa,random,True,71,4448.776235076591,21,1666.7617252467621,50,2782.0145098298285,62.53437715960855,9.283878899997944,5480,0.75,2,200.0,0.9,0.1,200,0.7,0.2,10,200,50,False
data101.vrp,sa,random,True,71,4448.776235076591,20,1711.4361574950399,51,2737.3400775815508,61.53018117654156,8.672615900002711,5444,0.75,2,200.0,0.9,0.1,200,0.7,0.3,10,200,50,False
data101.vrp,sa,random,True,71,4448.776235076591,20,1675.199002378437,51,2773.5772326981537,62.34472327085706,52.80847089999952,10793,0.75,2,200.0,0.9,0.1,400,0.3,0.1,10,200,50,False
data101.vrp,sa,random,True,71,4448.776235076591,20,1672.0773322052116,51,2776.698902871379,62.414892459152306,38.40240339999946,10968,0.75,2,200.0,0.9,0.1,400,0.3,0.2,10,200,50,False
data101.vrp,sa,random,True,71,4448.776235076591,21,1672.9961858585966,50,2775.780049217994,62.394238382506686,27.82531270000254,10735,0.75,2,200.0,0.9,0.1,400,0.3,0.3,10,200,50,False
data101.vrp,sa,random,True,71,4448.776235076591,19,1671.5978666119613,52,2777.1783684646293,62.42566993070662,39.512072600002284,11067,0.75,2,200.0,0.9,0.1,400,0.5,0.1,10,200,50,False
data101.vrp,sa,random,True,71,4448.776235076591,20,1656.4046217280093,51,2792.3716133485814,62.767185081865726,25.23926759999813,10657,0.75,2,200.0,0.9,0.1,400,0.5,0.2,10,200,50,False
data101.vrp,sa,random,True,71,4448.776235076591,20,1652.373965825726,51,2796.4022692508647,62.85778653469905,23.661998599996878,10982,0.75,2,200.0,0.9,0.1,400,0.5,0.3,10,200,50,False
data101.vrp,sa,random,True,71,4448.776235076591,20,1668.5119901453593,51,2780.2642449312316,62.49503454478344,25.34357149999778,10970,0.75,2,200.0,0.9,0.1,400,0.7,0.1,10,200,50,False
data101.vrp,sa,random,True,71,4448.776235076591,20,1653.5856690656135,51,2795.190566010977,62.83054975820456,23.024777300001006,10884,0.75,2,200.0,0.9,0.1,400,0.7,0.2,10,200,50,False
data101.vrp,sa,random,True,71,4448.776235076591,20,1674.5455812565904,51,2774.23065382,62.35941093072842,18.755899100000534,10835,0.75,2,200.0,0.9,0.1,400,0.7,0.3,10,200,50,False
data101.vrp,sa,random,True,71,4448.776235076591,20,1681.2885559068784,51,2767.4876791697125,62.20784172845832,33.262374400001136,5599,0.75,2,200.0,0.95,0.01,100,0.3,0.1,10,200,50,False
data101.vrp,sa,random,True,71,4448.776235076591,20,1674.5963495027977,51,2774.179885573793,62.35826975743662,23.29145680000147,5561,0.75,2,200.0,0.95,0.01,100,0.3,0.2,10,200,50,False
data101.vrp,sa,random,True,71,4448.776235076591,20,1684.8147867951184,51,2763.9614482814723,62.12857878732775,19.141708900002413,5536,0.75,2,200.0,0.95,0.01,100,0.3,0.3,10,200,50,False
data101.vrp,sa,random,True,71,4448.776235076591,20,1689.4303427990453,51,2759.3458922775453,62.024829896395985,18.116426199998386,5634,0.75,2,200.0,0.95,0.01,100,0.5,0.1,10,200,50,False
data101.vrp,sa,random,True,71,4448.776235076591,20,1689.1629377255717,51,2759.613297351019,62.030840652148676,15.395940300000802,5502,0.75,2,200.0,0.95,0.01,100,0.5,0.2,10,200,50,False
data101.vrp,sa,random,True,71,4448.776235076591,21,1698.3503227281183,50,2750.4259123484726,61.82432576991864,14.676698200000828,5589,0.75,2,200.0,0.95,0.01,100,0.5,0.3,10,200,50,False
data101.vrp,sa,random,True,71,4448.776235076591,20,1683.0821622901915,51,2765.6940727863994,62.167524879766965,14.842170199997781,5619,0.75,2,200.0,0.95,0.01,100,0.7,0.1,10,200,50,False
data101.vrp,sa,random,True,71,4448.776235076591,19,1700.8808776993378,52,2747.895357377253,61.76744372331742,16.012138199999754,5716,0.75,2,200.0,0.95,0.01,100,0.7,0.2,10,200,50,False
data101.vrp,sa,random,True,71,4448.776235076591,20,1692.8266075797053,51,2755.949627496885,61.94848834534468,11.91926809999859,5713,0.75,2,200.0,0.95,0.01,100,0.7,0.3,10,200,50,False
data101.vrp,sa,random,True,71,4448.776235076591,20,1659.1581423085422,51,2789.6180927680484,62.70529119386069,61.1820344000007,11264,0.75,2,200.0,0.95,0.01,200,0.3,0.1,10,200,50,False
data101.vrp,sa,random,True,71,4448.776235076591,20,1671.5825571033758,51,2777.193677973215,62.42601405924393,44.75200579999728,11199,0.75,2,200.0,0.95,0.01,200,0.3,0.2,10,200,50,False
data101.vrp,sa,random,True,71,4448.776235076591,19,1674.1834494331026,52,2774.5927856434882,62.36755096305087,37.58303629999864,11103,0.75,2,200.0,0.95,0.01,200,0.3,0.3,10,200,50,False
data101.vrp,sa,random,True,71,4448.776235076591,20,1664.2379999942766,51,2784.538235082314,62.59110568716601,38.70800690000033,11142,0.75,2,200.0,0.95,0.01,200,0.5,0.1,10,200,50,False
data101.vrp,sa,random,True,71,4448.776235076591,20,1687.606393895051,51,2761.1698411815396,62.06582878704852,31.678488099998503,11141,0.75,2,200.0,0.95,0.01,200,0.5,0.2,10,200,50,False
data101.vrp,sa,random,True,71,4448.776235076591,20,1695.0205753453536,51,2753.755659731237,61.899172136802875,28.794100200000685,11125,0.75,2,200.0,0.95,0.01,200,0.5,0.3,10,200,50,False
data101.vrp,sa,random,True,71,4448.776235076591,20,1664.60275574759,51,2784.1734793290007,62.58290667390845,29.14625359999991,11187,0.75,2,200.0,0.95,0.01,200,0.7,0.1,10,200,50,False
data101.vrp,sa,random,True,71,4448.776235076591,19,1677.9461874546191,52,2770.8300476219715,62.28297179289955,29.08404040000096,11350,0.75,2,200.0,0.95,0.01,200,0.7,0.2,10,200,50,False
data101.vrp,sa,random,True,71,4448.776235076591,20,1662.857136859411,51,2785.9190982171795,62.622144855285505,19.70407669999986,11177,0.75,2,200.0,0.95,0.01,200,0.7,0.3,10,200,50,False
data101.vrp,sa,random,True,71,4448.776235076591,19,1662.5874660269537,52,2786.188769049637,62.62820654097631,132.98386910000045,22679,0.75,2,200.0,0.95,0.01,400,0.3,0.1,10,200,50,False
data101.vrp,sa,random,True,71,4448.776235076591,20,1689.7169858090035,51,2759.059249267587,62.0183867085436,89.05210710000028,22379,0.75,2,200.0,0.95,0.01,400,0.3,0.2,10,200,50,False
data101.vrp,sa,random,True,71,4448.776235076591,19,1658.3056238911342,52,2790.4706111854566,62.724454180991536,81.75752469999861,22552,0.75,2,200.0,0.95,0.01,400,0.3,0.3,10,200,50,False
data101.vrp,sa,random,True,71,4448.776235076591,20,1671.1480353080578,51,2777.628199768533,62.435781279988625,77.85015529999873,22234,0.75,2,200.0,0.95,0.01,400,0.5,0.1,10,200,50,False
data101.vrp,sa,random,True,71,4448.776235076591,20,1662.5683119562582,51,2786.2079231203325,62.62863708793312,62.62425870000152,22069,0.75,2,200.0,0.95,0.01,400,0.5,0.2,10,200,50,False
data101.vrp,sa,random,True,71,4448.776235076591,19,1673.874967076548,52,2774.9012680000424,62.374485057737886,64.09515459999966,22422,0.75,2,200.0,0.95,0.01,400,0.5,0.3,10,200,50,False
data101.vrp,sa,random,True,71,4448.776235076591,19,1680.5121145052012,52,2768.2641205713894,62.225294649456124,80.15753210000184,23115,0.75,2,200.0,0.95,0.01,400,0.7,0.1,10,200,50,False
data101.vrp,sa,random,True,71,4448.776235076591,19,1677.6728393595636,52,2771.103395717027,62.2891161364361,59.357399099997565,22787,0.75,2,200.0,0.95,0.01,400,0.7,0.2,10,200,50,False
data101.vrp,sa,random,True,71,4448.776235076591,19,1659.4614280913502,52,2789.3148069852405,62.69847390823466,47.563430599999265,22613,0.75,2,200.0,0.95,0.01,400,0.7,0.3,10,200,50,False
data101.vrp,sa,random,True,71,4448.776235076591,20,1681.2885559068784,51,2767.4876791697125,62.20784172845832,26.131548700002895,5587,0.75,2,200.0,0.95,0.1,100,0.3,0.1,10,200,50,False
data101.vrp,sa,random,True,71,4448.776235076591,20,1674.5963495027977,51,2774.179885573793,62.35826975743662,19.436463699999877,5559,0.75,2,200.0,0.95,0.1,100,0.3,0.2,10,200,50,False
data101.vrp,sa,random,True,71,4448.776235076591,20,1684.8147867951184,51,2763.9614482814723,62.12857878732775,15.260119000002305,5532,0.75,2,200.0,0.95,0.1,100,0.3,0.3,10,200,50,False
data101.vrp,sa,random,True,71,4448.776235076591,20,1689.4303427990453,51,2759.3458922775453,62.024829896395985,15.669274699997914,5629,0.75,2,200.0,0.95,0.1,100,0.5,0.1,10,200,50,False
data101.vrp,sa,random,True,71,4448.776235076591,20,1689.1629377255717,51,2759.613297351019,62.030840652148676,13.85655979999865,5501,0.75,2,200.0,0.95,0.1,100,0.5,0.2,10,200,50,False
data101.vrp,sa,random,True,71,4448.776235076591,21,1698.3503227281183,50,2750.4259123484726,61.82432576991864,11.217108000000735,5573,0.75,2,200.0,0.95,0.1,100,0.5,0.3,10,200,50,False
data101.vrp,sa,random,True,71,4448.776235076591,20,1683.0821622901915,51,2765.6940727863994,62.167524879766965,11.182152900000801,5601,0.75,2,200.0,0.95,0.1,100,0.7,0.1,10,200,50,False
data101.vrp,sa,random,True,71,4448.776235076591,19,1700.8808776993378,52,2747.895357377253,61.76744372331742,12.508467999999993,5698,0.75,2,200.0,0.95,0.1,100,0.7,0.2,10,200,50,False
data101.vrp,sa,random,True,71,4448.776235076591,20,1692.8266075797053,51,2755.949627496885,61.94848834534468,9.44017199999871,5702,0.75,2,200.0,0.95,0.1,100,0.7,0.3,10,200,50,False
data101.vrp,sa,random,True,71,4448.776235076591,20,1659.1581423085422,51,2789.6180927680484,62.70529119386069,54.54917200000273,11250,0.75,2,200.0,0.95,0.1,200,0.3,0.1,10,200,50,False
data101.vrp,sa,random,True,71,4448.776235076591,20,1671.5825571033758,51,2777.193677973215,62.42601405924393,41.243105400000786,11187,0.75,2,200.0,0.95,0.1,200,0.3,0.2,10,200,50,False
data101.vrp,sa,random,True,71,4448.776235076591,19,1674.1834494331026,52,2774.5927856434882,62.36755096305087,33.56411149999985,11068,0.75,2,200.0,0.95,0.1,200,0.3,0.3,10,200,50,False
data101.vrp,sa,random,True,71,4448.776235076591,20,1664.2379999942766,51,2784.538235082314,62.59110568716601,35.70172260000254,11136,0.75,2,200.0,0.95,0.1,200,0.5,0.1,10,200,50,False
data101.vrp,sa,random,True,71,4448.776235076591,20,1687.606393895051,51,2761.1698411815396,62.06582878704852,29.835606700002245,11131,0.75,2,200.0,0.95,0.1,200,0.5,0.2,10,200,50,False
data101.vrp,sa,random,True,71,4448.776235076591,20,1695.0205753453536,51,2753.755659731237,61.899172136802875,23.182461399999738,11105,0.75,2,200.0,0.95,0.1,200,0.5,0.3,10,200,50,False
data101.vrp,sa,random,True,71,4448.776235076591,20,1664.60275574759,51,2784.1734793290007,62.58290667390845,25.894290699998237,11174,0.75,2,200.0,0.95,0.1,200,0.7,0.1,10,200,50,False
data101.vrp,sa,random,True,71,4448.776235076591,19,1677.9461874546191,52,2770.8300476219715,62.28297179289955,27.837123600002087,11340,0.75,2,200.0,0.95,0.1,200,0.7,0.2,10,200,50,False
data101.vrp,sa,random,True,71,4448.776235076591,20,1662.857136859411,51,2785.9190982171795,62.622144855285505,17.22140710000167,11169,0.75,2,200.0,0.95,0.1,200,0.7,0.3,10,200,50,False
data101.vrp,sa,random,True,71,4448.776235076591,19,1662.5874660269537,52,2786.188769049637,62.62820654097631,122.39646699999867,22644,0.75,2,200.0,0.95,0.1,400,0.3,0.1,10,200,50,False
data101.vrp,sa,random,True,71,4448.776235076591,20,1689.7169858090035,51,2759.059249267587,62.0183867085436,82.00627429999804,22344,0.75,2,200.0,0.95,0.1,400,0.3,0.2,10,200,50,False
data101.vrp,sa,random,True,71,4448.776235076591,19,1658.3056238911342,52,2790.4706111854566,62.724454180991536,69.95887330000187,22470,0.75,2,200.0,0.95,0.1,400,0.3,0.3,10,200,50,False
data101.vrp,sa,random,True,71,4448.776235076591,20,1671.1480353080578,51,2777.628199768533,62.435781279988625,72.00420179999855,22218,0.75,2,200.0,0.95,0.1,400,0.5,0.1,10,200,50,False
data101.vrp,sa,random,True,71,4448.776235076591,20,1662.5683119562582,51,2786.2079231203325,62.62863708793312,59.588627000001,22058,0.75,2,200.0,0.95,0.1,400,0.5,0.2,10,200,50,False
data101.vrp,sa,random,True,71,4448.776235076591,19,1673.874967076548,52,2774.9012680000424,62.374485057737886,60.71270619999996,22384,0.75,2,200.0,0.95,0.1,400,0.5,0.3,10,200,50,False
data101.vrp,sa,random,True,71,4448.776235076591,19,1680.5121145052012,52,2768.2641205713894,62.225294649456124,69.76842260000194,23052,0.75,2,200.0,0.95,0.1,400,0.7,0.1,10,200,50,False
data101.vrp,sa,random,True,71,4448.776235076591,19,1677.6728393595636,52,2771.103395717027,62.2891161364361,56.47280590000082,22760,0.75,2,200.0,0.95,0.1,400,0.7,0.2,10,200,50,False
data101.vrp,sa,random,True,71,4448.776235076591,19,1659.4614280913502,52,2789.3148069852405,62.69847390823466,45.71202400000038,22594,0.75,2,200.0,0.95,0.1,400,0.7,0.3,10,200,50,False
data101.vrp,sa,random,True,71,4448.776235076591,22,2135.9322314250535,49,2312.844003651537,51.98831951618081,20.56168009999965,10879,0.75,2,200.0,0.99,0.01,100,0.3,0.1,10,200,50,False
data101.vrp,sa,random,True,71,4448.776235076591,21,2036.4754292231517,50,2412.3008058534388,54.22391863257893,29.624337499997637,19241,0.75,2,200.0,0.99,0.01,100,0.3,0.2,10,200,50,False
data101.vrp,sa,random,True,71,4448.776235076591,22,2163.27905011572,49,2285.4971849608705,51.373615218961966,14.699199599999702,14149,0.75,2,200.0,0.99,0.01,100,0.3,0.3,10,200,50,False
data101.vrp,sa,random,True,71,4448.776235076591,22,2040.6850184487716,49,2408.091216627819,54.129295100102084,27.902975400000287,20655,0.75,2,200.0,0.99,0.01,100,0.5,0.1,10,200,50,False
data101.vrp,sa,random,True,71,4448.776235076591,19,1661.11759865051,52,2787.6586364260806,62.661246354596386,63.366958099999465,28286,0.75,2,200.0,0.99,0.01,100,0.5,0.2,10,200,50,False
data101.vrp,sa,random,True,71,4448.776235076591,22,2058.4002166231967,49,2390.376018453394,53.731091251710055,15.546543199998268,18498,0.75,2,200.0,0.99,0.01,100,0.5,0.3,10,200,50,False
data101.vrp,sa,random,True,71,4448.776235076591,21,2065.472665466486,50,2383.3035696101047,53.57211609832908,13.07475080000222,12292,0.75,2,200.0,0.99,0.01,100,0.7,0.1,10,200,50,False
data101.vrp,sa,random,True,71,4448.776235076591,22,2139.643648776706,49,2309.1325862998847,51.90489393675091,12.659645799998543,16418,0.75,2,200.0,0.99,0.01,100,0.7,0.2,10,200,50,False
data101.vrp,sa,random,True,71,4448.776235076591,19,1659.447258967532,52,2789.3289761090587,62.69879240309863,35.902484500002174,28110,0.75,2,200.0,0.99,0.01,100,0.7,0.3,10,200,50,False
data101.vrp,sa,random,True,71,4448.776235076591,20,1665.2077121809555,51,2783.5685228956354,62.569308407747165,185.25961550000284,55493,0.75,2,200.0,0.99,0.01,200,0.3,0.1,10,200,50,False
data101.vrp,sa,random,True,71,4448.776235076591,19,1664.1413790756096,52,2784.634856000981,62.593277541032364,189.57369640000252,57223,0.75,2,200.0,0.99,0.01,200,0.3,0.2,10,200,50,False
data101.vrp,sa,random,True,71,4448.776235076591,22,2121.1560227499544,49,2327.620212326636,52.32046048921055,30.126156399997853,27146,0.75,2,200.0,0.99,0.01,200,0.3,0.3,10,200,50,False
data101.vrp,sa,random,True,71,4448.776235076591,19,1658.9579287618296,52,2789.818306314761,62.70979161231585,181.6361336000009,57785,0.75,2,200.0,0.99,0.01,200,0.5,0.1,10,200,50,False
data101.vrp,sa,random,True,71,4448.776235076591,20,1904.93711402925,51,2543.8391210473405,57.1806489386973,50.81828129999849,41881,0.75,2,200.0,0.99,0.01,200,0.5,0.2,10,200,50,False
data101.vrp,sa,random,True,71,4448.776235076591,23,2250.762167765947,48,2198.0140673106434,49.40716168145963,11.203669299997273,14564,0.75,2,200.0,0.99,0.01,200,0.5,0.3,10,200,50,False
data101.vrp,sa,random,True,71,4448.776235076591,22,2120.5991252940394,49,2328.1771097825513,52.332978481271475,19.85475360000055,19292,0.75,2,200.0,0.99,0.01,200,0.7,0.1,10,200,50,False
data101.vrp,sa,random,True,71,4448.776235076591,23,2166.06412863638,48,2282.712106440211,51.31101196868607,15.903738000000885,21688,0.75,2,200.0,0.99,0.01,200,0.7,0.2,10,200,50,False
data101.vrp,sa,random,True,71,4448.776235076591,22,2099.0569332370324,49,2349.7193018395583,52.81720584894972,16.670645900001546,24495,0.75,2,200.0,0.99,0.01,200,0.7,0.3,10,200,50,False
data101.vrp,sa,random,True,71,4448.776235076591,21,2011.2569202039754,50,2437.5193148726153,54.790782589914876,111.28052309999839,52165,0.75,2,200.0,0.99,0.01,400,0.3,0.1,10,200,50,False
data101.vrp,sa,random,True,71,4448.776235076591,22,2127.184507765753,49,2321.5917273108375,52.184951650436716,44.64725570000155,31033,0.75,2,200.0,0.99,0.01,400,0.3,0.2,10,200,50,False
data101.vrp,sa,random,True,71,4448.776235076591,22,2060.160756468492,49,2388.615478608099,53.69151767569124,80.03616479999982,67071,0.75,2,200.0,0.99,0.01,400,0.3,0.3,10,200,50,False
data101.vrp,sa,random,True,71,4448.776235076591,21,2016.0252987599342,50,2432.7509363166564,54.6835985396504,56.701085200002126,37969,0.75,2,200.0,0.99,0.01,400,0.5,0.1,10,200,50,False
data101.vrp,sa,random,True,71,4448.776235076591,19,1655.2454210438634,52,2793.530814032727,62.7932417010997,275.73483099999794,114031,0.75,2,200.0,0.99,0.01,400,0.5,0.2,10,200,50,False
data101.vrp,sa,random,True,71,4448.776235076591,21,1975.9902131529036,50,2472.7860219236873,55.58351086365924,68.27721210000163,68435,0.75,2,200.0,0.99,0.01,400,0.5,0.3,10,200,50,False
data101.vrp,sa,random,True,71,4448.776235076591,21,2005.1007054048519,50,2443.675529671739,54.92916255046638,70.54954859999998,62051,0.75,2,200.0,0.99,0.01,400,0.7,0.1,10,200,50,False
data101.vrp,sa,random,True,71,4448.776235076591,23,2169.734670644042,48,2279.0415644325485,51.22850518898513,20.935197700000572,28096,0.75,2,200.0,0.99,0.01,400,0.7,0.2,10,200,50,False
data101.vrp,sa,random,True,71,4448.776235076591,20,1932.9394375372867,51,2515.836797539304,56.55121014410811,61.91754199999923,64484,0.75,2,200.0,0.99,0.01,400,0.7,0.3,10,200,50,False
data101.vrp,sa,random,True,71,4448.776235076591,22,2135.9322314250535,49,2312.844003651537,51.98831951618081,20.31455089999872,10879,0.75,2,200.0,0.99,0.1,100,0.3,0.1,10,200,50,False
data101.vrp,sa,random,True,71,4448.776235076591,21,2036.4754292231517,50,2412.3008058534388,54.22391863257893,29.782516100000066,19241,0.75,2,200.0,0.99,0.1,100,0.3,0.2,10,200,50,False
data101.vrp,sa,random,True,71,4448.776235076591,22,2163.27905011572,49,2285.4971849608705,51.373615218961966,14.824483100001089,14149,0.75,2,200.0,0.99,0.1,100,0.3,0.3,10,200,50,False
data101.vrp,sa,random,True,71,4448.776235076591,22,2040.6850184487716,49,2408.091216627819,54.129295100102084,27.769086000000243,20655,0.75,2,200.0,0.99,0.1,100,0.5,0.1,10,200,50,False
data101.vrp,sa,random,True,71,4448.776235076591,19,1661.11759865051,52,2787.6586364260806,62.661246354596386,63.57358750000276,28286,0.75,2,200.0,0.99,0.1,100,0.5,0.2,10,200,50,False
data101.vrp,sa,random,True,71,4448.776235076591,22,2058.4002166231967,49,2390.376018453394,53.731091251710055,15.740222500000527,18498,0.75,2,200.0,0.99,0.1,100,0.5,0.3,10,200,50,False
data101.vrp,sa,random,True,71,4448.776235076591,21,2065.472665466486,50,2383.3035696101047,53.57211609832908,13.13943400000062,12292,0.75,2,200.0,0.99,0.1,100,0.7,0.1,10,200,50,False
data101.vrp,sa,random,True,71,4448.776235076591,22,2139.643648776706,49,2309.1325862998847,51.90489393675091,12.751054000000295,16418,0.75,2,200.0,0.99,0.1,100,0.7,0.2,10,200,50,False
data101.vrp,sa,random,True,71,4448.776235076591,19,1659.447258967532,52,2789.3289761090587,62.69879240309863,35.522794200001954,28110,0.75,2,200.0,0.99,0.1,100,0.7,0.3,10,200,50,False
data101.vrp,sa,random,True,71,4448.776235076591,20,1665.2077121809555,51,2783.5685228956354,62.569308407747165,184.55754340000203,55493,0.75,2,200.0,0.99,0.1,200,0.3,0.1,10,200,50,False
data101.vrp,sa,random,True,71,4448.776235076591,19,1664.1413790756096,52,2784.634856000981,62.593277541032364,190.33618309999656,57223,0.75,2,200.0,0.99,0.1,200,0.3,0.2,10,200,50,False
data101.vrp,sa,random,True,71,4448.776235076591,22,2121.1560227499544,49,2327.620212326636,52.32046048921055,29.774939099999756,27146,0.75,2,200.0,0.99,0.1,200,0.3,0.3,10,200,50,False
data101.vrp,sa,random,True,71,4448.776235076591,19,1658.9579287618296,52,2789.818306314761,62.70979161231585,181.70764639999834,57785,0.75,2,200.0,0.99,0.1,200,0.5,0.1,10,200,50,False
data101.vrp,sa,random,True,71,4448.776235076591,20,1904.93711402925,51,2543.8391210473405,57.1806489386973,51.03152869999758,41881,0.75,2,200.0,0.99,0.1,200,0.5,0.2,10,200,50,False
data101.vrp,sa,random,True,71,4448.776235076591,23,2250.762167765947,48,2198.0140673106434,49.40716168145963,11.179753299998993,14564,0.75,2,200.0,0.99,0.1,200,0.5,0.3,10,200,50,False
data101.vrp,sa,random,True,71,4448.776235076591,22,2120.5991252940394,49,2328.1771097825513,52.332978481271475,19.75113120000242,19292,0.75,2,200.0,0.99,0.1,200,0.7,0.1,10,200,50,False
data101.vrp,sa,random,True,71,4448.776235076591,23,2166.06412863638,48,2282.712106440211,51.31101196868607,16.102816899998288,21688,0.75,2,200.0,0.99,0.1,200,0.7,0.2,10,200,50,False
data101.vrp,sa,random,True,71,4448.776235076591,22,2099.0569332370324,49,2349.7193018395583,52.81720584894972,16.743153499999607,24495,0.75,2,200.0,0.99,0.1,200,0.7,0.3,10,200,50,False
data101.vrp,sa,random,True,71,4448.776235076591,21,2011.2569202039754,50,2437.5193148726153,54.790782589914876,110.80206259999977,52165,0.75,2,200.0,0.99,0.1,400,0.3,0.1,10,200,50,False
data101.vrp,sa,random,True,71,4448.776235076591,22,2127.184507765753,49,2321.5917273108375,52.184951650436716,46.66290350000054,31033,0.75,2,200.0,0.99,0.1,400,0.3,0.2,10,200,50,False
data101.vrp,sa,random,True,71,4448.776235076591,22,2060.160756468492,49,2388.615478608099,53.69151767569124,79.61156330000085,67071,0.75,2,200.0,0.99,0.1,400,0.3,0.3,10,200,50,False
data101.vrp,sa,random,True,71,4448.776235076591,21,2016.0252987599342,50,2432.7509363166564,54.6835985396504,56.936881800000265,37969,0.75,2,200.0,0.99,0.1,400,0.5,0.1,10,200,50,False
data101.vrp,sa,random,True,71,4448.776235076591,19,1655.2454210438634,52,2793.530814032727,62.7932417010997,276.09069549999913,114031,0.75,2,200.0,0.99,0.1,400,0.5,0.2,10,200,50,False
data101.vrp,sa,random,True,71,4448.776235076591,21,1975.9902131529036,50,2472.7860219236873,55.58351086365924,68.25618150000082,68435,0.75,2,200.0,0.99,0.1,400,0.5,0.3,10,200,50,False
data101.vrp,sa,random,True,71,4448.776235076591,21,2005.1007054048519,50,2443.675529671739,54.92916255046638,70.79390319999948,62051,0.75,2,200.0,0.99,0.1,400,0.7,0.1,10,200,50,False
data101.vrp,sa,random,True,71,4448.776235076591,23,2169.734670644042,48,2279.0415644325485,51.22850518898513,21.1079469000033,28096,0.75,2,200.0,0.99,0.1,400,0.7,0.2,10,200,50,False
data101.vrp,sa,random,True,71,4448.776235076591,20,1932.9394375372867,51,2515.836797539304,56.55121014410811,62.00064819999898,64484,0.75,2,200.0,0.99,0.1,400,0.7,0.3,10,200,50,False
data101.vrp,sa,random,True,71,4448.776235076591,21,1715.6362944399984,50,2733.139940636592,61.435770113295845,16.535348299999896,3555,0.75,2,500.0,0.9,0.01,100,0.3,0.1,10,200,50,False
data101.vrp,sa,random,True,71,4448.776235076591,20,1711.2127578030631,51,2737.5634772735275,61.53520277529529,13.587917100001505,3564,0.75,2,500.0,0.9,0.01,100,0.3,0.2,10,200,50,False
data101.vrp,sa,random,True,71,4448.776235076591,22,1722.0415068882457,49,2726.734728188345,61.291793160763476,9.31348910000088,3555,0.75,2,500.0,0.9,0.01,100,0.3,0.3,10,200,50,False
data101.vrp,sa,random,True,71,4448.776235076591,20,1712.355813860058,51,2736.4204212165323,61.50950905647026,11.894082300001173,3659,0.75,2,500.0,0.9,0.01,100,0.5,0.1,10,200,50,False
data101.vrp,sa,random,True,71,4448.776235076591,21,1709.152051077265,50,2739.6241839993254,61.58152352996824,7.826157499999681,3644,0.75,2,500.0,0.9,0.01,100,0.5,0.2,10,200,50,False
data101.vrp,sa,random,True,71,4448.776235076591,21,1679.416893962422,50,2769.3593411141687,62.24991311720786,6.702610700001969,3621,0.75,2,500.0,0.9,0.01,100,0.5,0.3,10,200,50,False
data101.vrp,sa,random,True,71,4448.776235076591,21,1721.2225707103496,50,2727.553664366241,61.31020128323633,7.64313779999793,3664,0.75,2,500.0,0.9,0.01,100,0.7,0.1,10,200,50,False
data101.vrp,sa,random,True,71,4448.776235076591,21,1686.6844195935919,50,2762.0918154829988,62.08655300990759,6.4853745000000345,3625,0.75,2,500.0,0.9,0.01,100,0.7,0.2,10,200,50,False
data101.vrp,sa,random,True,71,4448.776235076591,22,1730.5846327794236,49,2718.1916022971673,61.099759993893485,4.603901099999348,3537,0.75,2,500.0,0.9,0.01,100,0.7,0.3,10,200,50,False
data101.vrp,sa,random,True,71,4448.776235076591,20,1700.8353144543157,51,2747.940920622275,61.76846789811549,35.675472800001444,7051,0.75,2,500.0,0.9,0.01,200,0.3,0.1,10,200,50,False
data101.vrp,sa,random,True,71,4448.776235076591,21,1696.961779949305,50,2751.8144551272853,61.85553756177871,24.30182060000152,7101,0.75,2,500.0,0.9,0.01,200,0.3,0.2,10,200,50,False
data101.vrp,sa,random,True,71,4448.776235076591,21,1711.5129790806068,50,2737.263255995984,61.5284543738995,19.085658600000897,7060,0.75,2,500.0,0.9,0.01,200,0.3,0.3,10,200,50,False
data101.vrp,sa,random,True,71,4448.776235076591,21,1698.1134818652658,50,2750.662753211325,61.82964950054336,21.069673600002716,7176,0.75,2,500.0,0.9,0.01,200,0.5,0.1,10,200,50,False
data101.vrp,sa,random,True,71,4448.776235076591,20,1698.40334687636,51,2750.3728882002306,61.8231338882541,19.511646799997834,7074,0.75,2,500.0,0.9,0.01,200,0.5,0.2,10,200,50,False
data101.vrp,sa,random,True,71,4448.776235076591,20,1705.2816028095106,51,2743.4946322670803,61.66852382090752,14.937299400000484,7152,0.75,2,500.0,0.9,0.01,200,0.5,0.3,10,200,50,False
data101.vrp,sa,random,True,71,4448.776235076591,19,1668.4492783025323,52,2780.326956774058,62.49644418733485,20.452701800000796,7343,0.75,2,500.0,0.9,0.01,200,0.7,0.1,10,200,50,False
data101.vrp,sa,random,True,71,4448.776235076591,20,1699.9889931415642,51,2748.7872419350265,61.787491586159824,14.650523500000418,7095,0.75,2,500.0,0.9,0.01,200,0.7,0.2,10,200,50,False
data101.vrp,sa,random,True,71,4448.776235076591,20,1685.0034818463216,51,2763.772753230269,62.12433728267044,12.379758899998706,7156,0.75,2,500.0,0.9,0.01,200,0.7,0.3,10,200,50,False
data101.vrp,sa,random,True,71,4448.776235076591,20,1679.278913037832,51,2769.4973220387587,62.253014665078545,76.96693790000063,14516,0.75,2,500.0,0.9,0.01,400,0.3,0.1,10,200,50,False
data101.vrp,sa,random,True,71,4448.776235076591,20,1660.024527061269,51,2788.7517080153216,62.685816517973514,53.05023960000108,14265,0.75,2,500.0,0.9,0.01,400,0.3,0.2,10,200,50,False
data101.vrp,sa,random,True,71,4448.776235076591,20,1682.381564386428,51,2766.3946706901625,62.18327298366662,44.887546800000564,14495,0.75,2,500.0,0.9,0.01,400,0.3,0.3,10,200,50,False
data101.vrp,sa,random,True,71,4448.776235076591,20,1659.2874897548534,51,2789.488745321737,62.702383710106126,48.55956909999804,14435,0.75,2,500.0,0.9,0.01,400,0.5,0.1,10,200,50,False
data101.vrp,sa,random,True,71,4448.776235076591,20,1666.0367610831427,51,2782.739473993448,62.55067297053074,38.21841359999962,14546,0.75,2,500.0,0.9,0.01,400,0.5,0.2,10,200,50,False
data101.vrp,sa,random,True,71,4448.776235076591,19,1667.5272293427067,52,2781.2490057338837,62.517170088371536,39.652474900001835,14465,0.75,2,500.0,0.9,0.01,400,0.5,0.3,10,200,50,False
data101.vrp,sa,random,True,71,4448.776235076591,20,1685.131628160134,51,2763.6446069164567,62.121456798082306,37.2343600000022,14405,0.75,2,500.0,0.9,0.01,400,0.7,0.1,10,200,50,False
data101.vrp,sa,random,True,71,4448.776235076591,21,1698.2824740944448,50,2750.493760982146,61.82585087772555,26.527678999998898,14163,0.75,2,500.0,0.9,0.01,400,0.7,0.2,10,200,50,False
data101.vrp,sa,random,True,71,4448.776235076591,19,1675.6444000063034,52,2773.1318350702873,62.33471158215142,32.15540549999787,14549,0.75,2,500.0,0.9,0.01,400,0.7,0.3,10,200,50,False
data101.vrp,sa,random,True,71,4448.776235076591,21,1715.6362944399984,50,2733.139940636592,61.435770113295845,12.94371719999981,3549,0.75,2,500.0,0.9,0.1,100,0.3,0.1,10,200,50,False
data101.vrp,sa,random,True,71,4448.776235076591,20,1711.2127578030631,51,2737.5634772735275,61.53520277529529,9.970928099999583,3546,0.75,2,500.0,0.9,0.1,100,0.3,0.2,10,200,50,False
data101.vrp,sa,random,True,71,4448.776235076591,22,1722.7684057432498,49,2726.007829333341,61.275453861671004,7.0935109999991255,3553,0.75,2,500.0,0.9,0.1,100,0.3,0.3,10,200,50,False
data101.vrp,sa,random,True,71,4448.776235076591,20,1712.355813860058,51,2736.4204212165323,61.50950905647026,9.051066100000753,3659,0.75,2,500.0,0.9,0.1,100,0.5,0.1,10,200,50,False
data101.vrp,sa,random,True,71,4448.776235076591,21,1709.6503566258707,50,2739.12587845072,61.57032257217052,6.1805873999983305,3630,0.75,2,500.0,0.9,0.1,100,0.5,0.2,10,200,50,False
data101.vrp,sa,random,True,71,4448.776235076591,21,1680.1437928174264,50,2768.6324422591642,62.23357381811539,5.000836800001707,3612,0.75,2,500.0,0.9,0.1,100,0.5,0.3,10,200,50,False
data101.vrp,sa,random,True,71,4448.776235076591,21,1721.2284164417902,50,2727.5478186348005,61.310069882349175,5.823337000001629,3654,0.75,2,500.0,0.9,0.1,100,0.7,0.1,10,200,50,False
data101.vrp,sa,random,True,71,4448.776235076591,21,1686.6844195935919,50,2762.0918154829988,62.08655300990759,4.9533164000022225,3623,0.75,2,500.0,0.9,0.1,100,0.7,0.2,10,200,50,False
data101.vrp,sa,random,True,71,4448.776235076591,22,1743.9740166914225,49,2704.802218385168,60.798792195009156,3.5785366000018257,3531,0.75,2,500.0,0.9,0.1,100,0.7,0.3,10,200,50,False
data101.vrp,sa,random,True,71,4448.776235076591,20,1700.8353144543157,51,2747.940920622275,61.76846789811549,27.603895500000363,7051,0.75,2,500.0,0.9,0.1,200,0.3,0.1,10,200,50,False
data101.vrp,sa,random,True,71,4448.776235076591,21,1696.961779949305,50,2751.8144551272853,61.85553756177871,18.832175299998198,7091,0.75,2,500.0,0.9,0.1,200,0.3,0.2,10,200,50,False
data101.vrp,sa,random,True,71,4448.776235076591,21,1711.5129790806068,50,2737.263255995984,61.5284543738995,14.800761299997248,7054,0.75,2,500.0,0.9,0.1,200,0.3,0.3,10,200,50,False
data101.vrp,sa,random,True,71,4448.776235076591,21,1698.1134818652658,50,2750.662753211325,61.82964950054336,16.63797120000163,7167,0.75,2,500.0,0.9,0.1,200,0.5,0.1,10,200,50,False
data101.vrp,sa,random,True,71,4448.776235076591,20,1698.40334687636,51,2750.3728882002306,61.8231338882541,14.495981799998845,7061,0.75,2,500.0,0.9,0.1,200,0.5,0.2,10,200,50,False
data101.vrp,sa,random,True,71,4448.776235076591,20,1705.2816028095106,51,2743.4946322670803,61.66852382090752,11.578368299997237,7136,0.75,2,500.0,0.9,0.1,200,0.5,0.3,10,200,50,False
data101.vrp,sa,random,True,71,4448.776235076591,19,1668.4551240339729,52,2780.3211110426178,62.496312786447696,15.409696599999734,7318,0.75,2,500.0,0.9,0.1,200,0.7,0.1,10,200,50,False
data101.vrp,sa,random,True,71,4448.776235076591,20,1699.9889931415642,51,2748.7872419350265,61.787491586159824,10.99966299999869,7088,0.75,2,500.0,0.9,0.1,200,0.7,0.2,10,200,50,False
data101.vrp,sa,random,True,71,4448.776235076591,20,1685.0034818463216,51,2763.772753230269,62.12433728267044,9.631944400000066,7143,0.75,2,500.0,0.9,0.1,200,0.7,0.3,10,200,50,False
data101.vrp,sa,random,True,71,4448.776235076591,20,1679.278913037832,51,2769.4973220387587,62.253014665078545,59.12964070000089,14506,0.75,2,500.0,0.9,0.1,400,0.3,0.1,10,200,50,False
data101.vrp,sa,random,True,71,4448.776235076591,20,1660.024527061269,51,2788.7517080153216,62.685816517973514,41.086231600002066,14253,0.75,2,500.0,0.9,0.1,400,0.3,0.2,10,200,50,False
data101.vrp,sa,random,True,71,4448.776235076591,20,1682.381564386428,51,2766.3946706901625,62.18327298366662,34.831989400001476,14463,0.75,2,500.0,0.9,0.1,400,0.3,0.3,10,200,50,False
data101.vrp,sa,random,True,71,4448.776235076591,20,1659.2874897548534,51,2789.488745321737,62.702383710106126,38.23495249999905,14420,0.75,2,500.0,0.9,0.1,400,0.5,0.1,10,200,50,False
data101.vrp,sa,random,True,71,4448.776235076591,20,1666.0367610831427,51,2782.739473993448,62.55067297053074,30.57931969999845,14536,0.75,2,500.0,0.9,0.1,400,0.5,0.2,10,200,50,False
data101.vrp,sa,random,True,71,4448.776235076591,19,1667.5272293427067,52,2781.2490057338837,62.517170088371536,29.098957999998674,14405,0.75,2,500.0,0.9,0.1,400,0.5,0.3,10,200,50,False
data101.vrp,sa,random,True,71,4448.776235076591,20,1685.131628160134,51,2763.6446069164567,62.121456798082306,29.22735389999798,14386,0.75,2,500.0,0.9,0.1,400,0.7,0.1,10,200,50,False
data101.vrp,sa,random,True,71,4448.776235076591,21,1698.2824740944448,50,2750.493760982146,61.82585087772555,21.394445400001132,14158,0.75,2,500.0,0.9,0.1,400,0.7,0.2,10,200,50,False
data101.vrp,sa,random,True,71,4448.776235076591,19,1675.6444000063034,52,2773.1318350702873,62.33471158215142,24.24775420000151,14479,0.75,2,500.0,0.9,0.1,400,0.7,0.3,10,200,50,False
data101.vrp,sa,random,True,71,4448.776235076591,20,1651.952612945195,51,2796.8236221313955,62.86725774337007,33.80842490000214,7388,0.75,2,500.0,0.95,0.01,100,0.3,0.1,10,200,50,False
data101.vrp,sa,random,True,71,4448.776235076591,20,1692.8359487046016,51,2755.940286371989,61.94827837468302,25.455556900000374,7180,0.75,2,500.0,0.95,0.01,100,0.3,0.2,10,200,50,False
data101.vrp,sa,random,True,71,4448.776235076591,20,1678.9960188166103,51,2769.78021625998,62.25937358731407,19.519948999997723,7312,0.75,2,500.0,0.95,0.01,100,0.3,0.3,10,200,50,False
data101.vrp,sa,random,True,71,4448.776235076591,20,1712.5930164647086,51,2736.183218611882,61.50417719458024,24.608634500000335,7325,0.75,2,500.0,0.95,0.01,100,0.5,0.1,10,200,50,False
data101.vrp,sa,random,True,71,4448.776235076591,20,1686.1191669819398,51,2762.6570680946506,62.09925880992503,18.01507649999985,7328,0.75,2,500.0,0.95,0.01,100,0.5,0.2,10,200,50,False
data101.vrp,sa,random,True,71,4448.776235076591,20,1673.29744967499,51,2775.4787854016004,62.387466546827056,13.318809899999906,7320,0.75,2,500.0,0.95,0.01,100,0.5,0.3,10,200,50,False
data101.vrp,sa,random,True,71,4448.776235076591,20,1712.0405786865906,51,2736.7356563900003,61.51659494159486,16.025261300001148,7254,0.75,2,500.0,0.95,0.01,100,0.7,0.1,10,200,50,False
data101.vrp,sa,random,True,71,4448.776235076591,21,1681.3992121096692,50,2767.3770229669217,62.20535438818892,12.20455370000127,7312,0.75,2,500.0,0.95,0.01,100,0.7,0.2,10,200,50,False
data101.vrp,sa,random,True,71,4448.776235076591,20,1680.6075591489007,51,2768.16867592769,62.22314923600631,12.620030599999154,7338,0.75,2,500.0,0.95,0.01,100,0.7,0.3,10,200,50,False
data101.vrp,sa,random,True,71,4448.776235076591,20,1674.0533036853803,51,2774.7229313912103,62.370476391097704,69.56620050000129,14570,0.75,2,500.0,0.95,0.01,200,0.3,0.1,10,200,50,False
data101.vrp,sa,random,True,71,4448.776235076591,21,1670.1024088253946,50,2778.6738262511963,62.459284967911145,45.30457039999965,14593,0.75,2,500.0,0.95,0.01,200,0.3,0.2,10,200,50,False
data101.vrp,sa,random,True,71,4448.776235076591,20,1672.4762307318476,51,2776.300004344743,62.405925981506364,32.24758099999963,14481,0.75,2,500.0,0.95,0.01,200,0.3,0.3,10,200,50,False
data101.vrp,sa,random,True,71,4448.776235076591,19,1674.8993762340847,52,2773.876858842506,62.351458294794426,47.757674399999814,14728,0.75,2,500.0,0.95,0.01,200,0.5,0.1,10,200,50,False
data101.vrp,sa,random,True,71,4448.776235076591,20,1686.7653742572174,51,2762.010860819373,62.084733303558075,38.35907020000013,14744,0.75,2,500.0,0.95,0.01,200,0.5,0.2,10,200,50,False
data101.vrp,sa,random,True,71,4448.776235076591,21,1682.544438944432,50,2766.2317961321587,62.17961187442224,24.81830710000213,14677,0.75,2,500.0,0.95,0.01,200,0.5,0.3,10,200,50,False
data101.vrp,sa,random,True,71,4448.776235076591,20,1671.6765804070385,51,2777.0996546695524,62.42390059480574,32.47616729999936,14681,0.75,2,500.0,0.95,0.01,200,0.7,0.1,10,200,50,False
data101.vrp,sa,random,True,71,4448.776235076591,20,1657.3332005999364,51,2791.4430344766542,62.746312400866266,29.778797400002077,14747,0.75,2,500.0,0.95,0.01,200,0.7,0.2,10,200,50,False
data101.vrp,sa,random,True,71,4448.776235076591,20,1671.8533946397886,51,2776.9228404368023,62.419926148274676,27.24417700000049,14664,0.75,2,500.0,0.95,0.01,200,0.7,0.3,10,200,50,False
data101.vrp,sa,random,True,71,4448.776235076591,20,1648.2075892301893,51,2800.5686458464015,62.95143872971589,127.76883880000241,29528,0.75,2,500.0,0.95,0.01,400,0.3,0.1,10,200,50,False
data101.vrp,sa,random,True,71,4448.776235076591,20,1654.4483215810135,51,2794.3279134955774,62.811158975890145,99.36291930000152,29354,0.75,2,500.0,0.95,0.01,400,0.3,0.2,10,200,50,False
data101.vrp,sa,random,True,71,4448.776235076591,20,1648.7496276782274,51,2800.026607398363,62.93925473979604,78.63070639999933,28806,0.75,2,500.0,0.95,0.01,400,0.3,0.3,10,200,50,False
data101.vrp,sa,random,True,71,4448.776235076591,19,1680.1236046411684,52,2768.652630435422,62.234027609791816,95.1172325999978,29743,0.75,2,500.0,0.95,0.01,400,0.5,0.1,10,200,50,False
data101.vrp,sa,random,True,71,4448.776235076591,20,1658.126287284888,51,2790.6499477917027,62.72848532566526,71.59502119999888,29271,0.75,2,500.0,0.95,0.01,400,0.5,0.2,10,200,50,False
data101.vrp,sa,random,True,71,4448.776235076591,19,1670.5530120719686,52,2778.223223004622,62.44915626683103,62.05109059999813,29722,0.75,2,500.0,0.95,0.01,400,0.5,0.3,10,200,50,False
data101.vrp,sa,random,True,71,4448.776235076591,20,1644.8801213642732,51,2803.8961137123174,63.02623385741147,65.28621249999924,29347,0.75,2,500.0,0.95,0.01,400,0.7,0.1,10,200,50,False
data101.vrp,sa,random,True,71,4448.776235076591,20,1672.330887709387,51,2776.445347367204,62.40919301528781,59.43176669999957,29170,0.75,2,500.0,0.95,0.01,400,0.7,0.2,10,200,50,False
data101.vrp,sa,random,True,71,4448.776235076591,20,1651.7033044875916,51,2797.072930588999,62.87286172173244,50.71905700000207,29589,0.75,2,500.0,0.95,0.01,400,0.7,0.3,10,200,50,False
data101.vrp,sa,random,True,71,4448.776235076591,20,1652.0228895606115,51,2796.753345515979,62.86567805916699,26.70939770000041,7385,0.75,2,500.0,0.95,0.1,100,0.3,0.1,10,200,50,False
data101.vrp,sa,random,True,71,4448.776235076591,20,1692.8359487046016,51,2755.940286371989,61.94827837468302,19.919532800002344,7172,0.75,2,500.0,0.95,0.1,100,0.3,0.2,10,200,50,False
data101.vrp,sa,random,True,71,4448.776235076591,20,1678.9960188166103,51,2769.78021625998,62.25937358731407,17.47157420000076,7307,0.75,2,500.0,0.95,0.1,100,0.3,0.3,10,200,50,False
data101.vrp,sa,random,True,71,4448.776235076591,20,1712.6051126920615,51,2736.171122384529,61.50390529447302,19.134675500001322,7304,0.75,2,500.0,0.95,0.1,100,0.5,0.1,10,200,50,False
data101.vrp,sa,random,True,71,4448.776235076591,20,1686.1191669819398,51,2762.6570680946506,62.09925880992503,15.139209400000254,7315,0.75,2,500.0,0.95,0.1,100,0.5,0.2,10,200,50,False
data101.vrp,sa,random,True,71,4448.776235076591,20,1673.29744967499,51,2775.4787854016004,62.387466546827056,11.265513500002271,7296,0.75,2,500.0,0.95,0.1,100,0.5,0.3,10,200,50,False
data101.vrp,sa,random,True,71,4448.776235076591,20,1712.0405786865906,51,2736.7356563900003,61.51659494159486,14.21880500000043,7248,0.75,2,500.0,0.95,0.1,100,0.7,0.1,10,200,50,False
data101.vrp,sa,random,True,71,4448.776235076591,21,1681.3992121096692,50,2767.3770229669217,62.20535438818892,10.398904799996671,7293,0.75,2,500.0,0.95,0.1,100,0.7,0.2,10,200,50,False
data101.vrp,sa,random,True,71,4448.776235076591,20,1680.6075591489007,51,2768.16867592769,62.22314923600631,9.481722000000445,7312,0.75,2,500.0,0.95,0.1,100,0.7,0.3,10,200,50,False
data101.vrp,sa,random,True,71,4448.776235076591,20,1674.0533036853803,51,2774.7229313912103,62.370476391097704,58.7352329000023,14551,0.75,2,500.0,0.95,0.1,200,0.3,0.1,10,200,50,False
data101.vrp,sa,random,True,71,4448.776235076591,21,1670.1024088253946,50,2778.6738262511963,62.459284967911145,43.25159799999892,14578,0.75,2,500.0,0.95,0.1,200,0.3,0.2,10,200,50,False
data101.vrp,sa,random,True,71,4448.776235076591,20,1672.4762307318476,51,2776.300004344743,62.405925981506364,32.46566979999989,14481,0.75,2,500.0,0.95,0.1,200,0.3,0.3,10,200,50,False
data101.vrp,sa,random,True,71,4448.776235076591,19,1674.8993762340847,52,2773.876858842506,62.351458294794426,44.52907200000118,14708,0.75,2,500.0,0.95,0.1,200,0.5,0.1,10,200,50,False
data101.vrp,sa,random,True,71,4448.776235076591,20,1686.7653742572174,51,2762.010860819373,62.084733303558075,34.08106930000213,14717,0.75,2,500.0,0.95,0.1,200,0.5,0.2,10,200,50,False
data101.vrp,sa,random,True,71,4448.776235076591,21,1682.544438944432,50,2766.2317961321587,62.17961187442224,24.668891299999814,14676,0.75,2,500.0,0.95,0.1,200,0.5,0.3,10,200,50,False
data101.vrp,sa,random,True,71,4448.776235076591,20,1671.6765804070385,51,2777.0996546695524,62.42390059480574,28.921633799996926,14660,0.75,2,500.0,0.95,0.1,200,0.7,0.1,10,200,50,False
data101.vrp,sa,random,True,71,4448.776235076591,20,1657.3332005999364,51,2791.4430344766542,62.746312400866266,24.659217300002638,14739,0.75,2,500.0,0.95,0.1,200,0.7,0.2,10,200,50,False
data101.vrp,sa,random,True,71,4448.776235076591,20,1671.8533946397886,51,2776.9228404368023,62.419926148274676,23.266320599999744,14652,0.75,2,500.0,0.95,0.1,200,0.7,0.3,10,200,50,False
data101.vrp,sa,random,True,71,4448.776235076591,20,1648.2075892301893,51,2800.5686458464015,62.95143872971589,123.24635799999669,29512,0.75,2,500.0,0.95,0.1,400,0.3,0.1,10,200,50,False
data101.vrp,sa,random,True,71,4448.776235076591,20,1654.4483215810135,51,2794.3279134955774,62.811158975890145,91.60158680000313,29341,0.75,2,500.0,0.95,0.1,400,0.3,0.2,10,200,50,False
data101.vrp,sa,random,True,71,4448.776235076591,20,1648.7496276782274,51,2800.026607398363,62.93925473979604,73.26495879999857,28800,0.75,2,500.0,0.95,0.1,400,0.3,0.3,10,200,50,False
data101.vrp,sa,random,True,71,4448.776235076591,19,1680.1236046411684,52,2768.652630435422,62.234027609791816,90.3163637999969,29713,0.75,2,500.0,0.95,0.1,400,0.5,0.1,10,200,50,False
data101.vrp,sa,random,True,71,4448.776235076591,20,1658.126287284888,51,2790.6499477917027,62.72848532566526,64.96164639999915,29271,0.75,2,500.0,0.95,0.1,400,0.5,0.2,10,200,50,False
data101.vrp,sa,random,True,71,4448.776235076591,19,1670.5530120719686,52,2778.223223004622,62.44915626683103,63.01229990000138,29722,0.75,2,500.0,0.95,0.1,400,0.5,0.3,10,200,50,False
data101.vrp,sa,random,True,71,4448.776235076591,20,1644.8801213642732,51,2803.8961137123174,63.02623385741147,60.04850350000197,29343,0.75,2,500.0,0.95,0.1,400,0.7,0.1,10,200,50,False
data101.vrp,sa,random,True,71,4448.776235076591,20,1672.330887709387,51,2776.445347367204,62.40919301528781,52.629725699996925,29154,0.75,2,500.0,0.95,0.1,400,0.7,0.2,10,200,50,False
data101.vrp,sa,random,True,71,4448.776235076591,20,1651.7033044875916,51,2797.072930588999,62.87286172173244,45.92125849999866,29567,0.75,2,500.0,0.95,0.1,400,0.7,0.3,10,200,50,False
data101.vrp,sa,random,True,71,4448.776235076591,23,2221.8944857987403,48,2226.8817492778503,50.056052082815356,26.392006000001857,15370,0.75,2,500.0,0.99,0.01,100,0.3,0.1,10,200,50,False
data101.vrp,sa,random,True,71,4448.776235076591,19,1699.7570794422415,52,2749.019155634349,61.79270456355109,71.73668500000349,36184,0.75,2,500.0,0.99,0.01,100,0.3,0.2,10,200,50,False
data101.vrp,sa,random,True,71,4448.776235076591,20,1644.0453445595103,51,2804.7308905170803,63.044998046947036,71.31144079999649,36909,0.75,2,500.0,0.99,0.01,100,0.3,0.3,10,200,50,False
data101.vrp,sa,random,True,71,4448.776235076591,25,2382.6092629922455,46,2066.166972084345,46.44349058946935,7.426218900000094,7632,0.75,2,500.0,0.99,0.01,100,0.5,0.1,10,200,50,False
data101.vrp,sa,random,True,71,4448.776235076591,21,1969.895570833303,50,2478.8806642432874,55.7205067923721,32.923467900000105,30686,0.75,2,500.0,0.99,0.01,100,0.5,0.2,10,200,50,False
data101.vrp,sa,random,True,71,4448.776235076591,24,2306.52072961253,47,2142.2555054640607,48.153815617277935,8.182198399998015,11969,0.75,2,500.0,0.99,0.01,100,0.5,0.3,10,200,50,False
data101.vrp,sa,random,True,71,4448.776235076591,23,2161.399687108318,48,2287.3765479682725,51.4158597129103,7.045802199994796,8704,0.75,2,500.0,0.99,0.01,100,0.7,0.1,10,200,50,False
data101.vrp,sa,random,True,71,4448.776235076591,21,2069.266951564145,50,2379.5092835124456,53.48682778763045,12.377309100003913,14315,0.75,2,500.0,0.99,0.01,100,0.7,0.2,10,200,50,False
data101.vrp,sa,random,True,71,4448.776235076591,21,2109.4710458761065,50,2339.305189200484,52.58311647046035,12.348985299999185,17416,0.75,2,500.0,0.99,0.01,100,0.7,0.3,10,200,50,False
data101.vrp,sa,random,True,71,4448.776235076591,21,2021.2065165405288,50,2427.569718536062,54.56713465145249,87.50148890000128,44630,0.75,2,500.0,0.99,0.01,200,0.3,0.1,10,200,50,False
data101.vrp,sa,random,True,71,4448.776235076591,21,2072.7179276602574,50,2376.0583074163333,53.409256430615386,57.452883400001156,38772,0.75,2,500.0,0.99,0.01,200,0.3,0.2,10,200,50,False
data101.vrp,sa,random,True,71,4448.776235076591,19,1661.8875308991187,52,2786.888704177472,62.643939746937896,152.82068699999945,74133,0.75,2,500.0,0.99,0.01,200,0.3,0.3,10,200,50,False
data101.vrp,sa,random,True,71,4448.776235076591,22,2158.7018153641825,49,2290.074419712408,51.47650272126987,30.356156399997417,24344,0.75,2,500.0,0.99,0.01,200,0.5,0.1,10,200,50,False
data101.vrp,sa,random,True,71,4448.776235076591,22,2158.7300625490716,49,2290.046172527519,51.475867778458706,26.866951700001664,28071,0.75,2,500.0,0.99,0.01,200,0.5,0.2,10,200,50,False
data101.vrp,sa,random,True,71,4448.776235076591,20,1996.4771503778843,51,2452.2990846987063,55.12300361082304,36.10646030000498,36446,0.75,2,500.0,0.99,0.01,200,0.5,0.3,10,200,50,False
data101.vrp,sa,random,True,71,4448.776235076591,22,2165.9878519294366,49,2282.788383147154,51.31272652349648,34.04991909999808,34624,0.75,2,500.0,0.99,0.01,200,0.7,0.1,10,200,50,False
data101.vrp,sa,random,True,71,4448.776235076591,21,2024.8117403967813,50,2423.9644946798094,54.4860960991462,33.86546030000318,36995,0.75,2,500.0,0.99,0.01,200,0.7,0.2,10,200,50,False
data101.vrp,sa,random,True,71,4448.776235076591,20,1969.4912603387893,51,2479.2849747378013,55.729594920728076,32.60582019999856,36734,0.75,2,500.0,0.99,0.01,200,0.7,0.3,10,200,50,False
data101.vrp,sa,random,True,71,4448.776235076591,21,2043.1785822381914,50,2405.597652838399,54.07324454467609,86.94072420000157,41777,0.75,2,500.0,0.99,0.01,400,0.3,0.1,10,200,50,False
data101.vrp,sa,random,True,71,4448.776235076591,23,2198.7395035190507,48,2250.03673155754,50.576531896952176,35.98028139999951,27824,0.75,2,500.0,0.99,0.01,400,0.3,0.2,10,200,50,False
data101.vrp,sa,random,True,71,4448.776235076591,22,2067.4928071600234,49,2381.2834279165672,53.52670716816961,70.50640759999806,62512,0.75,2,500.0,0.99,0.01,400,0.3,0.3,10,200,50,False
data101.vrp,sa,random,True,71,4448.776235076591,21,2045.5008689024721,50,2403.2753661741185,54.021043972168755,111.35459090000222,76573,0.75,2,500.0,0.99,0.01,400,0.5,0.1,10,200,50,False
data101.vrp,sa,random,True,71,4448.776235076591,22,2122.308741840636,49,2326.467493235955,52.29454956382858,38.95696619999944,36718,0.75,2,500.0,0.99,0.01,400,0.5,0.2,10,200,50,False
data101.vrp,sa,random,True,71,4448.776235076591,20,1963.9678818917157,51,2484.808353184875,55.853749927750556,90.45240249999915,84045,0.75,2,500.0,0.99,0.01,400,0.5,0.3,10,200,50,False
data101.vrp,sa,random,True,71,4448.776235076591,20,1942.261572821078,51,2506.5146622555126,56.34166633270464,125.82079689999955,88257,0.75,2,500.0,0.99,0.01,400,0.7,0.1,10,200,50,False
data101.vrp,sa,random,True,71,4448.776235076591,21,2018.1978495888784,50,2430.5783854877122,54.634763742974975,67.27351069999713,63691,0.75,2,500.0,0.99,0.01,400,0.7,0.2,10,200,50,False
data101.vrp,sa,random,True,71,4448.776235076591,19,1804.407894493853,52,2644.368340582738,59.440353950218665,141.42203339999833,126679,0.75,2,500.0,0.99,0.01,400,0.7,0.3,10,200,50,False
data101.vrp,sa,random,True,71,4448.776235076591,23,2221.8944857987403,48,2226.8817492778503,50.056052082815356,27.14856300000247,15370,0.75,2,500.0,0.99,0.1,100,0.3,0.1,10,200,50,False
data101.vrp,sa,random,True,71,4448.776235076591,19,1699.7570794422415,52,2749.019155634349,61.79270456355109,72.49282050000329,36184,0.75,2,500.0,0.99,0.1,100,0.3,0.2,10,200,50,False
data101.vrp,sa,random,True,71,4448.776235076591,20,1644.0453445595103,51,2804.7308905170803,63.044998046947036,71.56896310000593,36909,0.75,2,500.0,0.99,0.1,100,0.3,0.3,10,200,50,False
data101.vrp,sa,random,True,71,4448.776235076591,25,2382.6092629922455,46,2066.166972084345,46.44349058946935,7.590211499998986,7632,0.75,2,500.0,0.99,0.1,100,0.5,0.1,10,200,50,False
data101.vrp,sa,random,True,71,4448.776235076591,21,1969.895570833303,50,2478.8806642432874,55.7205067923721,32.76714429999993,30686,0.75,2,500.0,0.99,0.1,100,0.5,0.2,10,200,50,False
data101.vrp,sa,random,True,71,4448.776235076591,24,2306.52072961253,47,2142.2555054640607,48.153815617277935,8.140605299995514,11969,0.75,2,500.0,0.99,0.1,100,0.5,0.3,10,200,50,False
data101.vrp,sa,random,True,71,4448.776235076591,23,2161.399687108318,48,2287.3765479682725,51.4158597129103,6.948376899999857,8704,0.75,2,500.0,0.99,0.1,100,0.7,0.1,10,200,50,False
data101.vrp,sa,random,True,71,4448.776235076591,21,2069.266951564145,50,2379.5092835124456,53.48682778763045,12.359526899999764,14315,0.75,2,500.0,0.99,0.1,100,0.7,0.2,10,200,50,False
data101.vrp,sa,random,True,71,4448.776235076591,21,2109.4710458761065,50,2339.305189200484,52.58311647046035,12.764444100001128,17416,0.75,2,500.0,0.99,0.1,100,0.7,0.3,10,200,50,False
data101.vrp,sa,random,True,71,4448.776235076591,21,2021.2065165405288,50,2427.569718536062,54.56713465145249,88.32827810000163,44630,0.75,2,500.0,0.99,0.1,200,0.3,0.1,10,200,50,False
data101.vrp,sa,random,True,71,4448.776235076591,21,2072.7179276602574,50,2376.0583074163333,53.409256430615386,56.84364590000041,38772,0.75,2,500.0,0.99,0.1,200,0.3,0.2,10,200,50,False
data101.vrp,sa,random,True,71,4448.776235076591,19,1661.8875308991187,52,2786.888704177472,62.643939746937896,153.62741149999783,74133,0.75,2,500.0,0.99,0.1,200,0.3,0.3,10,200,50,False
data101.vrp,sa,random,True,71,4448.776235076591,22,2158.7018153641825,49,2290.074419712408,51.47650272126987,30.548304299998563,24344,0.75,2,500.0,0.99,0.1,200,0.5,0.1,10,200,50,False
data101.vrp,sa,random,True,71,4448.776235076591,22,2158.7300625490716,49,2290.046172527519,51.475867778458706,26.843703400001687,28071,0.75,2,500.0,0.99,0.1,200,0.5,0.2,10,200,50,False
data101.vrp,sa,random,True,71,4448.776235076591,20,1996.4771503778843,51,2452.2990846987063,55.12300361082304,36.103299200003676,36446,0.75,2,500.0,0.99,0.1,200,0.5,0.3,10,200,50,False
data101.vrp,sa,random,True,71,4448.776235076591,22,2165.9878519294366,49,2282.788383147154,51.31272652349648,34.28605740000057,34624,0.75,2,500.0,0.99,0.1,200,0.7,0.1,10,200,50,False
data101.vrp,sa,random,True,71,4448.776235076591,21,2024.8117403967813,50,2423.9644946798094,54.4860960991462,33.843975200004934,36995,0.75,2,500.0,0.99,0.1,200,0.7,0.2,10,200,50,False
data101.vrp,sa,random,True,71,4448.776235076591,20,1969.4912603387893,51,2479.2849747378013,55.729594920728076,32.38239500000054,36734,0.75,2,500.0,0.99,0.1,200,0.7,0.3,10,200,50,False
data101.vrp,sa,random,True,71,4448.776235076591,21,2043.1785822381914,50,2405.597652838399,54.07324454467609,88.50742280000122,41777,0.75,2,500.0,0.99,0.1,400,0.3,0.1,10,200,50,False
data101.vrp,sa,random,True,71,4448.776235076591,23,2198.7395035190507,48,2250.03673155754,50.576531896952176,36.362245399999665,27824,0.75,2,500.0,0.99,0.1,400,0.3,0.2,10,200,50,False
data101.vrp,sa,random,True,71,4448.776235076591,22,2067.4928071600234,49,2381.2834279165672,53.52670716816961,70.45323300000018,62512,0.75,2,500.0,0.99,0.1,400,0.3,0.3,10,200,50,False
data101.vrp,sa,random,True,71,4448.776235076591,21,2045.5008689024721,50,2403.2753661741185,54.021043972168755,112.10154429999966,76573,0.75,2,500.0,0.99,0.1,400,0.5,0.1,10,200,50,False
data101.vrp,sa,random,True,71,4448.776235076591,22,2122.308741840636,49,2326.467493235955,52.29454956382858,39.082615400002396,36718,0.75,2,500.0,0.99,0.1,400,0.5,0.2,10,200,50,False
data101.vrp,sa,random,True,71,4448.776235076591,20,1963.9678818917157,51,2484.808353184875,55.853749927750556,91.12721769999916,84045,0.75,2,500.0,0.99,0.1,400,0.5,0.3,10,200,50,False
data101.vrp,sa,random,True,71,4448.776235076591,20,1942.261572821078,51,2506.5146622555126,56.34166633270464,114.19902100000036,88257,0.75,2,500.0,0.99,0.1,400,0.7,0.1,10,200,50,False
data101.vrp,sa,random,True,71,4448.776235076591,21,2018.1978495888784,50,2430.5783854877122,54.634763742974975,60.97366379999585,63691,0.75,2,500.0,0.99,0.1,400,0.7,0.2,10,200,50,False
data101.vrp,sa,random,True,71,4448.776235076591,19,1804.407894493853,52,2644.368340582738,59.440353950218665,133.1838035999972,126679,0.75,2,500.0,0.99,0.1,400,0.7,0.3,10,200,50,False
data101.vrp,sa,random,True,71,4448.776235076591,19,1701.8023080025262,52,2746.9739270740647,61.746731728501345,20.000830800003314,4283,0.75,2,1000.0,0.9,0.01,100,0.3,0.1,10,200,50,False
data101.vrp,sa,random,True,71,4448.776235076591,20,1715.5822375507385,51,2733.193997525852,61.436985209007645,13.579454099999566,4192,0.75,2,1000.0,0.9,0.01,100,0.3,0.2,10,200,50,False
data101.vrp,sa,random,True,71,4448.776235076591,20,1719.1803214498564,51,2729.5959136267343,61.356107149312294,10.624144800000067,4353,0.75,2,1000.0,0.9,0.01,100,0.3,0.3,10,200,50,False
data101.vrp,sa,random,True,71,4448.776235076591,20,1713.3375387967485,51,2735.438696279842,61.48744175335555,11.655377600000065,4313,0.75,2,1000.0,0.9,0.01,100,0.5,0.1,10,200,50,False
data101.vrp,sa,random,True,71,4448.776235076591,21,1667.1487660584141,50,2781.6274690181763,62.52567722076692,8.30754639999941,4227,0.75,2,1000.0,0.9,0.01,100,0.5,0.2,10,200,50,False
data101.vrp,sa,random,True,71,4448.776235076591,20,1711.3103386805303,51,2737.46589639606,61.53300934338703,7.8020515000025625,4208,0.75,2,1000.0,0.9,0.01,100,0.5,0.3,10,200,50,False
data101.vrp,sa,random,True,71,4448.776235076591,20,1690.4017352925246,51,2758.374499784066,62.002994846886864,9.22045889999572,4312,0.75,2,1000.0,0.9,0.01,100,0.7,0.1,10,200,50,False
data101.vrp,sa,random,True,71,4448.776235076591,21,1734.9161853080182,50,2713.8600497685725,61.00239495911284,6.979764099996828,4343,0.75,2,1000.0,0.9,0.01,100,0.7,0.2,10,200,50,False
data101.vrp,sa,random,True,71,4448.776235076591,20,1694.21900733835,51,2754.5572277382407,61.91718985593839,6.2474971000046935,4309,0.75,2,1000.0,0.9,0.01,100,0.7,0.3,10,200,50,False
data101.vrp,sa,random,True,71,4448.776235076591,20,1688.1318863306817,51,2760.644348745909,62.05401671991222,37.96197730000131,8495,0.75,2,1000.0,0.9,0.01,200,0.3,0.1,10,200,50,False
data101.vrp,sa,random,True,71,4448.776235076591,20,1677.2133693973997,51,2771.562865679191,62.299444144361985,27.570253600002616,8502,0.75,2,1000.0,0.9,0.01,200,0.3,0.2,10,200,50,False
data101.vrp,sa,random,True,71,4448.776235076591,20,1684.07194947253,51,2764.7042856040607,62.145276352755545,21.01430949999485,8417,0.75,2,1000.0,0.9,0.01,200,0.3,0.3,10,200,50,False
data101.vrp,sa,random,True,71,4448.776235076591,21,1695.50308134688,50,2753.2731537297104,61.88832632267264,23.777779300005932,8549,0.75,2,1000.0,0.9,0.01,200,0.5,0.1,10,200,50,False
data101.vrp,sa,random,True,71,4448.776235076591,20,1668.1680413261965,51,2780.608193750394,62.50276585786794,20.620140599996375,8463,0.75,2,1000.0,0.9,0.01,200,0.5,0.2,10,200,50,False
data101.vrp,sa,random,True,71,4448.776235076591,21,1717.5830116935442,50,2731.1932233830466,61.392011624428804,14.964987699997437,8502,0.75,2,1000.0,0.9,0.01,200,0.5,0.3,10,200,50,False
data101.vrp,sa,random,True,71,4448.776235076591,21,1693.6577291446652,50,2755.1185059319255,61.92980631862446,15.339490500002285,8448,0.75,2,1000.0,0.9,0.01,200,0.7,0.1,10,200,50,False
data101.vrp,sa,random,True,71,4448.776235076591,20,1654.9132124660023,51,2793.8630226105884,62.80070911596408,14.274600899996585,8485,0.75,2,1000.0,0.9,0.01,200,0.7,0.2,10,200,50,False
data101.vrp,sa,random,True,71,4448.776235076591,20,1669.5988405303578,51,2779.177394546233,62.47060422220552,12.105585500001325,8445,0.75,2,1000.0,0.9,0.01,200,0.7,0.3,10,200,50,False
data101.vrp,sa,random,True,71,4448.776235076591,20,1660.5632184418275,51,2788.2130166347633,62.67370776374328,75.4336789999943,16982,0.75,2,1000.0,0.9,0.01,400,0.3,0.1,10,200,50,False
data101.vrp,sa,random,True,71,4448.776235076591,20,1661.3303139265843,51,2787.445921150006,62.65646492112267,56.85665329999756,17033,0.75,2,1000.0,0.9,0.01,400,0.3,0.2,10,200,50,False
data101.vrp,sa,random,True,71,4448.776235076591,20,1697.5900754318939,51,2751.186159644697,61.84141467832967,49.478845400000864,16805,0.75,2,1000.0,0.9,0.01,400,0.3,0.3,10,200,50,False
data101.vrp,sa,random,True,71,4448.776235076591,19,1678.9818794463513,52,2769.7943556302394,62.25969141337482,63.78975480000372,17413,0.75,2,1000.0,0.9,0.01,400,0.5,0.1,10,200,50,False
data101.vrp,sa,random,True,71,4448.776235076591,20,1668.0105100583505,51,2780.76572501824,62.50630686014636,41.862190199994075,17095,0.75,2,1000.0,0.9,0.01,400,0.5,0.2,10,200,50,False
data101.vrp,sa,random,True,71,4448.776235076591,20,1670.365786516269,51,2778.4104485603216,62.45336474003369,33.451207899997826,16853,0.75,2,1000.0,0.9,0.01,400,0.5,0.3,10,200,50,False
data101.vrp,sa,random,True,71,4448.776235076591,20,1660.9384440299866,51,2787.8377910466043,62.665273408578365,38.56433249999827,17010,0.75,2,1000.0,0.9,0.01,400,0.7,0.1,10,200,50,False
data101.vrp,sa,random,True,71,4448.776235076591,20,1644.5618805464321,51,2804.2143545301587,63.03338730368579,32.86873000000196,17004,0.75,2,1000.0,0.9,0.01,400,0.7,0.2,10,200,50,False
data101.vrp,sa,random,True,71,4448.776235076591,19,1663.9038440778534,52,2784.8723909987375,62.598616874485096,34.4732565000013,17382,0.75,2,1000.0,0.9,0.01,400,0.7,0.3,10,200,50,False
data101.vrp,sa,random,True,71,4448.776235076591,19,1701.8023080025262,52,2746.9739270740647,61.746731728501345,15.128675299994939,4277,0.75,2,1000.0,0.9,0.1,100,0.3,0.1,10,200,50,False
data101.vrp,sa,random,True,71,4448.776235076591,20,1715.5822375507385,51,2733.193997525852,61.436985209007645,10.192063100002997,4188,0.75,2,1000.0,0.9,0.1,100,0.3,0.2,10,200,50,False
data101.vrp,sa,random,True,71,4448.776235076591,20,1719.1803214498564,51,2729.5959136267343,61.356107149312294,8.08628630000021,4331,0.75,2,1000.0,0.9,0.1,100,0.3,0.3,10,200,50,False
data101.vrp,sa,random,True,71,4448.776235076591,20,1713.3375387967485,51,2735.438696279842,61.48744175335555,10.168918600000325,4313,0.75,2,1000.0,0.9,0.1,100,0.5,0.1,10,200,50,False
data101.vrp,sa,random,True,71,4448.776235076591,21,1668.2193813067747,50,2780.556853769816,62.50161183307853,6.648200399999041,4223,0.75,2,1000.0,0.9,0.1,100,0.5,0.2,10,200,50,False
data101.vrp,sa,random,True,71,4448.776235076591,20,1711.3103386805303,51,2737.46589639606,61.53300934338703,5.546549800004868,4206,0.75,2,1000.0,0.9,0.1,100,0.5,0.3,10,200,50,False
data101.vrp,sa,random,True,71,4448.776235076591,20,1690.9169429382903,51,2757.8592921383006,61.99141396219989,7.1682483999975375,4309,0.75,2,1000.0,0.9,0.1,100,0.7,0.1,10,200,50,False
data101.vrp,sa,random,True,71,4448.776235076591,21,1734.9161853080182,50,2713.8600497685725,61.00239495911284,5.2595863999958965,4333,0.75,2,1000.0,0.9,0.1,100,0.7,0.2,10,200,50,False
data101.vrp,sa,random,True,71,4448.776235076591,20,1694.9251642793258,51,2753.8510707972646,61.90131679549071,4.789395700005116,4292,0.75,2,1000.0,0.9,0.1,100,0.7,0.3,10,200,50,False
data101.vrp,sa,random,True,71,4448.776235076591,20,1688.1318863306817,51,2760.644348745909,62.05401671991222,29.957414999997127,8484,0.75,2,1000.0,0.9,0.1,200,0.3,0.1,10,200,50,False
data101.vrp,sa,random,True,71,4448.776235076591,20,1677.2133693973997,51,2771.562865679191,62.299444144361985,21.678828500000236,8492,0.75,2,1000.0,0.9,0.1,200,0.3,0.2,10,200,50,False
data101.vrp,sa,random,True,71,4448.776235076591,20,1684.07194947253,51,2764.7042856040607,62.145276352755545,16.787165800000366,8417,0.75,2,1000.0,0.9,0.1,200,0.3,0.3,10,200,50,False
data101.vrp,sa,random,True,71,4448.776235076591,21,1695.50308134688,50,2753.2731537297104,61.88832632267264,18.257652399996005,8537,0.75,2,1000.0,0.9,0.1,200,0.5,0.1,10,200,50,False
data101.vrp,sa,random,True,71,4448.776235076591,20,1668.1680413261965,51,2780.608193750394,62.50276585786794,16.056033000000753,8459,0.75,2,1000.0,0.9,0.1,200,0.5,0.2,10,200,50,False
data101.vrp,sa,random,True,71,4448.776235076591,21,1717.5830116935442,50,2731.1932233830466,61.392011624428804,11.824931799994374,8484,0.75,2,1000.0,0.9,0.1,200,0.5,0.3,10,200,50,False
data101.vrp,sa,random,True,71,4448.776235076591,21,1693.6577291446652,50,2755.1185059319255,61.92980631862446,12.441566699999385,8443,0.75,2,1000.0,0.9,0.1,200,0.7,0.1,10,200,50,False
data101.vrp,sa,random,True,71,4448.776235076591,20,1654.9132124660023,51,2793.8630226105884,62.80070911596408,11.394564399997762,8478,0.75,2,1000.0,0.9,0.1,200,0.7,0.2,10,200,50,False
data101.vrp,sa,random,True,71,4448.776235076591,20,1669.5988405303578,51,2779.177394546233,62.47060422220552,9.235155300004408,8441,0.75,2,1000.0,0.9,0.1,200,0.7,0.3,10,200,50,False
data101.vrp,sa,random,True,71,4448.776235076591,20,1660.5632184418275,51,2788.2130166347633,62.67370776374328,59.688132700001006,16969,0.75,2,1000.0,0.9,0.1,400,0.3,0.1,10,200,50,False
data101.vrp,sa,random,True,71,4448.776235076591,20,1661.3303139265843,51,2787.445921150006,62.65646492112267,44.54605669999728,17004,0.75,2,1000.0,0.9,0.1,400,0.3,0.2,10,200,50,False
data101.vrp,sa,random,True,71,4448.776235076591,20,1697.5900754318939,51,2751.186159644697,61.84141467832967,37.71882639999967,16780,0.75,2,1000.0,0.9,0.1,400,0.3,0.3,10,200,50,False
data101.vrp,sa,random,True,71,4448.776235076591,19,1678.9818794463513,52,2769.7943556302394,62.25969141337482,49.63350459999492,17331,0.75,2,1000.0,0.9,0.1,400,0.5,0.1,10,200,50,False
data101.vrp,sa,random,True,71,4448.776235076591,20,1668.0105100583505,51,2780.76572501824,62.50630686014636,34.368229599996994,17086,0.75,2,1000.0,0.9,0.1,400,0.5,0.2,10,200,50,False
data101.vrp,sa,random,True,71,4448.776235076591,20,1670.365786516269,51,2778.4104485603216,62.45336474003369,25.727363300000434,16833,0.75,2,1000.0,0.9,0.1,400,0.5,0.3,10,200,50,False
data101.vrp,sa,random,True,71,4448.776235076591,20,1660.9384440299866,51,2787.8377910466043,62.665273408578365,31.753607300001022,16998,0.75,2,1000.0,0.9,0.1,400,0.7,0.1,10,200,50,False
data101.vrp,sa,random,True,71,4448.776235076591,20,1644.5618805464321,51,2804.2143545301587,63.03338730368579,25.950373100000434,16994,0.75,2,1000.0,0.9,0.1,400,0.7,0.2,10,200,50,False
data101.vrp,sa,random,True,71,4448.776235076591,19,1663.9038440778534,52,2784.8723909987375,62.598616874485096,26.31341860000248,17318,0.75,2,1000.0,0.9,0.1,400,0.7,0.3,10,200,50,False
data101.vrp,sa,random,True,71,4448.776235076591,19,1673.941263920506,52,2774.834971156085,62.37299483120245,34.060341500000504,8701,0.75,2,1000.0,0.95,0.01,100,0.3,0.1,10,200,50,False
data101.vrp,sa,random,True,71,4448.776235076591,20,1672.602182910973,51,2776.1740521656175,62.40309481687884,26.152761199999077,8654,0.75,2,1000.0,0.95,0.01,100,0.3,0.2,10,200,50,False
data101.vrp,sa,random,True,71,4448.776235076591,21,1700.753500281249,50,2748.0227347953414,61.77030692459701,18.546442300001218,8537,0.75,2,1000.0,0.95,0.01,100,0.3,0.3,10,200,50,False
data101.vrp,sa,random,True,71,4448.776235076591,20,1704.7085897738168,51,2744.0676453027736,61.6814040604479,25.73935110000457,8782,0.75,2,1000.0,0.95,0.01,100,0.5,0.1,10,200,50,False
data101.vrp,sa,random,True,71,4448.776235076591,21,1684.209738927772,50,2764.5664961488187,62.142179108750426,17.37493430000177,8687,0.75,2,1000.0,0.95,0.01,100,0.5,0.2,10,200,50,False
data101.vrp,sa,random,True,71,4448.776235076591,21,1712.8217819989059,50,2735.954453077685,61.499034981933235,14.031781999998202,8929,0.75,2,1000.0,0.95,0.01,100,0.5,0.3,10,200,50,False
data101.vrp,sa,random,True,71,4448.776235076591,21,1689.2946929681884,50,2759.481542108402,62.02787904572806,17.173788799998874,8769,0.75,2,1000.0,0.95,0.01,100,0.7,0.1,10,200,50,False
data101.vrp,sa,random,True,71,4448.776235076591,19,1680.7029828169525,52,2768.073252259638,62.22100429404903,14.761000099999364,8629,0.75,2,1000.0,0.95,0.01,100,0.7,0.2,10,200,50,False
data101.vrp,sa,random,True,71,4448.776235076591,20,1682.1675542908479,51,2766.6086807857428,62.188083522211876,11.248215899999195,8628,0.75,2,1000.0,0.95,0.01,100,0.7,0.3,10,200,50,False
data101.vrp,sa,random,True,71,4448.776235076591,20,1669.2474841006767,51,2779.5287509759137,62.47850204423826,70.04530749999685,17414,0.75,2,1000.0,0.95,0.01,200,0.3,0.1,10,200,50,False
data101.vrp,sa,random,True,71,4448.776235076591,20,1670.2973978580765,51,2778.478837218514,62.45490198656124,59.43766820000019,17536,0.75,2,1000.0,0.95,0.01,200,0.3,0.2,10,200,50,False
data101.vrp,sa,random,True,71,4448.776235076591,19,1668.4342816402348,52,2780.3419534363557,62.49678128368461,46.734262600002694,17537,0.75,2,1000.0,0.95,0.01,200,0.3,0.3,10,200,50,False
data101.vrp,sa,random,True,71,4448.776235076591,19,1668.352354022639,52,2780.423881053952,62.49862286018267,51.96926969999913,17685,0.75,2,1000.0,0.95,0.01,200,0.5,0.1,10,200,50,False
data101.vrp,sa,random,True,71,4448.776235076591,20,1683.1736263785185,51,2765.602608698072,62.165468941605674,42.330897100000584,17313,0.75,2,1000.0,0.95,0.01,200,0.5,0.2,10,200,50,False
data101.vrp,sa,random,True,71,4448.776235076591,20,1663.5769728982975,51,2785.199262178293,62.60596431482112,28.8866163000057,17131,0.75,2,1000.0,0.95,0.01,200,0.5,0.3,10,200,50,False
data101.vrp,sa,random,True,71,4448.776235076591,19,1656.8611445976526,52,2791.915090478938,62.75692331895565,41.724781999997504,17728,0.75,2,1000.0,0.95,0.01,200,0.7,0.1,10,200,50,False
data101.vrp,sa,random,True,71,4448.776235076591,20,1671.5253328697966,51,2777.2509022067943,62.427300350811656,31.54772850000154,17487,0.75,2,1000.0,0.95,0.01,200,0.7,0.2,10,200,50,False
data101.vrp,sa,random,True,71,4448.776235076591,20,1680.0887236535375,51,2768.6875114230534,62.23481166782908,19.756450399996538,17128,0.75,2,1000.0,0.95,0.01,200,0.7,0.3,10,200,50,False
data101.vrp,sa,random,True,71,4448.776235076591,19,1663.8167536032497,52,2784.959481473341,62.600574502156206,154.87986299999466,35090,0.75,2,1000.0,0.95,0.01,400,0.3,0.1,10,200,50,False
data101.vrp,sa,random,True,71,4448.776235076591,19,1685.5713828709952,52,2763.2048522055957,62.11157195138236,113.79351670000324,34835,0.75,2,1000.0,0.95,0.01,400,0.3,0.2,10,200,50,False
data101.vrp,sa,random,True,71,4448.776235076591,20,1662.1781924213687,51,2786.598042655222,62.63740623059787,83.0585188000041,34450,0.75,2,1000.0,0.95,0.01,400,0.3,0.3,10,200,50,False
data101.vrp,sa,random,True,71,4448.776235076591,20,1650.6170200629626,51,2798.159215013628,62.89727932260128,91.26581830000214,34407,0.75,2,1000.0,0.95,0.01,400,0.5,0.1,10,200,50,False
data101.vrp,sa,random,True,71,4448.776235076591,19,1666.236258429297,52,2782.5399766472938,62.54618865089736,87.42182940000203,35243,0.75,2,1000.0,0.95,0.01,400,0.5,0.2,10,200,50,False
data101.vrp,sa,random,True,71,4448.776235076591,19,1664.384311704672,52,2784.391923371919,62.58781687912839,75.53861500000494,35301,0.75,2,1000.0,0.95,0.01,400,0.5,0.3,10,200,50,False
data101.vrp,sa,random,True,71,4448.776235076591,19,1713.6013054686518,52,2735.174929607939,61.48151278192687,73.41183040000033,34833,0.75,2,1000.0,0.95,0.01,400,0.7,0.1,10,200,50,False
data101.vrp,sa,random,True,71,4448.776235076591,19,1669.5048278284955,52,2779.271407248095,62.472717448335466,65.36993149999762,35129,0.75,2,1000.0,0.95,0.01,400,0.7,0.2,10,200,50,False
data101.vrp,sa,random,True,71,4448.776235076591,20,1674.6900648627511,51,2774.0861702138395,62.35616321498536,56.4999381000016,34956,0.75,2,1000.0,0.95,0.01,400,0.7,0.3,10,200,50,False
data101.vrp,sa,random,True,71,4448.776235076591,19,1673.941263920506,52,2774.834971156085,62.37299483120245,32.69422040000063,8697,0.75,2,1000.0,0.95,0.1,100,0.3,0.1,10,200,50,False
data101.vrp,sa,random,True,71,4448.776235076591,20,1672.602182910973,51,2776.1740521656175,62.40309481687884,22.427412899996853,8639,0.75,2,1000.0,0.95,0.1,100,0.3,0.2,10,200,50,False
data101.vrp,sa,random,True,71,4448.776235076591,21,1700.753500281249,50,2748.0227347953414,61.77030692459701,17.741694299998926,8534,0.75,2,1000.0,0.95,0.1,100,0.3,0.3,10,200,50,False
data101.vrp,sa,random,True,71,4448.776235076591,20,1704.7085897738168,51,2744.0676453027736,61.6814040604479,22.875447300000815,8758,0.75,2,1000.0,0.95,0.1,100,0.5,0.1,10,200,50,False
data101.vrp,sa,random,True,71,4448.776235076591,21,1684.8548148201542,50,2763.9214202564362,62.127679033711885,14.679393500002334,8678,0.75,2,1000.0,0.95,0.1,100,0.5,0.2,10,200,50,False
data101.vrp,sa,random,True,71,4448.776235076591,21,1712.8217819989059,50,2735.954453077685,61.499034981933235,11.225388099999691,8892,0.75,2,1000.0,0.95,0.1,100,0.5,0.3,10,200,50,False
data101.vrp,sa,random,True,71,4448.776235076591,21,1689.2946929681884,50,2759.481542108402,62.02787904572806,13.796968599999673,8757,0.75,2,1000.0,0.95,0.1,100,0.7,0.1,10,200,50,False
data101.vrp,sa,random,True,71,4448.776235076591,19,1680.7029828169525,52,2768.073252259638,62.22100429404903,13.960508000003756,8620,0.75,2,1000.0,0.95,0.1,100,0.7,0.2,10,200,50,False
data101.vrp,sa,random,True,71,4448.776235076591,20,1682.1675542908479,51,2766.6086807857428,62.188083522211876,9.4384601999991,8628,0.75,2,1000.0,0.95,0.1,100,0.7,0.3,10,200,50,False
data101.vrp,sa,random,True,71,4448.776235076591,20,1669.2474841006767,51,2779.5287509759137,62.47850204423826,64.38933920000272,17402,0.75,2,1000.0,0.95,0.1,200,0.3,0.1,10,200,50,False
data101.vrp,sa,random,True,71,4448.776235076591,20,1670.2973978580765,51,2778.478837218514,62.45490198656124,49.51374989999749,17517,0.75,2,1000.0,0.95,0.1,200,0.3,0.2,10,200,50,False
data101.vrp,sa,random,True,71,4448.776235076591,19,1668.4342816402348,52,2780.3419534363557,62.49678128368461,38.51540250000107,17446,0.75,2,1000.0,0.95,0.1,200,0.3,0.3,10,200,50,False
data101.vrp,sa,random,True,71,4448.776235076591,19,1668.352354022639,52,2780.423881053952,62.49862286018267,48.759553299998515,17659,0.75,2,1000.0,0.95,0.1,200,0.5,0.1,10,200,50,False
data101.vrp,sa,random,True,71,4448.776235076591,20,1683.1736263785185,51,2765.602608698072,62.165468941605674,34.659923499995784,17276,0.75,2,1000.0,0.95,0.1,200,0.5,0.2,10,200,50,False
data101.vrp,sa,random,True,71,4448.776235076591,20,1663.5769728982975,51,2785.199262178293,62.60596431482112,27.74796060000517,17125,0.75,2,1000.0,0.95,0.1,200,0.5,0.3,10,200,50,False
data101.vrp,sa,random,True,71,4448.776235076591,19,1656.8611445976526,52,2791.915090478938,62.75692331895565,34.24686880000081,17663,0.75,2,1000.0,0.95,0.1,200,0.7,0.1,10,200,50,False
data101.vrp,sa,random,True,71,4448.776235076591,20,1671.5253328697966,51,2777.2509022067943,62.427300350811656,27.17211409999436,17464,0.75,2,1000.0,0.95,0.1,200,0.7,0.2,10,200,50,False
data101.vrp,sa,random,True,71,4448.776235076591,20,1680.0887236535375,51,2768.6875114230534,62.23481166782908,19.366454399998474,17126,0.75,2,1000.0,0.95,0.1,200,0.7,0.3,10,200,50,False
data101.vrp,sa,random,True,71,4448.776235076591,19,1663.8167536032497,52,2784.959481473341,62.600574502156206,147.72179100000358,35045,0.75,2,1000.0,0.95,0.1,400,0.3,0.1,10,200,50,False
data101.vrp,sa,random,True,71,4448.776235076591,19,1685.5713828709952,52,2763.2048522055957,62.11157195138236,110.72822900000028,34818,0.75,2,1000.0,0.95,0.1,400,0.3,0.2,10,200,50,False
data101.vrp,sa,random,True,71,4448.776235076591,20,1662.1781924213687,51,2786.598042655222,62.63740623059787,77.8893745000023,34419,0.75,2,1000.0,0.95,0.1,400,0.3,0.3,10,200,50,False
data101.vrp,sa,random,True,71,4448.776235076591,20,1650.6170200629626,51,2798.159215013628,62.89727932260128,81.68529259999923,34384,0.75,2,1000.0,0.95,0.1,400,0.5,0.1,10,200,50,False
data101.vrp,sa,random,True,71,4448.776235076591,19,1666.236258429297,52,2782.5399766472938,62.54618865089736,84.52981369999907,35224,0.75,2,1000.0,0.95,0.1,400,0.5,0.2,10,200,50,False
data101.vrp,sa,random,True,71,4448.776235076591,19,1664.384311704672,52,2784.391923371919,62.58781687912839,68.15887569999904,35255,0.75,2,1000.0,0.95,0.1,400,0.5,0.3,10,200,50,False
data101.vrp,sa,random,True,71,4448.776235076591,19,1713.6013054686518,52,2735.174929607939,61.48151278192687,71.72821049999766,34825,0.75,2,1000.0,0.95,0.1,400,0.7,0.1,10,200,50,False
data101.vrp,sa,random,True,71,4448.776235076591,19,1669.5048278284955,52,2779.271407248095,62.472717448335466,63.85343390000344,35107,0.75,2,1000.0,0.95,0.1,400,0.7,0.2,10,200,50,False
data101.vrp,sa,random,True,71,4448.776235076591,20,1674.6900648627511,51,2774.0861702138395,62.35616321498536,51.83411829999386,34915,0.75,2,1000.0,0.95,0.1,400,0.7,0.3,10,200,50,False
data101.vrp,sa,random,True,71,4448.776235076591,22,2192.6189466950977,49,2256.157288381493,50.71411033426928,30.735300799999095,17453,0.75,2,1000.0,0.99,0.01,100,0.3,0.1,10,200,50,False
data101.vrp,sa,random,True,71,4448.776235076591,21,2115.112585884924,50,2333.6636491916665,52.456305417021944,34.23730860000069,26009,0.75,2,1000.0,0.99,0.01,100,0.3,0.2,10,200,50,False
data101.vrp,sa,random,True,71,4448.776235076591,23,2247.3729104359004,48,2201.4033246406902,49.483345718393736,13.614946699999564,13963,0.75,2,1000.0,0.99,0.01,100,0.3,0.3,10,200,50,False
data101.vrp,sa,random,True,71,4448.776235076591,23,2256.151352124516,48,2192.6248829520746,49.286023101459186,10.972179199998209,10358,0.75,2,1000.0,0.99,0.01,100,0.5,0.1,10,200,50,False
data101.vrp,sa,random,True,71,4448.776235076591,24,2325.625565857745,47,2123.1506692188455,47.72437535695236,15.52659400000266,18770,0.75,2,1000.0,0.99,0.01,100,0.5,0.2,10,200,50,False
data101.vrp,sa,random,True,71,4448.776235076591,23,2238.139932169422,48,2210.6363029071686,49.690885450189654,9.755648300000757,14078,0.75,2,1000.0,0.99,0.01,100,0.5,0.3,10,200,50,False
data101.vrp,sa,random,True,71,4448.776235076591,19,1689.518666540528,52,2759.2575685360625,62.02284454723893,64.89959929999895,43791,0.75,2,1000.0,0.99,0.01,100,0.7,0.1,10,200,50,False
data101.vrp,sa,random,True,71,4448.776235076591,21,2096.648311225621,50,2352.1279238509696,52.87134707530362,17.895444999994652,21718,0.75,2,1000.0,0.99,0.01,100,0.7,0.2,10,200,50,False
data101.vrp,sa,random,True,71,4448.776235076591,22,2144.945941417214,49,2303.830293659377,51.7857085167538,13.430252199999813,20226,0.75,2,1000.0,0.99,0.01,100,0.7,0.3,10,200,50,False
data101.vrp,sa,random,True,71,4448.776235076591,21,2094.5736732927808,50,2354.20256178381,52.917980976925435,71.45536179999908,36063,0.75,2,1000.0,0.99,0.01,200,0.3,0.1,10,200,50,False
data101.vrp,sa,random,True,71,4448.776235076591,22,2131.485222595488,49,2317.291012481103,52.08827978827774,34.82120379999833,24599,0.75,2,1000.0,0.99,0.01,200,0.3,0.2,10,200,50,False
data101.vrp,sa,random,True,71,4448.776235076591,23,2226.399763113601,48,2222.37647196299,49.95478204636492,24.306032499996945,25018,0.75,2,1000.0,0.99,0.01,200,0.3,0.3,10,200,50,False
data101.vrp,sa,random,True,71,4448.776235076591,23,2256.845827218944,48,2191.9304078576465,49.270412626628996,23.650977100005548,20545,0.75,2,1000.0,0.99,0.01,200,0.5,0.1,10,200,50,False
data101.vrp,sa,random,True,71,4448.776235076591,22,2132.8375490516783,49,2315.9386860249124,52.057882070237255,36.37990559999889,35170,0.75,2,1000.0,0.99,0.01,200,0.5,0.2,10,200,50,False
data101.vrp,sa,random,True,71,4448.776235076591,20,1979.9383215960534,51,2468.8379134805373,55.49476492017885,62.14615159999812,64924,0.75,2,1000.0,0.99,0.01,200,0.5,0.3,10,200,50,False
data101.vrp,sa,random,True,71,4448.776235076591,22,2190.546037712871,49,2258.2301973637195,50.76070537238072,21.50282529999822,23829,0.75,2,1000.0,0.99,0.01,200,0.7,0.1,10,200,50,False
data101.vrp,sa,random,True,71,4448.776235076591,22,2164.9901728741993,49,2283.7860622023913,51.335152444750314,30.018158399994718,37633,0.75,2,1000.0,0.99,0.01,200,0.7,0.2,10,200,50,False
data101.vrp,sa,random,True,71,4448.776235076591,21,2111.5913802812465,50,2337.184854795344,52.535455399345494,24.26495409999916,33446,0.75,2,1000.0,0.99,0.01,200,0.7,0.3,10,200,50,False
data101.vrp,sa,random,True,71,4448.776235076591,23,2248.617313202469,48,2200.1589218741215,49.45537391894118,56.04057090000424,32813,0.75,2,1000.0,0.99,0.01,400,0.3,0.1,10,200,50,False
data101.vrp,sa,random,True,71,4448.776235076591,22,2167.9049293557264,49,2280.8713057208643,51.269634281383375,77.67887370000244,57073,0.75,2,1000.0,0.99,0.01,400,0.3,0.2,10,200,50,False
data101.vrp,sa,random,True,71,4448.776235076591,21,2068.102428439119,50,2380.6738066374714,53.513004045178405,65.74977509999735,57418,0.75,2,1000.0,0.99,0.01,400,0.3,0.3,10,200,50,False
data101.vrp,sa,random,True,71,4448.776235076591,20,2016.2896579760722,51,2432.4865771005184,54.6776562489581,128.14774360000592,80304,0.75,2,1000.0,0.99,0.01,400,0.5,0.1,10,200,50,False
data101.vrp,sa,random,True,71,4448.776235076591,21,2050.403774432322,50,2398.372460644269,53.91083601225401,53.84478880000097,45410,0.75,2,1000.0,0.99,0.01,400,0.5,0.2,10,200,50,False
data101.vrp,sa,random,True,71,4448.776235076591,21,2086.1086409751015,50,2362.667594101489,53.108258749292055,54.17841469999985,54766,0.75,2,1000.0,0.99,0.01,400,0.5,0.3,10,200,50,False
data101.vrp,sa,random,True,71,4448.776235076591,21,2068.6459215287136,50,2380.130313547877,53.50078735769232,68.27737999999954,60931,0.75,2,1000.0,0.99,0.01,400,0.7,0.1,10,200,50,False
data101.vrp,sa,random,True,71,4448.776235076591,21,2088.9935640380713,50,2359.7826710385193,53.04341118424206,67.60784580000472,75957,0.75,2,1000.0,0.99,0.01,400,0.7,0.2,10,200,50,False
data101.vrp,sa,random,True,71,4448.776235076591,21,2073.3181055253067,50,2375.458129551284,53.39576557755074,39.700144499998714,52412,0.75,2,1000.0,0.99,0.01,400,0.7,0.3,10,200,50,False
data101.vrp,sa,random,True,71,4448.776235076591,22,2192.6189466950977,49,2256.157288381493,50.71411033426928,31.11530230000062,17453,0.75,2,1000.0,0.99,0.1,100,0.3,0.1,10,200,50,False
data101.vrp,sa,random,True,71,4448.776235076591,21,2115.112585884924,50,2333.6636491916665,52.456305417021944,34.24007690000144,26009,0.75,2,1000.0,0.99,0.1,100,0.3,0.2,10,200,50,False
data101.vrp,sa,random,True,71,4448.776235076591,23,2247.3729104359004,48,2201.4033246406902,49.483345718393736,13.604309300004388,13963,0.75,2,1000.0,0.99,0.1,100,0.3,0.3,10,200,50,False
data101.vrp,sa,random,True,71,4448.776235076591,23,2256.151352124516,48,2192.6248829520746,49.286023101459186,11.297580200000084,10358,0.75,2,1000.0,0.99,0.1,100,0.5,0.1,10,200,50,False
data101.vrp,sa,random,True,71,4448.776235076591,24,2325.625565857745,47,2123.1506692188455,47.72437535695236,15.303426799997396,18770,0.75,2,1000.0,0.99,0.1,100,0.5,0.2,10,200,50,False
data101.vrp,sa,random,True,71,4448.776235076591,23,2238.139932169422,48,2210.6363029071686,49.690885450189654,9.738182800007053,14078,0.75,2,1000.0,0.99,0.1,100,0.5,0.3,10,200,50,False
data101.vrp,sa,random,True,71,4448.776235076591,19,1689.518666540528,52,2759.2575685360625,62.02284454723893,65.29248080000252,43791,0.75,2,1000.0,0.99,0.1,100,0.7,0.1,10,200,50,False
data101.vrp,sa,random,True,71,4448.776235076591,21,2096.648311225621,50,2352.1279238509696,52.87134707530362,17.94927589999861,21718,0.75,2,1000.0,0.99,0.1,100,0.7,0.2,10,200,50,False
data101.vrp,sa,random,True,71,4448.776235076591,22,2144.945941417214,49,2303.830293659377,51.7857085167538,13.165512799998396,20226,0.75,2,1000.0,0.99,0.1,100,0.7,0.3,10,200,50,False
data101.vrp,sa,random,True,71,4448.776235076591,21,2094.5736732927808,50,2354.20256178381,52.917980976925435,71.47422240000014,36063,0.75,2,1000.0,0.99,0.1,200,0.3,0.1,10,200,50,False
data101.vrp,sa,random,True,71,4448.776235076591,22,2131.485222595488,49,2317.291012481103,52.08827978827774,34.20115900000383,24599,0.75,2,1000.0,0.99,0.1,200,0.3,0.2,10,200,50,False
data101.vrp,sa,random,True,71,4448.776235076591,23,2226.399763113601,48,2222.37647196299,49.95478204636492,24.45708750000631,25018,0.75,2,1000.0,0.99,0.1,200,0.3,0.3,10,200,50,False
data101.vrp,sa,random,True,71,4448.776235076591,23,2256.845827218944,48,2191.9304078576465,49.270412626628996,24.212530899996636,20545,0.75,2,1000.0,0.99,0.1,200,0.5,0.1,10,200,50,False
data101.vrp,sa,random,True,71,4448.776235076591,22,2132.8375490516783,49,2315.9386860249124,52.057882070237255,36.97029869999824,35170,0.75,2,1000.0,0.99,0.1,200,0.5,0.2,10,200,50,False
data101.vrp,sa,random,True,71,4448.776235076591,20,1979.9383215960534,51,2468.8379134805373,55.49476492017885,62.28351900000416,64924,0.75,2,1000.0,0.99,0.1,200,0.5,0.3,10,200,50,False
data101.vrp,sa,random,True,71,4448.776235076591,22,2190.546037712871,49,2258.2301973637195,50.76070537238072,21.745123200002126,23829,0.75,2,1000.0,0.99,0.1,200,0.7,0.1,10,200,50,False
data101.vrp,sa,random,True,71,4448.776235076591,22,2164.9901728741993,49,2283.7860622023913,51.335152444750314,29.681130899996788,37633,0.75,2,1000.0,0.99,0.1,200,0.7,0.2,10,200,50,False
data101.vrp,sa,random,True,71,4448.776235076591,21,2111.5913802812465,50,2337.184854795344,52.535455399345494,24.133146599997417,33446,0.75,2,1000.0,0.99,0.1,200,0.7,0.3,10,200,50,False
data101.vrp,sa,random,True,71,4448.776235076591,23,2248.617313202469,48,2200.1589218741215,49.45537391894118,56.87370920000103,32813,0.75,2,1000.0,0.99,0.1,400,0.3,0.1,10,200,50,False
data101.vrp,sa,random,True,71,4448.776235076591,22,2167.9049293557264,49,2280.8713057208643,51.269634281383375,77.3921302000017,57073,0.75,2,1000.0,0.99,0.1,400,0.3,0.2,10,200,50,False
data101.vrp,sa,random,True,71,4448.776235076591,21,2068.102428439119,50,2380.6738066374714,53.513004045178405,66.60383909999655,57418,0.75,2,1000.0,0.99,0.1,400,0.3,0.3,10,200,50,False
data101.vrp,sa,random,True,71,4448.776235076591,20,2016.2896579760722,51,2432.4865771005184,54.6776562489581,126.15013320000435,80304,0.75,2,1000.0,0.99,0.1,400,0.5,0.1,10,200,50,False
data101.vrp,sa,random,True,71,4448.776235076591,21,2050.403774432322,50,2398.372460644269,53.91083601225401,52.832410099996196,45410,0.75,2,1000.0,0.99,0.1,400,0.5,0.2,10,200,50,False
data101.vrp,sa,random,True,71,4448.776235076591,21,2086.1086409751015,50,2362.667594101489,53.108258749292055,54.13176940000267,54766,0.75,2,1000.0,0.99,0.1,400,0.5,0.3,10,200,50,False
data101.vrp,sa,random,True,71,4448.776235076591,21,2068.6459215287136,50,2380.130313547877,53.50078735769232,68.69506759999786,60931,0.75,2,1000.0,0.99,0.1,400,0.7,0.1,10,200,50,False
data101.vrp,sa,random,True,71,4448.776235076591,21,2088.9935640380713,50,2359.7826710385193,53.04341118424206,66.27564680000069,75957,0.75,2,1000.0,0.99,0.1,400,0.7,0.2,10,200,50,False
data101.vrp,sa,random,True,71,4448.776235076591,21,2073.3181055253067,50,2375.458129551284,53.39576557755074,39.72709110000142,52412,0.75,2,1000.0,0.99,0.1,400,0.7,0.3,10,200,50,False
data101.vrp,sa,random,True,72,4495.8579072864895,20,1680.5582931682238,52,2815.2996141182657,62.61985303306576,15.869666499995219,2757,0.75,3,200.0,0.9,0.01,100,0.3,0.1,10,200,50,False
data101.vrp,sa,random,True,72,4495.8579072864895,20,1699.5427805998738,52,2796.3151266866157,62.19758685332549,11.18511330000183,2695,0.75,3,200.0,0.9,0.01,100,0.3,0.2,10,200,50,False
data101.vrp,sa,random,True,72,4495.8579072864895,20,1666.6802386884965,52,2829.177668597993,62.92853837779685,8.940267300000414,2743,0.75,3,200.0,0.9,0.01,100,0.3,0.3,10,200,50,False
data101.vrp,sa,random,True,72,4495.8579072864895,20,1700.5613748304409,52,2795.2965324560487,62.17493057166418,10.40730479999911,2749,0.75,3,200.0,0.9,0.01,100,0.5,0.1,10,200,50,False
data101.vrp,sa,random,True,72,4495.8579072864895,21,1673.5748814728402,51,2822.283025813649,62.77518293537574,6.943901900005585,2822,0.75,3,200.0,0.9,0.01,100,0.5,0.2,10,200,50,False
data101.vrp,sa,random,True,72,4495.8579072864895,21,1683.9215029587656,51,2811.9364043277237,62.5450461806274,6.399330300002475,2775,0.75,3,200.0,0.9,0.01,100,0.5,0.3,10,200,50,False
data101.vrp,sa,random,True,72,4495.8579072864895,21,1693.7578865054547,51,2802.100020781035,62.32625849317076,7.139414100005524,2798,0.75,3,200.0,0.9,0.01,100,0.7,0.1,10,200,50,False
data101.vrp,sa,random,True,72,4495.8579072864895,22,1714.7042900698773,50,2781.1536172166125,61.86035400961325,5.116284199997608,2786,0.75,3,200.0,0.9,0.01,100,0.7,0.2,10,200,50,False
data101.vrp,sa,random,True,72,4495.8579072864895,20,1695.6716730544294,52,2800.18623423206,62.28369072104716,5.2233479999995325,2746,0.75,3,200.0,0.9,0.01,100,0.7,0.3,10,200,50,False
data101.vrp,sa,random,True,72,4495.8579072864895,20,1673.1928160561563,52,2822.665091230333,62.783681100232435,29.906012100000225,5465,0.75,3,200.0,0.9,0.01,200,0.3,0.1,10,200,50,False
data101.vrp,sa,random,True,72,4495.8579072864895,21,1671.740080761495,51,2824.1178265249946,62.81599384953678,23.590996499995526,5506,0.75,3,200.0,0.9,0.01,200,0.3,0.2,10,200,50,False
data101.vrp,sa,random,True,72,4495.8579072864895,20,1681.1860564494702,52,2814.6718508370195,62.605889885337525,19.824667100001534,5540,0.75,3,200.0,0.9,0.01,200,0.3,0.3,10,200,50,False
data101.vrp,sa,random,True,72,4495.8579072864895,19,1701.972368688179,53,2793.8855385983106,62.1435462644455,24.207751399997505,5517,0.75,3,200.0,0.9,0.01,200,0.5,0.1,10,200,50,False
data101.vrp,sa,random,True,72,4495.8579072864895,21,1694.729667131466,51,2801.1282401550234,62.30464347227705,16.15746819999913,5382,0.75,3,200.0,0.9,0.01,200,0.5,0.2,10,200,50,False
data101.vrp,sa,random,True,72,4495.8579072864895,21,1683.768820441178,51,2812.0890868453116,62.54844225142716,11.83861109999998,5414,0.75,3,200.0,0.9,0.01,200,0.5,0.3,10,200,50,False
data101.vrp,sa,random,True,72,4495.8579072864895,20,1676.6469662078762,52,2819.2109410786134,62.70685148900024,15.185420200003136,5531,0.75,3,200.0,0.9,0.01,200,0.7,0.1,10,200,50,False
data101.vrp,sa,random,True,72,4495.8579072864895,20,1712.1758730195236,52,2783.682034266966,61.91659282103689,13.951668699999573,5579,0.75,3,200.0,0.9,0.01,200,0.7,0.2,10,200,50,False
data101.vrp,sa,random,True,72,4495.8579072864895,20,1692.0996462584396,52,2803.7582610280497,62.36314222662522,11.581464699993376,5491,0.75,3,200.0,0.9,0.01,200,0.7,0.3,10,200,50,False
data101.vrp,sa,random,True,72,4495.8579072864895,20,1685.5611924786087,52,2810.2967148078806,62.508575065355146,68.7309030999968,11006,0.75,3,200.0,0.9,0.01,400,0.3,0.1,10,200,50,False
data101.vrp,sa,random,True,72,4495.8579072864895,20,1661.9695861391956,52,2833.888321147294,63.033315989688596,47.17363260000275,11270,0.75,3,200.0,0.9,0.01,400,0.3,0.2,10,200,50,False
data101.vrp,sa,random,True,72,4495.8579072864895,20,1688.621015012291,52,2807.2368922741985,62.44051636339478,39.34444619999704,10863,0.75,3,200.0,0.9,0.01,400,0.3,0.3,10,200,50,False
data101.vrp,sa,random,True,72,4495.8579072864895,20,1666.2541302476475,52,2829.603777038842,62.938016178244204,45.81134609999572,11257,0.75,3,200.0,0.9,0.01,400,0.5,0.1,10,200,50,False
data101.vrp,sa,random,True,72,4495.8579072864895,19,1671.2676774934616,53,2824.590229793028,62.826501371744456,40.43860489999497,11067,0.75,3,200.0,0.9,0.01,400,0.5,0.2,10,200,50,False
data101.vrp,sa,random,True,72,4495.8579072864895,19,1664.1413790756096,53,2831.71652821088,62.985009459962775,35.187564199994085,11236,0.75,3,200.0,0.9,0.01,400,0.5,0.3,10,200,50,False
data101.vrp,sa,random,True,72,4495.8579072864895,20,1652.7551479480248,52,2843.1027593384647,63.23826993576943,32.60002550000354,10925,0.75,3,200.0,0.9,0.01,400,0.7,0.1,10,200,50,False
data101.vrp,sa,random,True,72,4495.8579072864895,21,1676.5174861830174,51,2819.340421103472,62.709731473811345,24.07104470000195,11044,0.75,3,200.0,0.9,0.01,400,0.7,0.2,10,200,50,False
data101.vrp,sa,random,True,72,4495.8579072864895,20,1676.64757748121,52,2819.21032980528,62.7068378926334,25.761682800002745,11125,0.75,3,200.0,0.9,0.01,400,0.7,0.3,10,200,50,False
data101.vrp,sa,random,True,72,4495.8579072864895,20,1680.5582931682238,52,2815.2996141182657,62.61985303306576,11.721461699999054,2752,0.75,3,200.0,0.9,0.1,100,0.3,0.1,10,200,50,False
data101.vrp,sa,random,True,72,4495.8579072864895,20,1699.5427805998738,52,2796.3151266866157,62.19758685332549,8.46438499999931,2687,0.75,3,200.0,0.9,0.1,100,0.3,0.2,10,200,50,False
data101.vrp,sa,random,True,72,4495.8579072864895,20,1666.6802386884965,52,2829.177668597993,62.92853837779685,6.529752500005998,2741,0.75,3,200.0,0.9,0.1,100,0.3,0.3,10,200,50,False
data101.vrp,sa,random,True,72,4495.8579072864895,20,1700.5613748304409,52,2795.2965324560487,62.17493057166418,7.568145799996273,2747,0.75,3,200.0,0.9,0.1,100,0.5,0.1,10,200,50,False
data101.vrp,sa,random,True,72,4495.8579072864895,21,1673.6213256454398,51,2822.2365816410497,62.774149891770776,5.371336899996095,2821,0.75,3,200.0,0.9,0.1,100,0.5,0.2,10,200,50,False
data101.vrp,sa,random,True,72,4495.8579072864895,21,1683.967947131365,51,2811.8899601551248,62.54401313702246,4.848754699996789,2766,0.75,3,200.0,0.9,0.1,100,0.5,0.3,10,200,50,False
data101.vrp,sa,random,True,72,4495.8579072864895,21,1693.828163120871,51,2802.0297441656185,62.32469535178894,5.3532887999972445,2789,0.75,3,200.0,0.9,0.1,100,0.7,0.1,10,200,50,False
data101.vrp,sa,random,True,72,4495.8579072864895,22,1720.6317110357284,50,2775.226196250761,61.72851218791677,3.8135438000026625,2782,0.75,3,200.0,0.9,0.1,100,0.7,0.2,10,200,50,False
data101.vrp,sa,random,True,72,4495.8579072864895,20,1699.7082141233532,52,2796.1496931631364,62.19390716577995,3.667475000002014,2743,0.75,3,200.0,0.9,0.1,100,0.7,0.3,10,200,50,False
data101.vrp,sa,random,True,72,4495.8579072864895,20,1673.1928160561563,52,2822.665091230333,62.783681100232435,23.27930180000112,5464,0.75,3,200.0,0.9,0.1,200,0.3,0.1,10,200,50,False
data101.vrp,sa,random,True,72,4495.8579072864895,21,1671.740080761495,51,2824.1178265249946,62.81599384953678,17.578388399997493,5493,0.75,3,200.0,0.9,0.1,200,0.3,0.2,10,200,50,False
data101.vrp,sa,random,True,72,4495.8579072864895,20,1681.1860564494702,52,2814.6718508370195,62.605889885337525,15.168950499995844,5522,0.75,3,200.0,0.9,0.1,200,0.3,0.3,10,200,50,False
data101.vrp,sa,random,True,72,4495.8579072864895,19,1701.972368688179,53,2793.8855385983106,62.1435462644455,17.91436789999716,5516,0.75,3,200.0,0.9,0.1,200,0.5,0.1,10,200,50,False
data101.vrp,sa,random,True,72,4495.8579072864895,21,1694.729667131466,51,2801.1282401550234,62.30464347227705,12.545827299996745,5367,0.75,3,200.0,0.9,0.1,200,0.5,0.2,10,200,50,False
data101.vrp,sa,random,True,72,4495.8579072864895,21,1683.8390970565945,51,2812.0188102298953,62.546879110045346,8.986086100005195,5406,0.75,3,200.0,0.9,0.1,200,0.5,0.3,10,200,50,False
data101.vrp,sa,random,True,72,4495.8579072864895,20,1676.6469662078762,52,2819.2109410786134,62.70685148900024,11.56087419999676,5519,0.75,3,200.0,0.9,0.1,200,0.7,0.1,10,200,50,False
data101.vrp,sa,random,True,72,4495.8579072864895,20,1712.1758730195236,52,2783.682034266966,61.91659282103689,10.450289799999155,5551,0.75,3,200.0,0.9,0.1,200,0.7,0.2,10,200,50,False
data101.vrp,sa,random,True,72,4495.8579072864895,20,1692.0996462584396,52,2803.7582610280497,62.36314222662522,8.724378600003547,5491,0.75,3,200.0,0.9,0.1,200,0.7,0.3,10,200,50,False
data101.vrp,sa,random,True,72,4495.8579072864895,20,1685.5611924786087,52,2810.2967148078806,62.508575065355146,53.59099689999857,10998,0.75,3,200.0,0.9,0.1,400,0.3,0.1,10,200,50,False
data101.vrp,sa,random,True,72,4495.8579072864895,20,1661.9695861391956,52,2833.888321147294,63.033315989688596,36.461003899996285,11206,0.75,3,200.0,0.9,0.1,400,0.3,0.2,10,200,50,False
data101.vrp,sa,random,True,72,4495.8579072864895,20,1688.621015012291,52,2807.2368922741985,62.44051636339478,29.773173199995654,10863,0.75,3,200.0,0.9,0.1,400,0.3,0.3,10,200,50,False
data101.vrp,sa,random,True,72,4495.8579072864895,20,1666.2541302476475,52,2829.603777038842,62.938016178244204,35.15343379999831,11228,0.75,3,200.0,0.9,0.1,400,0.5,0.1,10,200,50,False
data101.vrp,sa,random,True,72,4495.8579072864895,19,1671.2676774934616,53,2824.590229793028,62.826501371744456,29.996383999998216,11013,0.75,3,200.0,0.9,0.1,400,0.5,0.2,10,200,50,False
data101.vrp,sa,random,True,72,4495.8579072864895,19,1664.1413790756096,53,2831.71652821088,62.985009459962775,27.35379280000052,11189,0.75,3,200.0,0.9,0.1,400,0.5,0.3,10,200,50,False
data101.vrp,sa,random,True,72,4495.8579072864895,20,1652.7551479480248,52,2843.1027593384647,63.23826993576943,26.50437740000052,10908,0.75,3,200.0,0.9,0.1,400,0.7,0.1,10,200,50,False
data101.vrp,sa,random,True,72,4495.8579072864895,21,1676.5174861830174,51,2819.340421103472,62.709731473811345,19.43498250000266,11022,0.75,3,200.0,0.9,0.1,400,0.7,0.2,10,200,50,False
data101.vrp,sa,random,True,72,4495.8579072864895,20,1676.64757748121,52,2819.21032980528,62.7068378926334,19.851550500003214,11092,0.75,3,200.0,0.9,0.1,400,0.7,0.3,10,200,50,False
data101.vrp,sa,random,True,72,4495.8579072864895,21,1706.0677099913105,51,2789.790197295179,62.05245483345311,28.176547100003518,5445,0.75,3,200.0,0.95,0.01,100,0.3,0.1,10,200,50,False
data101.vrp,sa,random,True,72,4495.8579072864895,20,1679.4677558052167,52,2816.390151481273,62.644109523940166,22.184924799999862,5542,0.75,3,200.0,0.95,0.01,100,0.3,0.2,10,200,50,False
data101.vrp,sa,random,True,72,4495.8579072864895,20,1693.3129678848882,52,2802.5449394016014,62.336154682724384,19.119996100002027,5475,0.75,3,200.0,0.95,0.01,100,0.3,0.3,10,200,50,False
data101.vrp,sa,random,True,72,4495.8579072864895,20,1700.4094199361577,52,2795.4484873503316,62.17831045816007,21.474423100000422,5537,0.75,3,200.0,0.95,0.01,100,0.5,0.1,10,200,50,False
data101.vrp,sa,random,True,72,4495.8579072864895,20,1664.456832817236,52,2831.401074469253,62.97799291833419,15.671376400001463,5511,0.75,3,200.0,0.95,0.01,100,0.5,0.2,10,200,50,False
data101.vrp,sa,random,True,72,4495.8579072864895,20,1688.112025491474,52,2807.7458817950155,62.451837662495265,13.673337300002459,5555,0.75,3,200.0,0.95,0.01,100,0.5,0.3,10,200,50,False
data101.vrp,sa,random,True,72,4495.8579072864895,20,1660.1648728647233,52,2835.6930344217662,63.073457678142475,14.64831449999474,5695,0.75,3,200.0,0.95,0.01,100,0.7,0.1,10,200,50,False
data101.vrp,sa,random,True,72,4495.8579072864895,19,1667.3481889761301,53,2828.5097183103594,62.91368136270856,15.514835299996776,5743,0.75,3,200.0,0.95,0.01,100,0.7,0.2,10,200,50,False
data101.vrp,sa,random,True,72,4495.8579072864895,19,1665.9827402136038,53,2829.8751670728857,62.944052624227155,13.922317299999122,5673,0.75,3,200.0,0.95,0.01,100,0.7,0.3,10,200,50,False
data101.vrp,sa,random,True,72,4495.8579072864895,20,1671.4580155434335,52,2824.3998917430563,62.822267740390956,60.88093619999563,11052,0.75,3,200.0,0.95,0.01,200,0.3,0.1,10,200,50,False
data101.vrp,sa,random,True,72,4495.8579072864895,20,1667.105033777254,52,2828.7528735092355,62.91908978984062,44.95183549999638,11192,0.75,3,200.0,0.95,0.01,200,0.3,0.2,10,200,50,False
data101.vrp,sa,random,True,72,4495.8579072864895,20,1669.549100955784,52,2826.3088063307055,62.86472714696062,35.796219899995776,10995,0.75,3,200.0,0.95,0.01,200,0.3,0.3,10,200,50,False
data101.vrp,sa,random,True,72,4495.8579072864895,19,1691.991172150155,53,2803.8667351363347,62.36555498322301,42.32954939999763,11489,0.75,3,200.0,0.95,0.01,200,0.5,0.1,10,200,50,False
data101.vrp,sa,random,True,72,4495.8579072864895,20,1658.4714808508359,52,2837.3864264356534,63.11112328165595,30.375944499995967,11132,0.75,3,200.0,0.95,0.01,200,0.5,0.2,10,200,50,False
data101.vrp,sa,random,True,72,4495.8579072864895,20,1675.6408875371826,52,2820.217019749307,62.729229390869946,26.86862920000567,11048,0.75,3,200.0,0.95,0.01,200,0.5,0.3,10,200,50,False
data101.vrp,sa,random,True,72,4495.8579072864895,19,1672.6709282188604,53,2823.186979067629,62.795289292663306,28.999968700001773,11261,0.75,3,200.0,0.95,0.01,200,0.7,0.1,10,200,50,False
data101.vrp,sa,random,True,72,4495.8579072864895,19,1670.05344391788,53,2825.8044633686095,62.85350919985249,30.561067699993146,11308,0.75,3,200.0,0.95,0.01,200,0.7,0.2,10,200,50,False
data101.vrp,sa,random,True,72,4495.8579072864895,19,1671.2483736561182,53,2824.6095336303715,62.82693074112716,24.765961099998094,11334,0.75,3,200.0,0.95,0.01,200,0.7,0.3,10,200,50,False
data101.vrp,sa,random,True,72,4495.8579072864895,20,1658.0676931202872,52,2837.7902141662025,63.12010460933302,112.05122780000238,22257,0.75,3,200.0,0.95,0.01,400,0.3,0.1,10,200,50,False
data101.vrp,sa,random,True,72,4495.8579072864895,20,1684.4402989171424,52,2811.4176083693474,62.53350675991894,91.66925549999723,22302,0.75,3,200.0,0.95,0.01,400,0.3,0.2,10,200,50,False
data101.vrp,sa,random,True,72,4495.8579072864895,20,1666.1793740133412,52,2829.6785332731483,62.93967895842649,70.45389360000263,22434,0.75,3,200.0,0.95,0.01,400,0.3,0.3,10,200,50,False
data101.vrp,sa,random,True,72,4495.8579072864895,20,1657.5637711182242,52,2838.294136168265,63.131313193155165,84.07765350000409,22611,0.75,3,200.0,0.95,0.01,400,0.5,0.1,10,200,50,False
data101.vrp,sa,random,True,72,4495.8579072864895,20,1665.3422960749222,52,2830.5156112115674,62.9582978284104,61.5419219999967,22242,0.75,3,200.0,0.95,0.01,400,0.5,0.2,10,200,50,False
data101.vrp,sa,random,True,72,4495.8579072864895,20,1665.8584899331283,52,2829.9994173533614,62.946816285424596,51.5802079999994,22055,0.75,3,200.0,0.95,0.01,400,0.5,0.3,10,200,50,False
data101.vrp,sa,random,True,72,4495.8579072864895,20,1676.888568358419,52,2818.9693389280706,62.70147760584991,60.99537949999649,22535,0.75,3,200.0,0.95,0.01,400,0.7,0.1,10,200,50,False
data101.vrp,sa,random,True,72,4495.8579072864895,19,1697.203946147502,53,2798.6539611389876,62.249608836684466,55.033943599999475,22407,0.75,3,200.0,0.95,0.01,400,0.7,0.2,10,200,50,False
data101.vrp,sa,random,True,72,4495.8579072864895,19,1662.6565191847058,53,2833.201388101784,63.01803674689054,46.86390129999927,22788,0.75,3,200.0,0.95,0.01,400,0.7,0.3,10,200,50,False
data101.vrp,sa,random,True,72,4495.8579072864895,21,1706.0677099913105,51,2789.790197295179,62.05245483345311,23.198919499998738,5444,0.75,3,200.0,0.95,0.1,100,0.3,0.1,10,200,50,False
data101.vrp,sa,random,True,72,4495.8579072864895,20,1679.4677558052167,52,2816.390151481273,62.644109523940166,19.39938770000299,5541,0.75,3,200.0,0.95,0.1,100,0.3,0.2,10,200,50,False
data101.vrp,sa,random,True,72,4495.8579072864895,20,1693.3129678848882,52,2802.5449394016014,62.336154682724384,15.182644500004244,5459,0.75,3,200.0,0.95,0.1,100,0.3,0.3,10,200,50,False
data101.vrp,sa,random,True,72,4495.8579072864895,20,1700.4094199361577,52,2795.4484873503316,62.17831045816007,16.845768500003032,5536,0.75,3,200.0,0.95,0.1,100,0.5,0.1,10,200,50,False
data101.vrp,sa,random,True,72,4495.8579072864895,20,1664.456832817236,52,2831.401074469253,62.97799291833419,12.414551400004711,5501,0.75,3,200.0,0.95,0.1,100,0.5,0.2,10,200,50,False
data101.vrp,sa,random,True,72,4495.8579072864895,20,1688.112025491474,52,2807.7458817950155,62.451837662495265,11.030305100000987,5528,0.75,3,200.0,0.95,0.1,100,0.5,0.3,10,200,50,False
data101.vrp,sa,random,True,72,4495.8579072864895,20,1660.1648728647233,52,2835.6930344217662,63.073457678142475,12.298753999995824,5686,0.75,3,200.0,0.95,0.1,100,0.7,0.1,10,200,50,False
data101.vrp,sa,random,True,72,4495.8579072864895,19,1667.3481889761301,53,2828.5097183103594,62.91368136270856,12.336465500004124,5727,0.75,3,200.0,0.95,0.1,100,0.7,0.2,10,200,50,False
data101.vrp,sa,random,True,72,4495.8579072864895,19,1665.9827402136038,53,2829.8751670728857,62.944052624227155,10.570723100005125,5652,0.75,3,200.0,0.95,0.1,100,0.7,0.3,10,200,50,False
data101.vrp,sa,random,True,72,4495.8579072864895,20,1671.4580155434335,52,2824.3998917430563,62.822267740390956,52.32085659999575,11046,0.75,3,200.0,0.95,0.1,200,0.3,0.1,10,200,50,False
data101.vrp,sa,random,True,72,4495.8579072864895,20,1667.105033777254,52,2828.7528735092355,62.91908978984062,38.8883113999982,11175,0.75,3,200.0,0.95,0.1,200,0.3,0.2,10,200,50,False
data101.vrp,sa,random,True,72,4495.8579072864895,20,1669.549100955784,52,2826.3088063307055,62.86472714696062,31.492268800000602,10970,0.75,3,200.0,0.95,0.1,200,0.3,0.3,10,200,50,False
data101.vrp,sa,random,True,72,4495.8579072864895,19,1691.991172150155,53,2803.8667351363347,62.36555498322301,42.51191200000176,11477,0.75,3,200.0,0.95,0.1,200,0.5,0.1,10,200,50,False
data101.vrp,sa,random,True,72,4495.8579072864895,20,1658.4714808508359,52,2837.3864264356534,63.11112328165595,29.029470900000888,11129,0.75,3,200.0,0.95,0.1,200,0.5,0.2,10,200,50,False
data101.vrp,sa,random,True,72,4495.8579072864895,20,1675.6408875371826,52,2820.217019749307,62.729229390869946,22.401153599996178,11033,0.75,3,200.0,0.95,0.1,200,0.5,0.3,10,200,50,False
data101.vrp,sa,random,True,72,4495.8579072864895,19,1672.6709282188604,53,2823.186979067629,62.795289292663306,28.353261400006886,11261,0.75,3,200.0,0.95,0.1,200,0.7,0.1,10,200,50,False
data101.vrp,sa,random,True,72,4495.8579072864895,19,1670.05344391788,53,2825.8044633686095,62.85350919985249,24.79495229999884,11249,0.75,3,200.0,0.95,0.1,200,0.7,0.2,10,200,50,False
data101.vrp,sa,random,True,72,4495.8579072864895,19,1671.2483736561182,53,2824.6095336303715,62.82693074112716,21.453752199995506,11296,0.75,3,200.0,0.95,0.1,200,0.7,0.3,10,200,50,False
data101.vrp,sa,random,True,72,4495.8579072864895,20,1658.0676931202872,52,2837.7902141662025,63.12010460933302,106.0013367000065,22244,0.75,3,200.0,0.95,0.1,400,0.3,0.1,10,200,50,False
data101.vrp,sa,random,True,72,4495.8579072864895,20,1684.4402989171424,52,2811.4176083693474,62.53350675991894,90.07762309999816,22302,0.75,3,200.0,0.95,0.1,400,0.3,0.2,10,200,50,False
data101.vrp,sa,random,True,72,4495.8579072864895,20,1666.1793740133412,52,2829.6785332731483,62.93967895842649,63.7693861000007,22393,0.75,3,200.0,0.95,0.1,400,0.3,0.3,10,200,50,False
data101.vrp,sa,random,True,72,4495.8579072864895,20,1657.5637711182242,52,2838.294136168265,63.131313193155165,72.32772850000038,22596,0.75,3,200.0,0.95,0.1,400,0.5,0.1,10,200,50,False
data101.vrp,sa,random,True,72,4495.8579072864895,20,1665.3422960749222,52,2830.5156112115674,62.9582978284104,60.09930979999626,22234,0.75,3,200.0,0.95,0.1,400,0.5,0.2,10,200,50,False
data101.vrp,sa,random,True,72,4495.8579072864895,20,1665.8584899331283,52,2829.9994173533614,62.946816285424596,49.96810710000136,22039,0.75,3,200.0,0.95,0.1,400,0.5,0.3,10,200,50,False
data101.vrp,sa,random,True,72,4495.8579072864895,20,1676.888568358419,52,2818.9693389280706,62.70147760584991,58.26822859999811,22534,0.75,3,200.0,0.95,0.1,400,0.7,0.1,10,200,50,False
data101.vrp,sa,random,True,72,4495.8579072864895,19,1697.203946147502,53,2798.6539611389876,62.249608836684466,53.82767440000316,22406,0.75,3,200.0,0.95,0.1,400,0.7,0.2,10,200,50,False
data101.vrp,sa,random,True,72,4495.8579072864895,19,1662.6565191847058,53,2833.201388101784,63.01803674689054,46.35482030000276,22786,0.75,3,200.0,0.95,0.1,400,0.7,0.3,10,200,50,False
data101.vrp,sa,random,True,72,4495.8579072864895,19,1676.544941076976,53,2819.3129662095134,62.70912080295553,127.44953560000431,28741,0.75,3,200.0,0.99,0.01,100,0.3,0.1,10,200,50,False
data101.vrp,sa,random,True,72,4495.8579072864895,20,1674.305318655723,52,2821.5525886307664,62.75893604328204,83.26753579999786,28006,0.75,3,200.0,0.99,0.01,100,0.3,0.2,10,200,50,False
data101.vrp,sa,random,True,72,4495.8579072864895,20,1863.7899376656796,52,2632.06796962081,58.544287295089696,28.777245199999015,22636,0.75,3,200.0,0.99,0.01,100,0.3,0.3,10,200,50,False
data101.vrp,sa,random,True,72,4495.8579072864895,20,1678.192533064473,52,2817.6653742220165,62.67247391549883,62.57565889999387,27780,0.75,3,200.0,0.99,0.01,100,0.5,0.1,10,200,50,False
data101.vrp,sa,random,True,72,4495.8579072864895,20,1664.4846518067252,52,2831.3732554797643,62.977374149012235,57.70391350000136,28048,0.75,3,200.0,0.99,0.01,100,0.5,0.2,10,200,50,False
data101.vrp,sa,random,True,72,4495.8579072864895,20,1652.058613342117,52,2843.7992939443725,63.253762743155065,47.677354799998284,27882,0.75,3,200.0,0.99,0.01,100,0.5,0.3,10,200,50,False
data101.vrp,sa,random,True,72,4495.8579072864895,19,1664.7940386982477,53,2831.063868588242,62.97049255048527,70.77801619999809,28872,0.75,3,200.0,0.99,0.01,100,0.7,0.1,10,200,50,False
data101.vrp,sa,random,True,72,4495.8579072864895,19,1663.7584077322729,53,2832.099499554217,62.99352777507047,59.321312000000034,28575,0.75,3,200.0,0.99,0.01,100,0.7,0.2,10,200,50,False
data101.vrp,sa,random,True,72,4495.8579072864895,22,2111.6228146042718,50,2384.235092682218,53.03181599262868,10.559369399998104,15769,0.75,3,200.0,0.99,0.01,100,0.7,0.3,10,200,50,False
data101.vrp,sa,random,True,72,4495.8579072864895,22,2081.6560204156012,50,2414.2018868708883,53.69835828125625,68.57210839999607,33895,0.75,3,200.0,0.99,0.01,200,0.3,0.1,10,200,50,False
data101.vrp,sa,random,True,72,4495.8579072864895,19,1674.79845319849,53,2821.0594540879993,62.74796740163596,180.60536799999682,56879,0.75,3,200.0,0.99,0.01,200,0.3,0.2,10,200,50,False
data101.vrp,sa,random,True,72,4495.8579072864895,19,1655.8042598044137,53,2840.0536474820756,63.17044946814639,157.54987970000366,57293,0.75,3,200.0,0.99,0.01,200,0.3,0.3,10,200,50,False
data101.vrp,sa,random,True,72,4495.8579072864895,20,1665.9890087951756,52,2829.868898491314,62.94391319407387,145.8012563000011,56490,0.75,3,200.0,0.99,0.01,200,0.5,0.1,10,200,50,False
data101.vrp,sa,random,True,72,4495.8579072864895,21,2007.992486552998,51,2487.8654207334916,55.33683385992647,47.330144800005655,40020,0.75,3,200.0,0.99,0.01,200,0.5,0.2,10,200,50,False
data101.vrp,sa,random,True,72,4495.8579072864895,20,1662.2707601873283,52,2833.5871470991615,63.02661706693919,96.06494389999716,56030,0.75,3,200.0,0.99,0.01,200,0.5,0.3,10,200,50,False
data101.vrp,sa,random,True,72,4495.8579072864895,20,1644.2573347279103,52,2851.600572558579,63.42728421058318,115.97967129999597,56726,0.75,3,200.0,0.99,0.01,200,0.7,0.1,10,200,50,False
data101.vrp,sa,random,True,72,4495.8579072864895,21,2084.9275974487523,51,2410.9303098377372,53.62558958837009,18.998623799998313,20419,0.75,3,200.0,0.99,0.01,200,0.7,0.2,10,200,50,False
data101.vrp,sa,random,True,72,4495.8579072864895,21,2015.6097507957904,51,2480.2481564906993,55.167405368193066,26.40562990000035,32319,0.75,3,200.0,0.99,0.01,200,0.7,0.3,10,200,50,False
data101.vrp,sa,random,True,72,4495.8579072864895,20,1930.3220002316955,52,2565.535907054794,57.064434863406156,182.7272368000049,74924,0.75,3,200.0,0.99,0.01,400,0.3,0.1,10,200,50,False
data101.vrp,sa,random,True,72,4495.8579072864895,19,1668.2770296049591,53,2827.58087768153,62.89302144311181,332.54434290000063,113170,0.75,3,200.0,0.99,0.01,400,0.3,0.2,10,200,50,False
data101.vrp,sa,random,True,72,4495.8579072864895,19,1662.4212866173102,53,2833.4366206691793,63.023268953340256,336.7834436999983,114812,0.75,3,200.0,0.99,0.01,400,0.3,0.3,10,200,50,False
data101.vrp,sa,random,True,72,4495.8579072864895,22,2131.8214638354325,50,2364.036443451057,52.582543581273676,49.51811340000131,36497,0.75,3,200.0,0.99,0.01,400,0.5,0.1,10,200,50,False
data101.vrp,sa,random,True,72,4495.8579072864895,20,1963.819697406153,52,2532.0382098803366,56.319355773602915,90.23540160000266,67020,0.75,3,200.0,0.99,0.01,400,0.5,0.2,10,200,50,False
data101.vrp,sa,random,True,72,4495.8579072864895,20,1850.2103199537958,52,2645.6475873326935,58.84633460156429,108.74519709999731,94529,0.75,3,200.0,0.99,0.01,400,0.5,0.3,10,200,50,False
data101.vrp,sa,random,True,72,4495.8579072864895,19,1662.0027022845443,53,2833.8552050019453,63.03257939734,260.1179489999995,114713,0.75,3,200.0,0.99,0.01,400,0.7,0.1,10,200,50,False
data101.vrp,sa,random,True,72,4495.8579072864895,19,1660.9022958483652,53,2834.9556114381244,63.057055403007254,236.79708250000112,115007,0.75,3,200.0,0.99,0.01,400,0.7,0.2,10,200,50,False
data101.vrp,sa,random,True,72,4495.8579072864895,19,1651.0112297394687,53,2844.8466775470206,63.27705937806317,205.35369360000186,114851,0.75,3,200.0,0.99,0.01,400,0.7,0.3,10,200,50,False
data101.vrp,sa,random,True,72,4495.8579072864895,19,1676.544941076976,53,2819.3129662095134,62.70912080295553,126.75105159999657,28741,0.75,3,200.0,0.99,0.1,100,0.3,0.1,10,200,50,False
data101.vrp,sa,random,True,72,4495.8579072864895,20,1674.305318655723,52,2821.5525886307664,62.75893604328204,83.86748149999767,28006,0.75,3,200.0,0.99,0.1,100,0.3,0.2,10,200,50,False
data101.vrp,sa,random,True,72,4495.8579072864895,20,1863.7899376656796,52,2632.06796962081,58.544287295089696,28.95475820000138,22636,0.75,3,200.0,0.99,0.1,100,0.3,0.3,10,200,50,False
data101.vrp,sa,random,True,72,4495.8579072864895,20,1678.192533064473,52,2817.6653742220165,62.67247391549883,63.54372490000242,27780,0.75,3,200.0,0.99,0.1,100,0.5,0.1,10,200,50,False
data101.vrp,sa,random,True,72,4495.8579072864895,20,1664.4846518067252,52,2831.3732554797643,62.977374149012235,58.642124000005424,28048,0.75,3,200.0,0.99,0.1,100,0.5,0.2,10,200,50,False
data101.vrp,sa,random,True,72,4495.8579072864895,20,1652.058613342117,52,2843.7992939443725,63.253762743155065,47.728407100003096,27882,0.75,3,200.0,0.99,0.1,100,0.5,0.3,10,200,50,False
data101.vrp,sa,random,True,72,4495.8579072864895,19,1664.7940386982477,53,2831.063868588242,62.97049255048527,70.87378500000341,28872,0.75,3,200.0,0.99,0.1,100,0.7,0.1,10,200,50,False
data101.vrp,sa,random,True,72,4495.8579072864895,19,1663.7584077322729,53,2832.099499554217,62.99352777507047,59.8462292999975,28575,0.75,3,200.0,0.99,0.1,100,0.7,0.2,10,200,50,False
data101.vrp,sa,random,True,72,4495.8579072864895,22,2111.6228146042718,50,2384.235092682218,53.03181599262868,10.952063500000804,15769,0.75,3,200.0,0.99,0.1,100,0.7,0.3,10,200,50,False
data101.vrp,sa,random,True,72,4495.8579072864895,22,2081.6560204156012,50,2414.2018868708883,53.69835828125625,69.49776980000024,33895,0.75,3,200.0,0.99,0.1,200,0.3,0.1,10,200,50,False
data101.vrp,sa,random,True,72,4495.8579072864895,19,1674.79845319849,53,2821.0594540879993,62.74796740163596,5685.546280900002,56879,0.75,3,200.0,0.99,0.1,200,0.3,0.2,10,200,50,False
data101.vrp,sa,random,True,72,4495.8579072864895,19,1655.8042598044137,53,2840.0536474820756,63.17044946814639,441.9190999000057,57293,0.75,3,200.0,0.99,0.1,200,0.3,0.3,10,200,50,False
data101.vrp,sa,random,True,72,4495.8579072864895,20,1665.9890087951756,52,2829.868898491314,62.94391319407387,412.09065089999785,56490,0.75,3,200.0,0.99,0.1,200,0.5,0.1,10,200,50,False
data101.vrp,sa,random,True,72,4495.8579072864895,21,2007.992486552998,51,2487.8654207334916,55.33683385992647,121.24661510000442,40020,0.75,3,200.0,0.99,0.1,200,0.5,0.2,10,200,50,False
data101.vrp,sa,random,True,72,4495.8579072864895,20,1662.2707601873283,52,2833.5871470991615,63.02661706693919,256.51033330000064,56030,0.75,3,200.0,0.99,0.1,200,0.5,0.3,10,200,50,False
data101.vrp,sa,random,True,72,4495.8579072864895,20,1644.2573347279103,52,2851.600572558579,63.42728421058318,321.7676788000026,56726,0.75,3,200.0,0.99,0.1,200,0.7,0.1,10,200,50,False
data101.vrp,sa,random,True,72,4495.8579072864895,21,2084.9275974487523,51,2410.9303098377372,53.62558958837009,53.83398680000391,20419,0.75,3,200.0,0.99,0.1,200,0.7,0.2,10,200,50,False
data101.vrp,sa,random,True,72,4495.8579072864895,21,2015.6097507957904,51,2480.2481564906993,55.167405368193066,70.9582029000012,32319,0.75,3,200.0,0.99,0.1,200,0.7,0.3,10,200,50,False
data101.vrp,sa,random,True,72,4495.8579072864895,20,1930.3220002316955,52,2565.535907054794,57.064434863406156,519.7666328999985,74924,0.75,3,200.0,0.99,0.1,400,0.3,0.1,10,200,50,False
data101.vrp,sa,random,True,72,4495.8579072864895,19,1668.2770296049591,53,2827.58087768153,62.89302144311181,949.2597136999975,113170,0.75,3,200.0,0.99,0.1,400,0.3,0.2,10,200,50,False
data101.vrp,sa,random,True,72,4495.8579072864895,19,1662.4212866173102,53,2833.4366206691793,63.023268953340256,969.9563265000033,114812,0.75,3,200.0,0.99,0.1,400,0.3,0.3,10,200,50,False
data101.vrp,sa,random,True,72,4495.8579072864895,22,2131.8214638354325,50,2364.036443451057,52.582543581273676,137.9078778999974,36497,0.75,3,200.0,0.99,0.1,400,0.5,0.1,10,200,50,False
data101.vrp,sa,random,True,72,4495.8579072864895,20,1963.819697406153,52,2532.0382098803366,56.319355773602915,255.45428530000208,67020,0.75,3,200.0,0.99,0.1,400,0.5,0.2,10,200,50,False
data101.vrp,sa,random,True,72,4495.8579072864895,20,1850.2103199537958,52,2645.6475873326935,58.84633460156429,301.40791999999783,94529,0.75,3,200.0,0.99,0.1,400,0.5,0.3,10,200,50,False
data101.vrp,sa,random,True,72,4495.8579072864895,19,1662.0027022845443,53,2833.8552050019453,63.03257939734,726.9190726000015,114713,0.75,3,200.0,0.99,0.1,400,0.7,0.1,10,200,50,False
data101.vrp,sa,random,True,72,4495.8579072864895,19,1660.9022958483652,53,2834.9556114381244,63.057055403007254,681.8826695000025,115007,0.75,3,200.0,0.99,0.1,400,0.7,0.2,10,200,50,False
data101.vrp,sa,random,True,72,4495.8579072864895,19,1651.0112297394687,53,2844.8466775470206,63.27705937806317,929.7687984000004,114851,0.75,3,200.0,0.99,0.1,400,0.7,0.3,10,200,50,False
data101.vrp,sa,random,True,72,4495.8579072864895,21,1691.9469176187465,51,2803.910989667743,62.36653932330494,45.119895499999984,3629,0.75,3,500.0,0.9,0.01,100,0.3,0.1,10,200,50,False
data101.vrp,sa,random,True,72,4495.8579072864895,20,1687.206969993349,52,2808.6509372931405,62.47196853666409,40.28339759999653,3639,0.75,3,500.0,0.9,0.01,100,0.3,0.2,10,200,50,False
data101.vrp,sa,random,True,72,4495.8579072864895,20,1661.4771546873915,52,2834.380752599098,63.04426899269623,27.61890940000012,3632,0.75,3,500.0,0.9,0.01,100,0.3,0.3,10,200,50,False
data101.vrp,sa,random,True,72,4495.8579072864895,20,1674.6801957777764,52,2821.1777115087134,62.75059776547648,32.26759149999998,3711,0.75,3,500.0,0.9,0.01,100,0.5,0.1,10,200,50,False
data101.vrp,sa,random,True,72,4495.8579072864895,20,1692.7981028670006,52,2803.059804419489,62.347606668719166,29.45450290000008,3585,0.75,3,500.0,0.9,0.01,100,0.5,0.2,10,200,50,False
data101.vrp,sa,random,True,72,4495.8579072864895,21,1690.0089106056892,51,2805.8489966808,62.409645823844386,20.058336699999927,3624,0.75,3,500.0,0.9,0.01,100,0.5,0.3,10,200,50,False
data101.vrp,sa,random,True,72,4495.8579072864895,20,1718.7301826973217,52,2777.127724589168,61.7708073043911,22.534616099997947,3674,0.75,3,500.0,0.9,0.01,100,0.7,0.1,10,200,50,False
data101.vrp,sa,random,True,72,4495.8579072864895,21,1728.6953729403656,51,2767.1625343461237,61.549154608764454,19.154808899998898,3605,0.75,3,500.0,0.9,0.01,100,0.7,0.2,10,200,50,False
data101.vrp,sa,random,True,72,4495.8579072864895,21,1697.646080689754,51,2798.2118265967356,62.239774572538,14.97460609999689,3618,0.75,3,500.0,0.9,0.01,100,0.7,0.3,10,200,50,False
data101.vrp,sa,random,True,72,4495.8579072864895,19,1662.420988201137,53,2833.436919085352,63.02327559092043,91.04513929999666,7250,0.75,3,500.0,0.9,0.01,200,0.3,0.1,10,200,50,False
data101.vrp,sa,random,True,72,4495.8579072864895,22,1702.3304912493381,50,2793.5274160371514,62.135580653241924,62.878452700002526,7150,0.75,3,500.0,0.9,0.01,200,0.3,0.2,10,200,50,False
data101.vrp,sa,random,True,72,4495.8579072864895,20,1680.3189074953204,52,2815.538999791169,62.62517761577811,55.4976136999976,7244,0.75,3,500.0,0.9,0.01,200,0.3,0.3,10,200,50,False
data101.vrp,sa,random,True,72,4495.8579072864895,20,1685.190831503631,52,2810.667075782859,62.516812891874935,61.50742940000055,7171,0.75,3,500.0,0.9,0.01,200,0.5,0.1,10,200,50,False
data101.vrp,sa,random,True,72,4495.8579072864895,20,1663.7429171116933,52,2832.1149901747963,62.9938723282325,53.622663300004206,7251,0.75,3,500.0,0.9,0.01,200,0.5,0.2,10,200,50,False
data101.vrp,sa,random,True,72,4495.8579072864895,20,1681.7726400863003,52,2814.0852672001893,62.59284268391509,43.32206949999818,7215,0.75,3,500.0,0.9,0.01,200,0.5,0.3,10,200,50,False
data101.vrp,sa,random,True,72,4495.8579072864895,21,1687.2422967208518,51,2808.615610565638,62.47118277500901,38.76466420000361,7223,0.75,3,500.0,0.9,0.01,200,0.7,0.1,10,200,50,False
data101.vrp,sa,random,True,72,4495.8579072864895,20,1716.0648890943673,52,2779.793018192122,61.83009061934273,40.07260369999858,7227,0.75,3,500.0,0.9,0.01,200,0.7,0.2,10,200,50,False
data101.vrp,sa,random,True,72,4495.8579072864895,20,1653.7313143181266,52,2842.126592968363,63.216557364103856,31.099007199998596,7202,0.75,3,500.0,0.9,0.01,200,0.7,0.3,10,200,50,False
data101.vrp,sa,random,True,72,4495.8579072864895,20,1681.9497420244227,52,2813.908165262067,62.58890345937164,217.2745675000042,14498,0.75,3,500.0,0.9,0.01,400,0.3,0.1,10,200,50,False
data101.vrp,sa,random,True,72,4495.8579072864895,19,1674.6676147099697,53,2821.19029257652,62.75087760234112,63.190441600003396,14523,0.75,3,500.0,0.9,0.01,400,0.3,0.2,10,200,50,False
data101.vrp,sa,random,True,72,4495.8579072864895,21,1673.8073008359859,51,2822.0506064505034,62.7700133021725,42.15992629999528,14312,0.75,3,500.0,0.9,0.01,400,0.3,0.3,10,200,50,False
data101.vrp,sa,random,True,72,4495.8579072864895,19,1679.7157127756848,53,2816.142194510805,62.638594292463075,52.720117600001686,14473,0.75,3,500.0,0.9,0.01,400,0.5,0.1,10,200,50,False
data101.vrp,sa,random,True,72,4495.8579072864895,20,1682.5045536330588,52,2813.3533536534305,62.57656295350873,41.76563239999814,14459,0.75,3,500.0,0.9,0.01,400,0.5,0.2,10,200,50,False
data101.vrp,sa,random,True,72,4495.8579072864895,20,1673.447161572724,52,2822.410745713765,62.778023770267545,34.4980557999952,14494,0.75,3,500.0,0.9,0.01,400,0.5,0.3,10,200,50,False
data101.vrp,sa,random,True,72,4495.8579072864895,20,1704.3462581963365,52,2791.511649090153,62.090744562142795,38.88874979999673,14502,0.75,3,500.0,0.9,0.01,400,0.7,0.1,10,200,50,False
data101.vrp,sa,random,True,72,4495.8579072864895,20,1676.189213484852,52,2819.6686938016373,62.71703314359129,28.67330189999484,14272,0.75,3,500.0,0.9,0.01,400,0.7,0.2,10,200,50,False
data101.vrp,sa,random,True,72,4495.8579072864895,19,1667.757859820699,53,2828.1000474657903,62.90456917871571,28.90466209999431,14456,0.75,3,500.0,0.9,0.01,400,0.7,0.3,10,200,50,False
data101.vrp,sa,random,True,72,4495.8579072864895,21,1692.2346135421337,51,2803.6232937443556,62.360140190384804,12.836743200001365,3621,0.75,3,500.0,0.9,0.1,100,0.3,0.1,10,200,50,False
data101.vrp,sa,random,True,72,4495.8579072864895,20,1687.206969993349,52,2808.6509372931405,62.47196853666409,11.174295299999358,3630,0.75,3,500.0,0.9,0.1,100,0.3,0.2,10,200,50,False
data101.vrp,sa,random,True,72,4495.8579072864895,20,1661.4771546873915,52,2834.380752599098,63.04426899269623,8.142064800005755,3622,0.75,3,500.0,0.9,0.1,100,0.3,0.3,10,200,50,False
data101.vrp,sa,random,True,72,4495.8579072864895,20,1674.6801957777764,52,2821.1777115087134,62.75059776547648,8.852083300000231,3708,0.75,3,500.0,0.9,0.1,100,0.5,0.1,10,200,50,False
data101.vrp,sa,random,True,72,4495.8579072864895,20,1692.7981028670006,52,2803.059804419489,62.347606668719166,7.930471599996963,3583,0.75,3,500.0,0.9,0.1,100,0.5,0.2,10,200,50,False
data101.vrp,sa,random,True,72,4495.8579072864895,21,1690.0089106056892,51,2805.8489966808,62.409645823844386,5.478553900000406,3613,0.75,3,500.0,0.9,0.1,100,0.5,0.3,10,200,50,False
data101.vrp,sa,random,True,72,4495.8579072864895,20,1718.7301826973217,52,2777.127724589168,61.7708073043911,6.666992799997388,3665,0.75,3,500.0,0.9,0.1,100,0.7,0.1,10,200,50,False
data101.vrp,sa,random,True,72,4495.8579072864895,21,1728.6953729403656,51,2767.1625343461237,61.549154608764454,5.003741599997738,3589,0.75,3,500.0,0.9,0.1,100,0.7,0.2,10,200,50,False
data101.vrp,sa,random,True,72,4495.8579072864895,21,1697.646080689754,51,2798.2118265967356,62.239774572538,4.1971317999996245,3612,0.75,3,500.0,0.9,0.1,100,0.7,0.3,10,200,50,False
data101.vrp,sa,random,True,72,4495.8579072864895,19,1662.420988201137,53,2833.436919085352,63.02327559092043,26.099264500000572,7231,0.75,3,500.0,0.9,0.1,200,0.3,0.1,10,200,50,False
data101.vrp,sa,random,True,72,4495.8579072864895,22,1702.774730996858,50,2793.0831762896314,62.125699563655004,19.443028299996513,7141,0.75,3,500.0,0.9,0.1,200,0.3,0.2,10,200,50,False
data101.vrp,sa,random,True,72,4495.8579072864895,20,1680.3189074953204,52,2815.538999791169,62.62517761577811,16.25411670000176,7233,0.75,3,500.0,0.9,0.1,200,0.3,0.3,10,200,50,False
data101.vrp,sa,random,True,72,4495.8579072864895,20,1685.190831503631,52,2810.667075782859,62.516812891874935,18.681080499998643,7171,0.75,3,500.0,0.9,0.1,200,0.5,0.1,10,200,50,False
data101.vrp,sa,random,True,72,4495.8579072864895,20,1663.7429171116933,52,2832.1149901747963,62.9938723282325,16.139637100000982,7236,0.75,3,500.0,0.9,0.1,200,0.5,0.2,10,200,50,False
data101.vrp,sa,random,True,72,4495.8579072864895,20,1681.7726400863003,52,2814.0852672001893,62.59284268391509,13.083241899999848,7207,0.75,3,500.0,0.9,0.1,200,0.5,0.3,10,200,50,False
data101.vrp,sa,random,True,72,4495.8579072864895,21,1687.2422967208518,51,2808.615610565638,62.47118277500901,12.11188889999903,7220,0.75,3,500.0,0.9,0.1,200,0.7,0.1,10,200,50,False
data101.vrp,sa,random,True,72,4495.8579072864895,20,1716.0648890943673,52,2779.793018192122,61.83009061934273,11.757621600001585,7219,0.75,3,500.0,0.9,0.1,200,0.7,0.2,10,200,50,False
data101.vrp,sa,random,True,72,4495.8579072864895,20,1653.7313143181266,52,2842.126592968363,63.216557364103856,9.250005200003216,7184,0.75,3,500.0,0.9,0.1,200,0.7,0.3,10,200,50,False
data101.vrp,sa,random,True,72,4495.8579072864895,20,1681.9497420244227,52,2813.908165262067,62.58890345937164,64.79491599999892,14486,0.75,3,500.0,0.9,0.1,400,0.3,0.1,10,200,50,False
data101.vrp,sa,random,True,72,4495.8579072864895,19,1674.6676147099697,53,2821.19029257652,62.75087760234112,48.193594700001995,14476,0.75,3,500.0,0.9,0.1,400,0.3,0.2,10,200,50,False
data101.vrp,sa,random,True,72,4495.8579072864895,21,1674.3225084817518,51,2821.5353988047377,62.75855369521003,33.73571529999754,14285,0.75,3,500.0,0.9,0.1,400,0.3,0.3,10,200,50,False
data101.vrp,sa,random,True,72,4495.8579072864895,19,1679.7157127756848,53,2816.142194510805,62.638594292463075,40.69094739999855,14428,0.75,3,500.0,0.9,0.1,400,0.5,0.1,10,200,50,False
data101.vrp,sa,random,True,72,4495.8579072864895,20,1682.5045536330588,52,2813.3533536534305,62.57656295350873,32.20644980000361,14435,0.75,3,500.0,0.9,0.1,400,0.5,0.2,10,200,50,False
data101.vrp,sa,random,True,72,4495.8579072864895,20,1673.447161572724,52,2822.410745713765,62.778023770267545,26.628751199998078,14470,0.75,3,500.0,0.9,0.1,400,0.5,0.3,10,200,50,False
data101.vrp,sa,random,True,72,4495.8579072864895,20,1704.3462581963365,52,2791.511649090153,62.090744562142795,31.29429710000113,14492,0.75,3,500.0,0.9,0.1,400,0.7,0.1,10,200,50,False
data101.vrp,sa,random,True,72,4495.8579072864895,20,1676.189213484852,52,2819.6686938016373,62.71703314359129,22.500148400002217,14259,0.75,3,500.0,0.9,0.1,400,0.7,0.2,10,200,50,False
data101.vrp,sa,random,True,72,4495.8579072864895,19,1667.757859820699,53,2828.1000474657903,62.90456917871571,22.47733750000043,14430,0.75,3,500.0,0.9,0.1,400,0.7,0.3,10,200,50,False
data101.vrp,sa,random,True,72,4495.8579072864895,20,1693.9691336590886,52,2801.888773627401,62.32155978698408,39.658657799998764,7405,0.75,3,500.0,0.95,0.01,100,0.3,0.1,10,200,50,False
data101.vrp,sa,random,True,72,4495.8579072864895,20,1705.6719010393326,52,2790.186006247157,62.061258691585195,27.409596199999214,7401,0.75,3,500.0,0.95,0.01,100,0.3,0.2,10,200,50,False
data101.vrp,sa,random,True,72,4495.8579072864895,20,1687.649325421775,52,2808.2085818647147,62.46212935941365,20.132289900000615,7314,0.75,3,500.0,0.95,0.01,100,0.3,0.3,10,200,50,False
data101.vrp,sa,random,True,72,4495.8579072864895,21,1695.736525270941,51,2800.1213820155485,62.282248232920324,23.768878399998357,7285,0.75,3,500.0,0.95,0.01,100,0.5,0.1,10,200,50,False
data101.vrp,sa,random,True,72,4495.8579072864895,20,1678.2311224295431,52,2817.6267848569464,62.67161558398867,19.32059090000257,7436,0.75,3,500.0,0.95,0.01,100,0.5,0.2,10,200,50,False
data101.vrp,sa,random,True,72,4495.8579072864895,20,1656.753774257344,52,2839.1041330291455,63.14932970696819,15.561659999999392,7271,0.75,3,500.0,0.95,0.01,100,0.5,0.3,10,200,50,False
data101.vrp,sa,random,True,72,4495.8579072864895,20,1670.4987346617638,52,2825.359172624726,62.84360473327312,19.33763710000494,7357,0.75,3,500.0,0.95,0.01,100,0.7,0.1,10,200,50,False
data101.vrp,sa,random,True,72,4495.8579072864895,21,1696.477885627504,51,2799.3800216589852,62.265758379996775,14.179557299998123,7389,0.75,3,500.0,0.95,0.01,100,0.7,0.2,10,200,50,False
data101.vrp,sa,random,True,72,4495.8579072864895,20,1690.0811234238495,52,2805.77678386264,62.408039616093845,12.579130300000543,7302,0.75,3,500.0,0.95,0.01,100,0.7,0.3,10,200,50,False
data101.vrp,sa,random,True,72,4495.8579072864895,21,1675.2830859913524,51,2820.574821295137,62.73718786182718,69.86815379999462,14722,0.75,3,500.0,0.95,0.01,200,0.3,0.1,10,200,50,False
data101.vrp,sa,random,True,72,4495.8579072864895,20,1671.927975859798,52,2823.929931426692,62.811814556014234,55.12725670000509,14582,0.75,3,500.0,0.95,0.01,200,0.3,0.2,10,200,50,False
data101.vrp,sa,random,True,72,4495.8579072864895,20,1685.185573398787,52,2810.6723338877027,62.51692984630171,35.4363216999991,14502,0.75,3,500.0,0.95,0.01,200,0.3,0.3,10,200,50,False
data101.vrp,sa,random,True,72,4495.8579072864895,19,1660.1030894321138,53,2835.7548178543757,63.07483190824235,2716.3648386999994,14898,0.75,3,500.0,0.95,0.01,200,0.5,0.1,10,200,50,False
data101.vrp,sa,random,True,72,4495.8579072864895,19,1672.9396890889138,53,2822.9182181975757,62.78931132637531,33.839805499999784,14739,0.75,3,500.0,0.95,0.01,200,0.5,0.2,10,200,50,False
data101.vrp,sa,random,True,72,4495.8579072864895,20,1668.7916869825474,52,2827.066220303942,62.88157407559707,28.408825599995907,14496,0.75,3,500.0,0.95,0.01,200,0.5,0.3,10,200,50,False
data101.vrp,sa,random,True,72,4495.8579072864895,20,1677.9066347769779,52,2817.951272509512,62.67883306415057,32.8663671999966,14571,0.75,3,500.0,0.95,0.01,200,0.7,0.1,10,200,50,False
data101.vrp,sa,random,True,72,4495.8579072864895,19,1673.9868828776882,53,2821.8710244088015,62.76601891343946,24.924228100004257,14759,0.75,3,500.0,0.95,0.01,200,0.7,0.2,10,200,50,False
data101.vrp,sa,random,True,72,4495.8579072864895,20,1681.4140014307688,52,2814.443905855721,62.60081977444881,22.67146289999073,14646,0.75,3,500.0,0.95,0.01,200,0.7,0.3,10,200,50,False
data101.vrp,sa,random,True,72,4495.8579072864895,20,1652.3622521747877,52,2843.495655111702,63.24700899695284,128.32420550000097,29607,0.75,3,500.0,0.95,0.01,400,0.3,0.1,10,200,50,False
data101.vrp,sa,random,True,72,4495.8579072864895,20,1655.3145544385493,52,2840.5433528479402,63.181341835653626,92.11321390001103,29180,0.75,3,500.0,0.95,0.01,400,0.3,0.2,10,200,50,False
data101.vrp,sa,random,True,72,4495.8579072864895,19,1670.475402506415,53,2825.3825047800747,62.84412370330798,91.74765350000234,29805,0.75,3,500.0,0.95,0.01,400,0.3,0.3,10,200,50,False
data101.vrp,sa,random,True,72,4495.8579072864895,20,1661.6674017534822,52,2834.190505533007,63.04003738506952,84.16429400000197,29394,0.75,3,500.0,0.95,0.01,400,0.5,0.1,10,200,50,False
data101.vrp,sa,random,True,72,4495.8579072864895,19,1687.8390908909403,53,2808.018816395549,62.45790846380088,71.94839450001018,29333,0.75,3,500.0,0.95,0.01,400,0.5,0.2,10,200,50,False
data101.vrp,sa,random,True,72,4495.8579072864895,20,1654.3682403469243,52,2841.4896669395653,63.20239041216871,64.1132171999925,29264,0.75,3,500.0,0.95,0.01,400,0.5,0.3,10,200,50,False
data101.vrp,sa,random,True,72,4495.8579072864895,19,1674.6111271295404,53,2821.246780156949,62.7521340384117,84.21805640000093,30279,0.75,3,500.0,0.95,0.01,400,0.7,0.1,10,200,50,False
data101.vrp,sa,random,True,72,4495.8579072864895,20,1671.8238936656376,52,2824.034013620852,62.81412962460195,48.67186820000643,29211,0.75,3,500.0,0.95,0.01,400,0.7,0.2,10,200,50,False
data101.vrp,sa,random,True,72,4495.8579072864895,20,1662.513056526522,52,2833.344850759968,63.02122774316182,43.064277099998435,29112,0.75,3,500.0,0.95,0.01,400,0.7,0.3,10,200,50,False
data101.vrp,sa,random,True,72,4495.8579072864895,20,1694.0374717411614,52,2801.820435545328,62.32003976380982,28.379869399999734,7388,0.75,3,500.0,0.95,0.1,100,0.3,0.1,10,200,50,False
data101.vrp,sa,random,True,72,4495.8579072864895,20,1705.6719010393326,52,2790.186006247157,62.061258691585195,19.975430000005872,7378,0.75,3,500.0,0.95,0.1,100,0.3,0.2,10,200,50,False
data101.vrp,sa,random,True,72,4495.8579072864895,20,1687.649325421775,52,2808.2085818647147,62.46212935941365,16.13342680000642,7311,0.75,3,500.0,0.95,0.1,100,0.3,0.3,10,200,50,False
data101.vrp,sa,random,True,72,4495.8579072864895,21,1695.736525270941,51,2800.1213820155485,62.282248232920324,16.933303599987994,7267,0.75,3,500.0,0.95,0.1,100,0.5,0.1,10,200,50,False
data101.vrp,sa,random,True,72,4495.8579072864895,20,1678.2311224295431,52,2817.6267848569464,62.67161558398867,14.968362700004946,7413,0.75,3,500.0,0.95,0.1,100,0.5,0.2,10,200,50,False
data101.vrp,sa,random,True,72,4495.8579072864895,20,1656.753774257344,52,2839.1041330291455,63.14932970696819,11.489334300000337,7265,0.75,3,500.0,0.95,0.1,100,0.5,0.3,10,200,50,False
data101.vrp,sa,random,True,72,4495.8579072864895,20,1670.5451788343632,52,2825.312728452126,62.84257168966814,13.410565099999076,7350,0.75,3,500.0,0.95,0.1,100,0.7,0.1,10,200,50,False
data101.vrp,sa,random,True,72,4495.8579072864895,21,1696.477885627504,51,2799.3800216589852,62.265758379996775,10.191307400004007,7379,0.75,3,500.0,0.95,0.1,100,0.7,0.2,10,200,50,False
data101.vrp,sa,random,True,72,4495.8579072864895,20,1690.0811234238495,52,2805.77678386264,62.408039616093845,9.36912659999507,7291,0.75,3,500.0,0.95,0.1,100,0.7,0.3,10,200,50,False
data101.vrp,sa,random,True,72,4495.8579072864895,21,1675.2830859913524,51,2820.574821295137,62.73718786182718,53.73889940000663,14707,0.75,3,500.0,0.95,0.1,200,0.3,0.1,10,200,50,False
data101.vrp,sa,random,True,72,4495.8579072864895,20,1671.927975859798,52,2823.929931426692,62.811814556014234,44.53304449999996,14578,0.75,3,500.0,0.95,0.1,200,0.3,0.2,10,200,50,False
data101.vrp,sa,random,True,72,4495.8579072864895,20,1685.185573398787,52,2810.6723338877027,62.51692984630171,32.59456379999756,14502,0.75,3,500.0,0.95,0.1,200,0.3,0.3,10,200,50,False
data101.vrp,sa,random,True,72,4495.8579072864895,19,1660.1030894321138,53,2835.7548178543757,63.07483190824235,40.58779730000242,14867,0.75,3,500.0,0.95,0.1,200,0.5,0.1,10,200,50,False
data101.vrp,sa,random,True,72,4495.8579072864895,19,1672.9396890889138,53,2822.9182181975757,62.78931132637531,33.701871000012034,14739,0.75,3,500.0,0.95,0.1,200,0.5,0.2,10,200,50,False
data101.vrp,sa,random,True,72,4495.8579072864895,20,1668.7916869825474,52,2827.066220303942,62.88157407559707,23.820096399998874,14486,0.75,3,500.0,0.95,0.1,200,0.5,0.3,10,200,50,False
data101.vrp,sa,random,True,72,4495.8579072864895,20,1677.9066347769779,52,2817.951272509512,62.67883306415057,29.41028440000082,14568,0.75,3,500.0,0.95,0.1,200,0.7,0.1,10,200,50,False
data101.vrp,sa,random,True,72,4495.8579072864895,19,1673.9868828776882,53,2821.8710244088015,62.76601891343946,23.323492900002748,14755,0.75,3,500.0,0.95,0.1,200,0.7,0.2,10,200,50,False
data101.vrp,sa,random,True,72,4495.8579072864895,20,1681.4140014307688,52,2814.443905855721,62.60081977444881,20.39073769999959,14618,0.75,3,500.0,0.95,0.1,200,0.7,0.3,10,200,50,False
data101.vrp,sa,random,True,72,4495.8579072864895,20,1652.3622521747877,52,2843.495655111702,63.24700899695284,113.23569570000109,29573,0.75,3,500.0,0.95,0.1,400,0.3,0.1,10,200,50,False
data101.vrp,sa,random,True,72,4495.8579072864895,20,1655.3145544385493,52,2840.5433528479402,63.181341835653626,82.33448860001226,29157,0.75,3,500.0,0.95,0.1,400,0.3,0.2,10,200,50,False
data101.vrp,sa,random,True,72,4495.8579072864895,19,1670.475402506415,53,2825.3825047800747,62.84412370330798,79.24407150001207,29714,0.75,3,500.0,0.95,0.1,400,0.3,0.3,10,200,50,False
data101.vrp,sa,random,True,72,4495.8579072864895,20,1661.6674017534822,52,2834.190505533007,63.04003738506952,77.26317160000326,29385,0.75,3,500.0,0.95,0.1,400,0.5,0.1,10,200,50,False
data101.vrp,sa,random,True,72,4495.8579072864895,19,1687.8390908909403,53,2808.018816395549,62.45790846380088,68.79463889999897,29325,0.75,3,500.0,0.95,0.1,400,0.5,0.2,10,200,50,False
data101.vrp,sa,random,True,72,4495.8579072864895,20,1654.3682403469243,52,2841.4896669395653,63.20239041216871,55.44046079998952,29236,0.75,3,500.0,0.95,0.1,400,0.5,0.3,10,200,50,False
data101.vrp,sa,random,True,72,4495.8579072864895,19,1674.6111271295404,53,2821.246780156949,62.7521340384117,72.97186420000799,30189,0.75,3,500.0,0.95,0.1,400,0.7,0.1,10,200,50,False
data101.vrp,sa,random,True,72,4495.8579072864895,20,1671.8238936656376,52,2824.034013620852,62.81412962460195,48.07457369999611,29207,0.75,3,500.0,0.95,0.1,400,0.7,0.2,10,200,50,False
data101.vrp,sa,random,True,72,4495.8579072864895,20,1662.513056526522,52,2833.344850759968,63.02122774316182,42.30823920000694,29106,0.75,3,500.0,0.95,0.1,400,0.7,0.3,10,200,50,False
data101.vrp,sa,random,True,72,4495.8579072864895,23,2308.145144073222,49,2187.7127632132674,48.66062959124255,18.28238419999252,11579,0.75,3,500.0,0.99,0.01,100,0.3,0.1,10,200,50,False
data101.vrp,sa,random,True,72,4495.8579072864895,24,2323.0909782119147,48,2172.766929074575,48.32819394832621,10.669258999987505,9650,0.75,3,500.0,0.99,0.01,100,0.3,0.2,10,200,50,False
data101.vrp,sa,random,True,72,4495.8579072864895,23,2245.846340840191,49,2250.0115664462987,50.04632292314396,11.15738629999396,11897,0.75,3,500.0,0.99,0.01,100,0.3,0.3,10,200,50,False
data101.vrp,sa,random,True,72,4495.8579072864895,23,2146.6146313281797,49,2349.24327595831,52.253503656128984,17.048709099995904,15511,0.75,3,500.0,0.99,0.01,100,0.5,0.1,10,200,50,False
data101.vrp,sa,random,True,72,4495.8579072864895,22,2174.135059204829,50,2321.7228480816607,51.641375149308374,14.828659600010724,16094,0.75,3,500.0,0.99,0.01,100,0.5,0.2,10,200,50,False
data101.vrp,sa,random,True,72,4495.8579072864895,20,1664.528691267998,52,2831.3292160184915,62.97639459266991,50.17971399999806,36795,0.75,3,500.0,0.99,0.01,100,0.5,0.3,10,200,50,False
data101.vrp,sa,random,True,72,4495.8579072864895,23,2202.77264717542,49,2293.0852601110696,51.00439799030658,12.311434200004442,15063,0.75,3,500.0,0.99,0.01,100,0.7,0.1,10,200,50,False
data101.vrp,sa,random,True,72,4495.8579072864895,22,2127.6820772879423,50,2368.175829998547,52.67461469723981,14.791691299993545,20436,0.75,3,500.0,0.99,0.01,100,0.7,0.2,10,200,50,False
data101.vrp,sa,random,True,72,4495.8579072864895,23,2234.109808810059,49,2261.7480984764306,50.30737503538066,7.8416960000031395,14486,0.75,3,500.0,0.99,0.01,100,0.7,0.3,10,200,50,False
data101.vrp,sa,random,True,72,4495.8579072864895,19,1659.5477744275693,53,2836.31013285892,63.08718361098733,252.33844099999988,74589,0.75,3,500.0,0.99,0.01,200,0.3,0.1,10,200,50,False
data101.vrp,sa,random,True,72,4495.8579072864895,19,1671.7982172475558,53,2824.0596900389337,62.814700737359765,161.97834570000123,73831,0.75,3,500.0,0.99,0.01,200,0.3,0.2,10,200,50,False
data101.vrp,sa,random,True,72,4495.8579072864895,20,1665.2296076152452,52,2830.6282996712443,62.96080432354439,141.90855750000628,74001,0.75,3,500.0,0.99,0.01,200,0.3,0.3,10,200,50,False
data101.vrp,sa,random,True,72,4495.8579072864895,20,1945.5713100474793,52,2550.28659723901,56.72524910330753,70.77411889999348,48024,0.75,3,500.0,0.99,0.01,200,0.5,0.1,10,200,50,False
data101.vrp,sa,random,True,72,4495.8579072864895,23,2224.3640555914044,49,2271.493851695085,50.52414686001638,24.963246100000106,27135,0.75,3,500.0,0.99,0.01,200,0.5,0.2,10,200,50,False
data101.vrp,sa,random,True,72,4495.8579072864895,19,1662.0764103138317,53,2833.781496972658,63.03093993206313,129.59892379998928,74935,0.75,3,500.0,0.99,0.01,200,0.5,0.3,10,200,50,False
data101.vrp,sa,random,True,72,4495.8579072864895,22,2012.9831406768471,50,2482.8747666096424,55.22582825817556,29.047833500007982,31305,0.75,3,500.0,0.99,0.01,200,0.7,0.1,10,200,50,False
data101.vrp,sa,random,True,72,4495.8579072864895,23,2226.1654030366094,49,2269.69250424988,50.48408003667916,11.25820609999937,16845,0.75,3,500.0,0.99,0.01,200,0.7,0.2,10,200,50,False
data101.vrp,sa,random,True,72,4495.8579072864895,22,2159.9704466956414,50,2335.887460590848,51.95643431713106,13.704602799989516,21824,0.75,3,500.0,0.99,0.01,200,0.7,0.3,10,200,50,False
data101.vrp,sa,random,True,72,4495.8579072864895,21,2089.5322188802124,51,2406.325688406277,53.523170394382724,85.04177879999042,45169,0.75,3,500.0,0.99,0.01,400,0.3,0.1,10,200,50,False
data101.vrp,sa,random,True,72,4495.8579072864895,20,1960.0498210031133,52,2535.8080862833763,56.40320798781391,158.73398140000063,94058,0.75,3,500.0,0.99,0.01,400,0.3,0.2,10,200,50,False
data101.vrp,sa,random,True,72,4495.8579072864895,20,1913.5078318475314,52,2582.350075438958,57.438427296683756,153.9101526000013,113372,0.75,3,500.0,0.99,0.01,400,0.3,0.3,10,200,50,False
data101.vrp,sa,random,True,72,4495.8579072864895,22,2127.796562619853,50,2368.0613446666366,52.67206823482326,55.61773539999558,43641,0.75,3,500.0,0.99,0.01,400,0.5,0.1,10,200,50,False
data101.vrp,sa,random,True,72,4495.8579072864895,22,2117.4650429371814,50,2378.392864349308,52.90186908475508,52.30490660000942,52038,0.75,3,500.0,0.99,0.01,400,0.5,0.2,10,200,50,False
data101.vrp,sa,random,True,72,4495.8579072864895,20,1965.3875541648672,52,2530.4703531216223,56.284482412588254,79.21255140000721,86402,0.75,3,500.0,0.99,0.01,400,0.5,0.3,10,200,50,False
data101.vrp,sa,random,True,72,4495.8579072864895,21,2033.4251560621176,51,2462.4327512243717,54.77114272747539,85.35453250000137,71443,0.75,3,500.0,0.99,0.01,400,0.7,0.1,10,200,50,False
data101.vrp,sa,random,True,72,4495.8579072864895,21,2023.3727319060672,51,2472.4851753804223,54.99473574049653,471.9457330000005,82551,0.75,3,500.0,0.99,0.01,400,0.7,0.2,10,200,50,False
data101.vrp,sa,random,True,72,4495.8579072864895,20,1977.8764549530997,52,2517.98145233339,56.006695590900854,205.29911809999612,86893,0.75,3,500.0,0.99,0.01,400,0.7,0.3,10,200,50,False
data101.vrp,sa,random,True,72,4495.8579072864895,23,2308.145144073222,49,2187.7127632132674,48.66062959124255,30.339856099992176,11579,0.75,3,500.0,0.99,0.1,100,0.3,0.1,10,200,50,False
data101.vrp,sa,random,True,72,4495.8579072864895,24,2323.0909782119147,48,2172.766929074575,48.32819394832621,11.456784800000605,9650,0.75,3,500.0,0.99,0.1,100,0.3,0.2,10,200,50,False
data101.vrp,sa,random,True,72,4495.8579072864895,23,2245.846340840191,49,2250.0115664462987,50.04632292314396,11.80500390000816,11897,0.75,3,500.0,0.99,0.1,100,0.3,0.3,10,200,50,False
data101.vrp,sa,random,True,72,4495.8579072864895,23,2146.6146313281797,49,2349.24327595831,52.253503656128984,19.279882100003306,15511,0.75,3,500.0,0.99,0.1,100,0.5,0.1,10,200,50,False
data101.vrp,sa,random,True,72,4495.8579072864895,22,2174.135059204829,50,2321.7228480816607,51.641375149308374,17.480926399992313,16094,0.75,3,500.0,0.99,0.1,100,0.5,0.2,10,200,50,False
data101.vrp,sa,random,True,72,4495.8579072864895,20,1664.528691267998,52,2831.3292160184915,62.97639459266991,59.00335120000818,36795,0.75,3,500.0,0.99,0.1,100,0.5,0.3,10,200,50,False
data101.vrp,sa,random,True,72,4495.8579072864895,23,2202.77264717542,49,2293.0852601110696,51.00439799030658,14.920998699992197,15063,0.75,3,500.0,0.99,0.1,100,0.7,0.1,10,200,50,False
data101.vrp,sa,random,True,72,4495.8579072864895,22,2127.6820772879423,50,2368.175829998547,52.67461469723981,17.206184499998926,20436,0.75,3,500.0,0.99,0.1,100,0.7,0.2,10,200,50,False
data101.vrp,sa,random,True,72,4495.8579072864895,23,2234.109808810059,49,2261.7480984764306,50.30737503538066,9.242495200000121,14486,0.75,3,500.0,0.99,0.1,100,0.7,0.3,10,200,50,False
data101.vrp,sa,random,True,72,4495.8579072864895,19,1659.5477744275693,53,2836.31013285892,63.08718361098733,284.2232573000074,74589,0.75,3,500.0,0.99,0.1,200,0.3,0.1,10,200,50,False
data101.vrp,sa,random,True,72,4495.8579072864895,19,1671.7982172475558,53,2824.0596900389337,62.814700737359765,176.14484540000558,73831,0.75,3,500.0,0.99,0.1,200,0.3,0.2,10,200,50,False
data101.vrp,sa,random,True,72,4495.8579072864895,20,1665.2296076152452,52,2830.6282996712443,62.96080432354439,154.12144190000254,74001,0.75,3,500.0,0.99,0.1,200,0.3,0.3,10,200,50,False
data101.vrp,sa,random,True,72,4495.8579072864895,20,1945.5713100474793,52,2550.28659723901,56.72524910330753,75.21969250000257,48024,0.75,3,500.0,0.99,0.1,200,0.5,0.1,10,200,50,False
data101.vrp,sa,random,True,72,4495.8579072864895,23,2224.3640555914044,49,2271.493851695085,50.52414686001638,25.963385199996992,27135,0.75,3,500.0,0.99,0.1,200,0.5,0.2,10,200,50,False
data101.vrp,sa,random,True,72,4495.8579072864895,19,1662.0764103138317,53,2833.781496972658,63.03093993206313,139.29004550000536,74935,0.75,3,500.0,0.99,0.1,200,0.5,0.3,10,200,50,False
data101.vrp,sa,random,True,72,4495.8579072864895,22,2012.9831406768471,50,2482.8747666096424,55.22582825817556,30.50399599999946,31305,0.75,3,500.0,0.99,0.1,200,0.7,0.1,10,200,50,False
data101.vrp,sa,random,True,72,4495.8579072864895,23,2226.1654030366094,49,2269.69250424988,50.48408003667916,11.827188600000227,16845,0.75,3,500.0,0.99,0.1,200,0.7,0.2,10,200,50,False
data101.vrp,sa,random,True,72,4495.8579072864895,22,2159.9704466956414,50,2335.887460590848,51.95643431713106,14.478234499998507,21824,0.75,3,500.0,0.99,0.1,200,0.7,0.3,10,200,50,False
data101.vrp,sa,random,True,72,4495.8579072864895,21,2089.5322188802124,51,2406.325688406277,53.523170394382724,89.7289088999969,45169,0.75,3,500.0,0.99,0.1,400,0.3,0.1,10,200,50,False
data101.vrp,sa,random,True,72,4495.8579072864895,20,1960.0498210031133,52,2535.8080862833763,56.40320798781391,169.01977069998975,94058,0.75,3,500.0,0.99,0.1,400,0.3,0.2,10,200,50,False
data101.vrp,sa,random,True,72,4495.8579072864895,20,1913.5078318475314,52,2582.350075438958,57.438427296683756,166.5816909999994,113372,0.75,3,500.0,0.99,0.1,400,0.3,0.3,10,200,50,False
data101.vrp,sa,random,True,72,4495.8579072864895,22,2127.796562619853,50,2368.0613446666366,52.67206823482326,59.526651199994376,43641,0.75,3,500.0,0.99,0.1,400,0.5,0.1,10,200,50,False
data101.vrp,sa,random,True,72,4495.8579072864895,22,2117.4650429371814,50,2378.392864349308,52.90186908475508,56.12660859999596,52038,0.75,3,500.0,0.99,0.1,400,0.5,0.2,10,200,50,False
data101.vrp,sa,random,True,72,4495.8579072864895,20,1965.3875541648672,52,2530.4703531216223,56.284482412588254,86.42265720000432,86402,0.75,3,500.0,0.99,0.1,400,0.5,0.3,10,200,50,False
data101.vrp,sa,random,True,72,4495.8579072864895,21,2033.4251560621176,51,2462.4327512243717,54.77114272747539,81.06952969999111,71443,0.75,3,500.0,0.99,0.1,400,0.7,0.1,10,200,50,False
data101.vrp,sa,random,True,72,4495.8579072864895,21,2023.3727319060672,51,2472.4851753804223,54.99473574049653,78.54630600000382,82551,0.75,3,500.0,0.99,0.1,400,0.7,0.2,10,200,50,False
data101.vrp,sa,random,True,72,4495.8579072864895,20,1977.8764549530997,52,2517.98145233339,56.006695590900854,81.0676467000012,86893,0.75,3,500.0,0.99,0.1,400,0.7,0.3,10,200,50,False
data101.vrp,sa,random,True,72,4495.8579072864895,20,1697.9594448207424,52,2797.898462465747,62.23280450948328,19.46094209999137,4329,0.75,3,1000.0,0.9,0.01,100,0.3,0.1,10,200,50,False
data101.vrp,sa,random,True,72,4495.8579072864895,21,1696.636279747722,51,2799.2216275387673,62.26223526775692,13.53511029999936,4211,0.75,3,1000.0,0.9,0.01,100,0.3,0.2,10,200,50,False
data101.vrp,sa,random,True,72,4495.8579072864895,21,1704.9078725075851,51,2790.9500347789044,62.07825274583476,10.714704300000449,4235,0.75,3,1000.0,0.9,0.01,100,0.3,0.3,10,200,50,False
data101.vrp,sa,random,True,72,4495.8579072864895,21,1707.7690231029774,51,2788.088884183512,62.01461304337097,11.003604899990023,4353,0.75,3,1000.0,0.9,0.01,100,0.5,0.1,10,200,50,False
data101.vrp,sa,random,True,72,4495.8579072864895,21,1705.0313663658658,51,2790.8265409206238,62.07550590950614,9.288122599988128,4279,0.75,3,1000.0,0.9,0.01,100,0.5,0.2,10,200,50,False
data101.vrp,sa,random,True,72,4495.8579072864895,22,1739.0856464222622,50,2756.772260864227,61.318046915946645,7.129048200004036,4306,0.75,3,1000.0,0.9,0.01,100,0.5,0.3,10,200,50,False
data101.vrp,sa,random,True,72,4495.8579072864895,20,1713.111097938362,52,2782.7468093481275,61.89579089761928,9.98240189999342,4279,0.75,3,1000.0,0.9,0.01,100,0.7,0.1,10,200,50,False
data101.vrp,sa,random,True,72,4495.8579072864895,21,1688.3893896452003,51,2807.4685176412895,62.445668335985275,6.322887099988293,4245,0.75,3,1000.0,0.9,0.01,100,0.7,0.2,10,200,50,False
data101.vrp,sa,random,True,72,4495.8579072864895,20,1672.7150156686002,52,2823.1428916178893,62.794308668928096,5.91610600000422,4286,0.75,3,1000.0,0.9,0.01,100,0.7,0.3,10,200,50,False
data101.vrp,sa,random,True,72,4495.8579072864895,20,1670.8144579453574,52,2825.043449341132,62.83658219630454,38.876257500000065,8468,0.75,3,1000.0,0.9,0.01,200,0.3,0.1,10,200,50,False
data101.vrp,sa,random,True,72,4495.8579072864895,20,1681.1499755094371,52,2814.707931777052,62.60669242271251,29.115752999990946,8573,0.75,3,1000.0,0.9,0.01,200,0.3,0.2,10,200,50,False
data101.vrp,sa,random,True,72,4495.8579072864895,20,1688.835985024977,52,2807.0219222615124,62.435734850786524,22.71240299999772,8572,0.75,3,1000.0,0.9,0.01,200,0.3,0.3,10,200,50,False
data101.vrp,sa,random,True,72,4495.8579072864895,21,1692.7556603720068,51,2803.1022469144827,62.34855070422626,22.569805100007216,8462,0.75,3,1000.0,0.9,0.01,200,0.5,0.1,10,200,50,False
data101.vrp,sa,random,True,72,4495.8579072864895,19,1662.4726330567328,53,2833.3852742297568,63.022126870105396,22.384260300008464,8593,0.75,3,1000.0,0.9,0.01,200,0.5,0.2,10,200,50,False
data101.vrp,sa,random,True,72,4495.8579072864895,19,1676.8317135095435,53,2819.026193776946,62.702742210960835,21.315770000001066,8689,0.75,3,1000.0,0.9,0.01,200,0.5,0.3,10,200,50,False
data101.vrp,sa,random,True,72,4495.8579072864895,20,1664.2648299294838,52,2831.5930773570058,62.98226358016808,19.212324100008118,8482,0.75,3,1000.0,0.9,0.01,200,0.7,0.1,10,200,50,False
data101.vrp,sa,random,True,72,4495.8579072864895,20,1672.3037531090495,52,2823.55415417744,62.80345625695316,15.838085199997295,8521,0.75,3,1000.0,0.9,0.01,200,0.7,0.2,10,200,50,False
data101.vrp,sa,random,True,72,4495.8579072864895,20,1666.4910564166498,52,2829.3668508698397,62.93274630152905,13.109019099996658,8533,0.75,3,1000.0,0.9,0.01,200,0.7,0.3,10,200,50,False
data101.vrp,sa,random,True,72,4495.8579072864895,20,1657.6786723117798,52,2838.1792349747097,63.12875748085453,85.14724510000087,17016,0.75,3,1000.0,0.9,0.01,400,0.3,0.1,10,200,50,False
data101.vrp,sa,random,True,72,4495.8579072864895,20,1667.8434268713488,52,2828.0144804151405,62.902665936833635,61.41190320000169,16879,0.75,3,1000.0,0.9,0.01,400,0.3,0.2,10,200,50,False
data101.vrp,sa,random,True,72,4495.8579072864895,21,1701.576891028257,51,2794.2810162582327,62.15234275374916,44.771703300008085,17082,0.75,3,1000.0,0.9,0.01,400,0.3,0.3,10,200,50,False
data101.vrp,sa,random,True,72,4495.8579072864895,20,1684.6264343458254,52,2811.2314729406644,62.529366606192525,55.522740499989595,17065,0.75,3,1000.0,0.9,0.01,400,0.5,0.1,10,200,50,False
data101.vrp,sa,random,True,72,4495.8579072864895,20,1675.604314419563,52,2820.2535928669267,62.73004287560131,42.25075330000254,17032,0.75,3,1000.0,0.9,0.01,400,0.5,0.2,10,200,50,False
data101.vrp,sa,random,True,72,4495.8579072864895,19,1670.983845204119,53,2824.8740620823705,62.83281456702766,43.823271999994176,17299,0.75,3,1000.0,0.9,0.01,400,0.5,0.3,10,200,50,False
data101.vrp,sa,random,True,72,4495.8579072864895,20,1700.0908096210883,52,2795.7670976654013,62.185397210491665,39.96377420000499,16917,0.75,3,1000.0,0.9,0.01,400,0.7,0.1,10,200,50,False
data101.vrp,sa,random,True,72,4495.8579072864895,20,1677.2562852011138,52,2818.6016220853758,62.69329859196028,36.014297700006864,17112,0.75,3,1000.0,0.9,0.01,400,0.7,0.2,10,200,50,False
data101.vrp,sa,random,True,72,4495.8579072864895,20,1654.2835297243134,52,2841.574377562176,63.2042746047824,31.32400239999697,16988,0.75,3,1000.0,0.9,0.01,400,0.7,0.3,10,200,50,False
data101.vrp,sa,random,True,72,4495.8579072864895,20,1697.9594448207424,52,2797.898462465747,62.23280450948328,14.518149099996663,4323,0.75,3,1000.0,0.9,0.1,100,0.3,0.1,10,200,50,False
data101.vrp,sa,random,True,72,4495.8579072864895,21,1696.636279747722,51,2799.2216275387673,62.26223526775692,10.666175999998813,4202,0.75,3,1000.0,0.9,0.1,100,0.3,0.2,10,200,50,False
data101.vrp,sa,random,True,72,4495.8579072864895,21,1705.5529483999671,51,2790.3049588865224,62.063904518962715,8.203092099996866,4229,0.75,3,1000.0,0.9,0.1,100,0.3,0.3,10,200,50,False
data101.vrp,sa,random,True,72,4495.8579072864895,21,1711.64723395366,51,2784.2106733328296,61.92835117899137,8.914313999994192,4352,0.75,3,1000.0,0.9,0.1,100,0.5,0.1,10,200,50,False
data101.vrp,sa,random,True,72,4495.8579072864895,21,1705.0313663658658,51,2790.8265409206238,62.07550590950614,7.839937700002338,4277,0.75,3,1000.0,0.9,0.1,100,0.5,0.2,10,200,50,False
data101.vrp,sa,random,True,72,4495.8579072864895,22,1744.2111812224903,50,2751.6467260639993,61.20404120433551,5.778648099993006,4301,0.75,3,1000.0,0.9,0.1,100,0.5,0.3,10,200,50,False
data101.vrp,sa,random,True,72,4495.8579072864895,20,1713.111097938362,52,2782.7468093481275,61.89579089761928,7.895084199990379,4276,0.75,3,1000.0,0.9,0.1,100,0.7,0.1,10,200,50,False
data101.vrp,sa,random,True,72,4495.8579072864895,21,1688.3893896452003,51,2807.4685176412895,62.445668335985275,5.394501199989463,4241,0.75,3,1000.0,0.9,0.1,100,0.7,0.2,10,200,50,False
data101.vrp,sa,random,True,72,4495.8579072864895,20,1672.7150156686002,52,2823.1428916178893,62.794308668928096,4.866810400009854,4282,0.75,3,1000.0,0.9,0.1,100,0.7,0.3,10,200,50,False
data101.vrp,sa,random,True,72,4495.8579072864895,20,1670.8144579453574,52,2825.043449341132,62.83658219630454,31.56457980000414,8456,0.75,3,1000.0,0.9,0.1,200,0.3,0.1,10,200,50,False
data101.vrp,sa,random,True,72,4495.8579072864895,20,1681.1499755094371,52,2814.707931777052,62.60669242271251,23.183625999998185,8572,0.75,3,1000.0,0.9,0.1,200,0.3,0.2,10,200,50,False
data101.vrp,sa,random,True,72,4495.8579072864895,20,1688.835985024977,52,2807.0219222615124,62.435734850786524,19.167258399989805,8554,0.75,3,1000.0,0.9,0.1,200,0.3,0.3,10,200,50,False
data101.vrp,sa,random,True,72,4495.8579072864895,21,1692.7556603720068,51,2803.1022469144827,62.34855070422626,19.00877169999876,8445,0.75,3,1000.0,0.9,0.1,200,0.5,0.1,10,200,50,False
data101.vrp,sa,random,True,72,4495.8579072864895,19,1662.4726330567328,53,2833.3852742297568,63.022126870105396,18.33179999999993,8567,0.75,3,1000.0,0.9,0.1,200,0.5,0.2,10,200,50,False
data101.vrp,sa,random,True,72,4495.8579072864895,19,1676.8317135095435,53,2819.026193776946,62.702742210960835,16.600396200010437,8653,0.75,3,1000.0,0.9,0.1,200,0.5,0.3,10,200,50,False
data101.vrp,sa,random,True,72,4495.8579072864895,20,1664.2648299294838,52,2831.5930773570058,62.98226358016808,15.427730200011865,8478,0.75,3,1000.0,0.9,0.1,200,0.7,0.1,10,200,50,False
data101.vrp,sa,random,True,72,4495.8579072864895,20,1672.3037531090495,52,2823.55415417744,62.80345625695316,12.76855570000771,8515,0.75,3,1000.0,0.9,0.1,200,0.7,0.2,10,200,50,False
data101.vrp,sa,random,True,72,4495.8579072864895,20,1666.4910564166498,52,2829.3668508698397,62.93274630152905,9.956463599999552,8518,0.75,3,1000.0,0.9,0.1,200,0.7,0.3,10,200,50,False
data101.vrp,sa,random,True,72,4495.8579072864895,20,1657.6786723117798,52,2838.1792349747097,63.12875748085453,67.83467579999706,17000,0.75,3,1000.0,0.9,0.1,400,0.3,0.1,10,200,50,False
data101.vrp,sa,random,True,72,4495.8579072864895,20,1667.8434268713488,52,2828.0144804151405,62.902665936833635,47.72781450000184,16842,0.75,3,1000.0,0.9,0.1,400,0.3,0.2,10,200,50,False
data101.vrp,sa,random,True,72,4495.8579072864895,21,1701.576891028257,51,2794.2810162582327,62.15234275374916,35.30804009998974,17057,0.75,3,1000.0,0.9,0.1,400,0.3,0.3,10,200,50,False
data101.vrp,sa,random,True,72,4495.8579072864895,20,1684.6264343458254,52,2811.2314729406644,62.529366606192525,43.44380999999703,17051,0.75,3,1000.0,0.9,0.1,400,0.5,0.1,10,200,50,False
data101.vrp,sa,random,True,72,4495.8579072864895,20,1675.604314419563,52,2820.2535928669267,62.73004287560131,34.45043190001161,17032,0.75,3,1000.0,0.9,0.1,400,0.5,0.2,10,200,50,False
data101.vrp,sa,random,True,72,4495.8579072864895,19,1670.983845204119,53,2824.8740620823705,62.83281456702766,32.42421420000028,17258,0.75,3,1000.0,0.9,0.1,400,0.5,0.3,10,200,50,False
data101.vrp,sa,random,True,72,4495.8579072864895,20,1700.0908096210883,52,2795.7670976654013,62.185397210491665,32.86965999999666,16905,0.75,3,1000.0,0.9,0.1,400,0.7,0.1,10,200,50,False
data101.vrp,sa,random,True,72,4495.8579072864895,20,1677.2562852011138,52,2818.6016220853758,62.69329859196028,29.9325278000033,17096,0.75,3,1000.0,0.9,0.1,400,0.7,0.2,10,200,50,False
data101.vrp,sa,random,True,72,4495.8579072864895,20,1654.2835297243134,52,2841.574377562176,63.2042746047824,26.029906700001447,16973,0.75,3,1000.0,0.9,0.1,400,0.7,0.3,10,200,50,False
data101.vrp,sa,random,True,72,4495.8579072864895,20,1663.3704183773207,52,2832.487488909169,63.00215770428427,38.15116319998924,8616,0.75,3,1000.0,0.95,0.01,100,0.3,0.1,10,200,50,False
data101.vrp,sa,random,True,72,4495.8579072864895,20,1670.051288467498,52,2825.8066188189914,62.853557142879744,29.438960899991798,8680,0.75,3,1000.0,0.95,0.01,100,0.3,0.2,10,200,50,False
data101.vrp,sa,random,True,72,4495.8579072864895,19,1678.8275646734007,53,2817.0303426130886,62.65834910056864,28.41154000000097,8653,0.75,3,1000.0,0.95,0.01,100,0.3,0.3,10,200,50,False
data101.vrp,sa,random,True,72,4495.8579072864895,20,1661.3370058076332,52,2834.520901478856,63.047386281601895,24.71251029999985,8711,0.75,3,1000.0,0.95,0.01,100,0.5,0.1,10,200,50,False
data101.vrp,sa,random,True,72,4495.8579072864895,21,1714.772832194615,51,2781.0850750918744,61.85882944798005,17.022553000002517,8653,0.75,3,1000.0,0.95,0.01,100,0.5,0.2,10,200,50,False
data101.vrp,sa,random,True,72,4495.8579072864895,20,1669.3279753344973,52,2826.5299319519922,62.86964557689873,15.962117999995826,8816,0.75,3,1000.0,0.95,0.01,100,0.5,0.3,10,200,50,False
data101.vrp,sa,random,True,72,4495.8579072864895,21,1665.4372789621457,51,2830.420628324344,62.956185152939284,17.354144700002507,8732,0.75,3,1000.0,0.95,0.01,100,0.7,0.1,10,200,50,False
data101.vrp,sa,random,True,72,4495.8579072864895,20,1687.5749468418353,52,2808.2829604446542,62.46378373954474,15.456331099994713,8627,0.75,3,1000.0,0.95,0.01,100,0.7,0.2,10,200,50,False
data101.vrp,sa,random,True,72,4495.8579072864895,20,1690.1797841123982,52,2805.6781231740915,62.40584513640647,12.309873799997149,8624,0.75,3,1000.0,0.95,0.01,100,0.7,0.3,10,200,50,False
data101.vrp,sa,random,True,72,4495.8579072864895,20,1671.5074633667462,52,2824.350443919743,62.82116788749675,75.87951509999402,17328,0.75,3,1000.0,0.95,0.01,200,0.3,0.1,10,200,50,False
data101.vrp,sa,random,True,72,4495.8579072864895,20,1668.4633935894997,52,2827.3945136969896,62.888876205686984,57.45791189999727,17424,0.75,3,1000.0,0.95,0.01,200,0.3,0.2,10,200,50,False
data101.vrp,sa,random,True,72,4495.8579072864895,20,1683.4546187058975,52,2812.403288580592,62.555430945059385,48.627257499989355,17403,0.75,3,1000.0,0.95,0.01,200,0.3,0.3,10,200,50,False
data101.vrp,sa,random,True,72,4495.8579072864895,20,1706.0037768783418,52,2789.8541304081477,62.05387687823937,47.83385749999434,17496,0.75,3,1000.0,0.95,0.01,200,0.5,0.1,10,200,50,False
data101.vrp,sa,random,True,72,4495.8579072864895,20,1679.3854901572658,52,2816.4724171292237,62.64593933372613,40.79453700000886,17421,0.75,3,1000.0,0.95,0.01,200,0.5,0.2,10,200,50,False
data101.vrp,sa,random,True,72,4495.8579072864895,20,1647.9030434116676,52,2847.954863874822,63.34619382118613,34.80601340001158,17230,0.75,3,1000.0,0.95,0.01,200,0.5,0.3,10,200,50,False
data101.vrp,sa,random,True,72,4495.8579072864895,20,1652.395126966078,52,2843.4627803204116,63.246277772969165,37.70393839999451,17382,0.75,3,1000.0,0.95,0.01,200,0.7,0.1,10,200,50,False
data101.vrp,sa,random,True,72,4495.8579072864895,19,1701.4226055055492,53,2794.4353017809403,62.15577447970423,36.927120100008324,17468,0.75,3,1000.0,0.95,0.01,200,0.7,0.2,10,200,50,False
data101.vrp,sa,random,True,72,4495.8579072864895,19,1688.9757435891522,53,2806.882163697337,62.432626243551645,34.33086880001065,17345,0.75,3,1000.0,0.95,0.01,200,0.7,0.3,10,200,50,False
data101.vrp,sa,random,True,72,4495.8579072864895,20,1670.521201664142,52,2825.336705622348,62.843105006572635,142.86058370000683,34591,0.75,3,1000.0,0.95,0.01,400,0.3,0.1,10,200,50,False
data101.vrp,sa,random,True,72,4495.8579072864895,19,1675.264351018908,53,2820.5935562675813,62.73760457812095,119.80638520000502,35054,0.75,3,1000.0,0.95,0.01,400,0.3,0.2,10,200,50,False
data101.vrp,sa,random,True,72,4495.8579072864895,20,1665.6964520331962,52,2830.1614552532933,62.95042044514836,84.43446069999482,34692,0.75,3,1000.0,0.95,0.01,400,0.3,0.3,10,200,50,False
data101.vrp,sa,random,True,72,4495.8579072864895,19,1660.288751118001,53,2835.5691561684885,63.07070229183285,202.94183299998986,35216,0.75,3,1000.0,0.95,0.01,400,0.5,0.1,10,200,50,False
data101.vrp,sa,random,True,72,4495.8579072864895,19,1654.9281610481787,53,2840.929746238311,63.189936266312664,96.04431300000579,34986,0.75,3,1000.0,0.95,0.01,400,0.5,0.2,10,200,50,False
data101.vrp,sa,random,True,72,4495.8579072864895,20,1683.729698586,52,2812.1282087004893,62.549312426952824,68.86681819999649,34637,0.75,3,1000.0,0.95,0.01,400,0.5,0.3,10,200,50,False
data101.vrp,sa,random,True,72,4495.8579072864895,20,1663.7537188261608,52,2832.1041884603287,62.99363206898297,80.13790610000433,34749,0.75,3,1000.0,0.95,0.01,400,0.7,0.1,10,200,50,False
data101.vrp,sa,random,True,72,4495.8579072864895,20,1668.9094523416377,52,2826.9484549448516,62.87895465653359,70.09972689999267,34673,0.75,3,1000.0,0.95,0.01,400,0.7,0.2,10,200,50,False
data101.vrp,sa,random,True,72,4495.8579072864895,20,1668.8632371541203,52,2826.9946701323693,62.87998260689303,59.207673600001726,34902,0.75,3,1000.0,0.95,0.01,400,0.7,0.3,10,200,50,False
data101.vrp,sa,random,True,72,4495.8579072864895,20,1663.3704183773207,52,2832.487488909169,63.00215770428427,31.72839630000817,8608,0.75,3,1000.0,0.95,0.1,100,0.3,0.1,10,200,50,False
data101.vrp,sa,random,True,72,4495.8579072864895,20,1670.051288467498,52,2825.8066188189914,62.853557142879744,23.98026650000247,8674,0.75,3,1000.0,0.95,0.1,100,0.3,0.2,10,200,50,False
data101.vrp,sa,random,True,72,4495.8579072864895,19,1678.8275646734007,53,2817.0303426130886,62.65834910056864,19.936999199999264,8635,0.75,3,1000.0,0.95,0.1,100,0.3,0.3,10,200,50,False
data101.vrp,sa,random,True,72,4495.8579072864895,20,1661.3370058076332,52,2834.520901478856,63.047386281601895,22.261599000004935,8707,0.75,3,1000.0,0.95,0.1,100,0.5,0.1,10,200,50,False
data101.vrp,sa,random,True,72,4495.8579072864895,21,1714.772832194615,51,2781.0850750918744,61.85882944798005,16.685339000003296,8652,0.75,3,1000.0,0.95,0.1,100,0.5,0.2,10,200,50,False
data101.vrp,sa,random,True,72,4495.8579072864895,20,1669.3279753344973,52,2826.5299319519922,62.86964557689873,14.124775899996166,8806,0.75,3,1000.0,0.95,0.1,100,0.5,0.3,10,200,50,False
data101.vrp,sa,random,True,72,4495.8579072864895,21,1665.4372789621457,51,2830.420628324344,62.956185152939284,15.990198799991049,8721,0.75,3,1000.0,0.95,0.1,100,0.7,0.1,10,200,50,False
data101.vrp,sa,random,True,72,4495.8579072864895,20,1687.5749468418353,52,2808.2829604446542,62.46378373954474,14.101880800008075,8615,0.75,3,1000.0,0.95,0.1,100,0.7,0.2,10,200,50,False
data101.vrp,sa,random,True,72,4495.8579072864895,20,1690.1797841123982,52,2805.6781231740915,62.40584513640647,11.653781899993191,8606,0.75,3,1000.0,0.95,0.1,100,0.7,0.3,10,200,50,False
data101.vrp,sa,random,True,72,4495.8579072864895,20,1671.5074633667462,52,2824.350443919743,62.82116788749675,66.58188489999156,17321,0.75,3,1000.0,0.95,0.1,200,0.3,0.1,10,200,50,False
data101.vrp,sa,random,True,72,4495.8579072864895,20,1668.4633935894997,52,2827.3945136969896,62.888876205686984,50.29183400000329,17409,0.75,3,1000.0,0.95,0.1,200,0.3,0.2,10,200,50,False
data101.vrp,sa,random,True,72,4495.8579072864895,20,1683.9475374896429,52,2811.9103697968467,62.54446710247561,38.83876259998942,17402,0.75,3,1000.0,0.95,0.1,200,0.3,0.3,10,200,50,False
data101.vrp,sa,random,True,72,4495.8579072864895,20,1706.0037768783418,52,2789.8541304081477,62.05387687823937,46.56702740000037,17492,0.75,3,1000.0,0.95,0.1,200,0.5,0.1,10,200,50,False
data101.vrp,sa,random,True,72,4495.8579072864895,20,1679.3854901572658,52,2816.4724171292237,62.64593933372613,38.37777439999627,17406,0.75,3,1000.0,0.95,0.1,200,0.5,0.2,10,200,50,False
data101.vrp,sa,random,True,72,4495.8579072864895,20,1647.9030434116676,52,2847.954863874822,63.34619382118613,28.809515900007682,17209,0.75,3,1000.0,0.95,0.1,200,0.5,0.3,10,200,50,False
data101.vrp,sa,random,True,72,4495.8579072864895,20,1652.395126966078,52,2843.4627803204116,63.246277772969165,32.39618070000142,17369,0.75,3,1000.0,0.95,0.1,200,0.7,0.1,10,200,50,False
data101.vrp,sa,random,True,72,4495.8579072864895,19,1701.4226055055492,53,2794.4353017809403,62.15577447970423,34.73511559999315,17448,0.75,3,1000.0,0.95,0.1,200,0.7,0.2,10,200,50,False
data101.vrp,sa,random,True,72,4495.8579072864895,19,1688.9757435891522,53,2806.882163697337,62.432626243551645,31.53735240000242,17327,0.75,3,1000.0,0.95,0.1,200,0.7,0.3,10,200,50,False
data101.vrp,sa,random,True,72,4495.8579072864895,20,1670.521201664142,52,2825.336705622348,62.843105006572635,142.35879379999824,34582,0.75,3,1000.0,0.95,0.1,400,0.3,0.1,10,200,50,False
data101.vrp,sa,random,True,72,4495.8579072864895,19,1675.264351018908,53,2820.5935562675813,62.73760457812095,113.20539940000162,35013,0.75,3,1000.0,0.95,0.1,400,0.3,0.2,10,200,50,False
data101.vrp,sa,random,True,72,4495.8579072864895,20,1697.9594448207424,52,2797.898462465747,62.23280450948328,18.1578257,4329,0.75,3,1000.0,0.9,0.01,100,0.3,0.1,10,200,50,False
data101.vrp,sa,random,True,72,4495.8579072864895,21,1696.636279747722,51,2799.2216275387673,62.26223526775692,13.050863799999998,4211,0.75,3,1000.0,0.9,0.01,100,0.3,0.2,10,200,50,False
data101.vrp,sa,random,True,72,4495.8579072864895,21,1704.9078725075851,51,2790.9500347789044,62.07825274583476,10.213451500000005,4235,0.75,3,1000.0,0.9,0.01,100,0.3,0.3,10,200,50,False
data101.vrp,sa,random,True,72,4495.8579072864895,21,1707.7690231029774,51,2788.088884183512,62.01461304337097,11.1104038,4353,0.75,3,1000.0,0.9,0.01,100,0.5,0.1,10,200,50,False
data101.vrp,sa,random,True,72,4495.8579072864895,21,1705.0313663658658,51,2790.8265409206238,62.07550590950614,10.305680299999999,4279,0.75,3,1000.0,0.9,0.01,100,0.5,0.2,10,200,50,False
data101.vrp,sa,random,True,72,4495.8579072864895,22,1739.0856464222622,50,2756.772260864227,61.318046915946645,7.446762000000007,4306,0.75,3,1000.0,0.9,0.01,100,0.5,0.3,10,200,50,False
data101.vrp,sa,random,True,72,4495.8579072864895,20,1713.111097938362,52,2782.7468093481275,61.89579089761928,11.169466299999996,4279,0.75,3,1000.0,0.9,0.01,100,0.7,0.1,10,200,50,False
data101.vrp,sa,random,True,72,4495.8579072864895,21,1688.3893896452003,51,2807.4685176412895,62.445668335985275,6.637236400000006,4245,0.75,3,1000.0,0.9,0.01,100,0.7,0.2,10,200,50,False
data101.vrp,sa,random,True,72,4495.8579072864895,20,1672.7150156686002,52,2823.1428916178893,62.794308668928096,6.892453599999996,4286,0.75,3,1000.0,0.9,0.01,100,0.7,0.3,10,200,50,False
data101.vrp,sa,random,True,72,4495.8579072864895,20,1670.8144579453574,52,2825.043449341132,62.83658219630454,42.28766710000001,8468,0.75,3,1000.0,0.9,0.01,200,0.3,0.1,10,200,50,False
data101.vrp,sa,random,True,72,4495.8579072864895,20,1681.1499755094371,52,2814.707931777052,62.60669242271251,30.060770700000006,8573,0.75,3,1000.0,0.9,0.01,200,0.3,0.2,10,200,50,False
data101.vrp,sa,random,True,72,4495.8579072864895,20,1688.835985024977,52,2807.0219222615124,62.435734850786524,23.747677299999992,8572,0.75,3,1000.0,0.9,0.01,200,0.3,0.3,10,200,50,False
data101.vrp,sa,random,True,72,4495.8579072864895,21,1692.7556603720068,51,2803.1022469144827,62.34855070422626,23.035607700000014,8462,0.75,3,1000.0,0.9,0.01,200,0.5,0.1,10,200,50,False
data101.vrp,sa,random,True,72,4495.8579072864895,19,1662.4726330567328,53,2833.3852742297568,63.022126870105396,25.758647999999994,8593,0.75,3,1000.0,0.9,0.01,200,0.5,0.2,10,200,50,False
data101.vrp,sa,random,True,72,4495.8579072864895,19,1676.8317135095435,53,2819.026193776946,62.702742210960835,29.14367169999997,8689,0.75,3,1000.0,0.9,0.01,200,0.5,0.3,10,200,50,False
data101.vrp,sa,random,True,72,4495.8579072864895,20,1664.2648299294838,52,2831.5930773570058,62.98226358016808,29.84458079999996,8482,0.75,3,1000.0,0.9,0.01,200,0.7,0.1,10,200,50,False
data101.vrp,sa,random,True,72,4495.8579072864895,20,1672.3037531090495,52,2823.55415417744,62.80345625695316,18.790158099999985,8521,0.75,3,1000.0,0.9,0.01,200,0.7,0.2,10,200,50,False
data101.vrp,sa,random,True,72,4495.8579072864895,20,1666.4910564166498,52,2829.3668508698397,62.93274630152905,13.214416200000016,8533,0.75,3,1000.0,0.9,0.01,200,0.7,0.3,10,200,50,False
data101.vrp,sa,random,True,72,4495.8579072864895,20,1657.6786723117798,52,2838.1792349747097,63.12875748085453,84.171514,17016,0.75,3,1000.0,0.9,0.01,400,0.3,0.1,10,200,50,False
data101.vrp,sa,random,True,72,4495.8579072864895,20,1667.8434268713488,52,2828.0144804151405,62.902665936833635,59.65648050000004,16879,0.75,3,1000.0,0.9,0.01,400,0.3,0.2,10,200,50,False
data101.vrp,sa,random,True,72,4495.8579072864895,21,1701.576891028257,51,2794.2810162582327,62.15234275374916,42.62717670000001,17082,0.75,3,1000.0,0.9,0.01,400,0.3,0.3,10,200,50,False
data101.vrp,sa,random,True,72,4495.8579072864895,20,1684.6264343458254,52,2811.2314729406644,62.529366606192525,55.70180019999998,17065,0.75,3,1000.0,0.9,0.01,400,0.5,0.1,10,200,50,False
data101.vrp,sa,random,True,72,4495.8579072864895,20,1675.604314419563,52,2820.2535928669267,62.73004287560131,41.06962239999996,17032,0.75,3,1000.0,0.9,0.01,400,0.5,0.2,10,200,50,False
data101.vrp,sa,random,True,72,4495.8579072864895,19,1670.983845204119,53,2824.8740620823705,62.83281456702766,42.565994000000046,17299,0.75,3,1000.0,0.9,0.01,400,0.5,0.3,10,200,50,False
data101.vrp,sa,random,True,72,4495.8579072864895,20,1700.0908096210883,52,2795.7670976654013,62.185397210491665,39.9630024999999,16917,0.75,3,1000.0,0.9,0.01,400,0.7,0.1,10,200,50,False
data101.vrp,sa,random,True,72,4495.8579072864895,20,1677.2562852011138,52,2818.6016220853758,62.69329859196028,36.809830799999986,17112,0.75,3,1000.0,0.9,0.01,400,0.7,0.2,10,200,50,False
data101.vrp,sa,random,True,72,4495.8579072864895,20,1654.2835297243134,52,2841.574377562176,63.2042746047824,32.35464009999998,16988,0.75,3,1000.0,0.9,0.01,400,0.7,0.3,10,200,50,False
data101.vrp,sa,random,True,72,4495.8579072864895,20,1697.9594448207424,52,2797.898462465747,62.23280450948328,13.78333520000001,4323,0.75,3,1000.0,0.9,0.1,100,0.3,0.1,10,200,50,False
data101.vrp,sa,random,True,72,4495.8579072864895,21,1696.636279747722,51,2799.2216275387673,62.26223526775692,10.603151400000002,4202,0.75,3,1000.0,0.9,0.1,100,0.3,0.2,10,200,50,False
data101.vrp,sa,random,True,72,4495.8579072864895,21,1705.5529483999671,51,2790.3049588865224,62.063904518962715,8.190139400000021,4229,0.75,3,1000.0,0.9,0.1,100,0.3,0.3,10,200,50,False
data101.vrp,sa,random,True,72,4495.8579072864895,21,1711.64723395366,51,2784.2106733328296,61.92835117899137,8.607785100000001,4352,0.75,3,1000.0,0.9,0.1,100,0.5,0.1,10,200,50,False
data101.vrp,sa,random,True,72,4495.8579072864895,21,1705.0313663658658,51,2790.8265409206238,62.07550590950614,7.420598499999983,4277,0.75,3,1000.0,0.9,0.1,100,0.5,0.2,10,200,50,False
data101.vrp,sa,random,True,72,4495.8579072864895,22,1744.2111812224903,50,2751.6467260639993,61.20404120433551,5.85788279999997,4301,0.75,3,1000.0,0.9,0.1,100,0.5,0.3,10,200,50,False
data101.vrp,sa,random,True,72,4495.8579072864895,20,1713.111097938362,52,2782.7468093481275,61.89579089761928,8.029194699999948,4276,0.75,3,1000.0,0.9,0.1,100,0.7,0.1,10,200,50,False
data101.vrp,sa,random,True,72,4495.8579072864895,21,1688.3893896452003,51,2807.4685176412895,62.445668335985275,5.503901499999984,4241,0.75,3,1000.0,0.9,0.1,100,0.7,0.2,10,200,50,False
data101.vrp,sa,random,True,72,4495.8579072864895,20,1672.7150156686002,52,2823.1428916178893,62.794308668928096,4.623896500000001,4282,0.75,3,1000.0,0.9,0.1,100,0.7,0.3,10,200,50,False
data101.vrp,sa,random,True,72,4495.8579072864895,20,1670.8144579453574,52,2825.043449341132,62.83658219630454,30.53127010000003,8456,0.75,3,1000.0,0.9,0.1,200,0.3,0.1,10,200,50,False
data101.vrp,sa,random,True,72,4495.8579072864895,20,1681.1499755094371,52,2814.707931777052,62.60669242271251,22.81319129999997,8572,0.75,3,1000.0,0.9,0.1,200,0.3,0.2,10,200,50,False
data101.vrp,sa,random,True,72,4495.8579072864895,20,1688.835985024977,52,2807.0219222615124,62.435734850786524,18.698980600000027,8554,0.75,3,1000.0,0.9,0.1,200,0.3,0.3,10,200,50,False
data101.vrp,sa,random,True,72,4495.8579072864895,21,1692.7556603720068,51,2803.1022469144827,62.34855070422626,18.47828370000002,8445,0.75,3,1000.0,0.9,0.1,200,0.5,0.1,10,200,50,False
data101.vrp,sa,random,True,72,4495.8579072864895,19,1662.4726330567328,53,2833.3852742297568,63.022126870105396,17.307674899999938,8567,0.75,3,1000.0,0.9,0.1,200,0.5,0.2,10,200,50,False
data101.vrp,sa,random,True,72,4495.8579072864895,19,1676.8317135095435,53,2819.026193776946,62.702742210960835,16.080059699999993,8653,0.75,3,1000.0,0.9,0.1,200,0.5,0.3,10,200,50,False
data101.vrp,sa,random,True,72,4495.8579072864895,20,1664.2648299294838,52,2831.5930773570058,62.98226358016808,15.53741100000002,8478,0.75,3,1000.0,0.9,0.1,200,0.7,0.1,10,200,50,False
data101.vrp,sa,random,True,72,4495.8579072864895,20,1672.3037531090495,52,2823.55415417744,62.80345625695316,12.059947700000066,8515,0.75,3,1000.0,0.9,0.1,200,0.7,0.2,10,200,50,False
data101.vrp,sa,random,True,72,4495.8579072864895,20,1666.4910564166498,52,2829.3668508698397,62.93274630152905,9.995895100000098,8518,0.75,3,1000.0,0.9,0.1,200,0.7,0.3,10,200,50,False
data101.vrp,sa,random,True,72,4495.8579072864895,20,1657.6786723117798,52,2838.1792349747097,63.12875748085453,67.96250489999989,17000,0.75,3,1000.0,0.9,0.1,400,0.3,0.1,10,200,50,False
data101.vrp,sa,random,True,72,4495.8579072864895,20,1667.8434268713488,52,2828.0144804151405,62.902665936833635,46.36810730000002,16842,0.75,3,1000.0,0.9,0.1,400,0.3,0.2,10,200,50,False
data101.vrp,sa,random,True,72,4495.8579072864895,21,1701.576891028257,51,2794.2810162582327,62.15234275374916,33.05637530000013,17057,0.75,3,1000.0,0.9,0.1,400,0.3,0.3,10,200,50,False
data101.vrp,sa,random,True,72,4495.8579072864895,20,1684.6264343458254,52,2811.2314729406644,62.529366606192525,43.135210099999995,17051,0.75,3,1000.0,0.9,0.1,400,0.5,0.1,10,200,50,False
data101.vrp,sa,random,True,72,4495.8579072864895,20,1675.604314419563,52,2820.2535928669267,62.73004287560131,34.18854149999993,17032,0.75,3,1000.0,0.9,0.1,400,0.5,0.2,10,200,50,False
data101.vrp,sa,random,True,72,4495.8579072864895,19,1670.983845204119,53,2824.8740620823705,62.83281456702766,32.56977349999988,17258,0.75,3,1000.0,0.9,0.1,400,0.5,0.3,10,200,50,False
data101.vrp,sa,random,True,72,4495.8579072864895,20,1700.0908096210883,52,2795.7670976654013,62.185397210491665,31.814121999999998,16905,0.75,3,1000.0,0.9,0.1,400,0.7,0.1,10,200,50,False
data101.vrp,sa,random,True,72,4495.8579072864895,20,1677.2562852011138,52,2818.6016220853758,62.69329859196028,28.69469170000002,17096,0.75,3,1000.0,0.9,0.1,400,0.7,0.2,10,200,50,False
data101.vrp,sa,random,True,72,4495.8579072864895,20,1654.2835297243134,52,2841.574377562176,63.2042746047824,24.275051300000086,16973,0.75,3,1000.0,0.9,0.1,400,0.7,0.3,10,200,50,False
data101.vrp,sa,random,True,72,4495.8579072864895,20,1663.3704183773207,52,2832.487488909169,63.00215770428427,36.163517400000046,8616,0.75,3,1000.0,0.95,0.01,100,0.3,0.1,10,200,50,False
data101.vrp,sa,random,True,72,4495.8579072864895,20,1670.051288467498,52,2825.8066188189914,62.853557142879744,27.492696400000113,8680,0.75,3,1000.0,0.95,0.01,100,0.3,0.2,10,200,50,False
data101.vrp,sa,random,True,72,4495.8579072864895,19,1678.8275646734007,53,2817.0303426130886,62.65834910056864,27.482109500000206,8653,0.75,3,1000.0,0.95,0.01,100,0.3,0.3,10,200,50,False
data101.vrp,sa,random,True,72,4495.8579072864895,20,1661.3370058076332,52,2834.520901478856,63.047386281601895,25.20942070000001,8711,0.75,3,1000.0,0.95,0.01,100,0.5,0.1,10,200,50,False
data101.vrp,sa,random,True,72,4495.8579072864895,21,1714.772832194615,51,2781.0850750918744,61.85882944798005,17.0468249999999,8653,0.75,3,1000.0,0.95,0.01,100,0.5,0.2,10,200,50,False
data101.vrp,sa,random,True,72,4495.8579072864895,20,1669.3279753344973,52,2826.5299319519922,62.86964557689873,15.263913199999934,8816,0.75,3,1000.0,0.95,0.01,100,0.5,0.3,10,200,50,False
data101.vrp,sa,random,True,72,4495.8579072864895,21,1665.4372789621457,51,2830.420628324344,62.956185152939284,17.64283760000012,8732,0.75,3,1000.0,0.95,0.01,100,0.7,0.1,10,200,50,False
data101.vrp,sa,random,True,72,4495.8579072864895,20,1687.5749468418353,52,2808.2829604446542,62.46378373954474,15.36299669999994,8627,0.75,3,1000.0,0.95,0.01,100,0.7,0.2,10,200,50,False
data101.vrp,sa,random,True,72,4495.8579072864895,20,1690.1797841123982,52,2805.6781231740915,62.40584513640647,12.182691400000067,8624,0.75,3,1000.0,0.95,0.01,100,0.7,0.3,10,200,50,False
data101.vrp,sa,random,True,72,4495.8579072864895,20,1671.5074633667462,52,2824.350443919743,62.82116788749675,76.71514479999996,17328,0.75,3,1000.0,0.95,0.01,200,0.3,0.1,10,200,50,False
data101.vrp,sa,random,True,72,4495.8579072864895,20,1668.4633935894997,52,2827.3945136969896,62.888876205686984,53.278038499999866,17424,0.75,3,1000.0,0.95,0.01,200,0.3,0.2,10,200,50,False
data101.vrp,sa,random,True,72,4495.8579072864895,20,1683.4546187058975,52,2812.403288580592,62.555430945059385,47.21575380000013,17403,0.75,3,1000.0,0.95,0.01,200,0.3,0.3,10,200,50,False
data101.vrp,sa,random,True,72,4495.8579072864895,20,1706.0037768783418,52,2789.8541304081477,62.05387687823937,47.85324579999997,17496,0.75,3,1000.0,0.95,0.01,200,0.5,0.1,10,200,50,False
data101.vrp,sa,random,True,72,4495.8579072864895,20,1679.3854901572658,52,2816.4724171292237,62.64593933372613,40.43146730000012,17421,0.75,3,1000.0,0.95,0.01,200,0.5,0.2,10,200,50,False
data101.vrp,sa,random,True,72,4495.8579072864895,20,1647.9030434116676,52,2847.954863874822,63.34619382118613,34.18376340000009,17230,0.75,3,1000.0,0.95,0.01,200,0.5,0.3,10,200,50,False
data101.vrp,sa,random,True,72,4495.8579072864895,20,1652.395126966078,52,2843.4627803204116,63.246277772969165,36.85211030000005,17382,0.75,3,1000.0,0.95,0.01,200,0.7,0.1,10,200,50,False
data101.vrp,sa,random,True,72,4495.8579072864895,19,1701.4226055055492,53,2794.4353017809403,62.15577447970423,35.744999100000086,17468,0.75,3,1000.0,0.95,0.01,200,0.7,0.2,10,200,50,False
data101.vrp,sa,random,True,72,4495.8579072864895,19,1688.9757435891522,53,2806.882163697337,62.432626243551645,33.860623599999826,17345,0.75,3,1000.0,0.95,0.01,200,0.7,0.3,10,200,50,False
data101.vrp,sa,random,True,72,4495.8579072864895,20,1670.521201664142,52,2825.336705622348,62.843105006572635,142.32007700000008,34591,0.75,3,1000.0,0.95,0.01,400,0.3,0.1,10,200,50,False
data101.vrp,sa,random,True,72,4495.8579072864895,19,1675.264351018908,53,2820.5935562675813,62.73760457812095,122.49622539999973,35054,0.75,3,1000.0,0.95,0.01,400,0.3,0.2,10,200,50,False
data101.vrp,sa,random,True,72,4495.8579072864895,20,1665.6964520331962,52,2830.1614552532933,62.95042044514836,85.34588519999988,34692,0.75,3,1000.0,0.95,0.01,400,0.3,0.3,10,200,50,False
data101.vrp,sa,random,True,72,4495.8579072864895,19,1660.288751118001,53,2835.5691561684885,63.07070229183285,116.54514119999976,35216,0.75,3,1000.0,0.95,0.01,400,0.5,0.1,10,200,50,False
data101.vrp,sa,random,True,72,4495.8579072864895,19,1654.9281610481787,53,2840.929746238311,63.189936266312664,97.05190799999991,34986,0.75,3,1000.0,0.95,0.01,400,0.5,0.2,10,200,50,False
data101.vrp,sa,random,True,72,4495.8579072864895,20,1683.729698586,52,2812.1282087004893,62.549312426952824,68.6916397,34637,0.75,3,1000.0,0.95,0.01,400,0.5,0.3,10,200,50,False
data101.vrp,sa,random,True,72,4495.8579072864895,20,1663.7537188261608,52,2832.1041884603287,62.99363206898297,77.6690165,34749,0.75,3,1000.0,0.95,0.01,400,0.7,0.1,10,200,50,False
data101.vrp,sa,random,True,72,4495.8579072864895,20,1668.9094523416377,52,2826.9484549448516,62.87895465653359,68.8533994999998,34673,0.75,3,1000.0,0.95,0.01,400,0.7,0.2,10,200,50,False
data101.vrp,sa,random,True,72,4495.8579072864895,20,1668.8632371541203,52,2826.9946701323693,62.87998260689303,57.7672593999996,34902,0.75,3,1000.0,0.95,0.01,400,0.7,0.3,10,200,50,False
data101.vrp,sa,random,True,72,4495.8579072864895,20,1663.3704183773207,52,2832.487488909169,63.00215770428427,29.833294000000024,8608,0.75,3,1000.0,0.95,0.1,100,0.3,0.1,10,200,50,False
data101.vrp,sa,random,True,72,4495.8579072864895,20,1670.051288467498,52,2825.8066188189914,62.853557142879744,24.369720099999995,8674,0.75,3,1000.0,0.95,0.1,100,0.3,0.2,10,200,50,False
data101.vrp,sa,random,True,72,4495.8579072864895,19,1678.8275646734007,53,2817.0303426130886,62.65834910056864,19.283323999999993,8635,0.75,3,1000.0,0.95,0.1,100,0.3,0.3,10,200,50,False
data101.vrp,sa,random,True,72,4495.8579072864895,20,1661.3370058076332,52,2834.520901478856,63.047386281601895,20.016846500000156,8707,0.75,3,1000.0,0.95,0.1,100,0.5,0.1,10,200,50,False
data101.vrp,sa,random,True,72,4495.8579072864895,21,1714.772832194615,51,2781.0850750918744,61.85882944798005,16.667448499999864,8652,0.75,3,1000.0,0.95,0.1,100,0.5,0.2,10,200,50,False
data101.vrp,sa,random,True,72,4495.8579072864895,20,1669.3279753344973,52,2826.5299319519922,62.86964557689873,13.409123400000226,8806,0.75,3,1000.0,0.95,0.1,100,0.5,0.3,10,200,50,False
data101.vrp,sa,random,True,72,4495.8579072864895,21,1665.4372789621457,51,2830.420628324344,62.956185152939284,14.869667200000094,8721,0.75,3,1000.0,0.95,0.1,100,0.7,0.1,10,200,50,False
data101.vrp,sa,random,True,72,4495.8579072864895,20,1687.5749468418353,52,2808.2829604446542,62.46378373954474,12.92399740000019,8615,0.75,3,1000.0,0.95,0.1,100,0.7,0.2,10,200,50,False
data101.vrp,sa,random,True,72,4495.8579072864895,20,1690.1797841123982,52,2805.6781231740915,62.40584513640647,10.082063400000152,8606,0.75,3,1000.0,0.95,0.1,100,0.7,0.3,10,200,50,False
data101.vrp,sa,random,True,72,4495.8579072864895,20,1671.5074633667462,52,2824.350443919743,62.82116788749675,65.10699900000009,17321,0.75,3,1000.0,0.95,0.1,200,0.3,0.1,10,200,50,False
data101.vrp,sa,random,True,72,4495.8579072864895,20,1668.4633935894997,52,2827.3945136969896,62.888876205686984,49.1885013000001,17409,0.75,3,1000.0,0.95,0.1,200,0.3,0.2,10,200,50,False
data101.vrp,sa,random,True,72,4495.8579072864895,20,1683.9475374896429,52,2811.9103697968467,62.54446710247561,36.96209850000014,17402,0.75,3,1000.0,0.95,0.1,200,0.3,0.3,10,200,50,False
data101.vrp,sa,random,True,72,4495.8579072864895,20,1706.0037768783418,52,2789.8541304081477,62.05387687823937,45.48742170000014,17492,0.75,3,1000.0,0.95,0.1,200,0.5,0.1,10,200,50,False
data101.vrp,sa,random,True,72,4495.8579072864895,20,1679.3854901572658,52,2816.4724171292237,62.64593933372613,37.46750320000001,17406,0.75,3,1000.0,0.95,0.1,200,0.5,0.2,10,200,50,False
data101.vrp,sa,random,True,72,4495.8579072864895,20,1647.9030434116676,52,2847.954863874822,63.34619382118613,28.118702700000085,17209,0.75,3,1000.0,0.95,0.1,200,0.5,0.3,10,200,50,False
data101.vrp,sa,random,True,72,4495.8579072864895,20,1652.395126966078,52,2843.4627803204116,63.246277772969165,31.77327679999962,17369,0.75,3,1000.0,0.95,0.1,200,0.7,0.1,10,200,50,False
data101.vrp,sa,random,True,72,4495.8579072864895,19,1701.4226055055492,53,2794.4353017809403,62.15577447970423,34.89309200000025,17448,0.75,3,1000.0,0.95,0.1,200,0.7,0.2,10,200,50,False
data101.vrp,sa,random,True,72,4495.8579072864895,19,1688.9757435891522,53,2806.882163697337,62.432626243551645,31.026334300000144,17327,0.75,3,1000.0,0.95,0.1,200,0.7,0.3,10,200,50,False
data101.vrp,sa,random,True,72,4495.8579072864895,20,1670.521201664142,52,2825.336705622348,62.843105006572635,140.1310257,34582,0.75,3,1000.0,0.95,0.1,400,0.3,0.1,10,200,50,False
data101.vrp,sa,random,True,72,4495.8579072864895,19,1675.264351018908,53,2820.5935562675813,62.73760457812095,112.40255039999965,35013,0.75,3,1000.0,0.95,0.1,400,0.3,0.2,10,200,50,False
data101.vrp,sa,random,True,72,4495.8579072864895,20,1665.6964520331962,52,2830.1614552532933,62.95042044514836,88.82326269999976,34643,0.75,3,1000.0,0.95,0.1,400,0.3,0.3,10,200,50,False
data101.vrp,sa,random,True,72,4495.8579072864895,19,1660.288751118001,53,2835.5691561684885,63.07070229183285,112.54758189999984,35156,0.75,3,1000.0,0.95,0.1,400,0.5,0.1,10,200,50,False
data101.vrp,sa,random,True,72,4495.8579072864895,19,1654.9281610481787,53,2840.929746238311,63.189936266312664,87.15697330000012,34932,0.75,3,1000.0,0.95,0.1,400,0.5,0.2,10,200,50,False
data101.vrp,sa,random,True,72,4495.8579072864895,20,1683.729698586,52,2812.1282087004893,62.549312426952824,61.78909079999994,34600,0.75,3,1000.0,0.95,0.1,400,0.5,0.3,10,200,50,False
data101.vrp,sa,random,True,72,4495.8579072864895,20,1663.7537188261608,52,2832.1041884603287,62.99363206898297,74.40609910000012,34736,0.75,3,1000.0,0.95,0.1,400,0.7,0.1,10,200,50,False
data101.vrp,sa,random,True,72,4495.8579072864895,20,1668.9094523416377,52,2826.9484549448516,62.87895465653359,62.318481399999655,34632,0.75,3,1000.0,0.95,0.1,400,0.7,0.2,10,200,50,False
data101.vrp,sa,random,True,72,4495.8579072864895,20,1668.8632371541203,52,2826.9946701323693,62.87998260689303,51.97014580000041,34866,0.75,3,1000.0,0.95,0.1,400,0.7,0.3,10,200,50,False
data101.vrp,sa,random,True,72,4495.8579072864895,21,2084.4752231656753,51,2411.3826841208142,53.63565161195727,56.544881000000714,27763,0.75,3,1000.0,0.99,0.01,100,0.3,0.1,10,200,50,False
data101.vrp,sa,random,True,72,4495.8579072864895,22,2190.9889493191877,50,2304.868957967302,51.266499197667564,22.99820769999951,16030,0.75,3,1000.0,0.99,0.01,100,0.3,0.2,10,200,50,False
data101.vrp,sa,random,True,72,4495.8579072864895,24,2298.974893295891,48,2196.8830139905986,48.86460069011711,13.73711860000003,15113,0.75,3,1000.0,0.99,0.01,100,0.3,0.3,10,200,50,False
data101.vrp,sa,random,True,72,4495.8579072864895,23,2283.9986603069765,49,2211.859246979513,49.197712485413,12.165535199999795,11049,0.75,3,1000.0,0.99,0.01,100,0.5,0.1,10,200,50,False
data101.vrp,sa,random,True,72,4495.8579072864895,22,2185.783629471868,50,2310.0742778146214,51.38227954381425,24.182303099999444,23779,0.75,3,1000.0,0.99,0.01,100,0.5,0.2,10,200,50,False
data101.vrp,sa,random,True,72,4495.8579072864895,23,2274.659394193427,49,2221.1985130930625,49.40544294100443,7.028373600000123,8822,0.75,3,1000.0,0.99,0.01,100,0.5,0.3,10,200,50,False
data101.vrp,sa,random,True,72,4495.8579072864895,22,2181.6051263276386,50,2314.252780958851,51.4752207183442,12.989661499999784,12911,0.75,3,1000.0,0.99,0.01,100,0.7,0.1,10,200,50,False
data101.vrp,sa,random,True,72,4495.8579072864895,22,2128.5591680744183,50,2367.2987392120713,52.65510583364662,10.489163199999894,13089,0.75,3,1000.0,0.99,0.01,100,0.7,0.2,10,200,50,False
data101.vrp,sa,random,True,72,4495.8579072864895,24,2281.298234544631,48,2214.5596727418583,49.257777234300384,6.2639367000001585,11325,0.75,3,1000.0,0.99,0.01,100,0.7,0.3,10,200,50,False
data101.vrp,sa,random,True,72,4495.8579072864895,21,2085.6465745970168,51,2410.211332689473,53.6095975983408,62.6782776,30504,0.75,3,1000.0,0.99,0.01,200,0.3,0.1,10,200,50,False
data101.vrp,sa,random,True,72,4495.8579072864895,21,2107.739839791794,51,2388.1180674946954,53.1181838203615,52.08585080000012,32998,0.75,3,1000.0,0.99,0.01,200,0.3,0.2,10,200,50,False
data101.vrp,sa,random,True,72,4495.8579072864895,22,2168.812572853638,50,2327.0453344328516,51.75976159436404,40.81422010000006,36635,0.75,3,1000.0,0.99,0.01,200,0.3,0.3,10,200,50,False
data101.vrp,sa,random,True,72,4495.8579072864895,21,2091.8998208542002,51,2403.9580864322893,53.47050854379019,56.06536359999973,35676,0.75,3,1000.0,0.99,0.01,200,0.5,0.1,10,200,50,False
data101.vrp,sa,random,True,72,4495.8579072864895,22,2170.605423604748,50,2325.2524836817415,51.71988376040928,24.410418800000116,22120,0.75,3,1000.0,0.99,0.01,200,0.5,0.2,10,200,50,False
data101.vrp,sa,random,True,72,4495.8579072864895,20,1912.705700367212,52,2583.1522069192774,57.45626886322925,82.08989269999984,68796,0.75,3,1000.0,0.99,0.01,200,0.5,0.3,10,200,50,False
data101.vrp,sa,random,True,72,4495.8579072864895,23,2243.605846498669,49,2252.2520607878205,50.09615755732781,19.07799950000026,21546,0.75,3,1000.0,0.99,0.01,200,0.7,0.1,10,200,50,False
data101.vrp,sa,random,True,72,4495.8579072864895,23,2225.5532574097992,49,2270.3046498766903,50.49769580566995,13.424865699999827,18010,0.75,3,1000.0,0.99,0.01,200,0.7,0.2,10,200,50,False
data101.vrp,sa,random,True,72,4495.8579072864895,21,2087.3431509963675,51,2408.514756290122,53.571861165510015,28.977648099999897,37958,0.75,3,1000.0,0.99,0.01,200,0.7,0.3,10,200,50,False
data101.vrp,sa,random,True,72,4495.8579072864895,21,2008.066236298976,51,2487.7916709875135,55.335193466757936,259.0363690000004,116848,0.75,3,1000.0,0.99,0.01,400,0.3,0.1,10,200,50,False
data101.vrp,sa,random,True,72,4495.8579072864895,22,2143.360570263017,50,2352.4973370234725,52.325882746666714,44.85805140000048,29681,0.75,3,1000.0,0.99,0.01,400,0.3,0.2,10,200,50,False
data101.vrp,sa,random,True,72,4495.8579072864895,23,2249.3374507372027,49,2246.520456549287,49.968671227538685,35.29233490000024,32828,0.75,3,1000.0,0.99,0.01,400,0.3,0.3,10,200,50,False
data101.vrp,sa,random,True,72,4495.8579072864895,21,2067.887391382227,51,2427.9705159042624,54.00460970906625,74.27053179999984,50117,0.75,3,1000.0,0.99,0.01,400,0.5,0.1,10,200,50,False
data101.vrp,sa,random,True,72,4495.8579072864895,22,2169.451302226561,50,2326.4066050599286,51.74555453119402,40.6050138999999,38345,0.75,3,1000.0,0.99,0.01,400,0.5,0.2,10,200,50,False
data101.vrp,sa,random,True,72,4495.8579072864895,21,2092.783644054171,51,2403.0742632323186,53.450849933171334,38.351798900000176,38772,0.75,3,1000.0,0.99,0.01,400,0.5,0.3,10,200,50,False
data101.vrp,sa,random,True,72,4495.8579072864895,21,2065.757180741955,51,2430.1007265445346,54.0519913364264,77.57794060000015,61773,0.75,3,1000.0,0.99,0.01,400,0.7,0.1,10,200,50,False
data101.vrp,sa,random,True,73,4567.752626931998,19,1663.1284517624608,54,2904.624175169537,63.58978719739631,89.9514633,27956,0.75,1,400.0,0.95,0.01,400,0.6,0.2,10,200,50,False
data101.vrp,sa,random,True,73,4567.752626931998,19,1667.7473488533524,54,2900.0052780786455,63.48866751189368,91.2793338,28152,0.75,1,400.0,0.95,0.01,400,0.4,0.3,10,200,50,False
data101.vrp,sa,random,True,73,4567.752626931998,20,1667.2173643584285,53,2900.5352625735695,63.50027025263317,94.5446571,27846,0.75,1,400.0,0.95,0.01,400,0.6,0.1,10,200,50,False
data101.vrp,sa,random,True,73,4567.752626931998,19,1655.5571624315894,54,2912.1954645004084,63.75554243742901,124.3453647,28153,0.75,1,400.0,0.95,0.01,400,0.4,0.2,10,200,50,False
data101.vrp,sa,random,True,73,4567.752626931998,20,1686.2546859280883,53,2881.4979410039095,63.08349370791808,136.5495435,27836,0.75,1,400.0,0.95,0.01,400,0.4,0.1,10,200,50,False
data101.vrp,sa,random,True,73,4567.752626931998,19,1671.9754966073522,54,2895.7771303246454,63.39610234693553,65.5392015,27626,0.75,1,400.0,0.95,0.01,400,0.6,0.3,10,200,50,False
data101.vrp,sa,random,True,73,4567.752626931998,20,1650.859623591793,53,2916.893003340205,63.85838379560806,66.2190778,27674,0.75,1,400.0,0.95,0.01,400,0.8,0.2,10,200,50,False
data101.vrp,sa,random,True,73,4567.752626931998,20,1677.0422108954065,53,2890.7104160365916,63.28517877681529,87.0207788,27962,0.75,1,400.0,0.95,0.01,400,0.8,0.1,10,200,50,False
data101.vrp,sa,random,True,73,4567.752626931998,20,1654.4698514844156,53,2913.282775447582,63.77934650555571,102.71715190000003,34379,0.75,1,400.0,0.95,0.01,500,0.4,0.3,10,200,50,False
data101.vrp,sa,random,True,73,4567.752626931998,20,1664.5341675017241,53,2903.2184594302735,63.559012419205054,98.56704009999999,34252,0.75,1,400.0,0.95,0.01,500,0.6,0.2,10,200,50,False
data101.vrp,sa,random,True,73,4567.752626931998,19,1660.2384821291841,54,2907.5141448028135,63.653056158509415,148.8657651,34745,0.75,1,400.0,0.95,0.01,500,0.4,0.2,10,200,50,False
data101.vrp,sa,random,True,73,4567.752626931998,19,1667.372040400552,54,2900.380586531446,63.496883991275425,145.1318389,35383,0.75,1,400.0,0.95,0.01,500,0.6,0.1,10,200,50,False
data101.vrp,sa,random,True,73,4567.752626931998,19,1657.6263729131836,54,2910.1262540188145,63.710242031505246,183.2186349,35460,0.75,1,400.0,0.95,0.01,500,0.4,0.1,10,200,50,False
data101.vrp,sa,random,True,73,4567.752626931998,20,1666.714446945985,53,2901.038179986013,63.5112804244511,86.90887730000003,34710,0.75,1,400.0,0.95,0.01,500,0.6,0.3,10,200,50,False
data101.vrp,sa,random,True,73,4567.752626931998,20,1671.4569057576832,53,2896.2957211743146,63.407455651109906,95.73378600000001,34881,0.75,1,400.0,0.95,0.01,500,0.8,0.1,10,200,50,False
data101.vrp,sa,random,True,73,4567.752626931998,19,1682.80012395961,54,2884.952502972388,63.159123065517484,90.6681519,35212,0.75,1,400.0,0.95,0.01,500,0.8,0.2,10,200,50,False
data101.vrp,sa,random,True,73,4567.752626931998,20,1655.268265794131,53,2912.484361137867,63.76186713714579,153.0148441,41488,0.75,1,400.0,0.95,0.01,600,0.4,0.2,10,200,50,False
data101.vrp,sa,random,True,73,4567.752626931998,20,1651.6977520387961,53,2916.0548748932015,63.84003498131236,123.03960010000003,41155,0.75,1,400.0,0.95,0.01,600,0.4,0.3,10,200,50,False
data101.vrp,sa,random,True,73,4567.752626931998,20,1658.508938200015,53,2909.2436887319827,63.690920379066625,109.6338227,41714,0.75,1,400.0,0.95,0.01,600,0.6,0.2,10,200,50,False
data101.vrp,sa,random,True,73,4567.752626931998,19,1683.4949922132805,54,2884.2576347187173,63.14391058992119,211.10499729999998,42223,0.75,1,400.0,0.95,0.01,600,0.4,0.1,10,200,50,False
data101.vrp,sa,random,True,73,4567.752626931998,20,1660.7190680280644,53,2907.033558903933,63.64253488167741,145.0467481,41613,0.75,1,400.0,0.95,0.01,600,0.6,0.1,10,200,50,False
data101.vrp,sa,random,True,73,4567.752626931998,20,1656.3199226473978,53,2911.4327042846,63.738843629982405,94.78900959999999,41352,0.75,1,400.0,0.95,0.01,600,0.6,0.3,10,200,50,False
data101.vrp,sa,random,True,73,4567.752626931998,19,1666.7506980670278,54,2901.00192886497,63.51048679300904,108.0816441,42378,0.75,1,400.0,0.95,0.01,600,0.8,0.2,10,200,50,False
data101.vrp,sa,random,True,73,4567.752626931998,19,1657.0385244300542,54,2910.7141025019437,63.72311156563157,126.22403759999997,42170,0.75,1,400.0,0.95,0.01,600,0.8,0.1,10,200,50,False
data101.vrp,sa,random,True,73,4567.752626931998,20,1650.2601473675213,53,2917.4924795644765,63.87150789126809,129.33889179999994,47947,0.75,1,400.0,0.95,0.01,700,0.4,0.3,10,200,50,False
data101.vrp,sa,random,True,73,4567.752626931998,20,1668.0290075119303,53,2899.7236194200677,63.48250127038321,170.22168039999997,48315,0.75,1,400.0,0.95,0.01,700,0.4,0.2,10,200,50,False
data101.vrp,sa,random,True,73,4567.752626931998,20,1659.2204692000143,53,2908.5321577319837,63.675343112561336,119.69986779999999,48300,0.75,1,400.0,0.95,0.01,700,0.6,0.2,10,200,50,False
data101.vrp,sa,random,True,73,4567.752626931998,20,1680.6556343358757,53,2887.096992596122,63.20607152789896,242.1034337000001,49165,0.75,1,400.0,0.95,0.01,700,0.4,0.1,10,200,50,False
data101.vrp,sa,random,True,73,4567.752626931998,19,1679.520141900539,54,2888.232485031459,63.23093041427213,200.51902700000005,49680,0.75,1,400.0,0.95,0.01,700,0.6,0.1,10,200,50,False
data101.vrp,sa,random,True,73,4567.752626931998,19,1666.8105985736581,54,2900.9420283583395,63.509175414930525,120.94294239999999,49041,0.75,1,400.0,0.95,0.01,700,0.6,0.3,10,200,50,False
data101.vrp,sa,random,True,73,4567.752626931998,20,1645.8373263382903,53,2921.915300593708,63.968334961174506,110.95209280000006,48443,0.75,1,400.0,0.95,0.01,700,0.8,0.2,10,200,50,False
data101.vrp,sa,random,True,73,4567.752626931998,19,1686.4781932049705,54,2881.2744337270274,63.078600551586355,140.14206749999994,49185,0.75,1,400.0,0.95,0.01,700,0.8,0.1,10,200,50,False
data101.vrp,sa,random,True,73,4567.752626931998,20,1686.2546859280883,53,2881.4979410039095,63.08349370791808,114.76139469999998,27815,0.75,1,400.0,0.95,0.1,400,0.4,0.1,10,200,50,False
data101.vrp,sa,random,True,73,4567.752626931998,19,1667.7473488533524,54,2900.0052780786455,63.48866751189368,82.62605940000003,28113,0.75,1,400.0,0.95,0.1,400,0.4,0.3,10,200,50,False
data101.vrp,sa,random,True,73,4567.752626931998,19,1655.5571624315894,54,2912.1954645004084,63.75554243742901,102.94345520000002,28079,0.75,1,400.0,0.95,0.1,400,0.4,0.2,10,200,50,False
data101.vrp,sa,random,True,73,4567.752626931998,19,1663.1284517624608,54,2904.624175169537,63.58978719739631,77.13055039999995,27870,0.75,1,400.0,0.95,0.1,400,0.6,0.2,10,200,50,False
data101.vrp,sa,random,True,73,4567.752626931998,20,1667.2173643584285,53,2900.5352625735695,63.50027025263317,83.96421210000005,27818,0.75,1,400.0,0.95,0.1,400,0.6,0.1,10,200,50,False
data101.vrp,sa,random,True,73,4567.752626931998,19,1671.9754966073522,54,2895.7771303246454,63.39610234693553,60.14423089999991,27626,0.75,1,400.0,0.95,0.1,400,0.6,0.3,10,200,50,False
data101.vrp,sa,random,True,73,4567.752626931998,20,1650.859623591793,53,2916.893003340205,63.85838379560806,52.02268150000009,27628,0.75,1,400.0,0.95,0.1,400,0.8,0.2,10,200,50,False
data101.vrp,sa,random,True,73,4567.752626931998,20,1677.0422108954065,53,2890.7104160365916,63.28517877681529,70.59302009999999,27913,0.75,1,400.0,0.95,0.1,400,0.8,0.1,10,200,50,False
data101.vrp,sa,random,True,73,4567.752626931998,20,1654.4698514844156,53,2913.282775447582,63.77934650555571,88.153592,34346,0.75,1,400.0,0.95,0.1,500,0.4,0.3,10,200,50,False
data101.vrp,sa,random,True,73,4567.752626931998,19,1660.2384821291841,54,2907.5141448028135,63.653056158509415,119.3408849000001,34672,0.75,1,400.0,0.95,0.1,500,0.4,0.2,10,200,50,False
data101.vrp,sa,random,True,73,4567.752626931998,20,1664.5341675017241,53,2903.2184594302735,63.559012419205054,83.07858910000004,34240,0.75,1,400.0,0.95,0.1,500,0.6,0.2,10,200,50,False
data101.vrp,sa,random,True,73,4567.752626931998,19,1657.6263729131836,54,2910.1262540188145,63.710242031505246,149.1957609000001,35407,0.75,1,400.0,0.95,0.1,500,0.4,0.1,10,200,50,False
data101.vrp,sa,random,True,73,4567.752626931998,19,1667.372040400552,54,2900.380586531446,63.496883991275425,128.06002939999985,35370,0.75,1,400.0,0.95,0.1,500,0.6,0.1,10,200,50,False
data101.vrp,sa,random,True,73,4567.752626931998,20,1666.714446945985,53,2901.038179986013,63.5112804244511,71.22688909999988,34650,0.75,1,400.0,0.95,0.1,500,0.6,0.3,10,200,50,False
data101.vrp,sa,random,True,73,4567.752626931998,20,1671.4569057576832,53,2896.2957211743146,63.407455651109906,80.59232759999986,34859,0.75,1,400.0,0.95,0.1,500,0.8,0.1,10,200,50,False
data101.vrp,sa,random,True,73,4567.752626931998,19,1682.80012395961,54,2884.952502972388,63.159123065517484,81.5352863999999,35179,0.75,1,400.0,0.95,0.1,500,0.8,0.2,10,200,50,False
data101.vrp,sa,random,True,73,4567.752626931998,20,1651.6977520387961,53,2916.0548748932015,63.84003498131236,112.6910425000001,41102,0.75,1,400.0,0.95,0.1,600,0.4,0.3,10,200,50,False
data101.vrp,sa,random,True,73,4567.752626931998,20,1655.268265794131,53,2912.484361137867,63.76186713714579,140.62152179999998,41462,0.75,1,400.0,0.95,0.1,600,0.4,0.2,10,200,50,False
data101.vrp,sa,random,True,73,4567.752626931998,20,1658.508938200015,53,2909.2436887319827,63.690920379066625,106.85128050000003,41679,0.75,1,400.0,0.95,0.1,600,0.6,0.2,10,200,50,False
data101.vrp,sa,random,True,73,4567.752626931998,20,1660.7190680280644,53,2907.033558903933,63.64253488167741,139.41325800000004,41591,0.75,1,400.0,0.95,0.1,600,0.6,0.1,10,200,50,False
data101.vrp,sa,random,True,73,4567.752626931998,19,1683.4949922132805,54,2884.2576347187173,63.14391058992119,207.18940020000014,42223,0.75,1,400.0,0.95,0.1,600,0.4,0.1,10,200,50,False
data101.vrp,sa,random,True,73,4567.752626931998,20,1656.3199226473978,53,2911.4327042846,63.738843629982405,92.28051219999998,41327,0.75,1,400.0,0.95,0.1,600,0.6,0.3,10,200,50,False
data101.vrp,sa,random,True,73,4567.752626931998,19,1666.7506980670278,54,2901.00192886497,63.51048679300904,99.30968499999994,42265,0.75,1,400.0,0.95,0.1,600,0.8,0.2,10,200,50,False
data101.vrp,sa,random,True,73,4567.752626931998,19,1657.0385244300542,54,2910.7141025019437,63.72311156563157,115.80065880000006,42090,0.75,1,400.0,0.95,0.1,600,0.8,0.1,10,200,50,False
data101.vrp,sa,random,True,73,4567.752626931998,20,1668.0290075119303,53,2899.7236194200677,63.48250127038321,156.48948169999994,48289,0.75,1,400.0,0.95,0.1,700,0.4,0.2,10,200,50,False
data101.vrp,sa,random,True,73,4567.752626931998,20,1650.2601473675213,53,2917.4924795644765,63.87150789126809,127.59382669999991,47936,0.75,1,400.0,0.95,0.1,700,0.4,0.3,10,200,50,False
data101.vrp,sa,random,True,73,4567.752626931998,20,1659.2204692000143,53,2908.5321577319837,63.675343112561336,119.29851859999985,48300,0.75,1,400.0,0.95,0.1,700,0.6,0.2,10,200,50,False
data101.vrp,sa,random,True,73,4567.752626931998,20,1680.6556343358757,53,2887.096992596122,63.20607152789896,222.04568070000005,49109,0.75,1,400.0,0.95,0.1,700,0.4,0.1,10,200,50,False
data101.vrp,sa,random,True,73,4567.752626931998,19,1679.520141900539,54,2888.232485031459,63.23093041427213,168.40920770000002,49520,0.75,1,400.0,0.95,0.1,700,0.6,0.1,10,200,50,False
data101.vrp,sa,random,True,73,4567.752626931998,19,1666.8105985736581,54,2900.9420283583395,63.509175414930525,109.14112190000014,49041,0.75,1,400.0,0.95,0.1,700,0.6,0.3,10,200,50,False
data101.vrp,sa,random,True,73,4567.752626931998,20,1645.8373263382903,53,2921.915300593708,63.968334961174506,92.42272129999992,48399,0.75,1,400.0,0.95,0.1,700,0.8,0.2,10,200,50,False
data101.vrp,sa,random,True,73,4567.752626931998,19,1686.4781932049705,54,2881.2744337270274,63.078600551586355,131.65236320000008,49185,0.75,1,400.0,0.95,0.1,700,0.8,0.1,10,200,50,False
data101.vrp,sa,random,True,73,4567.752626931998,22,2137.307965365842,51,2430.444661566156,53.20876282213649,62.3941499,55196,0.75,1,400.0,0.99,0.01,400,0.4,0.3,10,200,50,False
data101.vrp,sa,random,True,73,4567.752626931998,22,2152.550075695267,51,2415.202551236731,52.87507333467266,51.730353799999875,42249,0.75,1,400.0,0.99,0.01,400,0.6,0.1,10,200,50,False
data101.vrp,sa,random,True,73,4567.752626931998,21,2020.4352915136415,52,2547.3173354183564,55.7674100037528,114.2251976,76320,0.75,1,400.0,0.99,0.01,400,0.4,0.2,10,200,50,False
data101.vrp,sa,random,True,73,4567.752626931998,21,2097.132435710584,52,2470.6201912214137,54.08830978837057,42.987201499999856,38069,0.75,1,400.0,0.99,0.01,400,0.8,0.1,10,200,50,False
data101.vrp,sa,random,True,73,4567.752626931998,21,2107.7355680382825,52,2460.0170588937153,53.856179609840744,51.57278489999999,52752,0.75,1,400.0,0.99,0.01,400,0.6,0.3,10,200,50,False
data101.vrp,sa,random,True,73,4567.752626931998,21,1986.8995584765323,52,2580.8530684554653,56.50159453115865,45.15854999999988,47544,0.75,1,400.0,0.99,0.01,400,0.8,0.2,10,200,50,False
data101.vrp,sa,random,True,73,4567.752626931998,20,1948.0647978178097,53,2619.6878291141884,57.351788572529216,219.5192803,98693,0.75,1,400.0,0.99,0.01,400,0.4,0.1,10,200,50,False
data101.vrp,sa,random,True,73,4567.752626931998,21,2056.8510273566626,52,2510.9015995753352,54.97017471503971,94.46992299999988,61281,0.75,1,400.0,0.99,0.01,500,0.4,0.2,10,200,50,False
data101.vrp,sa,random,True,73,4567.752626931998,21,2031.2504624970572,52,2536.502164434941,55.53063774687426,106.99425130000009,84829,0.75,1,400.0,0.99,0.01,500,0.4,0.3,10,200,50,False
data101.vrp,sa,random,True,73,4567.752626931998,21,2030.9575957812335,52,2536.7950311507643,55.53704936194502,94.16772070000002,66910,0.75,1,400.0,0.99,0.01,500,0.6,0.1,10,200,50,False
data101.vrp,sa,random,True,73,4567.752626931998,20,1995.588778735696,53,2572.163848196302,56.311364871874325,158.96505789999992,72144,0.75,1,400.0,0.99,0.01,500,0.4,0.1,10,200,50,False
data101.vrp,sa,random,True,73,4567.752626931998,22,2132.4850956220216,51,2435.267531309976,53.31434800018191,70.78052460000004,64585,0.75,1,400.0,0.99,0.01,500,0.6,0.2,10,200,50,False
data101.vrp,sa,random,True,73,4567.752626931998,22,2165.897761918377,51,2401.854865013621,52.58285772421227,28.86636150000004,31279,0.75,1,400.0,0.99,0.01,500,0.8,0.2,10,200,50,False
data101.vrp,sa,random,True,73,4567.752626931998,21,2058.5821289864152,52,2509.1704979455826,54.932276392360286,66.41012299999988,61815,0.75,1,400.0,0.99,0.01,500,0.6,0.3,10,200,50,False
data101.vrp,sa,random,True,73,4567.752626931998,21,2084.900164324393,52,2482.852462607605,54.356106063371726,60.40521130000002,51822,0.75,1,400.0,0.99,0.01,500,0.8,0.1,10,200,50,False
data101.vrp,sa,random,True,73,4567.752626931998,20,1644.04534455951,53,2923.7072823724875,64.00756610885561,311.20127460000003,140111,0.75,1,400.0,0.99,0.01,400,0.6,0.2,10,200,50,False
data101.vrp,sa,random,True,73,4567.752626931998,20,1994.8725635165174,53,2572.8800634154804,56.327044688135736,80.2771636,56557,0.75,1,400.0,0.99,0.01,600,0.4,0.3,10,200,50,False
data101.vrp,sa,random,True,73,4567.752626931998,21,2066.7905817411106,52,2500.9620451908872,54.7525719857272,66.61567869999999,54732,0.75,1,400.0,0.99,0.01,600,0.6,0.2,10,200,50,False
data101.vrp,sa,random,True,73,4567.752626931998,21,2020.4146840095157,52,2547.3379429224824,55.767861155682624,126.89564599999994,81410,0.75,1,400.0,0.99,0.01,600,0.4,0.2,10,200,50,False
data101.vrp,sa,random,True,73,4567.752626931998,21,2061.8044106866173,52,2505.9482162453805,54.86173225472019,59.3848438,52537,0.75,1,400.0,0.99,0.01,600,0.8,0.1,10,200,50,False
data101.vrp,sa,random,True,73,4567.752626931998,20,1958.8392756349904,53,2608.9133512970075,57.11590719502962,142.21944239999993,122885,0.75,1,400.0,0.99,0.01,600,0.6,0.3,10,200,50,False
data101.vrp,sa,random,True,73,4567.752626931998,21,1990.8159212630094,52,2576.9367056689885,56.41585515106645,210.0648337,130023,0.75,1,400.0,0.99,0.01,600,0.6,0.1,10,200,50,False
data101.vrp,sa,random,True,73,4567.752626931998,20,1969.8629637819083,53,2597.8896631500893,56.87456995443736,190.74496920000024,83323,0.75,1,400.0,0.99,0.01,700,0.4,0.1,10,200,50,False
data101.vrp,sa,random,True,73,4567.752626931998,21,2034.3907121757316,52,2533.3619147562663,55.461889503807,140.7386445000002,113582,0.75,1,400.0,0.99,0.01,700,0.4,0.3,10,200,50,False
data101.vrp,sa,random,True,73,4567.752626931998,20,1981.3056838434131,53,2586.4469430885847,56.62405901402354,92.43356700000004,53934,0.75,1,400.0,0.99,0.01,700,0.6,0.1,10,200,50,False
data101.vrp,sa,random,True,73,4567.752626931998,19,1655.7003308344852,54,2912.0522960975127,63.75240810826128,364.4522373,210420,0.75,1,400.0,0.99,0.01,600,0.8,0.2,10,200,50,False
data101.vrp,sa,random,True,73,4567.752626931998,22,2173.8653616062493,51,2393.8872653257486,52.40842621842331,57.43501030000016,53200,0.75,1,400.0,0.99,0.01,700,0.8,0.1,10,200,50,False
data101.vrp,sa,random,True,73,4567.752626931998,19,1662.5533078140102,54,2905.1993191179877,63.60237859617433,814.1274461,213258,0.75,1,400.0,0.99,0.01,600,0.4,0.1,10,200,50,False
data101.vrp,sa,random,True,73,4567.752626931998,19,1682.3567532489428,54,2885.395873683055,63.1688296049665,453.35867919999964,240638,0.75,1,400.0,0.99,0.01,700,0.6,0.2,10,200,50,False
data101.vrp,sa,random,True,73,4567.752626931998,20,1645.241527126491,53,2922.511099805507,63.981378557456104,623.6770122999997,243627,0.75,1,400.0,0.99,0.01,700,0.4,0.2,10,200,50,False
data101.vrp,sa,random,True,73,4567.752626931998,19,1659.0827255671447,54,2908.669901364853,63.67835867938642,425.6487271000001,246532,0.75,1,400.0,0.99,0.01,700,0.6,0.3,10,200,50,False
data101.vrp,sa,random,True,73,4567.752626931998,22,2137.307965365842,51,2430.444661566156,53.20876282213649,56.90017080000007,55196,0.75,1,400.0,0.99,0.1,400,0.4,0.3,10,200,50,False
data101.vrp,sa,random,True,73,4567.752626931998,22,2152.550075695267,51,2415.202551236731,52.87507333467266,47.98702450000019,42249,0.75,1,400.0,0.99,0.1,400,0.6,0.1,10,200,50,False
data101.vrp,sa,random,True,73,4567.752626931998,21,2020.4352915136415,52,2547.3173354183564,55.7674100037528,103.7001736000002,76320,0.75,1,400.0,0.99,0.1,400,0.4,0.2,10,200,50,False
data101.vrp,sa,random,True,73,4567.752626931998,21,2097.132435710584,52,2470.6201912214137,54.08830978837057,38.17651019999994,38069,0.75,1,400.0,0.99,0.1,400,0.8,0.1,10,200,50,False
data101.vrp,sa,random,True,73,4567.752626931998,21,2107.7355680382825,52,2460.0170588937153,53.856179609840744,48.61891560000004,52752,0.75,1,400.0,0.99,0.1,400,0.6,0.3,10,200,50,False
data101.vrp,sa,random,True,73,4567.752626931998,20,1948.0647978178097,53,2619.6878291141884,57.351788572529216,202.6437844000002,98693,0.75,1,400.0,0.99,0.1,400,0.4,0.1,10,200,50,False
data101.vrp,sa,random,True,73,4567.752626931998,21,1986.8995584765323,52,2580.8530684554653,56.50159453115865,42.88293079999994,47544,0.75,1,400.0,0.99,0.1,400,0.8,0.2,10,200,50,False
data101.vrp,sa,random,True,73,4567.752626931998,19,1661.211431000237,54,2906.5411959317607,63.631755774042084,458.46796259999974,247651,0.75,1,400.0,0.99,0.01,700,0.8,0.2,10,200,50,False
data101.vrp,sa,random,True,73,4567.752626931998,21,2056.8510273566626,52,2510.9015995753352,54.97017471503971,88.88652409999986,61281,0.75,1,400.0,0.99,0.1,500,0.4,0.2,10,200,50,False
data101.vrp,sa,random,True,73,4567.752626931998,21,2030.9575957812335,52,2536.7950311507643,55.53704936194502,86.7862482999999,66910,0.75,1,400.0,0.99,0.1,500,0.6,0.1,10,200,50,False
data101.vrp,sa,random,True,73,4567.752626931998,21,2031.2504624970572,52,2536.502164434941,55.53063774687426,97.32974899999999,84829,0.75,1,400.0,0.99,0.1,500,0.4,0.3,10,200,50,False
data101.vrp,sa,random,True,73,4567.752626931998,20,1995.588778735696,53,2572.163848196302,56.311364871874325,148.29412289999982,72144,0.75,1,400.0,0.99,0.1,500,0.4,0.1,10,200,50,False
data101.vrp,sa,random,True,73,4567.752626931998,22,2165.897761918377,51,2401.854865013621,52.58285772421227,24.94195600000012,31279,0.75,1,400.0,0.99,0.1,500,0.8,0.2,10,200,50,False
data101.vrp,sa,random,True,73,4567.752626931998,22,2132.4850956220216,51,2435.267531309976,53.31434800018191,63.72671020000007,64585,0.75,1,400.0,0.99,0.1,500,0.6,0.2,10,200,50,False
data101.vrp,sa,random,True,73,4567.752626931998,21,2058.5821289864152,52,2509.1704979455826,54.932276392360286,58.18791360000023,61815,0.75,1,400.0,0.99,0.1,500,0.6,0.3,10,200,50,False
data101.vrp,sa,random,True,73,4567.752626931998,21,2084.900164324393,52,2482.852462607605,54.356106063371726,52.39994539999998,51822,0.75,1,400.0,0.99,0.1,500,0.8,0.1,10,200,50,False
data101.vrp,sa,random,True,73,4567.752626931998,20,1644.04534455951,53,2923.7072823724875,64.00756610885561,284.0646102999999,140111,0.75,1,400.0,0.99,0.1,400,0.6,0.2,10,200,50,False
data101.vrp,sa,random,True,73,4567.752626931998,20,1994.8725635165174,53,2572.8800634154804,56.327044688135736,74.5195832999998,56557,0.75,1,400.0,0.99,0.1,600,0.4,0.3,10,200,50,False
data101.vrp,sa,random,True,73,4567.752626931998,21,2066.7905817411106,52,2500.9620451908872,54.7525719857272,61.442787899999985,54732,0.75,1,400.0,0.99,0.1,600,0.6,0.2,10,200,50,False
data101.vrp,sa,random,True,73,4567.752626931998,21,2020.4146840095157,52,2547.3379429224824,55.767861155682624,115.61546429999999,81410,0.75,1,400.0,0.99,0.1,600,0.4,0.2,10,200,50,False
data101.vrp,sa,random,True,73,4567.752626931998,21,2061.8044106866173,52,2505.9482162453805,54.86173225472019,57.05284430000029,52537,0.75,1,400.0,0.99,0.1,600,0.8,0.1,10,200,50,False
data101.vrp,sa,random,True,73,4567.752626931998,21,1990.8159212630094,52,2576.9367056689885,56.41585515106645,191.48276029999988,130023,0.75,1,400.0,0.99,0.1,600,0.6,0.1,10,200,50,False
data101.vrp,sa,random,True,73,4567.752626931998,20,1958.8392756349904,53,2608.9133512970075,57.11590719502962,132.94997300000023,122885,0.75,1,400.0,0.99,0.1,600,0.6,0.3,10,200,50,False
data101.vrp,sa,random,True,73,4567.752626931998,20,1969.8629637819083,53,2597.8896631500893,56.87456995443736,178.05382790000021,83323,0.75,1,400.0,0.99,0.1,700,0.4,0.1,10,200,50,False
data101.vrp,sa,random,True,73,4567.752626931998,21,2034.3907121757316,52,2533.3619147562663,55.461889503807,134.33762590000015,113582,0.75,1,400.0,0.99,0.1,700,0.4,0.3,10,200,50,False
data101.vrp,sa,random,True,73,4567.752626931998,20,1981.3056838434131,53,2586.4469430885847,56.62405901402354,80.48062379999965,53934,0.75,1,400.0,0.99,0.1,700,0.6,0.1,10,200,50,False
data101.vrp,sa,random,True,73,4567.752626931998,19,1655.7003308344852,54,2912.0522960975127,63.75240810826128,339.06332840000005,210420,0.75,1,400.0,0.99,0.1,600,0.8,0.2,10,200,50,False
data101.vrp,sa,random,True,73,4567.752626931998,22,2173.8653616062493,51,2393.8872653257486,52.40842621842331,54.261183600000095,53200,0.75,1,400.0,0.99,0.1,700,0.8,0.1,10,200,50,False
data101.vrp,sa,random,True,73,4567.752626931998,19,1662.5533078140102,54,2905.1993191179877,63.60237859617433,787.7537035999999,213258,0.75,1,400.0,0.99,0.1,600,0.4,0.1,10,200,50,False
data101.vrp,sa,random,True,73,4567.752626931998,19,1682.3567532489428,54,2885.395873683055,63.1688296049665,448.53509140000006,240638,0.75,1,400.0,0.99,0.1,700,0.6,0.2,10,200,50,False
data101.vrp,sa,random,True,73,4567.752626931998,20,1645.241527126491,53,2922.511099805507,63.981378557456104,610.7784988999997,243627,0.75,1,400.0,0.99,0.1,700,0.4,0.2,10,200,50,False
data101.vrp,sa,random,True,73,4567.752626931998,19,1659.0827255671447,54,2908.669901364853,63.67835867938642,437.4114596999998,246532,0.75,1,400.0,0.99,0.1,700,0.6,0.3,10,200,50,False
data101.vrp,sa,random,True,73,4567.752626931998,21,2096.1022860488492,52,2471.6503408831486,54.110862447103905,50.9226450000001,44536,0.75,1,400.0,0.995,0.01,400,0.4,0.3,10,200,50,False
data101.vrp,sa,random,True,73,4567.752626931998,21,2046.2731277395135,52,2521.4794991924846,55.20175248382651,86.14540230000011,57666,0.75,1,400.0,0.995,0.01,400,0.4,0.2,10,200,50,False
data101.vrp,sa,random,True,73,4567.752626931998,21,2058.3607306357167,52,2509.391896296281,54.93712337880594,116.04921739999963,58107,0.75,1,400.0,0.995,0.01,400,0.4,0.1,10,200,50,False
data101.vrp,sa,random,True,73,4567.752626931998,21,2098.675634895492,52,2469.076992036506,54.05452513953016,39.77686689999973,41444,0.75,1,400.0,0.995,0.01,400,0.6,0.3,10,200,50,False
data101.vrp,sa,random,True,73,4567.752626931998,21,2096.837854230353,52,2470.914772701645,54.094758944099674,67.55458279999993,54962,0.75,1,400.0,0.995,0.01,400,0.6,0.2,10,200,50,False
data101.vrp,sa,random,True,73,4567.752626931998,22,2141.1631091498143,51,2426.5895177821835,53.124363685431014,50.84705819999999,58876,0.75,1,400.0,0.995,0.01,400,0.8,0.2,10,200,50,False
data101.vrp,sa,random,True,73,4567.752626931998,19,1661.211431000237,54,2906.5411959317607,63.631755774042084,486.9417747000002,247651,0.75,1,400.0,0.99,0.1,700,0.8,0.2,10,200,50,False
data101.vrp,sa,random,True,73,4567.752626931998,20,1991.8784046619767,53,2575.874222270021,56.392594622624024,99.82566339999994,75046,0.75,1,400.0,0.995,0.01,400,0.8,0.1,10,200,50,False
data101.vrp,sa,random,True,73,4567.752626931998,20,1996.4395007179967,53,2571.3131262140014,56.29274035229582,168.8763611000004,104978,0.75,1,400.0,0.995,0.01,400,0.6,0.1,10,200,50,False
data101.vrp,sa,random,True,73,4567.752626931998,21,2104.116851437359,52,2463.635775494639,53.93540273982346,113.41880850000007,55234,0.75,1,400.0,0.995,0.01,500,0.4,0.1,10,200,50,False
data101.vrp,sa,random,True,73,4567.752626931998,22,2142.1944164023535,51,2425.5582105296444,53.10178568402046,41.77828550000004,39133,0.75,1,400.0,0.995,0.01,500,0.6,0.2,10,200,50,False
data101.vrp,sa,random,True,73,4567.752626931998,21,2109.3545648843065,52,2458.3980620476914,53.820735552811946,111.99949930000002,70713,0.75,1,400.0,0.995,0.01,500,0.4,0.2,10,200,50,False
data101.vrp,sa,random,True,73,4567.752626931998,20,2009.4592423824909,53,2558.293384549507,56.007704302231986,103.56322170000021,61992,0.75,1,400.0,0.995,0.01,500,0.6,0.1,10,200,50,False
data101.vrp,sa,random,True,73,4567.752626931998,21,2046.6842972310149,52,2521.0683297009828,55.19275091292099,42.018317300000035,35799,0.75,1,400.0,0.995,0.01,500,0.8,0.1,10,200,50,False
data101.vrp,sa,random,True,73,4567.752626931998,21,2048.1609915050317,52,2519.591635426966,55.16042222976705,135.5153360000004,101303,0.75,1,400.0,0.995,0.01,500,0.4,0.3,10,200,50,False
data101.vrp,sa,random,True,73,4567.752626931998,21,2053.1422802736847,52,2514.610346658313,55.05136884672518,50.035355999999865,46912,0.75,1,400.0,0.995,0.01,500,0.8,0.2,10,200,50,False
data101.vrp,sa,random,True,73,4567.752626931998,21,2024.7915675864826,52,2542.9610593455154,55.67203977623313,108.73792229999981,106624,0.75,1,400.0,0.995,0.01,500,0.6,0.3,10,200,50,False
data101.vrp,sa,random,True,73,4567.752626931998,21,2075.3898552245073,52,2492.3627717074905,54.56431149559701,92.86001840000017,46410,0.75,1,400.0,0.995,0.01,600,0.4,0.1,10,200,50,False
data101.vrp,sa,random,True,73,4567.752626931998,22,2157.932857228079,51,2409.819769703919,52.757230229486225,49.91493249999985,45793,0.75,1,400.0,0.995,0.01,600,0.6,0.2,10,200,50,False
data101.vrp,sa,random,True,73,4567.752626931998,21,1982.69611033244,52,2585.0565165995577,56.59361895733507,84.51002330000028,55769,0.75,1,400.0,0.995,0.01,600,0.6,0.1,10,200,50,False
data101.vrp,sa,random,True,73,4567.752626931998,22,2144.0487035493147,51,2423.703923382683,53.06119050957892,35.77790230000028,38167,0.75,1,400.0,0.995,0.01,600,0.8,0.2,10,200,50,False
data101.vrp,sa,random,True,73,4567.752626931998,20,1969.4806092879073,53,2598.2720176440907,56.882940690009754,71.09489769999982,50543,0.75,1,400.0,0.995,0.01,600,0.8,0.1,10,200,50,False
data101.vrp,sa,random,True,73,4567.752626931998,21,2068.557463377064,52,2499.195163554934,54.71389034553645,170.3020529000005,131299,0.75,1,400.0,0.995,0.01,600,0.4,0.3,10,200,50,False
data101.vrp,sa,random,True,73,4567.752626931998,20,1988.678693534179,53,2579.073933397819,56.46264463165761,197.2574654,112539,0.75,1,400.0,0.995,0.01,600,0.4,0.2,10,200,50,False
data101.vrp,sa,random,True,73,4567.752626931998,21,2024.4352588047857,52,2543.317368127212,55.67984030333688,116.85348330000033,61663,0.75,1,400.0,0.995,0.01,700,0.4,0.1,10,200,50,False
data101.vrp,sa,random,True,73,4567.752626931998,20,1996.6970055661445,53,2571.0556213658533,56.28710290059519,174.7365417000001,163559,0.75,1,400.0,0.995,0.01,600,0.6,0.3,10,200,50,False
data101.vrp,sa,random,True,73,4567.752626931998,21,2056.4068666585513,52,2511.3457602734466,54.979898549371114,116.13206880000052,81963,0.75,1,400.0,0.995,0.01,700,0.4,0.2,10,200,50,False
data101.vrp,sa,random,True,73,4567.752626931998,21,2062.052031739882,52,2505.700595192116,54.856311185028176,138.5327266000004,117096,0.75,1,400.0,0.995,0.01,700,0.4,0.3,10,200,50,False
data101.vrp,sa,random,True,73,4567.752626931998,21,2086.810873711053,52,2480.941753220945,54.31427565917264,87.8116844999995,77988,0.75,1,400.0,0.995,0.01,700,0.6,0.2,10,200,50,False
data101.vrp,sa,random,True,73,4567.752626931998,20,1989.8859472400436,53,2577.8666796919542,56.4362147041973,128.75062310000067,126494,0.75,1,400.0,0.995,0.01,700,0.6,0.3,10,200,50,False
data101.vrp,sa,random,True,73,4567.752626931998,20,1976.6412701640338,53,2591.111356767964,56.72617517617902,196.2219101999999,129288,0.75,1,400.0,0.995,0.01,700,0.6,0.1,10,200,50,False
data101.vrp,sa,random,True,73,4567.752626931998,21,2062.7848365343975,52,2504.9677903976003,54.840268179761324,127.92047580000053,114454,0.75,1,400.0,0.995,0.01,700,0.8,0.1,10,200,50,False
data101.vrp,sa,random,True,73,4567.752626931998,21,2056.512334030003,52,2511.240292901995,54.97758959395988,76.43835330000002,84121,0.75,1,400.0,0.995,0.01,700,0.8,0.2,10,200,50,False
data101.vrp,sa,random,True,73,4567.752626931998,21,2096.1022860488492,52,2471.6503408831486,54.110862447103905,48.94608199999948,44536,0.75,1,400.0,0.995,0.1,400,0.4,0.3,10,200,50,False
data101.vrp,sa,random,True,73,4567.752626931998,21,2058.3607306357167,52,2509.391896296281,54.93712337880594,105.72645560000001,58107,0.75,1,400.0,0.995,0.1,400,0.4,0.1,10,200,50,False
data101.vrp,sa,random,True,73,4567.752626931998,21,2096.837854230353,52,2470.914772701645,54.094758944099674,60.77265250000073,54962,0.75,1,400.0,0.995,0.1,400,0.6,0.2,10,200,50,False
data101.vrp,sa,random,True,73,4567.752626931998,21,2046.2731277395135,52,2521.4794991924846,55.20175248382651,81.58038990000023,57666,0.75,1,400.0,0.995,0.1,400,0.4,0.2,10,200,50,False
data101.vrp,sa,random,True,73,4567.752626931998,21,2098.675634895492,52,2469.076992036506,54.05452513953016,37.379563899999994,41444,0.75,1,400.0,0.995,0.1,400,0.6,0.3,10,200,50,False
data101.vrp,sa,random,True,73,4567.752626931998,22,2141.1631091498143,51,2426.5895177821835,53.124363685431014,47.88872160000028,58876,0.75,1,400.0,0.995,0.1,400,0.8,0.2,10,200,50,False
data101.vrp,sa,random,True,73,4567.752626931998,20,1991.8784046619767,53,2575.874222270021,56.392594622624024,91.94756740000048,75046,0.75,1,400.0,0.995,0.1,400,0.8,0.1,10,200,50,False
data101.vrp,sa,random,True,73,4567.752626931998,20,1996.4395007179967,53,2571.3131262140014,56.29274035229582,153.0218506000001,104978,0.75,1,400.0,0.995,0.1,400,0.6,0.1,10,200,50,False
data101.vrp,sa,random,True,73,4567.752626931998,21,2104.116851437359,52,2463.635775494639,53.93540273982346,102.69321239999954,55234,0.75,1,400.0,0.995,0.1,500,0.4,0.1,10,200,50,False
data101.vrp,sa,random,True,73,4567.752626931998,21,2109.3545648843065,52,2458.3980620476914,53.820735552811946,103.9306703000002,70713,0.75,1,400.0,0.995,0.1,500,0.4,0.2,10,200,50,False
data101.vrp,sa,random,True,73,4567.752626931998,22,2142.1944164023535,51,2425.5582105296444,53.10178568402046,39.08476849999988,39133,0.75,1,400.0,0.995,0.1,500,0.6,0.2,10,200,50,False
data101.vrp,sa,random,True,73,4567.752626931998,21,2046.6842972310149,52,2521.0683297009828,55.19275091292099,37.49287550000008,35799,0.75,1,400.0,0.995,0.1,500,0.8,0.1,10,200,50,False
data101.vrp,sa,random,True,73,4567.752626931998,21,2048.1609915050317,52,2519.591635426966,55.16042222976705,122.29293920000055,101303,0.75,1,400.0,0.995,0.1,500,0.4,0.3,10,200,50,False
data101.vrp,sa,random,True,73,4567.752626931998,20,2009.4592423824909,53,2558.293384549507,56.007704302231986,93.80585330000031,61992,0.75,1,400.0,0.995,0.1,500,0.6,0.1,10,200,50,False
data101.vrp,sa,random,True,73,4567.752626931998,21,2053.1422802736847,52,2514.610346658313,55.05136884672518,42.555557300000146,46912,0.75,1,400.0,0.995,0.1,500,0.8,0.2,10,200,50,False
data101.vrp,sa,random,True,73,4567.752626931998,21,2024.7915675864826,52,2542.9610593455154,55.67203977623313,99.11951110000064,106624,0.75,1,400.0,0.995,0.1,500,0.6,0.3,10,200,50,False
data101.vrp,sa,random,True,73,4567.752626931998,21,2075.3898552245073,52,2492.3627717074905,54.56431149559701,81.3007004000001,46410,0.75,1,400.0,0.995,0.1,600,0.4,0.1,10,200,50,False
data101.vrp,sa,random,True,73,4567.752626931998,21,1982.69611033244,52,2585.0565165995577,56.59361895733507,73.10912399999961,55769,0.75,1,400.0,0.995,0.1,600,0.6,0.1,10,200,50,False
data101.vrp,sa,random,True,73,4567.752626931998,22,2157.932857228079,51,2409.819769703919,52.757230229486225,43.86549829999967,45793,0.75,1,400.0,0.995,0.1,600,0.6,0.2,10,200,50,False
data101.vrp,sa,random,True,73,4567.752626931998,22,2144.0487035493147,51,2423.703923382683,53.06119050957892,30.55152629999975,38167,0.75,1,400.0,0.995,0.1,600,0.8,0.2,10,200,50,False
data101.vrp,sa,random,True,73,4567.752626931998,20,1969.4806092879073,53,2598.2720176440907,56.882940690009754,64.73771680000027,50543,0.75,1,400.0,0.995,0.1,600,0.8,0.1,10,200,50,False
data101.vrp,sa,random,True,73,4567.752626931998,21,2068.557463377064,52,2499.195163554934,54.71389034553645,156.83163650000006,131299,0.75,1,400.0,0.995,0.1,600,0.4,0.3,10,200,50,False
data101.vrp,sa,random,True,73,4567.752626931998,20,1988.678693534179,53,2579.073933397819,56.46264463165761,175.39701370000057,112539,0.75,1,400.0,0.995,0.1,600,0.4,0.2,10,200,50,False
data101.vrp,sa,random,True,73,4567.752626931998,21,2024.4352588047857,52,2543.317368127212,55.67984030333688,116.79501999999957,61663,0.75,1,400.0,0.995,0.1,700,0.4,0.1,10,200,50,False
data101.vrp,sa,random,True,73,4567.752626931998,20,1996.6970055661445,53,2571.0556213658533,56.28710290059519,166.13390580000032,163559,0.75,1,400.0,0.995,0.1,600,0.6,0.3,10,200,50,False
data101.vrp,sa,random,True,73,4567.752626931998,21,2056.4068666585513,52,2511.3457602734466,54.979898549371114,112.47191029999976,81963,0.75,1,400.0,0.995,0.1,700,0.4,0.2,10,200,50,False
data101.vrp,sa,random,True,73,4567.752626931998,21,2062.052031739882,52,2505.700595192116,54.856311185028176,140.01449700000012,117096,0.75,1,400.0,0.995,0.1,700,0.4,0.3,10,200,50,False
data101.vrp,sa,random,True,73,4567.752626931998,21,2086.810873711053,52,2480.941753220945,54.31427565917264,90.99677599999995,77988,0.75,1,400.0,0.995,0.1,700,0.6,0.2,10,200,50,False
data101.vrp,sa,random,True,73,4567.752626931998,20,1989.8859472400436,53,2577.8666796919542,56.4362147041973,133.6422507999996,126494,0.75,1,400.0,0.995,0.1,700,0.6,0.3,10,200,50,False
data101.vrp,sa,random,True,73,4567.752626931998,20,1976.6412701640338,53,2591.111356767964,56.72617517617902,200.07728120000047,129288,0.75,1,400.0,0.995,0.1,700,0.6,0.1,10,200,50,False
data101.vrp,sa,random,True,73,4567.752626931998,21,2056.512334030003,52,2511.240292901995,54.97758959395988,79.28903649999938,84121,0.75,1,400.0,0.995,0.1,700,0.8,0.2,10,200,50,False
data101.vrp,sa,random,True,73,4567.752626931998,21,2062.7848365343975,52,2504.9677903976003,54.840268179761324,131.00905520000015,114454,0.75,1,400.0,0.995,0.1,700,0.8,0.1,10,200,50,False
data101.vrp,sa,random,True,73,4567.752626931998,19,1684.8648327429473,54,2882.8877941890505,63.11392121349152,108.18304549999993,28760,0.75,1,450.0,0.95,0.01,400,0.4,0.1,10,200,50,False
data101.vrp,sa,random,True,73,4567.752626931998,20,1647.1450952225632,53,2920.6075317094346,63.93970449470479,65.0721083999997,28567,0.75,1,450.0,0.95,0.01,400,0.6,0.2,10,200,50,False
data101.vrp,sa,random,True,73,4567.752626931998,20,1663.9145126037852,53,2903.8381143282127,63.572578278579435,77.93097120000039,28471,0.75,1,450.0,0.95,0.01,400,0.4,0.3,10,200,50,False
data101.vrp,sa,random,True,73,4567.752626931998,20,1658.2313407592035,53,2909.521286172794,63.69699770994427,93.50041909999982,28543,0.75,1,450.0,0.95,0.01,400,0.4,0.2,10,200,50,False
data101.vrp,sa,random,True,73,4567.752626931998,19,1662.9554743432639,54,2904.797152588734,63.59357412355727,98.5185861,29338,0.75,1,450.0,0.95,0.01,400,0.6,0.1,10,200,50,False
data101.vrp,sa,random,True,73,4567.752626931998,20,1665.2552825913297,53,2902.497344340668,63.54322533202013,61.588304799999605,28501,0.75,1,450.0,0.95,0.01,400,0.6,0.3,10,200,50,False
data101.vrp,sa,random,True,73,4567.752626931998,20,1666.0320440247178,53,2901.72058290728,63.5262200014598,66.84830599999987,28517,0.75,1,450.0,0.95,0.01,400,0.8,0.1,10,200,50,False
data101.vrp,sa,random,True,73,4567.752626931998,19,1659.1465802972607,54,2908.606046634737,63.67696073305852,64.10985809999966,29136,0.75,1,450.0,0.95,0.01,400,0.8,0.2,10,200,50,False
data101.vrp,sa,random,True,73,4567.752626931998,20,1657.9135459297606,53,2909.8390810022374,63.70395506633809,98.35182789999999,36012,0.75,1,450.0,0.95,0.01,500,0.4,0.3,10,200,50,False
data101.vrp,sa,random,True,73,4567.752626931998,20,1648.859523092432,53,2918.893103839566,63.902171204049765,119.84287339999992,35747,0.75,1,450.0,0.95,0.01,500,0.4,0.2,10,200,50,False
data101.vrp,sa,random,True,73,4567.752626931998,19,1663.4036599350857,54,2904.348966996912,63.5837621738212,100.54879840000012,36567,0.75,1,450.0,0.95,0.01,500,0.6,0.2,10,200,50,False
data101.vrp,sa,random,True,73,4567.752626931998,19,1674.2015526934968,54,2893.5510742385013,63.347368182282665,167.97245320000002,36268,0.75,1,450.0,0.95,0.01,500,0.4,0.1,10,200,50,False
data101.vrp,sa,random,True,73,4567.752626931998,20,1659.1221569709987,53,2908.630469960999,63.67749542327178,112.19036210000013,36118,0.75,1,450.0,0.95,0.01,500,0.6,0.1,10,200,50,False
data101.vrp,sa,random,True,73,4567.752626931998,20,1667.5164192779025,53,2900.2362076540953,63.49372316166964,70.26683870000033,35718,0.75,1,450.0,0.95,0.01,500,0.6,0.3,10,200,50,False
data101.vrp,sa,random,True,73,4567.752626931998,20,1665.7204697124805,53,2902.032157219517,63.533041174532954,74.91963610000039,35742,0.75,1,450.0,0.95,0.01,500,0.8,0.1,10,200,50,False
data101.vrp,sa,random,True,73,4567.752626931998,20,1647.0692117787348,53,2920.683415153263,63.94136578090012,73.9363701000002,35727,0.75,1,450.0,0.95,0.01,500,0.8,0.2,10,200,50,False
data101.vrp,sa,random,True,73,4567.752626931998,20,1662.1977127078003,53,2905.5549142241975,63.610163499063184,151.03865589999987,42380,0.75,1,450.0,0.95,0.01,600,0.4,0.1,10,200,50,False
data101.vrp,sa,random,True,73,4567.752626931998,20,1666.053201134232,53,2901.699425797766,63.52575681723678,119.16746690000036,42926,0.75,1,450.0,0.95,0.01,600,0.4,0.3,10,200,50,False
data101.vrp,sa,random,True,73,4567.752626931998,19,1652.7052789009706,54,2915.0473480310275,63.817977594573996,158.95063500000015,43512,0.75,1,450.0,0.95,0.01,600,0.4,0.2,10,200,50,False
data101.vrp,sa,random,True,73,4567.752626931998,20,1658.7509445253572,53,2909.0016824066406,63.68562223039029,117.9840494,42659,0.75,1,450.0,0.95,0.01,600,0.6,0.1,10,200,50,False
data101.vrp,sa,random,True,73,4567.752626931998,20,1666.038715121611,53,2901.713911810387,63.52607395377644,109.77400490000036,42664,0.75,1,450.0,0.95,0.01,600,0.6,0.2,10,200,50,False
data101.vrp,sa,random,True,73,4567.752626931998,19,1661.6450658110707,54,2906.107561120927,63.62226237879391,102.23112730000048,43692,0.75,1,450.0,0.95,0.01,600,0.6,0.3,10,200,50,False
data101.vrp,sa,random,True,73,4567.752626931998,20,1657.3590571904945,53,2910.3935697415036,63.71609426879832,114.90370749999965,42761,0.75,1,450.0,0.95,0.01,600,0.8,0.1,10,200,50,False
data101.vrp,sa,random,True,73,4567.752626931998,19,1658.8776897900625,54,2908.8749371419353,63.68284744648544,109.60469190000003,43551,0.75,1,450.0,0.95,0.01,600,0.8,0.2,10,200,50,False
data101.vrp,sa,random,True,73,4567.752626931998,20,1668.1924323070816,53,2899.560194624916,63.47892347603883,169.93847300000016,49945,0.75,1,450.0,0.95,0.01,700,0.4,0.2,10,200,50,False
data101.vrp,sa,random,True,73,4567.752626931998,20,1653.2070882055368,53,2914.545538726461,63.80699168212314,105.04848159999983,50071,0.75,1,450.0,0.95,0.01,700,0.6,0.2,10,200,50,False
data101.vrp,sa,random,True,73,4567.752626931998,20,1663.9511840746816,53,2903.801442857316,63.57177544458443,132.1721604000004,50089,0.75,1,450.0,0.95,0.01,700,0.4,0.3,10,200,50,False
data101.vrp,sa,random,True,73,4567.752626931998,19,1683.3214276877047,54,2884.431199244293,63.14771036936968,223.36165309999978,50249,0.75,1,450.0,0.95,0.01,700,0.4,0.1,10,200,50,False
data101.vrp,sa,random,True,73,4567.752626931998,19,1664.8521533230096,54,2902.9004736089882,63.55205088150245,176.42482970000037,50885,0.75,1,450.0,0.95,0.01,700,0.6,0.1,10,200,50,False
data101.vrp,sa,random,True,73,4567.752626931998,20,1650.295681653642,53,2917.4569452783558,63.87072995320921,111.48479619999944,50165,0.75,1,450.0,0.95,0.01,700,0.6,0.3,10,200,50,False
data101.vrp,sa,random,True,73,4567.752626931998,20,1652.6709320757998,53,2915.081694856198,63.81872953602038,102.88549800000055,50226,0.75,1,450.0,0.95,0.01,700,0.8,0.2,10,200,50,False
data101.vrp,sa,random,True,73,4567.752626931998,19,1684.8648327429473,54,2882.8877941890505,63.11392121349152,108.34334839999974,28760,0.75,1,450.0,0.95,0.1,400,0.4,0.1,10,200,50,False
data101.vrp,sa,random,True,73,4567.752626931998,20,1673.7751629592938,53,2893.977463972704,63.35670296393631,120.5868647999996,50091,0.75,1,450.0,0.95,0.01,700,0.8,0.1,10,200,50,False
data101.vrp,sa,random,True,73,4567.752626931998,20,1663.9145126037852,53,2903.8381143282127,63.572578278579435,69.72894670000005,28393,0.75,1,450.0,0.95,0.1,400,0.4,0.3,10,200,50,False
data101.vrp,sa,random,True,73,4567.752626931998,20,1658.2313407592035,53,2909.521286172794,63.69699770994427,92.85091219999958,28543,0.75,1,450.0,0.95,0.1,400,0.4,0.2,10,200,50,False
data101.vrp,sa,random,True,73,4567.752626931998,20,1665.2552825913297,53,2902.497344340668,63.54322533202013,54.24160550000033,28466,0.75,1,450.0,0.95,0.1,400,0.6,0.3,10,200,50,False
data101.vrp,sa,random,True,73,4567.752626931998,20,1647.1450952225632,53,2920.6075317094346,63.93970449470479,60.712384100000236,28546,0.75,1,450.0,0.95,0.1,400,0.6,0.2,10,200,50,False
data101.vrp,sa,random,True,73,4567.752626931998,19,1662.9554743432639,54,2904.797152588734,63.59357412355727,89.58706899999925,29277,0.75,1,450.0,0.95,0.1,400,0.6,0.1,10,200,50,False
data101.vrp,sa,random,True,73,4567.752626931998,20,1666.0320440247178,53,2901.72058290728,63.5262200014598,56.06185910000022,28479,0.75,1,450.0,0.95,0.1,400,0.8,0.1,10,200,50,False
data101.vrp,sa,random,True,73,4567.752626931998,19,1659.1465802972607,54,2908.606046634737,63.67696073305852,60.794810000000325,29136,0.75,1,450.0,0.95,0.1,400,0.8,0.2,10,200,50,False
data101.vrp,sa,random,True,73,4567.752626931998,20,1648.859523092432,53,2918.893103839566,63.902171204049765,112.22303569999985,35734,0.75,1,450.0,0.95,0.1,500,0.4,0.2,10,200,50,False
data101.vrp,sa,random,True,73,4567.752626931998,20,1657.9135459297606,53,2909.8390810022374,63.70395506633809,92.54043460000048,35971,0.75,1,450.0,0.95,0.1,500,0.4,0.3,10,200,50,False
data101.vrp,sa,random,True,73,4567.752626931998,20,1659.1221569709987,53,2908.630469960999,63.67749542327178,104.7946667999995,36084,0.75,1,450.0,0.95,0.1,500,0.6,0.1,10,200,50,False
data101.vrp,sa,random,True,73,4567.752626931998,19,1674.2015526934968,54,2893.5510742385013,63.347368182282665,144.62664059999952,36155,0.75,1,450.0,0.95,0.1,500,0.4,0.1,10,200,50,False
data101.vrp,sa,random,True,73,4567.752626931998,19,1663.4036599350857,54,2904.348966996912,63.5837621738212,100.94193969999924,36530,0.75,1,450.0,0.95,0.1,500,0.6,0.2,10,200,50,False
data101.vrp,sa,random,True,73,4567.752626931998,20,1667.5164192779025,53,2900.2362076540953,63.49372316166964,68.81432640000003,35700,0.75,1,450.0,0.95,0.1,500,0.6,0.3,10,200,50,False
data101.vrp,sa,random,True,73,4567.752626931998,20,1665.7204697124805,53,2902.032157219517,63.533041174532954,74.99312569999984,35738,0.75,1,450.0,0.95,0.1,500,0.8,0.1,10,200,50,False
data101.vrp,sa,random,True,73,4567.752626931998,20,1647.0692117787348,53,2920.683415153263,63.94136578090012,69.40531960000044,35710,0.75,1,450.0,0.95,0.1,500,0.8,0.2,10,200,50,False
data101.vrp,sa,random,True,73,4567.752626931998,19,1652.7052789009706,54,2915.0473480310275,63.817977594573996,144.55202259999987,43454,0.75,1,450.0,0.95,0.1,600,0.4,0.2,10,200,50,False
data101.vrp,sa,random,True,73,4567.752626931998,20,1662.1977127078003,53,2905.5549142241975,63.610163499063184,146.643959,42380,0.75,1,450.0,0.95,0.1,600,0.4,0.1,10,200,50,False
data101.vrp,sa,random,True,73,4567.752626931998,20,1666.053201134232,53,2901.699425797766,63.52575681723678,104.52192749999995,42894,0.75,1,450.0,0.95,0.1,600,0.4,0.3,10,200,50,False
data101.vrp,sa,random,True,73,4567.752626931998,20,1666.038715121611,53,2901.713911810387,63.52607395377644,95.11946720000014,42633,0.75,1,450.0,0.95,0.1,600,0.6,0.2,10,200,50,False
data101.vrp,sa,random,True,73,4567.752626931998,20,1658.7509445253572,53,2909.0016824066406,63.68562223039029,115.10387020000053,42659,0.75,1,450.0,0.95,0.1,600,0.6,0.1,10,200,50,False
data101.vrp,sa,random,True,73,4567.752626931998,19,1658.8776897900625,54,2908.8749371419353,63.68284744648544,92.9542664999999,43465,0.75,1,450.0,0.95,0.1,600,0.8,0.2,10,200,50,False
data101.vrp,sa,random,True,73,4567.752626931998,20,1657.3590571904945,53,2910.3935697415036,63.71609426879832,93.56583369999953,42746,0.75,1,450.0,0.95,0.1,600,0.8,0.1,10,200,50,False
data101.vrp,sa,random,True,73,4567.752626931998,19,1661.6450658110707,54,2906.107561120927,63.62226237879391,97.21852169999966,43669,0.75,1,450.0,0.95,0.1,600,0.6,0.3,10,200,50,False
data101.vrp,sa,random,True,73,4567.752626931998,20,1668.1924323070816,53,2899.560194624916,63.47892347603883,161.4428308000006,49932,0.75,1,450.0,0.95,0.1,700,0.4,0.2,10,200,50,False
data101.vrp,sa,random,True,73,4567.752626931998,20,1653.2070882055368,53,2914.545538726461,63.80699168212314,106.96826790000068,50071,0.75,1,450.0,0.95,0.1,700,0.6,0.2,10,200,50,False
data101.vrp,sa,random,True,73,4567.752626931998,20,1663.9511840746816,53,2903.801442857316,63.57177544458443,123.88809440000023,50054,0.75,1,450.0,0.95,0.1,700,0.4,0.3,10,200,50,False
data101.vrp,sa,random,True,73,4567.752626931998,19,1683.3214276877047,54,2884.431199244293,63.14771036936968,216.93253269999968,50239,0.75,1,450.0,0.95,0.1,700,0.4,0.1,10,200,50,False
data101.vrp,sa,random,True,73,4567.752626931998,19,1664.8521533230096,54,2902.9004736089882,63.55205088150245,160.4260760999996,50779,0.75,1,450.0,0.95,0.1,700,0.6,0.1,10,200,50,False
data101.vrp,sa,random,True,73,4567.752626931998,20,1650.295681653642,53,2917.4569452783558,63.87072995320921,102.95795689999977,50103,0.75,1,450.0,0.95,0.1,700,0.6,0.3,10,200,50,False
data101.vrp,sa,random,True,73,4567.752626931998,20,1652.6709320757998,53,2915.081694856198,63.81872953602038,92.97696369999994,50165,0.75,1,450.0,0.95,0.1,700,0.8,0.2,10,200,50,False
data101.vrp,sa,random,True,73,4567.752626931998,20,1673.7751629592938,53,2893.977463972704,63.35670296393631,110.6488588000002,50044,0.75,1,450.0,0.95,0.1,700,0.8,0.1,10,200,50,False
data101.vrp,sa,random,True,73,4567.752626931998,21,2041.8332792044853,52,2525.9193477275126,55.298952330176554,92.99515999999949,52273,0.75,1,450.0,0.99,0.01,400,0.4,0.1,10,200,50,False
data101.vrp,sa,random,True,73,4567.752626931998,20,1944.7711588332916,53,2622.9814680987065,57.423894906946245,128.14053409999997,91112,0.75,1,450.0,0.99,0.01,400,0.4,0.3,10,200,50,False
data101.vrp,sa,random,True,73,4567.752626931998,20,1981.8830123536763,53,2585.8696145783215,56.61141978949856,103.29054910000013,81505,0.75,1,450.0,0.99,0.01,400,0.6,0.2,10,200,50,False
data101.vrp,sa,random,True,73,4567.752626931998,20,1894.3146679302247,53,2673.4379590017734,58.52851888779777,98.45715160000054,100661,0.75,1,450.0,0.99,0.01,400,0.6,0.3,10,200,50,False
data101.vrp,sa,random,True,73,4567.752626931998,21,2007.5193119195228,52,2560.233315012475,56.050174431886774,113.89562089999981,79078,0.75,1,450.0,0.99,0.01,400,0.6,0.1,10,200,50,False
data101.vrp,sa,random,True,73,4567.752626931998,22,2172.35225975896,51,2395.400367173038,52.441551958166045,22.661921800000528,26597,0.75,1,450.0,0.99,0.01,400,0.8,0.2,10,200,50,False
data101.vrp,sa,random,True,73,4567.752626931998,22,2142.2797724312327,51,2425.472854500765,53.099917018270574,61.00452889999997,61167,0.75,1,450.0,0.99,0.01,400,0.8,0.1,10,200,50,False
data101.vrp,sa,random,True,73,4567.752626931998,22,2176.933259894202,51,2390.819367037796,52.341261935710975,58.08312310000019,44918,0.75,1,450.0,0.99,0.01,500,0.6,0.1,10,200,50,False
data101.vrp,sa,random,True,73,4567.752626931998,21,2049.5910949441204,52,2518.1615319878774,55.12911354131801,110.11963470000046,85704,0.75,1,450.0,0.99,0.01,500,0.4,0.3,10,200,50,False
data101.vrp,sa,random,True,73,4567.752626931998,21,2025.4340769381804,52,2542.318549993817,55.65797357335012,44.644040199999836,43403,0.75,1,450.0,0.99,0.01,500,0.6,0.3,10,200,50,False
data101.vrp,sa,random,True,73,4567.752626931998,21,2056.76352357628,52,2510.989103355718,54.97209040066303,65.55558789999941,61956,0.75,1,450.0,0.99,0.01,500,0.8,0.1,10,200,50,False
data101.vrp,sa,random,True,73,4567.752626931998,19,1650.799239571068,54,2916.95338736093,63.85970575906924,422.9884454999992,145784,0.75,1,450.0,0.99,0.01,400,0.4,0.2,10,200,50,False
data101.vrp,sa,random,True,73,4567.752626931998,20,1838.211508841989,53,2729.541118090009,59.75676313984954,242.3937992000001,160689,0.75,1,450.0,0.99,0.01,500,0.6,0.2,10,200,50,False
data101.vrp,sa,random,True,73,4567.752626931998,21,2056.7720320419144,52,2510.9805948900835,54.97190412819319,118.4729655000001,78409,0.75,1,450.0,0.99,0.01,600,0.4,0.2,10,200,50,False
data101.vrp,sa,random,True,73,4567.752626931998,22,2124.7269417462826,51,2443.0256851857152,53.484194191720306,89.54084590000002,79964,0.75,1,450.0,0.99,0.01,600,0.4,0.3,10,200,50,False
data101.vrp,sa,random,True,73,4567.752626931998,19,1654.2187787402386,54,2913.5338481917593,63.78484314175043,332.94688080000014,182714,0.75,1,450.0,0.99,0.01,500,0.8,0.2,10,200,50,False
data101.vrp,sa,random,True,73,4567.752626931998,19,1674.1175702575597,54,2893.635056674438,63.349206776506044,578.3727318000001,181684,0.75,1,450.0,0.99,0.01,500,0.4,0.2,10,200,50,False
data101.vrp,sa,random,True,73,4567.752626931998,21,2002.5423867335323,52,2565.2102401984657,56.15913228474085,91.07110809999995,78388,0.75,1,450.0,0.99,0.01,600,0.6,0.2,10,200,50,False
data101.vrp,sa,random,True,73,4567.752626931998,19,1650.7992395710683,54,2916.95338736093,63.85970575906924,683.5321807999999,182942,0.75,1,450.0,0.99,0.01,500,0.4,0.1,10,200,50,False
data101.vrp,sa,random,True,73,4567.752626931998,21,2071.811444200648,52,2495.9411827313497,54.642652231537056,130.77204040000015,87369,0.75,1,450.0,0.99,0.01,600,0.6,0.1,10,200,50,False
data101.vrp,sa,random,True,73,4567.752626931998,19,1915.311087792445,54,2652.441539139553,58.068852579722694,145.52334599999995,115800,0.75,1,450.0,0.99,0.01,600,0.6,0.3,10,200,50,False
data101.vrp,sa,random,True,73,4567.752626931998,20,1925.8385974006374,53,2641.9140295313605,57.83837797945384,96.38287609999952,86394,0.75,1,450.0,0.99,0.01,600,0.8,0.2,10,200,50,False
data101.vrp,sa,random,True,73,4567.752626931998,21,2066.6101738796674,52,2501.1424530523304,54.75652158361872,97.31584209999983,62816,0.75,1,450.0,0.99,0.01,700,0.4,0.2,10,200,50,False
data101.vrp,sa,random,True,73,4567.752626931998,21,2044.017027917904,52,2523.735599014094,55.251144384086324,214.86089919999995,109084,0.75,1,450.0,0.99,0.01,700,0.4,0.1,10,200,50,False
data101.vrp,sa,random,True,73,4567.752626931998,21,2089.662385820802,52,2478.090241111196,54.25184863339773,80.34568729999955,64816,0.75,1,450.0,0.99,0.01,700,0.6,0.2,10,200,50,False
data101.vrp,sa,random,True,73,4567.752626931998,19,1661.252394556908,54,2906.5002323750896,63.63085897511235,820.3036901000005,219368,0.75,1,450.0,0.99,0.01,600,0.4,0.1,10,200,50,False
data101.vrp,sa,random,True,73,4567.752626931998,19,1660.9002391108459,54,2906.8523878211518,63.63856857488327,419.7949129999997,217871,0.75,1,450.0,0.99,0.01,600,0.8,0.1,10,200,50,False
data101.vrp,sa,random,True,73,4567.752626931998,20,1986.2943863573653,53,2581.4582405746323,56.51484332479075,154.95957240000007,134050,0.75,1,450.0,0.99,0.01,700,0.6,0.3,10,200,50,False
data101.vrp,sa,random,True,73,4567.752626931998,21,2020.5602281955169,52,2547.1923987364808,55.76467481443587,141.78491779999968,119327,0.75,1,450.0,0.99,0.01,700,0.8,0.1,10,200,50,False
data101.vrp,sa,random,True,73,4567.752626931998,21,2041.8332792044853,52,2525.9193477275126,55.298952330176554,93.95594380000057,52273,0.75,1,450.0,0.99,0.1,400,0.4,0.1,10,200,50,False
data101.vrp,sa,random,True,73,4567.752626931998,20,1924.2419920019747,53,2643.510634930023,57.87333182938977,184.0051542000001,168487,0.75,1,450.0,0.99,0.01,700,0.8,0.2,10,200,50,False
data101.vrp,sa,random,True,73,4567.752626931998,19,1668.842041039011,54,2898.910585892987,63.46470184923489,492.3461713000006,250648,0.75,1,450.0,0.99,0.01,700,0.4,0.3,10,200,50,False
data101.vrp,sa,random,True,73,4567.752626931998,20,1944.7711588332916,53,2622.9814680987065,57.423894906946245,130.4532122999999,91112,0.75,1,450.0,0.99,0.1,400,0.4,0.3,10,200,50,False
data101.vrp,sa,random,True,73,4567.752626931998,20,1981.8830123536763,53,2585.8696145783215,56.61141978949856,106.48011159999987,81505,0.75,1,450.0,0.99,0.1,400,0.6,0.2,10,200,50,False
data101.vrp,sa,random,True,73,4567.752626931998,21,2007.5193119195228,52,2560.233315012475,56.050174431886774,118.1840930999997,79078,0.75,1,450.0,0.99,0.1,400,0.6,0.1,10,200,50,False
data101.vrp,sa,random,True,73,4567.752626931998,22,2172.35225975896,51,2395.400367173038,52.441551958166045,22.229461199999605,26597,0.75,1,450.0,0.99,0.1,400,0.8,0.2,10,200,50,False
data101.vrp,sa,random,True,73,4567.752626931998,22,2142.2797724312327,51,2425.472854500765,53.099917018270574,60.40911200000028,61167,0.75,1,450.0,0.99,0.1,400,0.8,0.1,10,200,50,False
data101.vrp,sa,random,True,73,4567.752626931998,20,1894.3146679302247,53,2673.4379590017734,58.52851888779777,104.6973565999997,100661,0.75,1,450.0,0.99,0.1,400,0.6,0.3,10,200,50,False
data101.vrp,sa,random,True,73,4567.752626931998,19,1664.688488418197,54,2903.0641385138006,63.55563393247258,668.2864353000004,257576,0.75,1,450.0,0.99,0.01,700,0.6,0.1,10,200,50,False
data101.vrp,sa,random,True,73,4567.752626931998,22,2176.933259894202,51,2390.819367037796,52.341261935710975,56.90098949999992,44918,0.75,1,450.0,0.99,0.1,500,0.6,0.1,10,200,50,False
data101.vrp,sa,random,True,73,4567.752626931998,21,2049.5910949441204,52,2518.1615319878774,55.12911354131801,110.35419570000067,85704,0.75,1,450.0,0.99,0.1,500,0.4,0.3,10,200,50,False
data101.vrp,sa,random,True,73,4567.752626931998,21,2025.4340769381804,52,2542.318549993817,55.65797357335012,44.735542800000985,43403,0.75,1,450.0,0.99,0.1,500,0.6,0.3,10,200,50,False
data101.vrp,sa,random,True,73,4567.752626931998,19,1650.799239571068,54,2916.95338736093,63.85970575906924,429.2494982999997,145784,0.75,1,450.0,0.99,0.1,400,0.4,0.2,10,200,50,False
data101.vrp,sa,random,True,73,4567.752626931998,21,2056.76352357628,52,2510.989103355718,54.97209040066303,65.95636679999916,61956,0.75,1,450.0,0.99,0.1,500,0.8,0.1,10,200,50,False
data101.vrp,sa,random,True,73,4567.752626931998,20,1838.211508841989,53,2729.541118090009,59.75676313984954,236.56803949999903,160689,0.75,1,450.0,0.99,0.1,500,0.6,0.2,10,200,50,False
data101.vrp,sa,random,True,73,4567.752626931998,21,2056.7720320419144,52,2510.9805948900835,54.97190412819319,116.9319316000001,78409,0.75,1,450.0,0.99,0.1,600,0.4,0.2,10,200,50,False
data101.vrp,sa,random,True,73,4567.752626931998,19,1654.2187787402386,54,2913.5338481917593,63.78484314175043,330.0720574999996,182714,0.75,1,450.0,0.99,0.1,500,0.8,0.2,10,200,50,False
data101.vrp,sa,random,True,73,4567.752626931998,22,2124.7269417462826,51,2443.0256851857152,53.484194191720306,88.74363439999979,79964,0.75,1,450.0,0.99,0.1,600,0.4,0.3,10,200,50,False
data101.vrp,sa,random,True,73,4567.752626931998,19,1674.1175702575597,54,2893.635056674438,63.349206776506044,578.6701644000004,181684,0.75,1,450.0,0.99,0.1,500,0.4,0.2,10,200,50,False
data101.vrp,sa,random,True,73,4567.752626931998,21,2002.5423867335323,52,2565.2102401984657,56.15913228474085,89.49184459999924,78388,0.75,1,450.0,0.99,0.1,600,0.6,0.2,10,200,50,False
data101.vrp,sa,random,True,73,4567.752626931998,19,1650.7992395710683,54,2916.95338736093,63.85970575906924,685.8132699000007,182942,0.75,1,450.0,0.99,0.1,500,0.4,0.1,10,200,50,False
data101.vrp,sa,random,True,73,4567.752626931998,21,2071.811444200648,52,2495.9411827313497,54.642652231537056,124.29352560000007,87369,0.75,1,450.0,0.99,0.1,600,0.6,0.1,10,200,50,False
data101.vrp,sa,random,True,73,4567.752626931998,19,1915.311087792445,54,2652.441539139553,58.068852579722694,144.3660144000005,115800,0.75,1,450.0,0.99,0.1,600,0.6,0.3,10,200,50,False
data101.vrp,sa,random,True,73,4567.752626931998,20,1925.8385974006374,53,2641.9140295313605,57.83837797945384,97.66815519999909,86394,0.75,1,450.0,0.99,0.1,600,0.8,0.2,10,200,50,False
data101.vrp,sa,random,True,73,4567.752626931998,21,2066.6101738796674,52,2501.1424530523304,54.75652158361872,97.60907059999954,62816,0.75,1,450.0,0.99,0.1,700,0.4,0.2,10,200,50,False
data101.vrp,sa,random,True,73,4567.752626931998,21,2044.017027917904,52,2523.735599014094,55.251144384086324,215.33173480000005,109084,0.75,1,450.0,0.99,0.1,700,0.4,0.1,10,200,50,False
data101.vrp,sa,random,True,73,4567.752626931998,21,2089.662385820802,52,2478.090241111196,54.25184863339773,76.99886010000046,64816,0.75,1,450.0,0.99,0.1,700,0.6,0.2,10,200,50,False
data101.vrp,sa,random,True,73,4567.752626931998,19,1660.9002391108459,54,2906.8523878211518,63.63856857488327,414.3740921999997,217871,0.75,1,450.0,0.99,0.1,600,0.8,0.1,10,200,50,False
data101.vrp,sa,random,True,73,4567.752626931998,19,1661.252394556908,54,2906.5002323750896,63.63085897511235,818.7435535999994,219368,0.75,1,450.0,0.99,0.1,600,0.4,0.1,10,200,50,False
data101.vrp,sa,random,True,73,4567.752626931998,20,1986.2943863573653,53,2581.4582405746323,56.51484332479075,155.85047569999915,134050,0.75,1,450.0,0.99,0.1,700,0.6,0.3,10,200,50,False
data101.vrp,sa,random,True,73,4567.752626931998,21,2020.5602281955169,52,2547.1923987364808,55.76467481443587,146.20040619999963,119327,0.75,1,450.0,0.99,0.1,700,0.8,0.1,10,200,50,False
data101.vrp,sa,random,True,73,4567.752626931998,19,1668.842041039011,54,2898.910585892987,63.46470184923489,495.0946805000003,250648,0.75,1,450.0,0.99,0.1,700,0.4,0.3,10,200,50,False
data101.vrp,sa,random,True,73,4567.752626931998,20,1924.2419920019747,53,2643.510634930023,57.87333182938977,186.01419449999958,168487,0.75,1,450.0,0.99,0.1,700,0.8,0.2,10,200,50,False
data101.vrp,sa,random,True,73,4567.752626931998,21,2074.161490150437,52,2493.5911367815606,54.59120360588397,157.10210420000112,82216,0.75,1,450.0,0.995,0.01,400,0.4,0.1,10,200,50,False
data101.vrp,sa,random,True,73,4567.752626931998,22,2164.187979406162,51,2403.564647525836,52.62028931589116,37.708008299998255,35277,0.75,1,450.0,0.995,0.01,400,0.4,0.3,10,200,50,False
data101.vrp,sa,random,True,73,4567.752626931998,20,1999.6303635766303,53,2568.1222633553675,56.22288405491623,145.71839329999966,92778,0.75,1,450.0,0.995,0.01,400,0.4,0.2,10,200,50,False
data101.vrp,sa,random,True,73,4567.752626931998,21,2032.0069684531154,52,2535.7456584788824,55.51407586146046,80.38563609999983,69877,0.75,1,450.0,0.995,0.01,400,0.6,0.2,10,200,50,False
data101.vrp,sa,random,True,73,4567.752626931998,21,2052.1841225474,52,2515.568504384598,55.07234541451555,79.89830029999939,83265,0.75,1,450.0,0.995,0.01,400,0.6,0.3,10,200,50,False
data101.vrp,sa,random,True,73,4567.752626931998,23,2207.0102760299296,50,2360.742350902068,51.68279772820573,25.824471199999607,27843,0.75,1,450.0,0.995,0.01,400,0.8,0.1,10,200,50,False
data101.vrp,sa,random,True,73,4567.752626931998,23,2209.0816602528926,50,2358.6709666791053,51.6374497334227,31.10563530000036,38360,0.75,1,450.0,0.995,0.01,400,0.8,0.2,10,200,50,False
data101.vrp,sa,random,True,73,4567.752626931998,22,2186.4091805861517,51,2381.343446345846,52.1338093552871,38.796243000000686,28516,0.75,1,450.0,0.995,0.01,500,0.4,0.2,10,200,50,False
data101.vrp,sa,random,True,73,4567.752626931998,19,1664.688488418197,54,2903.0641385138006,63.55563393247258,665.3190765999989,257576,0.75,1,450.0,0.99,0.1,700,0.6,0.1,10,200,50,False
data101.vrp,sa,random,True,73,4567.752626931998,19,1925.4452608645354,54,2642.3073660674627,57.84698914052641,252.25136480000037,142444,0.75,1,450.0,0.995,0.01,400,0.6,0.1,10,200,50,False
data101.vrp,sa,random,True,73,4567.752626931998,21,2018.3443151449683,52,2549.4083117870296,55.81318692162582,98.38638960000026,70037,0.75,1,450.0,0.995,0.01,500,0.6,0.1,10,200,50,False
data101.vrp,sa,random,True,73,4567.752626931998,20,2001.4784982803983,53,2566.2741286515993,56.182423573477905,134.84477989999868,102681,0.75,1,450.0,0.995,0.01,500,0.4,0.3,10,200,50,False
data101.vrp,sa,random,True,73,4567.752626931998,21,2087.806367112821,52,2479.9462598191767,54.292481716219186,166.7953422999999,93054,0.75,1,450.0,0.995,0.01,500,0.4,0.1,10,200,50,False
data101.vrp,sa,random,True,73,4567.752626931998,22,2142.0110554010616,51,2425.741571530936,53.105799933833616,42.26764060000096,47533,0.75,1,450.0,0.995,0.01,500,0.6,0.3,10,200,50,False
data101.vrp,sa,random,True,73,4567.752626931998,21,2059.713940656097,52,2508.038686275901,54.907498087532474,59.37876080000024,61648,0.75,1,450.0,0.995,0.01,500,0.8,0.2,10,200,50,False
data101.vrp,sa,random,True,73,4567.752626931998,20,1981.5140846091176,53,2586.23854232288,56.61949657856073,129.42174560000058,101740,0.75,1,450.0,0.995,0.01,500,0.6,0.2,10,200,50,False
data101.vrp,sa,random,True,73,4567.752626931998,22,2146.5506063692283,51,2421.2020205627696,53.00641734158462,68.61482319999959,48318,0.75,1,450.0,0.995,0.01,600,0.4,0.2,10,200,50,False
data101.vrp,sa,random,True,73,4567.752626931998,20,2003.2200414688225,53,2564.5325854631756,56.144296657888056,128.10177170000134,91715,0.75,1,450.0,0.995,0.01,500,0.8,0.1,10,200,50,False
data101.vrp,sa,random,True,73,4567.752626931998,22,2143.1301066798733,51,2424.6225202521246,53.0813009871916,93.01846619999924,83860,0.75,1,450.0,0.995,0.01,600,0.4,0.3,10,200,50,False
data101.vrp,sa,random,True,73,4567.752626931998,21,2076.444691717128,52,2491.3079352148698,54.541218377848004,68.3813967999995,59387,0.75,1,450.0,0.995,0.01,600,0.6,0.2,10,200,50,False
data101.vrp,sa,random,True,73,4567.752626931998,21,2085.079475447807,52,2482.673151484191,54.3521804759317,93.37311399999999,64061,0.75,1,450.0,0.995,0.01,600,0.6,0.1,10,200,50,False
data101.vrp,sa,random,True,73,4567.752626931998,21,2067.943161343112,52,2499.809465588886,54.72733901677863,123.56500699999924,128375,0.75,1,450.0,0.995,0.01,600,0.6,0.3,10,200,50,False
data101.vrp,sa,random,True,73,4567.752626931998,20,1996.6591744111454,53,2571.093452520852,56.28793112309515,266.5470185000013,123874,0.75,1,450.0,0.995,0.01,600,0.4,0.1,10,200,50,False
data101.vrp,sa,random,True,73,4567.752626931998,21,2061.964654764385,52,2505.7879721676127,54.858224094562324,157.7710808999982,145477,0.75,1,450.0,0.995,0.01,600,0.8,0.1,10,200,50,False
data101.vrp,sa,random,True,73,4567.752626931998,21,2069.6190687104377,52,2498.13355822156,54.69064904023645,78.48578050000106,51489,0.75,1,450.0,0.995,0.01,700,0.4,0.2,10,200,50,False
data101.vrp,sa,random,True,73,4567.752626931998,20,1951.240373876535,53,2616.5122530554627,57.28226694300834,231.64832510000087,186815,0.75,1,450.0,0.995,0.01,600,0.8,0.2,10,200,50,False
data101.vrp,sa,random,True,73,4567.752626931998,21,2035.9242625631991,52,2531.8283643687987,55.42831609226923,121.46220849999918,99927,0.75,1,450.0,0.995,0.01,700,0.4,0.3,10,200,50,False
data101.vrp,sa,random,True,73,4567.752626931998,20,1999.3477749928659,53,2568.4048519391317,56.22907065491068,220.06829069999912,101258,0.75,1,450.0,0.995,0.01,700,0.4,0.1,10,200,50,False
data101.vrp,sa,random,True,73,4567.752626931998,21,2050.9733754705544,52,2516.7792514614434,55.098851820963816,111.1837489999998,93832,0.75,1,450.0,0.995,0.01,700,0.6,0.2,10,200,50,False
data101.vrp,sa,random,True,73,4567.752626931998,20,1993.4471511483705,53,2574.305475783627,56.35825067682572,106.95791999999892,97190,0.75,1,450.0,0.995,0.01,700,0.8,0.2,10,200,50,False
data101.vrp,sa,random,True,73,4567.752626931998,21,2072.618714144485,52,2495.133912787513,54.62497899023504,117.78498600000057,105414,0.75,1,450.0,0.995,0.01,700,0.8,0.1,10,200,50,False
data101.vrp,sa,random,True,73,4567.752626931998,22,2164.187979406162,51,2403.564647525836,52.62028931589116,37.175421600000846,35277,0.75,1,450.0,0.995,0.1,400,0.4,0.3,10,200,50,False
data101.vrp,sa,random,True,73,4567.752626931998,21,2074.161490150437,52,2493.5911367815606,54.59120360588397,156.46773519999988,82216,0.75,1,450.0,0.995,0.1,400,0.4,0.1,10,200,50,False
data101.vrp,sa,random,True,73,4567.752626931998,20,1986.145045320885,53,2581.607581611113,56.51811278898196,294.3937030999987,183609,0.75,1,450.0,0.995,0.01,700,0.6,0.1,10,200,50,False
data101.vrp,sa,random,True,73,4567.752626931998,20,1964.41237564479,53,2603.340251287208,56.99389752276891,208.58723500000087,184211,0.75,1,450.0,0.995,0.01,700,0.6,0.3,10,200,50,False
data101.vrp,sa,random,True,73,4567.752626931998,23,2207.0102760299296,50,2360.742350902068,51.68279772820573,24.558382400000482,27843,0.75,1,450.0,0.995,0.1,400,0.8,0.1,10,200,50,False
data101.vrp,sa,random,True,73,4567.752626931998,20,1999.6303635766303,53,2568.1222633553675,56.22288405491623,145.6117673000008,92778,0.75,1,450.0,0.995,0.1,400,0.4,0.2,10,200,50,False
data101.vrp,sa,random,True,73,4567.752626931998,23,2209.0816602528926,50,2358.6709666791053,51.6374497334227,28.568647899999633,38360,0.75,1,450.0,0.995,0.1,400,0.8,0.2,10,200,50,False
data101.vrp,sa,random,True,73,4567.752626931998,21,2032.0069684531154,52,2535.7456584788824,55.51407586146046,80.48497300000054,69877,0.75,1,450.0,0.995,0.1,400,0.6,0.2,10,200,50,False
data101.vrp,sa,random,True,73,4567.752626931998,21,2052.1841225474,52,2515.568504384598,55.07234541451555,78.39821289999963,83265,0.75,1,450.0,0.995,0.1,400,0.6,0.3,10,200,50,False
data101.vrp,sa,random,True,73,4567.752626931998,22,2186.4091805861517,51,2381.343446345846,52.1338093552871,39.51342519999889,28516,0.75,1,450.0,0.995,0.1,500,0.4,0.2,10,200,50,False
data101.vrp,sa,random,True,73,4567.752626931998,21,2018.3443151449683,52,2549.4083117870296,55.81318692162582,99.09399010000016,70037,0.75,1,450.0,0.995,0.1,500,0.6,0.1,10,200,50,False
data101.vrp,sa,random,True,73,4567.752626931998,19,1925.4452608645354,54,2642.3073660674627,57.84698914052641,249.93128099999922,142444,0.75,1,450.0,0.995,0.1,400,0.6,0.1,10,200,50,False
data101.vrp,sa,random,True,73,4567.752626931998,20,2001.4784982803983,53,2566.2741286515993,56.182423573477905,135.6405338000004,102681,0.75,1,450.0,0.995,0.1,500,0.4,0.3,10,200,50,False
data101.vrp,sa,random,True,73,4567.752626931998,22,2142.0110554010616,51,2425.741571530936,53.105799933833616,42.61506539999937,47533,0.75,1,450.0,0.995,0.1,500,0.6,0.3,10,200,50,False
data101.vrp,sa,random,True,73,4567.752626931998,21,2087.806367112821,52,2479.9462598191767,54.292481716219186,162.90434649999952,93054,0.75,1,450.0,0.995,0.1,500,0.4,0.1,10,200,50,False
data101.vrp,sa,random,True,73,4567.752626931998,20,1981.5140846091176,53,2586.23854232288,56.61949657856073,130.9063618,101740,0.75,1,450.0,0.995,0.1,500,0.6,0.2,10,200,50,False
data101.vrp,sa,random,True,73,4567.752626931998,21,2059.713940656097,52,2508.038686275901,54.907498087532474,57.91703680000137,61648,0.75,1,450.0,0.995,0.1,500,0.8,0.2,10,200,50,False
data101.vrp,sa,random,True,73,4567.752626931998,22,2146.5506063692283,51,2421.2020205627696,53.00641734158462,66.5890230999994,48318,0.75,1,450.0,0.995,0.1,600,0.4,0.2,10,200,50,False
data101.vrp,sa,random,True,73,4567.752626931998,22,2143.1301066798733,51,2424.6225202521246,53.0813009871916,92.07137279999915,83860,0.75,1,450.0,0.995,0.1,600,0.4,0.3,10,200,50,False
data101.vrp,sa,random,True,73,4567.752626931998,20,2003.2200414688225,53,2564.5325854631756,56.144296657888056,127.29180160000033,91715,0.75,1,450.0,0.995,0.1,500,0.8,0.1,10,200,50,False
data101.vrp,sa,random,True,73,4567.752626931998,21,2085.079475447807,52,2482.673151484191,54.3521804759317,92.29435940000076,64061,0.75,1,450.0,0.995,0.1,600,0.6,0.1,10,200,50,False
data101.vrp,sa,random,True,73,4567.752626931998,21,2076.444691717128,52,2491.3079352148698,54.541218377848004,68.31725529999858,59387,0.75,1,450.0,0.995,0.1,600,0.6,0.2,10,200,50,False
data101.vrp,sa,random,True,73,4567.752626931998,21,2067.943161343112,52,2499.809465588886,54.72733901677863,126.38029060000008,128375,0.75,1,450.0,0.995,0.1,600,0.6,0.3,10,200,50,False
data101.vrp,sa,random,True,73,4567.752626931998,20,1996.6591744111454,53,2571.093452520852,56.28793112309515,268.3208957000006,123874,0.75,1,450.0,0.995,0.1,600,0.4,0.1,10,200,50,False
data101.vrp,sa,random,True,73,4567.752626931998,21,2061.964654764385,52,2505.7879721676127,54.858224094562324,159.97597280000082,145477,0.75,1,450.0,0.995,0.1,600,0.8,0.1,10,200,50,False
data101.vrp,sa,random,True,73,4567.752626931998,21,2069.6190687104377,52,2498.13355822156,54.69064904023645,79.44246600000042,51489,0.75,1,450.0,0.995,0.1,700,0.4,0.2,10,200,50,False
data101.vrp,sa,random,True,73,4567.752626931998,20,1999.3477749928659,53,2568.4048519391317,56.22907065491068,221.41244929999993,101258,0.75,1,450.0,0.995,0.1,700,0.4,0.1,10,200,50,False
data101.vrp,sa,random,True,73,4567.752626931998,20,1951.240373876535,53,2616.5122530554627,57.28226694300834,230.6947414999995,186815,0.75,1,450.0,0.995,0.1,600,0.8,0.2,10,200,50,False
data101.vrp,sa,random,True,73,4567.752626931998,21,2035.9242625631991,52,2531.8283643687987,55.42831609226923,120.02934719999939,99927,0.75,1,450.0,0.995,0.1,700,0.4,0.3,10,200,50,False
data101.vrp,sa,random,True,73,4567.752626931998,21,2050.9733754705544,52,2516.7792514614434,55.098851820963816,111.55403429999933,93832,0.75,1,450.0,0.995,0.1,700,0.6,0.2,10,200,50,False
data101.vrp,sa,random,True,73,4567.752626931998,21,2072.618714144485,52,2495.133912787513,54.62497899023504,118.6707353999991,105414,0.75,1,450.0,0.995,0.1,700,0.8,0.1,10,200,50,False
data101.vrp,sa,random,True,73,4567.752626931998,20,1993.4471511483705,53,2574.305475783627,56.35825067682572,110.26772540000093,97190,0.75,1,450.0,0.995,0.1,700,0.8,0.2,10,200,50,False
data101.vrp,sa,random,True,73,4567.752626931998,19,1661.2784213339246,54,2906.4742055980732,63.630289181186505,132.10000260000015,29918,0.75,1,500.0,0.95,0.01,400,0.4,0.1,10,200,50,False
data101.vrp,sa,random,True,73,4567.752626931998,20,1964.41237564479,53,2603.340251287208,56.99389752276891,206.86044890000085,184211,0.75,1,450.0,0.995,0.1,700,0.6,0.3,10,200,50,False
data101.vrp,sa,random,True,73,4567.752626931998,20,1986.145045320885,53,2581.607581611113,56.51811278898196,295.10370409999996,183609,0.75,1,450.0,0.995,0.1,700,0.6,0.1,10,200,50,False
data101.vrp,sa,random,True,73,4567.752626931998,19,1665.9402984842257,54,2901.8123284477724,63.52822855025798,85.14084880000155,29794,0.75,1,500.0,0.95,0.01,400,0.4,0.3,10,200,50,False
data101.vrp,sa,random,True,73,4567.752626931998,20,1657.7314533220963,53,2910.021173609902,63.707941547711684,97.97294599999987,29619,0.75,1,500.0,0.95,0.01,400,0.4,0.2,10,200,50,False
data101.vrp,sa,random,True,73,4567.752626931998,20,1660.9092757162762,53,2906.8433512157217,63.63837074005797,55.24828789999992,29223,0.75,1,500.0,0.95,0.01,400,0.6,0.3,10,200,50,False
data101.vrp,sa,random,True,73,4567.752626931998,20,1666.092126985802,53,2901.660499946196,63.52490462897816,77.93901510000069,29320,0.75,1,500.0,0.95,0.01,400,0.6,0.1,10,200,50,False
data101.vrp,sa,random,True,73,4567.752626931998,20,1673.0517976726276,53,2894.70082925937,63.3725393137947,55.5010798000003,29302,0.75,1,500.0,0.95,0.01,400,0.8,0.2,10,200,50,False
data101.vrp,sa,random,True,73,4567.752626931998,19,1670.4644570990306,54,2897.2881698329675,63.42918293670768,85.2446390999994,29959,0.75,1,500.0,0.95,0.01,400,0.6,0.2,10,200,50,False
data101.vrp,sa,random,True,73,4567.752626931998,20,1679.000786248025,53,2888.7518406839727,63.242300461972434,78.31152030000158,29857,0.75,1,500.0,0.95,0.01,400,0.8,0.1,10,200,50,False
data101.vrp,sa,random,True,73,4567.752626931998,20,1648.3983996178786,53,2919.3542273141193,63.912266397730676,110.42964930000016,36571,0.75,1,500.0,0.95,0.01,500,0.4,0.2,10,200,50,False
data101.vrp,sa,random,True,73,4567.752626931998,20,1673.7180191862878,53,2894.0346077457098,63.35795398993692,103.45903459999863,36573,0.75,1,500.0,0.95,0.01,500,0.4,0.3,10,200,50,False
data101.vrp,sa,random,True,73,4567.752626931998,20,1661.6485444233927,53,2906.104082508605,63.622186222911445,135.4260420999999,36410,0.75,1,500.0,0.95,0.01,500,0.4,0.1,10,200,50,False
data101.vrp,sa,random,True,73,4567.752626931998,19,1672.9526158460274,54,2894.8000110859703,63.374710662260796,112.19039499999963,37733,0.75,1,500.0,0.95,0.01,500,0.6,0.2,10,200,50,False
data101.vrp,sa,random,True,73,4567.752626931998,19,1670.4881786828826,54,2897.264448249115,63.428663609463186,130.78618620000088,37626,0.75,1,500.0,0.95,0.01,500,0.6,0.1,10,200,50,False
data101.vrp,sa,random,True,73,4567.752626931998,20,1682.508919478757,53,2885.243707453241,63.16549828993606,74.31861819999904,36750,0.75,1,500.0,0.95,0.01,500,0.6,0.3,10,200,50,False
data101.vrp,sa,random,True,73,4567.752626931998,20,1661.3346000055562,53,2906.4180269264416,63.629059283768235,65.44580929999938,36624,0.75,1,500.0,0.95,0.01,500,0.8,0.2,10,200,50,False
data101.vrp,sa,random,True,73,4567.752626931998,19,1683.6626897663325,54,2884.089937165665,63.14023925377958,93.3631691999999,37324,0.75,1,500.0,0.95,0.01,500,0.8,0.1,10,200,50,False
data101.vrp,sa,random,True,73,4567.752626931998,20,1681.4018030661143,53,2886.3508238658833,63.18973595127777,141.12629969999944,43994,0.75,1,500.0,0.95,0.01,600,0.4,0.2,10,200,50,False
data101.vrp,sa,random,True,73,4567.752626931998,19,1657.403091762192,54,2910.3495351698057,63.715130237352355,111.38759399999981,44268,0.75,1,500.0,0.95,0.01,600,0.6,0.2,10,200,50,False
data101.vrp,sa,random,True,73,4567.752626931998,19,1681.056315871017,54,2886.696311060981,63.197299565670114,137.44457370000055,44666,0.75,1,500.0,0.95,0.01,600,0.4,0.3,10,200,50,False
data101.vrp,sa,random,True,73,4567.752626931998,19,1664.1910518244688,54,2903.5615751075293,63.56652411489611,150.8635847000005,44609,0.75,1,500.0,0.95,0.01,600,0.6,0.1,10,200,50,False
data101.vrp,sa,random,True,73,4567.752626931998,19,1664.7828339778494,54,2902.9697929541485,63.55356846248422,203.80701099999897,44637,0.75,1,500.0,0.95,0.01,600,0.4,0.1,10,200,50,False
data101.vrp,sa,random,True,73,4567.752626931998,19,1659.3368109269418,54,2908.415816005056,63.67279608919056,96.0646369999995,43888,0.75,1,500.0,0.95,0.01,600,0.6,0.3,10,200,50,False
data101.vrp,sa,random,True,73,4567.752626931998,20,1665.875410712191,53,2901.8772162198065,63.529649112563646,98.8170184999999,43973,0.75,1,500.0,0.95,0.01,600,0.8,0.1,10,200,50,False
data101.vrp,sa,random,True,73,4567.752626931998,20,1667.7054415022847,53,2900.047185429713,63.489584972940506,93.05819029999839,43941,0.75,1,500.0,0.95,0.01,600,0.8,0.2,10,200,50,False
data101.vrp,sa,random,True,73,4567.752626931998,20,1650.6571616468905,53,2917.0954652851074,63.862816214818096,149.27575439999964,51356,0.75,1,500.0,0.95,0.01,700,0.4,0.2,10,200,50,False
data101.vrp,sa,random,True,73,4567.752626931998,19,1679.7627994597046,54,2887.989827472293,63.22561800839151,126.81846179999957,52375,0.75,1,500.0,0.95,0.01,700,0.6,0.2,10,200,50,False
data101.vrp,sa,random,True,73,4567.752626931998,19,1666.9460323329242,54,2900.806594599074,63.50621041725383,165.19065629999932,52292,0.75,1,500.0,0.95,0.01,700,0.4,0.3,10,200,50,False
data101.vrp,sa,random,True,73,4567.752626931998,19,1656.550226660535,54,2911.202400271463,63.733801675394524,178.8132198000003,52983,0.75,1,500.0,0.95,0.01,700,0.6,0.1,10,200,50,False
data101.vrp,sa,random,True,73,4567.752626931998,20,1671.154357660136,53,2896.5982692718617,63.414079216838125,108.04343450000124,51176,0.75,1,500.0,0.95,0.01,700,0.6,0.3,10,200,50,False
data101.vrp,sa,random,True,73,4567.752626931998,19,1654.0777053337988,54,2913.674921598199,63.78793160599011,271.6419984999993,52683,0.75,1,500.0,0.95,0.01,700,0.4,0.1,10,200,50,False
data101.vrp,sa,random,True,73,4567.752626931998,19,1672.937210718355,54,2894.815416213643,63.37504792062242,118.39444990000084,52430,0.75,1,500.0,0.95,0.01,700,0.8,0.2,10,200,50,False
data101.vrp,sa,random,True,73,4567.752626931998,19,1695.938903511541,54,2871.813723420457,62.87148096610817,138.39161070000046,52609,0.75,1,500.0,0.95,0.01,700,0.8,0.1,10,200,50,False
data101.vrp,sa,random,True,73,4567.752626931998,19,1665.9402984842257,54,2901.8123284477724,63.52822855025798,81.13590680000016,29751,0.75,1,500.0,0.95,0.1,400,0.4,0.3,10,200,50,False
data101.vrp,sa,random,True,73,4567.752626931998,20,1657.7314533220963,53,2910.021173609902,63.707941547711684,94.88543079999909,29606,0.75,1,500.0,0.95,0.1,400,0.4,0.2,10,200,50,False
data101.vrp,sa,random,True,73,4567.752626931998,19,1661.2784213339246,54,2906.4742055980732,63.630289181186505,126.9783138999992,29903,0.75,1,500.0,0.95,0.1,400,0.4,0.1,10,200,50,False
data101.vrp,sa,random,True,73,4567.752626931998,20,1660.9092757162762,53,2906.8433512157217,63.63837074005797,51.365852599999926,29194,0.75,1,500.0,0.95,0.1,400,0.6,0.3,10,200,50,False
data101.vrp,sa,random,True,73,4567.752626931998,20,1666.092126985802,53,2901.660499946196,63.52490462897816,78.97597510000014,29320,0.75,1,500.0,0.95,0.1,400,0.6,0.1,10,200,50,False
data101.vrp,sa,random,True,73,4567.752626931998,19,1670.4644570990306,54,2897.2881698329675,63.42918293670768,80.09076930000083,29850,0.75,1,500.0,0.95,0.1,400,0.6,0.2,10,200,50,False
data101.vrp,sa,random,True,73,4567.752626931998,20,1679.000786248025,53,2888.7518406839727,63.242300461972434,67.94727609999973,29837,0.75,1,500.0,0.95,0.1,400,0.8,0.1,10,200,50,False
data101.vrp,sa,random,True,73,4567.752626931998,20,1673.0517976726276,53,2894.70082925937,63.3725393137947,56.25461969999924,29285,0.75,1,500.0,0.95,0.1,400,0.8,0.2,10,200,50,False
data101.vrp,sa,random,True,73,4567.752626931998,20,1673.7180191862878,53,2894.0346077457098,63.35795398993692,96.58369250000032,36573,0.75,1,500.0,0.95,0.1,500,0.4,0.3,10,200,50,False
data101.vrp,sa,random,True,73,4567.752626931998,20,1648.3983996178786,53,2919.3542273141193,63.912266397730676,110.14416210000127,36571,0.75,1,500.0,0.95,0.1,500,0.4,0.2,10,200,50,False
data101.vrp,sa,random,True,73,4567.752626931998,19,1672.9526158460274,54,2894.8000110859703,63.374710662260796,95.22599809999883,37585,0.75,1,500.0,0.95,0.1,500,0.6,0.2,10,200,50,False
data101.vrp,sa,random,True,73,4567.752626931998,20,1661.6485444233927,53,2906.104082508605,63.622186222911445,138.76848289999907,36410,0.75,1,500.0,0.95,0.1,500,0.4,0.1,10,200,50,False
data101.vrp,sa,random,True,73,4567.752626931998,19,1670.4881786828826,54,2897.264448249115,63.428663609463186,121.63016480000078,37534,0.75,1,500.0,0.95,0.1,500,0.6,0.1,10,200,50,False
data101.vrp,sa,random,True,73,4567.752626931998,20,1682.508919478757,53,2885.243707453241,63.16549828993606,72.03705309999896,36742,0.75,1,500.0,0.95,0.1,500,0.6,0.3,10,200,50,False
data101.vrp,sa,random,True,73,4567.752626931998,20,1661.3346000055562,53,2906.4180269264416,63.629059283768235,61.759104700000535,36614,0.75,1,500.0,0.95,0.1,500,0.8,0.2,10,200,50,False
data101.vrp,sa,random,True,73,4567.752626931998,19,1683.6626897663325,54,2884.089937165665,63.14023925377958,87.3807609000014,37324,0.75,1,500.0,0.95,0.1,500,0.8,0.1,10,200,50,False
data101.vrp,sa,random,True,73,4567.752626931998,20,1681.4018030661143,53,2886.3508238658833,63.18973595127777,133.0580087999988,43959,0.75,1,500.0,0.95,0.1,600,0.4,0.2,10,200,50,False
data101.vrp,sa,random,True,73,4567.752626931998,19,1657.403091762192,54,2910.3495351698057,63.715130237352355,109.79867220000051,44244,0.75,1,500.0,0.95,0.1,600,0.6,0.2,10,200,50,False
data101.vrp,sa,random,True,73,4567.752626931998,19,1681.056315871017,54,2886.696311060981,63.197299565670114,139.90250780000133,44666,0.75,1,500.0,0.95,0.1,600,0.4,0.3,10,200,50,False
data101.vrp,sa,random,True,73,4567.752626931998,19,1664.7828339778494,54,2902.9697929541485,63.55356846248422,189.83305839999957,44569,0.75,1,500.0,0.95,0.1,600,0.4,0.1,10,200,50,False
data101.vrp,sa,random,True,73,4567.752626931998,19,1664.1910518244688,54,2903.5615751075293,63.56652411489611,146.23277690000032,44571,0.75,1,500.0,0.95,0.1,600,0.6,0.1,10,200,50,False
data101.vrp,sa,random,True,73,4567.752626931998,19,1659.3368109269418,54,2908.415816005056,63.67279608919056,85.64142849999917,43863,0.75,1,500.0,0.95,0.1,600,0.6,0.3,10,200,50,False
data101.vrp,sa,random,True,73,4567.752626931998,20,1665.875410712191,53,2901.8772162198065,63.529649112563646,87.12784910000119,43956,0.75,1,500.0,0.95,0.1,600,0.8,0.1,10,200,50,False
data101.vrp,sa,random,True,73,4567.752626931998,20,1667.7054415022847,53,2900.047185429713,63.489584972940506,89.65956030000052,43940,0.75,1,500.0,0.95,0.1,600,0.8,0.2,10,200,50,False
data101.vrp,sa,random,True,73,4567.752626931998,20,1650.6571616468905,53,2917.0954652851074,63.862816214818096,147.15138449999904,51356,0.75,1,500.0,0.95,0.1,700,0.4,0.2,10,200,50,False
data101.vrp,sa,random,True,73,4567.752626931998,19,1666.9460323329242,54,2900.806594599074,63.50621041725383,144.92258020000008,52160,0.75,1,500.0,0.95,0.1,700,0.4,0.3,10,200,50,False
data101.vrp,sa,random,True,73,4567.752626931998,19,1679.7627994597046,54,2887.989827472293,63.22561800839151,122.69353740000042,52375,0.75,1,500.0,0.95,0.1,700,0.6,0.2,10,200,50,False
data101.vrp,sa,random,True,73,4567.752626931998,19,1656.550226660535,54,2911.202400271463,63.733801675394524,162.4386796000017,52897,0.75,1,500.0,0.95,0.1,700,0.6,0.1,10,200,50,False
data101.vrp,sa,random,True,73,4567.752626931998,19,1654.0777053337988,54,2913.674921598199,63.78793160599011,236.51561749999928,52564,0.75,1,500.0,0.95,0.1,700,0.4,0.1,10,200,50,False
data101.vrp,sa,random,True,73,4567.752626931998,20,1671.154357660136,53,2896.5982692718617,63.414079216838125,102.07507890000124,51173,0.75,1,500.0,0.95,0.1,700,0.6,0.3,10,200,50,False
data101.vrp,sa,random,True,73,4567.752626931998,19,1695.938903511541,54,2871.813723420457,62.87148096610817,132.02442299999893,52609,0.75,1,500.0,0.95,0.1,700,0.8,0.1,10,200,50,False
data101.vrp,sa,random,True,73,4567.752626931998,22,2101.7644753712552,51,2465.9881515607426,53.986902377790585,63.93138340000041,61374,0.75,1,500.0,0.99,0.01,400,0.4,0.3,10,200,50,False
data101.vrp,sa,random,True,73,4567.752626931998,19,1672.937210718355,54,2894.815416213643,63.37504792062242,112.70203129999936,52390,0.75,1,500.0,0.95,0.1,700,0.8,0.2,10,200,50,False
data101.vrp,sa,random,True,73,4567.752626931998,21,2033.8062195479174,52,2533.9464073840804,55.47468556952142,89.03823499999999,47541,0.75,1,500.0,0.99,0.01,400,0.4,0.1,10,200,50,False
data101.vrp,sa,random,True,73,4567.752626931998,21,2056.4756686785195,52,2511.2769582534784,54.97839229398499,84.59570820000044,54658,0.75,1,500.0,0.99,0.01,400,0.4,0.2,10,200,50,False
data101.vrp,sa,random,True,70,4607.637731288301,22,2186.31956310454,48,2421.3181681837614,52.550098540554266,18.675892,18741,0.75,42,500.0,0.99,0.01,100,0.5,0.2,10,200,50,False
data101.vrp,sa,random,True,73,4567.752626931998,22,2136.5699708654165,51,2431.1826560665813,53.224919443580355,48.195700500000385,48528,0.75,1,500.0,0.99,0.01,400,0.6,0.2,10,200,50,False
data101.vrp,sa,random,True,73,4567.752626931998,21,2075.899604548468,52,2491.85302238353,54.55315175544482,50.868541099998765,53607,0.75,1,500.0,0.99,0.01,400,0.8,0.2,10,200,50,False
data101.vrp,sa,random,True,73,4567.752626931998,21,2014.1016130523137,52,2553.651013879684,55.906070718958425,60.45203829999991,58483,0.75,1,500.0,0.99,0.01,400,0.8,0.1,10,200,50,False
data101.vrp,sa,random,True,73,4567.752626931998,21,2089.776975706321,52,2477.9756512256768,54.249339962397386,92.31617559999904,64434,0.75,1,500.0,0.99,0.01,400,0.6,0.1,10,200,50,False
data101.vrp,sa,random,True,73,4567.752626931998,21,2023.2725383912884,52,2544.4800885407094,55.70529528105705,82.55532360000143,84987,0.75,1,500.0,0.99,0.01,400,0.6,0.3,10,200,50,False
data101.vrp,sa,random,True,73,4567.752626931998,21,2084.627795753179,52,2483.124831178819,54.36206892067727,74.52844439999899,53579,0.75,1,500.0,0.99,0.01,500,0.4,0.2,10,200,50,False
data101.vrp,sa,random,True,73,4567.752626931998,22,2170.157829239424,51,2397.594797692574,52.48959375680893,50.39477310000075,51666,0.75,1,500.0,0.99,0.01,500,0.6,0.2,10,200,50,False
data101.vrp,sa,random,True,73,4567.752626931998,21,2059.488253820214,52,2508.2643731117837,54.91243896008656,80.47373469999911,69252,0.75,1,500.0,0.99,0.01,500,0.4,0.3,10,200,50,False
data101.vrp,sa,random,True,73,4567.752626931998,21,2049.4340340955446,52,2518.3185928364533,55.13255201229934,60.55920370000058,63168,0.75,1,500.0,0.99,0.01,500,0.6,0.3,10,200,50,False
data101.vrp,sa,random,True,73,4567.752626931998,21,2027.745150643919,52,2540.0074762880786,55.607378151607875,169.69107350000013,87411,0.75,1,500.0,0.99,0.01,500,0.4,0.1,10,200,50,False
data101.vrp,sa,random,True,73,4567.752626931998,20,2003.6197069519721,53,2564.1329199800257,56.13554693968323,85.56982459999927,81992,0.75,1,500.0,0.99,0.01,500,0.8,0.2,10,200,50,False
data101.vrp,sa,random,True,73,4567.752626931998,20,1977.4001890858556,53,2590.3524378461425,56.709560464661,138.33960020000086,103916,0.75,1,500.0,0.99,0.01,500,0.8,0.1,10,200,50,False
data101.vrp,sa,random,True,71,4448.776235076591,19,1699.7570794422415,52,2749.019155634349,61.79270456355109,82.1963142,36184,0.75,2,500.0,0.99,0.01,100,0.3,0.2,10,200,50,False
data101.vrp,sa,random,True,73,4567.752626931998,20,1956.827766156458,53,2610.92486077554,57.15994437573578,194.2738535999997,122797,0.75,1,500.0,0.99,0.01,500,0.6,0.1,10,200,50,False
data101.vrp,sa,random,True,73,4567.752626931998,21,2017.3768050634717,52,2550.375821868526,55.83436823682647,101.41681959999914,80842,0.75,1,500.0,0.99,0.01,600,0.6,0.2,10,200,50,False
data101.vrp,sa,random,True,73,4567.752626931998,21,2068.4729308136875,52,2499.2796961183103,54.71574098348208,115.01086829999986,71914,0.75,1,500.0,0.99,0.01,600,0.6,0.1,10,200,50,False
data101.vrp,sa,random,True,71,4448.776235076591,19,1699.7570794422415,52,2749.019155634349,61.79270456355109,91.2592708,36184,0.75,2,500.0,0.99,0.01,100,0.3,0.2,10,200,50,False
data101.vrp,sa,random,True,73,4567.752626931998,21,2027.1617701910145,52,2540.5908567409833,55.62014986891729,217.38052190000053,103949,0.75,1,500.0,0.99,0.01,600,0.4,0.1,10,200,50,False
data101.vrp,sa,random,True,73,4567.752626931998,21,2034.927772674789,52,2532.824854257209,55.450131850910246,183.90638460000082,136703,0.75,1,500.0,0.99,0.01,600,0.4,0.3,10,200,50,False
data101.vrp,sa,random,True,73,4567.752626931998,22,2159.301235870679,51,2408.4513910613186,52.72727285757137,68.51017929999944,66655,0.75,1,500.0,0.99,0.01,600,0.8,0.1,10,200,50,False
data101.vrp,sa,random,True,71,4448.776235076591,23,2221.8944857987403,48,2226.8817492778503,50.056052082815356,31.0480727,15370,0.75,2,500.0,0.99,0.01,100,0.3,0.1,10,200,50,False
data101.vrp,sa,random,True,73,4567.752626931998,20,2010.9093476268963,53,2556.8432793051015,55.97595772217738,94.44667079999999,82140,0.75,1,500.0,0.99,0.01,600,0.8,0.2,10,200,50,False
data101.vrp,sa,random,True,73,4567.752626931998,19,1910.551447205834,54,2657.201179726164,58.173053506860214,139.06785820000005,115403,0.75,1,500.0,0.99,0.01,600,0.6,0.3,10,200,50,False
data101.vrp,sa,random,True,73,4567.752626931998,22,2134.9659685212473,51,2432.7866584107505,53.260035231916,115.44798020000053,75032,0.75,1,500.0,0.99,0.01,700,0.4,0.2,10,200,50,False
data101.vrp,sa,random,True,71,4448.776235076591,20,1644.0453445595103,51,2804.7308905170803,63.044998046947036,97.49006139999999,36909,0.75,2,500.0,0.99,0.01,100,0.3,0.3,10,200,50,False
data101.vrp,sa,random,True,73,4567.752626931998,21,2093.6088744776716,52,2474.143752454326,54.16544971955111,92.03762599999936,52817,0.75,1,500.0,0.99,0.01,700,0.6,0.1,10,200,50,False
data101.vrp,sa,random,True,73,4567.752626931998,21,2057.5103005836954,52,2510.2423263483024,54.9557415072704,160.03263009999864,119196,0.75,1,500.0,0.99,0.01,700,0.4,0.3,10,200,50,False
data102.vrp,sa,random,True,61,4250.835602292883,23,2342.950836709652,38,1907.884765583231,44.88258178119441,5.6000247000000005,20843,0.75,2,500.0,0.99,0.01,100,0.3,0.3,10,200,50,False
data101.vrp,sa,random,True,73,4567.752626931998,21,2040.3227836978417,52,2527.429843234156,55.33202101033531,298.5908672000005,140891,0.75,1,500.0,0.99,0.01,700,0.4,0.1,10,200,50,False
data101.vrp,sa,random,True,73,4567.752626931998,21,2033.6990664569505,52,2534.0535604750476,55.47703142972267,124.63284939999903,125526,0.75,1,500.0,0.99,0.01,700,0.6,0.3,10,200,50,False
data101.vrp,sa,random,True,73,4567.752626931998,21,2062.3548909421106,52,2505.397735989887,54.84968080840832,88.79085179999856,71169,0.75,1,500.0,0.99,0.01,700,0.8,0.1,10,200,50,False
data101.vrp,sa,random,True,73,4567.752626931998,20,1969.3432604734328,53,2598.4093664585653,56.88594761323201,194.99073260000114,141605,0.75,1,500.0,0.99,0.01,700,0.6,0.2,10,200,50,False
data101.vrp,sa,random,True,73,4567.752626931998,21,2033.8062195479174,52,2533.9464073840804,55.47468556952142,91.84591659999933,47541,0.75,1,500.0,0.99,0.1,400,0.4,0.1,10,200,50,False
data101.vrp,sa,random,True,73,4567.752626931998,22,2101.7644753712552,51,2465.9881515607426,53.986902377790585,63.54448989999946,61374,0.75,1,500.0,0.99,0.1,400,0.4,0.3,10,200,50,False
data101.vrp,sa,random,True,73,4567.752626931998,20,1899.9502127066496,53,2667.802414225348,58.40514213698168,123.53723900000114,97247,0.75,1,500.0,0.99,0.01,700,0.8,0.2,10,200,50,False
data101.vrp,sa,random,True,73,4567.752626931998,21,2056.4756686785195,52,2511.2769582534784,54.97839229398499,85.54290290000063,54658,0.75,1,500.0,0.99,0.1,400,0.4,0.2,10,200,50,False
data101.vrp,sa,random,True,73,4567.752626931998,22,2136.5699708654165,51,2431.1826560665813,53.224919443580355,49.529469600000084,48528,0.75,1,500.0,0.99,0.1,400,0.6,0.2,10,200,50,False
data101.vrp,sa,random,True,73,4567.752626931998,21,2014.1016130523137,52,2553.651013879684,55.906070718958425,63.7648152999991,58483,0.75,1,500.0,0.99,0.1,400,0.8,0.1,10,200,50,False
data101.vrp,sa,random,True,73,4567.752626931998,21,2089.776975706321,52,2477.9756512256768,54.249339962397386,95.99118850000013,64434,0.75,1,500.0,0.99,0.1,400,0.6,0.1,10,200,50,False
data101.vrp,sa,random,True,73,4567.752626931998,21,2023.2725383912884,52,2544.4800885407094,55.70529528105705,89.25109069999962,84987,0.75,1,500.0,0.99,0.1,400,0.6,0.3,10,200,50,False
data101.vrp,sa,random,True,73,4567.752626931998,19,1671.5589675881602,54,2896.1936593438377,63.40522125185906,714.4311311000001,225639,0.75,1,500.0,0.99,0.01,600,0.4,0.2,10,200,50,False
data101.vrp,sa,random,True,73,4567.752626931998,21,2075.899604548468,52,2491.85302238353,54.55315175544482,55.94343129999834,53607,0.75,1,500.0,0.99,0.1,400,0.8,0.2,10,200,50,False
data101.vrp,sa,random,True,73,4567.752626931998,22,2170.157829239424,51,2397.594797692574,52.48959375680893,54.72169759999997,51666,0.75,1,500.0,0.99,0.1,500,0.6,0.2,10,200,50,False
data101.vrp,sa,random,True,73,4567.752626931998,21,2084.627795753179,52,2483.124831178819,54.36206892067727,81.13402089999909,53579,0.75,1,500.0,0.99,0.1,500,0.4,0.2,10,200,50,False
data101.vrp,sa,random,True,73,4567.752626931998,21,2059.488253820214,52,2508.2643731117837,54.91243896008656,86.47537659999944,69252,0.75,1,500.0,0.99,0.1,500,0.4,0.3,10,200,50,False
data101.vrp,sa,random,True,73,4567.752626931998,21,2049.4340340955446,52,2518.3185928364533,55.13255201229934,62.07973449999918,63168,0.75,1,500.0,0.99,0.1,500,0.6,0.3,10,200,50,False
data101.vrp,sa,random,True,73,4567.752626931998,21,2027.745150643919,52,2540.0074762880786,55.607378151607875,180.5632566000004,87411,0.75,1,500.0,0.99,0.1,500,0.4,0.1,10,200,50,False
data101.vrp,sa,random,True,73,4567.752626931998,20,2003.6197069519721,53,2564.1329199800257,56.13554693968323,88.36276019999968,81992,0.75,1,500.0,0.99,0.1,500,0.8,0.2,10,200,50,False
data101.vrp,sa,random,True,73,4567.752626931998,20,1956.827766156458,53,2610.92486077554,57.15994437573578,201.321749499999,122797,0.75,1,500.0,0.99,0.1,500,0.6,0.1,10,200,50,False
data101.vrp,sa,random,True,73,4567.752626931998,20,1977.4001890858556,53,2590.3524378461425,56.709560464661,141.4264005999994,103916,0.75,1,500.0,0.99,0.1,500,0.8,0.1,10,200,50,False
data101.vrp,sa,random,True,73,4567.752626931998,21,2017.3768050634717,52,2550.375821868526,55.83436823682647,96.49095379999926,80842,0.75,1,500.0,0.99,0.1,600,0.6,0.2,10,200,50,False
data101.vrp,sa,random,True,73,4567.752626931998,21,2068.4729308136875,52,2499.2796961183103,54.71574098348208,109.70467610000014,71914,0.75,1,500.0,0.99,0.1,600,0.6,0.1,10,200,50,False
data101.vrp,sa,random,True,73,4567.752626931998,21,2027.1617701910145,52,2540.5908567409833,55.62014986891729,212.73047550000047,103949,0.75,1,500.0,0.99,0.1,600,0.4,0.1,10,200,50,False
data101.vrp,sa,random,True,73,4567.752626931998,21,2034.927772674789,52,2532.824854257209,55.450131850910246,177.7545551000003,136703,0.75,1,500.0,0.99,0.1,600,0.4,0.3,10,200,50,False
data101.vrp,sa,random,True,73,4567.752626931998,22,2159.301235870679,51,2408.4513910613186,52.72727285757137,68.83407249999982,66655,0.75,1,500.0,0.99,0.1,600,0.8,0.1,10,200,50,False
data101.vrp,sa,random,True,73,4567.752626931998,20,2010.9093476268963,53,2556.8432793051015,55.97595772217738,94.84260259999974,82140,0.75,1,500.0,0.99,0.1,600,0.8,0.2,10,200,50,False
data101.vrp,sa,random,True,73,4567.752626931998,19,1910.551447205834,54,2657.201179726164,58.173053506860214,136.59974299999885,115403,0.75,1,500.0,0.99,0.1,600,0.6,0.3,10,200,50,False
data101.vrp,sa,random,True,73,4567.752626931998,22,2134.9659685212473,51,2432.7866584107505,53.260035231916,103.47816539999985,75032,0.75,1,500.0,0.99,0.1,700,0.4,0.2,10,200,50,False
data101.vrp,sa,random,True,73,4567.752626931998,21,2093.6088744776716,52,2474.143752454326,54.16544971955111,72.61125150000044,52817,0.75,1,500.0,0.99,0.1,700,0.6,0.1,10,200,50,False
data101.vrp,sa,random,True,73,4567.752626931998,21,2057.5103005836954,52,2510.2423263483024,54.9557415072704,136.71804840000004,119196,0.75,1,500.0,0.99,0.1,700,0.4,0.3,10,200,50,False
data101.vrp,sa,random,True,73,4567.752626931998,21,2040.3227836978417,52,2527.429843234156,55.33202101033531,271.0849954000005,140891,0.75,1,500.0,0.99,0.1,700,0.4,0.1,10,200,50,False
data101.vrp,sa,random,True,73,4567.752626931998,21,2033.6990664569505,52,2534.0535604750476,55.47703142972267,113.89451929999996,125526,0.75,1,500.0,0.99,0.1,700,0.6,0.3,10,200,50,False
data101.vrp,sa,random,True,73,4567.752626931998,21,2062.3548909421106,52,2505.397735989887,54.84968080840832,77.76612729999943,71169,0.75,1,500.0,0.99,0.1,700,0.8,0.1,10,200,50,False
data101.vrp,sa,random,True,73,4567.752626931998,20,1969.3432604734328,53,2598.4093664585653,56.88594761323201,170.33578210000087,141605,0.75,1,500.0,0.99,0.1,700,0.6,0.2,10,200,50,False
data101.vrp,sa,random,True,73,4567.752626931998,20,1899.9502127066496,53,2667.802414225348,58.40514213698168,110.87201579999964,97247,0.75,1,500.0,0.99,0.1,700,0.8,0.2,10,200,50,False
data101.vrp,sa,random,True,73,4567.752626931998,21,2084.8600904964537,52,2482.892536435544,54.356983383822545,94.21748370000023,69641,0.75,1,500.0,0.995,0.01,400,0.4,0.2,10,200,50,False
data101.vrp,sa,random,True,73,4567.752626931998,21,2045.4791166080684,52,2522.2735103239293,55.21913545519766,87.52012550000109,77266,0.75,1,500.0,0.995,0.01,400,0.4,0.3,10,200,50,False
data101.vrp,sa,random,True,73,4567.752626931998,20,1980.1961589649377,53,2587.55646796706,56.64834940295427,127.53904520000106,67794,0.75,1,500.0,0.995,0.01,400,0.4,0.1,10,200,50,False
data101.vrp,sa,random,True,73,4567.752626931998,21,2028.0384237110331,52,2539.714203220965,55.60095764044919,56.62587850000091,41275,0.75,1,500.0,0.995,0.01,400,0.6,0.1,10,200,50,False
data101.vrp,sa,random,True,73,4567.752626931998,21,2087.5638171925925,52,2480.1888097394053,54.297791765603186,55.76968440000019,52102,0.75,1,500.0,0.995,0.01,400,0.6,0.2,10,200,50,False
data101.vrp,sa,random,True,73,4567.752626931998,19,1671.5589675881602,54,2896.1936593438377,63.40522125185906,655.3580961000007,225639,0.75,1,500.0,0.99,0.1,600,0.4,0.2,10,200,50,False
data101.vrp,sa,random,True,73,4567.752626931998,21,2086.8468130737315,52,2480.9058138582664,54.313488852933034,69.25344009999935,78486,0.75,1,500.0,0.995,0.01,400,0.6,0.3,10,200,50,False
data101.vrp,sa,random,True,73,4567.752626931998,20,2010.376720600927,53,2557.375906331071,55.98761831480292,73.40295760000117,78205,0.75,1,500.0,0.995,0.01,400,0.8,0.2,10,200,50,False
data101.vrp,sa,random,True,73,4567.752626931998,20,1981.3924135576901,53,2586.360213374308,56.62216027472304,99.71353679999993,86676,0.75,1,500.0,0.995,0.01,400,0.8,0.1,10,200,50,False
data101.vrp,sa,random,True,73,4567.752626931998,21,2024.2707285572687,52,2543.481898374729,55.68344229891228,86.67702579999968,76374,0.75,1,500.0,0.995,0.01,500,0.4,0.3,10,200,50,False
data101.vrp,sa,random,True,73,4567.752626931998,21,2034.1356950333106,52,2533.616931898687,55.467472493150986,128.03119109999898,73040,0.75,1,500.0,0.995,0.01,500,0.4,0.1,10,200,50,False
data101.vrp,sa,random,True,73,4567.752626931998,20,1991.6292609824113,53,2576.1233659495865,56.39804902657086,122.78321750000032,83657,0.75,1,500.0,0.995,0.01,500,0.6,0.1,10,200,50,False
data101.vrp,sa,random,True,73,4567.752626931998,21,2090.3842073231854,52,2477.3684196088125,54.23604608099751,68.59258169999885,63800,0.75,1,500.0,0.995,0.01,500,0.8,0.1,10,200,50,False
data101.vrp,sa,random,True,73,4567.752626931998,21,2071.0147005975405,52,2496.7379263344574,54.6600950238286,92.11227450000115,98605,0.75,1,500.0,0.995,0.01,500,0.6,0.3,10,200,50,False
data101.vrp,sa,random,True,73,4567.752626931998,20,1964.507750351378,53,2603.24487658062,56.99180952207409,135.40976720000072,111056,0.75,1,500.0,0.995,0.01,500,0.6,0.2,10,200,50,False
data101.vrp,sa,random,True,73,4567.752626931998,20,1996.692079795509,53,2571.060547136489,56.28721073854172,219.86710459999995,141138,0.75,1,500.0,0.995,0.01,500,0.4,0.2,10,200,50,False
data101.vrp,sa,random,True,73,4567.752626931998,22,2148.535695692985,51,2419.216931239013,52.962958566867876,49.15414950000013,62187,0.75,1,500.0,0.995,0.01,500,0.8,0.2,10,200,50,False
data101.vrp,sa,random,True,73,4567.752626931998,21,2073.6278782182676,52,2494.1247487137302,54.602885760671064,79.1734078999998,66526,0.75,1,500.0,0.995,0.01,600,0.4,0.3,10,200,50,False
data101.vrp,sa,random,True,73,4567.752626931998,21,2100.2136763255917,52,2467.538950606406,54.02085340737393,68.53680570000142,48945,0.75,1,500.0,0.995,0.01,600,0.6,0.1,10,200,50,False
data101.vrp,sa,random,True,73,4567.752626931998,21,2035.7120936124322,52,2532.040533319566,55.43296102311587,123.19295190000048,85824,0.75,1,500.0,0.995,0.01,600,0.4,0.2,10,200,50,False
data101.vrp,sa,random,True,73,4567.752626931998,21,2063.916827290742,52,2503.835799641256,54.8154859542601,97.68676589999995,105563,0.75,1,500.0,0.995,0.01,600,0.6,0.3,10,200,50,False
data101.vrp,sa,random,True,73,4567.752626931998,20,1983.0132371571158,53,2584.739389774882,56.58667622530519,149.32015390000015,115532,0.75,1,500.0,0.995,0.01,600,0.6,0.2,10,200,50,False
data101.vrp,sa,random,True,73,4567.752626931998,20,1974.2430945152316,53,2593.509532416766,56.77867748627922,192.20423570000094,100425,0.75,1,500.0,0.995,0.01,600,0.4,0.1,10,200,50,False
data101.vrp,sa,random,True,73,4567.752626931998,20,1973.1735156498103,53,2594.5791112821876,56.80209335295981,89.7268409999997,75369,0.75,1,500.0,0.995,0.01,600,0.8,0.1,10,200,50,False
data101.vrp,sa,random,True,73,4567.752626931998,20,2014.1033003301961,53,2553.6493266018015,55.90603378005169,116.03363739999986,116701,0.75,1,500.0,0.995,0.01,600,0.8,0.2,10,200,50,False
data101.vrp,sa,random,True,73,4567.752626931998,21,2055.3229983238416,52,2512.4296286081562,55.00362724974598,90.92284279999876,77655,0.75,1,500.0,0.995,0.01,700,0.4,0.3,10,200,50,False
data101.vrp,sa,random,True,73,4567.752626931998,22,2155.6005932644803,51,2412.1520336675176,52.808289561155085,128.4617134,99375,0.75,1,500.0,0.995,0.01,700,0.4,0.2,10,200,50,False
data101.vrp,sa,random,True,73,4567.752626931998,21,2038.9836922309296,52,2528.7689347010682,55.361337209706896,88.6626211999992,82472,0.75,1,500.0,0.995,0.01,700,0.6,0.2,10,200,50,False
data101.vrp,sa,random,True,73,4567.752626931998,20,2001.7704492845928,53,2565.982177647405,56.176032005719335,153.88149209999938,76339,0.75,1,500.0,0.995,0.01,700,0.4,0.1,10,200,50,False
data101.vrp,sa,random,True,73,4567.752626931998,21,2052.8385861888482,52,2514.9140407431496,55.05801750109946,74.11425520000012,75575,0.75,1,500.0,0.995,0.01,700,0.6,0.3,10,200,50,False
data101.vrp,sa,random,True,73,4567.752626931998,22,2168.912787198462,51,2398.839839733536,52.51685096933005,39.489887399999134,44062,0.75,1,500.0,0.995,0.01,700,0.8,0.2,10,200,50,False
data101.vrp,sa,random,True,73,4567.752626931998,19,1886.564165773472,54,2681.1884611585256,58.69819756328152,260.92796799999996,131416,0.75,1,500.0,0.995,0.01,700,0.6,0.1,10,200,50,False
data101.vrp,sa,random,True,73,4567.752626931998,21,2045.4791166080684,52,2522.2735103239293,55.21913545519766,92.62292220000018,77266,0.75,1,500.0,0.995,0.1,400,0.4,0.3,10,200,50,False
data101.vrp,sa,random,True,73,4567.752626931998,21,2084.8600904964537,52,2482.892536435544,54.356983383822545,106.56421000000046,69641,0.75,1,500.0,0.995,0.1,400,0.4,0.2,10,200,50,False
data101.vrp,sa,random,True,73,4567.752626931998,20,1980.1961589649377,53,2587.55646796706,56.64834940295427,142.68139050000173,67794,0.75,1,500.0,0.995,0.1,400,0.4,0.1,10,200,50,False
data101.vrp,sa,random,True,73,4567.752626931998,20,1958.8437240605983,53,2608.9089028713997,57.115809807408816,179.1215274999995,128718,0.75,1,500.0,0.995,0.01,700,0.8,0.1,10,200,50,False
data101.vrp,sa,random,True,73,4567.752626931998,21,2028.0384237110331,52,2539.714203220965,55.60095764044919,60.75608250000005,41275,0.75,1,500.0,0.995,0.1,400,0.6,0.1,10,200,50,False
data101.vrp,sa,random,True,73,4567.752626931998,21,2087.5638171925925,52,2480.1888097394053,54.297791765603186,61.90743520000069,52102,0.75,1,500.0,0.995,0.1,400,0.6,0.2,10,200,50,False
data101.vrp,sa,random,True,73,4567.752626931998,21,2086.8468130737315,52,2480.9058138582664,54.313488852933034,77.47461639999892,78486,0.75,1,500.0,0.995,0.1,400,0.6,0.3,10,200,50,False
data101.vrp,sa,random,True,73,4567.752626931998,20,2010.376720600927,53,2557.375906331071,55.98761831480292,80.68839619999926,78205,0.75,1,500.0,0.995,0.1,400,0.8,0.2,10,200,50,False
data101.vrp,sa,random,True,73,4567.752626931998,20,1981.3924135576901,53,2586.360213374308,56.62216027472304,111.20596380000097,86676,0.75,1,500.0,0.995,0.1,400,0.8,0.1,10,200,50,False
data101.vrp,sa,random,True,73,4567.752626931998,21,2024.2707285572687,52,2543.481898374729,55.68344229891228,99.7982424999991,76374,0.75,1,500.0,0.995,0.1,500,0.4,0.3,10,200,50,False
data101.vrp,sa,random,True,73,4567.752626931998,21,2034.1356950333106,52,2533.616931898687,55.467472493150986,144.32443590000003,73040,0.75,1,500.0,0.995,0.1,500,0.4,0.1,10,200,50,False
data101.vrp,sa,random,True,73,4567.752626931998,20,1991.6292609824113,53,2576.1233659495865,56.39804902657086,135.89030400000047,83657,0.75,1,500.0,0.995,0.1,500,0.6,0.1,10,200,50,False
data101.vrp,sa,random,True,73,4567.752626931998,21,2090.3842073231854,52,2477.3684196088125,54.23604608099751,73.85487609999836,63800,0.75,1,500.0,0.995,0.1,500,0.8,0.1,10,200,50,False
data101.vrp,sa,random,True,73,4567.752626931998,21,2071.0147005975405,52,2496.7379263344574,54.6600950238286,100.14345940000021,98605,0.75,1,500.0,0.995,0.1,500,0.6,0.3,10,200,50,False
data101.vrp,sa,random,True,73,4567.752626931998,20,1964.507750351378,53,2603.24487658062,56.99180952207409,151.45015290000083,111056,0.75,1,500.0,0.995,0.1,500,0.6,0.2,10,200,50,False
data101.vrp,sa,random,True,73,4567.752626931998,20,1996.692079795509,53,2571.060547136489,56.28721073854172,246.27975680000054,141138,0.75,1,500.0,0.995,0.1,500,0.4,0.2,10,200,50,False
data101.vrp,sa,random,True,73,4567.752626931998,22,2148.535695692985,51,2419.216931239013,52.962958566867876,57.1322995999999,62187,0.75,1,500.0,0.995,0.1,500,0.8,0.2,10,200,50,False
data101.vrp,sa,random,True,73,4567.752626931998,21,2073.6278782182676,52,2494.1247487137302,54.602885760671064,84.16185029999906,66526,0.75,1,500.0,0.995,0.1,600,0.4,0.3,10,200,50,False
data101.vrp,sa,random,True,73,4567.752626931998,21,2100.2136763255917,52,2467.538950606406,54.02085340737393,70.53599790000044,48945,0.75,1,500.0,0.995,0.1,600,0.6,0.1,10,200,50,False
data101.vrp,sa,random,True,73,4567.752626931998,21,2035.7120936124322,52,2532.040533319566,55.43296102311587,132.61355399999957,85824,0.75,1,500.0,0.995,0.1,600,0.4,0.2,10,200,50,False
data102.vrp,sa,random,True,59,4306.217752088,21,2265.49360714213,38,2040.7241449458706,47.390175379690525,11.7293053,41218,0.75,1,450.0,0.99,0.1,500,0.4,0.1,10,200,50,False
data101.vrp,sa,random,True,73,4567.752626931998,20,1983.0132371571158,53,2584.739389774882,56.58667622530519,155.45191779999914,115532,0.75,1,500.0,0.995,0.1,600,0.6,0.2,10,200,50,False
data101.vrp,sa,random,True,73,4567.752626931998,21,2063.916827290742,52,2503.835799641256,54.8154859542601,104.58198040000025,105563,0.75,1,500.0,0.995,0.1,600,0.6,0.3,10,200,50,False
data101.vrp,sa,random,True,73,4567.752626931998,20,1973.1735156498103,53,2594.5791112821876,56.80209335295981,97.0671612999995,75369,0.75,1,500.0,0.995,0.1,600,0.8,0.1,10,200,50,False
data101.vrp,sa,random,True,73,4567.752626931998,20,1974.2430945152316,53,2593.509532416766,56.77867748627922,208.44755319999967,100425,0.75,1,500.0,0.995,0.1,600,0.4,0.1,10,200,50,False
data102.vrp,sa,random,True,59,4306.217752088,19,2040.331562902859,40,2265.886189185141,52.61894125271434,32.420411400000006,97055,0.75,1,450.0,0.99,0.1,500,0.4,0.2,10,200,50,False
data102.vrp,sa,random,True,59,4306.217752088,20,2143.5375455543713,39,2162.680206533629,50.222267684558865,19.268285199999998,61209,0.75,1,450.0,0.99,0.1,500,0.4,0.3,10,200,50,False
data101.vrp,sa,random,True,73,4567.752626931998,20,2014.1033003301961,53,2553.6493266018015,55.90603378005169,125.53785299999981,116701,0.75,1,500.0,0.995,0.1,600,0.8,0.2,10,200,50,False
data101.vrp,sa,random,True,73,4567.752626931998,21,2055.3229983238416,52,2512.4296286081562,55.00362724974598,95.82588270000088,77655,0.75,1,500.0,0.995,0.1,700,0.4,0.3,10,200,50,False
data101.vrp,sa,random,True,73,4567.752626931998,22,2155.6005932644803,51,2412.1520336675176,52.808289561155085,136.96151129999998,99375,0.75,1,500.0,0.995,0.1,700,0.4,0.2,10,200,50,False
data101.vrp,sa,random,True,73,4567.752626931998,20,2001.7704492845928,53,2565.982177647405,56.176032005719335,165.06723349999993,76339,0.75,1,500.0,0.995,0.1,700,0.4,0.1,10,200,50,False
data101.vrp,sa,random,True,73,4567.752626931998,21,2038.9836922309296,52,2528.7689347010682,55.361337209706896,96.61115000000063,82472,0.75,1,500.0,0.995,0.1,700,0.6,0.2,10,200,50,False
data101.vrp,sa,random,True,73,4567.752626931998,21,2052.8385861888482,52,2514.9140407431496,55.05801750109946,77.05475200000001,75575,0.75,1,500.0,0.995,0.1,700,0.6,0.3,10,200,50,False
data101.vrp,sa,random,True,73,4567.752626931998,22,2168.912787198462,51,2398.839839733536,52.51685096933005,36.97958270000163,44062,0.75,1,500.0,0.995,0.1,700,0.8,0.2,10,200,50,False
data101.vrp,sa,random,True,71,4448.776235076591,20,1662.716667353225,51,2786.059567723366,62.62530234172142,75.0774904000009,27470,0.75,2,400.0,0.95,0.01,400,0.4,0.3,10,200,50,False
data101.vrp,sa,random,True,73,4567.752626931998,19,1886.564165773472,54,2681.1884611585256,58.69819756328152,264.92712480000046,131416,0.75,1,500.0,0.995,0.1,700,0.6,0.1,10,200,50,False
data101.vrp,sa,random,True,71,4448.776235076591,20,1664.900568265888,51,2783.8756668107026,62.57621241682377,116.54496010000003,27639,0.75,2,400.0,0.95,0.01,400,0.4,0.1,10,200,50,False
data101.vrp,sa,random,True,71,4448.776235076591,19,1671.1990459046879,52,2777.577189171903,62.43463465912179,107.42745389999982,28014,0.75,2,400.0,0.95,0.01,400,0.4,0.2,10,200,50,False
data101.vrp,sa,random,True,73,4567.752626931998,20,1958.8437240605983,53,2608.9089028713997,57.115809807408816,170.71592699999928,128718,0.75,1,500.0,0.995,0.1,700,0.8,0.1,10,200,50,False
data101.vrp,sa,random,True,71,4448.776235076591,20,1652.8713739235611,51,2795.9048611530297,62.84660574988202,58.495464799998445,27332,0.75,2,400.0,0.95,0.01,400,0.6,0.3,10,200,50,False
data101.vrp,sa,random,True,71,4448.776235076591,19,1675.8940748876512,52,2772.8821601889395,62.32909936728254,80.26117840000006,28031,0.75,2,400.0,0.95,0.01,400,0.6,0.2,10,200,50,False
data101.vrp,sa,random,True,71,4448.776235076591,20,1663.7056140351456,51,2785.070621041445,62.60307270755543,83.94276210000135,27830,0.75,2,400.0,0.95,0.01,400,0.6,0.1,10,200,50,False
data101.vrp,sa,random,True,71,4448.776235076591,19,1661.4727855793797,52,2787.3034494972107,62.65326243025177,80.18091460000142,28191,0.75,2,400.0,0.95,0.01,400,0.8,0.1,10,200,50,False
data101.vrp,sa,random,True,71,4448.776235076591,19,1673.4987873430541,52,2775.2774477335365,62.38294086026911,63.19035459999941,28107,0.75,2,400.0,0.95,0.01,400,0.8,0.2,10,200,50,False
data101.vrp,sa,random,True,71,4448.776235076591,19,1664.510228245233,52,2784.2660068313576,62.584986515587765,109.43712779999987,34476,0.75,2,400.0,0.95,0.01,500,0.4,0.3,10,200,50,False
data101.vrp,sa,random,True,71,4448.776235076591,19,1660.2303130217347,52,2788.545922054856,62.68119084229122,102.36163329999908,35067,0.75,2,400.0,0.95,0.01,500,0.6,0.1,10,200,50,False
data101.vrp,sa,random,True,71,4448.776235076591,19,1672.1370633125043,52,2776.6391717640863,62.41354981784745,100.47218459999931,35426,0.75,2,400.0,0.95,0.01,500,0.6,0.2,10,200,50,False
data101.vrp,sa,random,True,71,4448.776235076591,20,1650.098886040218,51,2798.6773490363726,62.908925986658225,121.71359350000057,34351,0.75,2,400.0,0.95,0.01,500,0.4,0.2,10,200,50,False
data101.vrp,sa,random,True,71,4448.776235076591,20,1686.7493778309204,51,2762.0268572456703,62.085092872694666,146.55247899999995,34747,0.75,2,400.0,0.95,0.01,500,0.4,0.1,10,200,50,False
data101.vrp,sa,random,True,71,4448.776235076591,19,1674.3845110509408,52,2774.3917240256496,62.363031481575185,81.22829850000016,35214,0.75,2,400.0,0.95,0.01,500,0.8,0.2,10,200,50,False
data101.vrp,sa,random,True,71,4448.776235076591,19,1659.7931417886136,52,2788.9830932879768,62.691017617341714,87.22704440000052,34813,0.75,2,400.0,0.95,0.01,500,0.6,0.3,10,200,50,False
data101.vrp,sa,random,True,71,4448.776235076591,19,1658.99067337195,52,2789.7855617046407,62.70905557596811,98.5260105999987,35609,0.75,2,400.0,0.95,0.01,500,0.8,0.1,10,200,50,False
data101.vrp,sa,random,True,71,4448.776235076591,20,1667.6189745540637,51,2781.157260522527,62.51510783110102,134.64986700000009,41371,0.75,2,400.0,0.95,0.01,600,0.4,0.2,10,200,50,False
data101.vrp,sa,random,True,71,4448.776235076591,20,1659.809586731607,51,2788.9666483449837,62.69064796640572,109.9095142999995,41476,0.75,2,400.0,0.95,0.01,600,0.4,0.3,10,200,50,False
data101.vrp,sa,random,True,71,4448.776235076591,20,1653.4267684996046,51,2795.349466576986,62.83412153969261,97.42030419999901,41488,0.75,2,400.0,0.95,0.01,600,0.6,0.2,10,200,50,False
data101.vrp,sa,random,True,71,4448.776235076591,19,1674.7337447939587,52,2774.0424902826317,62.35518137348783,139.81284439999945,42329,0.75,2,400.0,0.95,0.01,600,0.6,0.1,10,200,50,False
data101.vrp,sa,random,True,71,4448.776235076591,19,1661.1142860167652,52,2787.6619490598255,62.661320816281346,219.044550300001,42566,0.75,2,400.0,0.95,0.01,600,0.4,0.1,10,200,50,False
data101.vrp,sa,random,True,71,4448.776235076591,20,1652.952678640777,51,2795.8235564358138,62.84477817499581,92.49239859999943,41278,0.75,2,400.0,0.95,0.01,600,0.6,0.3,10,200,50,False
data101.vrp,sa,random,True,71,4448.776235076591,20,1656.5334398852733,51,2792.2427951913173,62.764289495518895,98.24471520000043,41100,0.75,2,400.0,0.95,0.01,600,0.8,0.1,10,200,50,False
data101.vrp,sa,random,True,71,4448.776235076591,19,1661.8675659371484,52,2786.9086691394423,62.644388521183124,111.2637121000007,42480,0.75,2,400.0,0.95,0.01,600,0.8,0.2,10,200,50,False
data101.vrp,sa,random,True,71,4448.776235076591,19,1672.3236792020584,52,2776.452555874532,62.40935504877629,169.4476909999994,49200,0.75,2,400.0,0.95,0.01,700,0.4,0.2,10,200,50,False
data101.vrp,sa,random,True,71,4448.776235076591,19,1666.4501052826051,52,2782.3261297939853,62.54138178172686,159.80169650000062,49124,0.75,2,400.0,0.95,0.01,700,0.4,0.3,10,200,50,False
data101.vrp,sa,random,True,71,4448.776235076591,19,1667.9445928722173,52,2780.8316422043736,62.507788552698436,130.16668589999972,49289,0.75,2,400.0,0.95,0.01,700,0.6,0.2,10,200,50,False
data101.vrp,sa,random,True,71,4448.776235076591,19,1661.859632392815,52,2786.9166026837756,62.64456685211986,164.1211441000014,49268,0.75,2,400.0,0.95,0.01,700,0.6,0.1,10,200,50,False
data101.vrp,sa,random,True,71,4448.776235076591,19,1677.5284732096798,52,2771.247761866911,62.29236121198621,236.26390600000013,48766,0.75,2,400.0,0.95,0.01,700,0.4,0.1,10,200,50,False
data101.vrp,sa,random,True,71,4448.776235076591,20,1650.2221153070068,51,2798.554119769584,62.90615602790379,101.94982440000058,48212,0.75,2,400.0,0.95,0.01,700,0.6,0.3,10,200,50,False
data101.vrp,sa,random,True,71,4448.776235076591,20,1655.1486479607381,51,2793.6275871158523,62.79541697533271,113.0478910999991,48230,0.75,2,400.0,0.95,0.01,700,0.8,0.1,10,200,50,False
data101.vrp,sa,random,True,71,4448.776235076591,19,1667.908374597137,52,2780.8678604794536,62.508602670405566,126.23388429999977,49248,0.75,2,400.0,0.95,0.01,700,0.8,0.2,10,200,50,False
data101.vrp,sa,random,True,71,4448.776235076591,19,1671.1990459046879,52,2777.577189171903,62.43463465912179,102.16486789999908,27977,0.75,2,400.0,0.95,0.1,400,0.4,0.2,10,200,50,False
data101.vrp,sa,random,True,71,4448.776235076591,20,1664.900568265888,51,2783.8756668107026,62.57621241682377,117.2974275000015,27617,0.75,2,400.0,0.95,0.1,400,0.4,0.1,10,200,50,False
data101.vrp,sa,random,True,71,4448.776235076591,20,1662.716667353225,51,2786.059567723366,62.62530234172142,74.83920980000039,27452,0.75,2,400.0,0.95,0.1,400,0.4,0.3,10,200,50,False
data101.vrp,sa,random,True,71,4448.776235076591,20,1663.7056140351456,51,2785.070621041445,62.60307270755543,81.315874599999,27810,0.75,2,400.0,0.95,0.1,400,0.6,0.1,10,200,50,False
data101.vrp,sa,random,True,71,4448.776235076591,20,1652.8713739235611,51,2795.9048611530297,62.84660574988202,55.296579399999246,27296,0.75,2,400.0,0.95,0.1,400,0.6,0.3,10,200,50,False
data101.vrp,sa,random,True,71,4448.776235076591,19,1673.4987873430541,52,2775.2774477335365,62.38294086026911,58.71973740000067,28055,0.75,2,400.0,0.95,0.1,400,0.8,0.2,10,200,50,False
data101.vrp,sa,random,True,71,4448.776235076591,19,1675.8940748876512,52,2772.8821601889395,62.32909936728254,72.1607428999996,27958,0.75,2,400.0,0.95,0.1,400,0.6,0.2,10,200,50,False
data101.vrp,sa,random,True,71,4448.776235076591,19,1661.4727855793797,52,2787.3034494972107,62.65326243025177,72.72633000000133,28094,0.75,2,400.0,0.95,0.1,400,0.8,0.1,10,200,50,False
data101.vrp,sa,random,True,71,4448.776235076591,20,1650.098886040218,51,2798.6773490363726,62.908925986658225,109.98229410000204,34340,0.75,2,400.0,0.95,0.1,500,0.4,0.2,10,200,50,False
data101.vrp,sa,random,True,71,4448.776235076591,19,1664.510228245233,52,2784.2660068313576,62.584986515587765,103.08792889999859,34450,0.75,2,400.0,0.95,0.1,500,0.4,0.3,10,200,50,False
data101.vrp,sa,random,True,71,4448.776235076591,19,1660.2303130217347,52,2788.545922054856,62.68119084229122,105.30272399999922,35067,0.75,2,400.0,0.95,0.1,500,0.6,0.1,10,200,50,False
data101.vrp,sa,random,True,71,4448.776235076591,20,1686.7493778309204,51,2762.0268572456703,62.085092872694666,141.62336999999934,34733,0.75,2,400.0,0.95,0.1,500,0.4,0.1,10,200,50,False
data101.vrp,sa,random,True,71,4448.776235076591,19,1672.1370633125043,52,2776.6391717640863,62.41354981784745,95.88176060000114,35375,0.75,2,400.0,0.95,0.1,500,0.6,0.2,10,200,50,False
data101.vrp,sa,random,True,71,4448.776235076591,19,1659.7931417886136,52,2788.9830932879768,62.691017617341714,78.34981570000309,34703,0.75,2,400.0,0.95,0.1,500,0.6,0.3,10,200,50,False
data101.vrp,sa,random,True,71,4448.776235076591,19,1674.3845110509408,52,2774.3917240256496,62.363031481575185,82.29870350000056,35159,0.75,2,400.0,0.95,0.1,500,0.8,0.2,10,200,50,False
data101.vrp,sa,random,True,71,4448.776235076591,19,1658.99067337195,52,2789.7855617046407,62.70905557596811,92.51676330000191,35550,0.75,2,400.0,0.95,0.1,500,0.8,0.1,10,200,50,False
data101.vrp,sa,random,True,71,4448.776235076591,20,1667.6189745540637,51,2781.157260522527,62.51510783110102,137.0181965999982,41352,0.75,2,400.0,0.95,0.1,600,0.4,0.2,10,200,50,False
data101.vrp,sa,random,True,71,4448.776235076591,20,1659.809586731607,51,2788.9666483449837,62.69064796640572,106.88907549999931,41419,0.75,2,400.0,0.95,0.1,600,0.4,0.3,10,200,50,False
data101.vrp,sa,random,True,71,4448.776235076591,20,1653.4267684996046,51,2795.349466576986,62.83412153969261,96.54871790000107,41468,0.75,2,400.0,0.95,0.1,600,0.6,0.2,10,200,50,False
data101.vrp,sa,random,True,71,4448.776235076591,19,1661.1142860167652,52,2787.6619490598255,62.661320816281346,203.56142340000224,42482,0.75,2,400.0,0.95,0.1,600,0.4,0.1,10,200,50,False
data101.vrp,sa,random,True,71,4448.776235076591,19,1674.7337447939587,52,2774.0424902826317,62.35518137348783,133.02010879999943,42250,0.75,2,400.0,0.95,0.1,600,0.6,0.1,10,200,50,False
data101.vrp,sa,random,True,71,4448.776235076591,20,1652.952678640777,51,2795.8235564358138,62.84477817499581,83.64858409999943,41248,0.75,2,400.0,0.95,0.1,600,0.6,0.3,10,200,50,False
data101.vrp,sa,random,True,71,4448.776235076591,20,1656.5334398852733,51,2792.2427951913173,62.764289495518895,93.20972830000028,41090,0.75,2,400.0,0.95,0.1,600,0.8,0.1,10,200,50,False
data101.vrp,sa,random,True,71,4448.776235076591,19,1661.8675659371484,52,2786.9086691394423,62.644388521183124,101.92251429999669,42344,0.75,2,400.0,0.95,0.1,600,0.8,0.2,10,200,50,False
data101.vrp,sa,random,True,71,4448.776235076591,19,1666.4501052826051,52,2782.3261297939853,62.54138178172686,154.67307939999955,49025,0.75,2,400.0,0.95,0.1,700,0.4,0.3,10,200,50,False
data101.vrp,sa,random,True,71,4448.776235076591,19,1672.3236792020584,52,2776.452555874532,62.40935504877629,179.54859120000037,49191,0.75,2,400.0,0.95,0.1,700,0.4,0.2,10,200,50,False
data101.vrp,sa,random,True,71,4448.776235076591,19,1667.9445928722173,52,2780.8316422043736,62.507788552698436,133.72067819999938,49277,0.75,2,400.0,0.95,0.1,700,0.6,0.2,10,200,50,False
data101.vrp,sa,random,True,71,4448.776235076591,19,1661.859632392815,52,2786.9166026837756,62.64456685211986,159.05783969999902,49143,0.75,2,400.0,0.95,0.1,700,0.6,0.1,10,200,50,False
data101.vrp,sa,random,True,71,4448.776235076591,19,1677.5284732096798,52,2771.247761866911,62.29236121198621,230.5967868000007,48744,0.75,2,400.0,0.95,0.1,700,0.4,0.1,10,200,50,False
data101.vrp,sa,random,True,71,4448.776235076591,23,2230.848003875428,48,2217.928231201163,49.85479408278171,33.348301599999104,25728,0.75,2,400.0,0.99,0.01,400,0.4,0.2,10,200,50,False
data101.vrp,sa,random,True,71,4448.776235076591,20,1650.2221153070068,51,2798.554119769584,62.90615602790379,101.7278217000021,48199,0.75,2,400.0,0.95,0.1,700,0.6,0.3,10,200,50,False
data101.vrp,sa,random,True,71,4448.776235076591,20,1655.1486479607381,51,2793.6275871158523,62.79541697533271,116.25487719999728,48222,0.75,2,400.0,0.95,0.1,700,0.8,0.1,10,200,50,False
data101.vrp,sa,random,True,71,4448.776235076591,21,2081.057235899844,50,2367.718999176747,53.22180469560038,93.37268260000201,45700,0.75,2,400.0,0.99,0.01,400,0.4,0.1,10,200,50,False
data101.vrp,sa,random,True,71,4448.776235076591,19,1667.908374597137,52,2780.8678604794536,62.508602670405566,123.06499429999894,49220,0.75,2,400.0,0.95,0.1,700,0.8,0.2,10,200,50,False
data101.vrp,sa,random,True,71,4448.776235076591,21,2070.8892910500826,50,2377.886944026508,53.45036069195712,68.5525938000028,45661,0.75,2,400.0,0.99,0.01,400,0.6,0.1,10,200,50,False
data101.vrp,sa,random,True,71,4448.776235076591,21,2089.302671436484,50,2359.4735636401065,53.03646303980685,60.97648449999906,49453,0.75,2,400.0,0.99,0.01,400,0.6,0.2,10,200,50,False
data101.vrp,sa,random,True,71,4448.776235076591,21,2013.6660149146576,50,2435.1102201619333,54.73663073818345,113.44531540000025,87144,0.75,2,400.0,0.99,0.01,400,0.4,0.3,10,200,50,False
data101.vrp,sa,random,True,71,4448.776235076591,21,2042.2603700304596,50,2406.515865046131,54.093884202847526,42.42764800000077,41470,0.75,2,400.0,0.99,0.01,400,0.8,0.2,10,200,50,False
data101.vrp,sa,random,True,71,4448.776235076591,22,2095.5389261698415,49,2353.237308906749,52.896283934276944,63.43958760000169,55074,0.75,2,400.0,0.99,0.01,500,0.4,0.3,10,200,50,False
data101.vrp,sa,random,True,71,4448.776235076591,21,2057.067929164602,50,2391.7083059119886,53.761038531325745,120.02565329999925,73844,0.75,2,400.0,0.99,0.01,500,0.4,0.2,10,200,50,False
data101.vrp,sa,random,True,71,4448.776235076591,21,2045.9252288626985,50,2402.851006213892,54.0115051700847,129.80442200000107,63290,0.75,2,400.0,0.99,0.01,500,0.4,0.1,10,200,50,False
data101.vrp,sa,random,True,71,4448.776235076591,22,2108.6047257570635,49,2340.171509319527,52.60258969350564,40.9432736000017,37918,0.75,2,400.0,0.99,0.01,500,0.6,0.2,10,200,50,False
data101.vrp,sa,random,True,71,4448.776235076591,21,2057.2950953768736,50,2391.481139699717,53.755932268383575,59.44885710000017,60406,0.75,2,400.0,0.99,0.01,500,0.6,0.3,10,200,50,False
data101.vrp,sa,random,True,71,4448.776235076591,20,2001.4251037420304,51,2447.3511313345603,55.01178306155977,122.93756989999747,75320,0.75,2,400.0,0.99,0.01,500,0.6,0.1,10,200,50,False
data101.vrp,sa,random,True,71,4448.776235076591,19,1662.3529641957127,52,2786.4232708808777,62.633477694634074,283.2721816000012,141239,0.75,2,400.0,0.99,0.01,400,0.6,0.3,10,200,50,False
data101.vrp,sa,random,True,71,4448.776235076591,19,1663.9537638215456,52,2784.822471255045,62.59749477391058,262.7980606000019,139082,0.75,2,400.0,0.99,0.01,400,0.8,0.1,10,200,50,False
data101.vrp,sa,random,True,71,4448.776235076591,21,2052.937905390115,50,2395.838329686476,53.853873584298825,87.94284879999759,90220,0.75,2,400.0,0.99,0.01,500,0.8,0.2,10,200,50,False
data101.vrp,sa,random,True,71,4448.776235076591,22,2163.0584777622366,49,2285.717757314354,51.37857326454188,50.07648930000141,44954,0.75,2,400.0,0.99,0.01,600,0.4,0.3,10,200,50,False
data101.vrp,sa,random,True,71,4448.776235076591,21,2021.3202546253092,50,2427.4559804512814,54.564578036357226,133.1022335000016,104837,0.75,2,400.0,0.99,0.01,500,0.8,0.1,10,200,50,False
data101.vrp,sa,random,True,71,4448.776235076591,21,2078.023614438314,50,2370.7526206382768,53.28999471688334,146.63716950000162,94688,0.75,2,400.0,0.99,0.01,600,0.4,0.2,10,200,50,False
data101.vrp,sa,random,True,71,4448.776235076591,20,1983.9527921057042,51,2464.8234429708864,55.40452728408471,150.5132745999981,106175,0.75,2,400.0,0.99,0.01,600,0.6,0.2,10,200,50,False
data101.vrp,sa,random,True,71,4448.776235076591,21,2046.2530814240306,50,2402.52315365256,54.00413567015914,62.23358240000016,53672,0.75,2,400.0,0.99,0.01,600,0.8,0.1,10,200,50,False
data101.vrp,sa,random,True,71,4448.776235076591,20,1951.7485985661674,51,2497.0276365104232,56.12841609839777,192.03289320000113,115162,0.75,2,400.0,0.99,0.01,600,0.6,0.1,10,200,50,False
data101.vrp,sa,random,True,71,4448.776235076591,21,2012.221654200043,50,2436.5545808765473,54.7690972107209,281.0884197999985,134978,0.75,2,400.0,0.99,0.01,600,0.4,0.1,10,200,50,False
data101.vrp,sa,random,True,71,4448.776235076591,20,1997.5527977871357,51,2451.223437289455,55.098825109760874,112.16918380000061,95194,0.75,2,400.0,0.99,0.01,600,0.8,0.2,10,200,50,False
data101.vrp,sa,random,True,71,4448.776235076591,21,2061.9373740063256,50,2386.838861070265,53.65158270382581,87.73311919999833,68582,0.75,2,400.0,0.99,0.01,700,0.4,0.3,10,200,50,False
data101.vrp,sa,random,True,71,4448.776235076591,20,1648.8719600875465,51,2799.904274989044,62.93650494068602,321.19019240000125,207145,0.75,2,400.0,0.99,0.01,600,0.6,0.3,10,200,50,False
data101.vrp,sa,random,True,71,4448.776235076591,21,2046.7088713448595,50,2402.0673637317313,53.9938903825397,206.28742520000014,106124,0.75,2,400.0,0.99,0.01,700,0.4,0.1,10,200,50,False
data101.vrp,sa,random,True,71,4448.776235076591,21,2043.51535979632,50,2405.2608752802707,54.06567442785446,55.6227515999999,53874,0.75,2,400.0,0.99,0.01,700,0.6,0.3,10,200,50,False
data101.vrp,sa,random,True,71,4448.776235076591,22,2134.2187969102138,49,2314.557438166377,52.02683425426384,58.30644620000021,55121,0.75,2,400.0,0.99,0.01,700,0.8,0.1,10,200,50,False
data101.vrp,sa,random,True,71,4448.776235076591,20,1955.132996992977,51,2493.6432380836136,56.052341280336,253.27725389999978,141004,0.75,2,400.0,0.99,0.01,700,0.4,0.2,10,200,50,False
data101.vrp,sa,random,True,71,4448.776235076591,23,2230.848003875428,48,2217.928231201163,49.85479408278171,33.633609100001195,25728,0.75,2,400.0,0.99,0.1,400,0.4,0.2,10,200,50,False
data101.vrp,sa,random,True,71,4448.776235076591,20,1949.7940763107108,51,2498.98215876588,56.1723500288132,231.1266710000018,138111,0.75,2,400.0,0.99,0.01,700,0.6,0.1,10,200,50,False
data101.vrp,sa,random,True,71,4448.776235076591,20,1986.9340585260281,51,2461.8421765505627,55.33751410421701,111.06718890000047,100358,0.75,2,400.0,0.99,0.01,700,0.8,0.2,10,200,50,False
data101.vrp,sa,random,True,71,4448.776235076591,21,2081.057235899844,50,2367.718999176747,53.22180469560038,90.98690490000081,45700,0.75,2,400.0,0.99,0.1,400,0.4,0.1,10,200,50,False
data101.vrp,sa,random,True,71,4448.776235076591,21,2070.8892910500826,50,2377.886944026508,53.45036069195712,67.11376960000052,45661,0.75,2,400.0,0.99,0.1,400,0.6,0.1,10,200,50,False
data101.vrp,sa,random,True,71,4448.776235076591,21,2089.302671436484,50,2359.4735636401065,53.03646303980685,61.50958779999928,49453,0.75,2,400.0,0.99,0.1,400,0.6,0.2,10,200,50,False
data101.vrp,sa,random,True,71,4448.776235076591,21,2013.6660149146576,50,2435.1102201619333,54.73663073818345,113.43584289999853,87144,0.75,2,400.0,0.99,0.1,400,0.4,0.3,10,200,50,False
data101.vrp,sa,random,True,71,4448.776235076591,21,2042.2603700304596,50,2406.515865046131,54.093884202847526,42.18897300000026,41470,0.75,2,400.0,0.99,0.1,400,0.8,0.2,10,200,50,False
data101.vrp,sa,random,True,71,4448.776235076591,21,2045.9252288626985,50,2402.851006213892,54.0115051700847,127.16050460000042,63290,0.75,2,400.0,0.99,0.1,500,0.4,0.1,10,200,50,False
data101.vrp,sa,random,True,71,4448.776235076591,21,2057.067929164602,50,2391.7083059119886,53.761038531325745,118.39228979999825,73844,0.75,2,400.0,0.99,0.1,500,0.4,0.2,10,200,50,False
data101.vrp,sa,random,True,71,4448.776235076591,22,2095.5389261698415,49,2353.237308906749,52.896283934276944,62.31511059999684,55074,0.75,2,400.0,0.99,0.1,500,0.4,0.3,10,200,50,False
data101.vrp,sa,random,True,71,4448.776235076591,19,1662.3529641957127,52,2786.4232708808777,62.633477694634074,283.6459149000002,141239,0.75,2,400.0,0.99,0.1,400,0.6,0.3,10,200,50,False
data101.vrp,sa,random,True,71,4448.776235076591,22,2108.6047257570635,49,2340.171509319527,52.60258969350564,42.28863780000029,37918,0.75,2,400.0,0.99,0.1,500,0.6,0.2,10,200,50,False
data101.vrp,sa,random,True,71,4448.776235076591,19,1663.9537638215456,52,2784.822471255045,62.59749477391058,261.84715009999854,139082,0.75,2,400.0,0.99,0.1,400,0.8,0.1,10,200,50,False
data101.vrp,sa,random,True,71,4448.776235076591,19,1660.3130360077087,52,2788.463199068882,62.67933138742987,547.1486796999998,245665,0.75,2,400.0,0.99,0.01,700,0.6,0.2,10,200,50,False
data101.vrp,sa,random,True,71,4448.776235076591,20,2001.4251037420304,51,2447.3511313345603,55.01178306155977,124.3346633000001,75320,0.75,2,400.0,0.99,0.1,500,0.6,0.1,10,200,50,False
data101.vrp,sa,random,True,71,4448.776235076591,21,2057.2950953768736,50,2391.481139699717,53.755932268383575,60.99508280000009,60406,0.75,2,400.0,0.99,0.1,500,0.6,0.3,10,200,50,False
data101.vrp,sa,random,True,71,4448.776235076591,22,2163.0584777622366,49,2285.717757314354,51.37857326454188,52.256763900000806,44954,0.75,2,400.0,0.99,0.1,600,0.4,0.3,10,200,50,False
data101.vrp,sa,random,True,71,4448.776235076591,21,2052.937905390115,50,2395.838329686476,53.853873584298825,88.0594342000004,90220,0.75,2,400.0,0.99,0.1,500,0.8,0.2,10,200,50,False
data101.vrp,sa,random,True,71,4448.776235076591,21,2021.3202546253092,50,2427.4559804512814,54.564578036357226,134.37247389999902,104837,0.75,2,400.0,0.99,0.1,500,0.8,0.1,10,200,50,False
data101.vrp,sa,random,True,71,4448.776235076591,21,2078.023614438314,50,2370.7526206382768,53.28999471688334,144.21942999999737,94688,0.75,2,400.0,0.99,0.1,600,0.4,0.2,10,200,50,False
data101.vrp,sa,random,True,71,4448.776235076591,20,1983.9527921057042,51,2464.8234429708864,55.40452728408471,149.35616329999903,106175,0.75,2,400.0,0.99,0.1,600,0.6,0.2,10,200,50,False
data101.vrp,sa,random,True,71,4448.776235076591,21,2046.2530814240306,50,2402.52315365256,54.00413567015914,65.25527250000232,53672,0.75,2,400.0,0.99,0.1,600,0.8,0.1,10,200,50,False
data101.vrp,sa,random,True,71,4448.776235076591,20,1951.7485985661674,51,2497.0276365104232,56.12841609839777,189.20640759999878,115162,0.75,2,400.0,0.99,0.1,600,0.6,0.1,10,200,50,False
data101.vrp,sa,random,True,71,4448.776235076591,21,2012.221654200043,50,2436.5545808765473,54.7690972107209,278.0864173000009,134978,0.75,2,400.0,0.99,0.1,600,0.4,0.1,10,200,50,False
data101.vrp,sa,random,True,71,4448.776235076591,20,1997.5527977871357,51,2451.223437289455,55.098825109760874,111.2219748000025,95194,0.75,2,400.0,0.99,0.1,600,0.8,0.2,10,200,50,False
data101.vrp,sa,random,True,71,4448.776235076591,21,2061.9373740063256,50,2386.838861070265,53.65158270382581,90.02773819999857,68582,0.75,2,400.0,0.99,0.1,700,0.4,0.3,10,200,50,False
data101.vrp,sa,random,True,71,4448.776235076591,20,1648.8719600875465,51,2799.904274989044,62.93650494068602,318.35872539999764,207145,0.75,2,400.0,0.99,0.1,600,0.6,0.3,10,200,50,False
data101.vrp,sa,random,True,71,4448.776235076591,21,2046.7088713448595,50,2402.0673637317313,53.9938903825397,208.423804500002,106124,0.75,2,400.0,0.99,0.1,700,0.4,0.1,10,200,50,False
data101.vrp,sa,random,True,71,4448.776235076591,21,2043.51535979632,50,2405.2608752802707,54.06567442785446,55.37645260000136,53874,0.75,2,400.0,0.99,0.1,700,0.6,0.3,10,200,50,False
data101.vrp,sa,random,True,71,4448.776235076591,22,2134.2187969102138,49,2314.557438166377,52.02683425426384,57.2987006000003,55121,0.75,2,400.0,0.99,0.1,700,0.8,0.1,10,200,50,False
data101.vrp,sa,random,True,71,4448.776235076591,20,1955.132996992977,51,2493.6432380836136,56.052341280336,248.2711640000016,141004,0.75,2,400.0,0.99,0.1,700,0.4,0.2,10,200,50,False
data101.vrp,sa,random,True,71,4448.776235076591,21,2097.077957416093,50,2351.6982776604978,52.86168944885156,61.3035146000002,30941,0.75,2,400.0,0.995,0.01,400,0.4,0.1,10,200,50,False
data101.vrp,sa,random,True,71,4448.776235076591,20,1949.7940763107108,51,2498.98215876588,56.1723500288132,229.04589770000166,138111,0.75,2,400.0,0.99,0.1,700,0.6,0.1,10,200,50,False
data101.vrp,sa,random,True,71,4448.776235076591,20,1986.9340585260281,51,2461.8421765505627,55.33751410421701,111.89860729999782,100358,0.75,2,400.0,0.99,0.1,700,0.8,0.2,10,200,50,False
data101.vrp,sa,random,True,71,4448.776235076591,22,2130.8543372705053,49,2317.9218978060853,52.1024608864415,47.52746990000014,34862,0.75,2,400.0,0.995,0.01,400,0.6,0.1,10,200,50,False
data101.vrp,sa,random,True,71,4448.776235076591,21,2072.5410379086657,50,2376.235197167925,53.413232574665905,66.70938169999863,52217,0.75,2,400.0,0.995,0.01,400,0.4,0.3,10,200,50,False
data101.vrp,sa,random,True,71,4448.776235076591,21,2084.7964991963604,50,2363.9797358802302,53.13775319246938,121.23850799999855,80680,0.75,2,400.0,0.995,0.01,400,0.4,0.2,10,200,50,False
data101.vrp,sa,random,True,71,4448.776235076591,22,2192.394817848819,49,2256.3814172277716,50.71914832302024,25.55683819999831,28951,0.75,2,400.0,0.995,0.01,400,0.6,0.3,10,200,50,False
data101.vrp,sa,random,True,71,4448.776235076591,21,2072.9955203199943,50,2375.7807147565964,53.40301667736487,76.2580326999996,60765,0.75,2,400.0,0.995,0.01,400,0.6,0.2,10,200,50,False
data101.vrp,sa,random,True,71,4448.776235076591,21,2079.2180444646942,50,2369.5581906118964,53.26314620926538,60.81326120000085,54241,0.75,2,400.0,0.995,0.01,400,0.8,0.1,10,200,50,False
data101.vrp,sa,random,True,71,4448.776235076591,21,2051.7173777453845,50,2397.058857331206,53.88130871657423,68.45120279999901,69683,0.75,2,400.0,0.995,0.01,400,0.8,0.2,10,200,50,False
data101.vrp,sa,random,True,71,4448.776235076591,22,2153.503955219336,49,2295.2722798572545,51.593340698056906,54.350021400001424,47380,0.75,2,400.0,0.995,0.01,500,0.4,0.3,10,200,50,False
data101.vrp,sa,random,True,71,4448.776235076591,22,2130.8543372705053,49,2317.9218978060853,52.1024608864415,51.56636520000029,39661,0.75,2,400.0,0.995,0.01,500,0.6,0.1,10,200,50,False
data101.vrp,sa,random,True,71,4448.776235076591,21,2067.6562973735745,50,2381.119937703016,53.5230322201634,53.91595100000268,41127,0.75,2,400.0,0.995,0.01,500,0.6,0.2,10,200,50,False
data101.vrp,sa,random,True,71,4448.776235076591,21,2050.4344539775984,50,2398.341781098992,53.910146394623105,204.4179836000003,97083,0.75,2,400.0,0.995,0.01,500,0.4,0.1,10,200,50,False
data101.vrp,sa,random,True,71,4448.776235076591,20,2023.0280301100686,51,2425.7482049665223,54.526190502471074,102.70320180000272,84702,0.75,2,400.0,0.995,0.01,500,0.6,0.3,10,200,50,False
data101.vrp,sa,random,True,71,4448.776235076591,20,1963.4279326159087,51,2485.348302460682,55.86588695706549,196.66913200000272,118805,0.75,2,400.0,0.995,0.01,500,0.4,0.2,10,200,50,False
data101.vrp,sa,random,True,71,4448.776235076591,21,2067.4214228107967,50,2381.354812265794,53.528311752114824,100.62255500000174,82331,0.75,2,400.0,0.995,0.01,500,0.8,0.1,10,200,50,False
data101.vrp,sa,random,True,71,4448.776235076591,22,2132.361046828542,49,2316.4151882480487,52.06859293088651,65.96386690000145,72620,0.75,2,400.0,0.995,0.01,500,0.8,0.2,10,200,50,False
data101.vrp,sa,random,True,71,4448.776235076591,19,1660.3130360077087,52,2788.463199068882,62.67933138742987,543.2333541000007,245665,0.75,2,400.0,0.99,0.1,700,0.6,0.2,10,200,50,False
data101.vrp,sa,random,True,71,4448.776235076591,21,2085.8932269384127,50,2362.883008138178,53.11310084575423,54.472577500000625,45231,0.75,2,400.0,0.995,0.01,600,0.6,0.2,10,200,50,False
data101.vrp,sa,random,True,71,4448.776235076591,22,2113.2563189181787,49,2335.519916158412,52.49803075605135,95.08417380000174,81248,0.75,2,400.0,0.995,0.01,600,0.4,0.3,10,200,50,False
data101.vrp,sa,random,True,71,4448.776235076591,21,2066.9046694376634,50,2381.871565638927,53.53992738180325,91.48772779999854,64552,0.75,2,400.0,0.995,0.01,600,0.6,0.1,10,200,50,False
data101.vrp,sa,random,True,71,4448.776235076591,20,1981.9421857261373,51,2466.8340493504534,55.44972187858273,153.86882069999774,86600,0.75,2,400.0,0.995,0.01,600,0.4,0.2,10,200,50,False
data101.vrp,sa,random,True,71,4448.776235076591,20,1976.2870875511721,51,2472.4891475254185,55.57683769372257,129.95698889999767,108488,0.75,2,400.0,0.995,0.01,600,0.6,0.3,10,200,50,False
data101.vrp,sa,random,True,71,4448.776235076591,20,1999.2388118865679,51,2449.5374231900228,55.06092673028881,123.71055439999691,87164,0.75,2,400.0,0.995,0.01,600,0.8,0.1,10,200,50,False
data101.vrp,sa,random,True,71,4448.776235076591,20,1982.776641504873,51,2465.999593571718,55.430964905099636,111.09072200000082,88401,0.75,2,400.0,0.995,0.01,600,0.8,0.2,10,200,50,False
data101.vrp,sa,random,True,71,4448.776235076591,21,2049.249575399437,50,2399.5266596771535,53.936780203912484,130.9283581999989,64965,0.75,2,400.0,0.995,0.01,700,0.4,0.1,10,200,50,False
data101.vrp,sa,random,True,71,4448.776235076591,20,1976.2161754741574,51,2472.5600596024333,55.57843166188972,342.93112290000136,148435,0.75,2,400.0,0.995,0.01,600,0.4,0.1,10,200,50,False
data101.vrp,sa,random,True,71,4448.776235076591,21,2071.4567290988457,50,2377.319505977745,53.43760576748398,135.37533299999996,90863,0.75,2,400.0,0.995,0.01,700,0.6,0.1,10,200,50,False
data101.vrp,sa,random,True,71,4448.776235076591,21,2039.8040189282672,50,2408.9722161483232,54.149098288078996,137.62811019999936,110990,0.75,2,400.0,0.995,0.01,700,0.4,0.3,10,200,50,False
data101.vrp,sa,random,True,71,4448.776235076591,21,2066.4787893519956,50,2382.297445724595,53.549500353406316,116.84176730000036,115821,0.75,2,400.0,0.995,0.01,700,0.6,0.3,10,200,50,False
data101.vrp,sa,random,True,71,4448.776235076591,20,1989.495707098513,51,2459.2805279780778,55.27993313279643,191.65621899999678,130048,0.75,2,400.0,0.995,0.01,700,0.6,0.2,10,200,50,False
data101.vrp,sa,random,True,71,4448.776235076591,20,1987.5845426349726,51,2461.191692441618,55.32289246279086,103.8155755000007,93563,0.75,2,400.0,0.995,0.01,700,0.8,0.2,10,200,50,False
data101.vrp,sa,random,True,71,4448.776235076591,20,1994.8969586427438,51,2453.879276433847,55.15852330549056,258.0227956000017,148614,0.75,2,400.0,0.995,0.01,700,0.4,0.2,10,200,50,False
data101.vrp,sa,random,True,71,4448.776235076591,21,2044.7130928222336,50,2404.063142254357,54.03875167511023,116.72623329999988,93630,0.75,2,400.0,0.995,0.01,700,0.8,0.1,10,200,50,False
data101.vrp,sa,random,True,71,4448.776235076591,21,2097.077957416093,50,2351.6982776604978,52.86168944885156,60.82219310000073,30941,0.75,2,400.0,0.995,0.1,400,0.4,0.1,10,200,50,False
data101.vrp,sa,random,True,71,4448.776235076591,22,2130.8543372705053,49,2317.9218978060853,52.1024608864415,46.50026160000198,34862,0.75,2,400.0,0.995,0.1,400,0.6,0.1,10,200,50,False
data101.vrp,sa,random,True,71,4448.776235076591,22,2192.394817848819,49,2256.3814172277716,50.71914832302024,26.850837400001183,28951,0.75,2,400.0,0.995,0.1,400,0.6,0.3,10,200,50,False
data101.vrp,sa,random,True,71,4448.776235076591,21,2072.5410379086657,50,2376.235197167925,53.413232574665905,65.88583469999867,52217,0.75,2,400.0,0.995,0.1,400,0.4,0.3,10,200,50,False
data101.vrp,sa,random,True,71,4448.776235076591,21,2072.9955203199943,50,2375.7807147565964,53.40301667736487,74.69502560000183,60765,0.75,2,400.0,0.995,0.1,400,0.6,0.2,10,200,50,False
data101.vrp,sa,random,True,71,4448.776235076591,21,2079.2180444646942,50,2369.5581906118964,53.26314620926538,61.28460879999693,54241,0.75,2,400.0,0.995,0.1,400,0.8,0.1,10,200,50,False
data101.vrp,sa,random,True,71,4448.776235076591,21,2051.7173777453845,50,2397.058857331206,53.88130871657423,70.9781554000001,69683,0.75,2,400.0,0.995,0.1,400,0.8,0.2,10,200,50,False
data101.vrp,sa,random,True,71,4448.776235076591,21,2084.7964991963604,50,2363.9797358802302,53.13775319246938,121.4954061999997,80680,0.75,2,400.0,0.995,0.1,400,0.4,0.2,10,200,50,False
data101.vrp,sa,random,True,71,4448.776235076591,22,2153.503955219336,49,2295.2722798572545,51.593340698056906,53.20758679999926,47380,0.75,2,400.0,0.995,0.1,500,0.4,0.3,10,200,50,False
data101.vrp,sa,random,True,71,4448.776235076591,22,2130.8543372705053,49,2317.9218978060853,52.1024608864415,52.859262100002525,39661,0.75,2,400.0,0.995,0.1,500,0.6,0.1,10,200,50,False
data101.vrp,sa,random,True,71,4448.776235076591,21,2067.6562973735745,50,2381.119937703016,53.5230322201634,53.07901270000002,41127,0.75,2,400.0,0.995,0.1,500,0.6,0.2,10,200,50,False
data101.vrp,sa,random,True,71,4448.776235076591,22,2132.361046828542,49,2316.4151882480487,52.06859293088651,61.91181560000041,72620,0.75,2,400.0,0.995,0.1,500,0.8,0.2,10,200,50,False
data101.vrp,sa,random,True,71,4448.776235076591,20,2023.0280301100686,51,2425.7482049665223,54.526190502471074,93.77047269999821,84702,0.75,2,400.0,0.995,0.1,500,0.6,0.3,10,200,50,False
data101.vrp,sa,random,True,71,4448.776235076591,21,2050.4344539775984,50,2398.341781098992,53.910146394623105,199.9420510000018,97083,0.75,2,400.0,0.995,0.1,500,0.4,0.1,10,200,50,False
data101.vrp,sa,random,True,71,4448.776235076591,21,2067.4214228107967,50,2381.354812265794,53.528311752114824,94.42878219999693,82331,0.75,2,400.0,0.995,0.1,500,0.8,0.1,10,200,50,False
data101.vrp,sa,random,True,71,4448.776235076591,20,1963.4279326159087,51,2485.348302460682,55.86588695706549,193.6584831,118805,0.75,2,400.0,0.995,0.1,500,0.4,0.2,10,200,50,False
data101.vrp,sa,random,True,71,4448.776235076591,21,2085.8932269384127,50,2362.883008138178,53.11310084575423,54.886594499999774,45231,0.75,2,400.0,0.995,0.1,600,0.6,0.2,10,200,50,False
data101.vrp,sa,random,True,71,4448.776235076591,22,2113.2563189181787,49,2335.519916158412,52.49803075605135,93.41460360000201,81248,0.75,2,400.0,0.995,0.1,600,0.4,0.3,10,200,50,False
data101.vrp,sa,random,True,71,4448.776235076591,21,2066.9046694376634,50,2381.871565638927,53.53992738180325,93.25542009999845,64552,0.75,2,400.0,0.995,0.1,600,0.6,0.1,10,200,50,False
data101.vrp,sa,random,True,71,4448.776235076591,20,1981.9421857261373,51,2466.8340493504534,55.44972187858273,148.48624279999785,86600,0.75,2,400.0,0.995,0.1,600,0.4,0.2,10,200,50,False
data101.vrp,sa,random,True,71,4448.776235076591,20,1976.2870875511721,51,2472.4891475254185,55.57683769372257,126.14715530000103,108488,0.75,2,400.0,0.995,0.1,600,0.6,0.3,10,200,50,False
data101.vrp,sa,random,True,71,4448.776235076591,20,1982.776641504873,51,2465.999593571718,55.430964905099636,102.65574639999977,88401,0.75,2,400.0,0.995,0.1,600,0.8,0.2,10,200,50,False
data101.vrp,sa,random,True,71,4448.776235076591,20,1999.2388118865679,51,2449.5374231900228,55.06092673028881,117.4067326000004,87164,0.75,2,400.0,0.995,0.1,600,0.8,0.1,10,200,50,False
data101.vrp,sa,random,True,71,4448.776235076591,21,2049.249575399437,50,2399.5266596771535,53.936780203912484,120.378253400002,64965,0.75,2,400.0,0.995,0.1,700,0.4,0.1,10,200,50,False
data101.vrp,sa,random,True,71,4448.776235076591,20,1976.2161754741574,51,2472.5600596024333,55.57843166188972,329.43768679999994,148435,0.75,2,400.0,0.995,0.1,600,0.4,0.1,10,200,50,False
data101.vrp,sa,random,True,71,4448.776235076591,21,2039.8040189282672,50,2408.9722161483232,54.149098288078996,130.80530360000193,110990,0.75,2,400.0,0.995,0.1,700,0.4,0.3,10,200,50,False
data101.vrp,sa,random,True,71,4448.776235076591,21,2071.4567290988457,50,2377.319505977745,53.43760576748398,127.02937069999825,90863,0.75,2,400.0,0.995,0.1,700,0.6,0.1,10,200,50,False
data101.vrp,sa,random,True,71,4448.776235076591,21,2066.4787893519956,50,2382.297445724595,53.549500353406316,115.15415209999992,115821,0.75,2,400.0,0.995,0.1,700,0.6,0.3,10,200,50,False
data101.vrp,sa,random,True,71,4448.776235076591,20,1987.5845426349726,51,2461.191692441618,55.32289246279086,106.24429620000228,93563,0.75,2,400.0,0.995,0.1,700,0.8,0.2,10,200,50,False
data101.vrp,sa,random,True,71,4448.776235076591,21,2044.7130928222336,50,2404.063142254357,54.03875167511023,116.08111869999993,93630,0.75,2,400.0,0.995,0.1,700,0.8,0.1,10,200,50,False
data101.vrp,sa,random,True,71,4448.776235076591,20,1989.495707098513,51,2459.2805279780778,55.27993313279643,185.40165799999886,130048,0.75,2,400.0,0.995,0.1,700,0.6,0.2,10,200,50,False
data101.vrp,sa,random,True,71,4448.776235076591,20,1994.8969586427438,51,2453.879276433847,55.15852330549056,250.81344539999918,148614,0.75,2,400.0,0.995,0.1,700,0.4,0.2,10,200,50,False
data101.vrp,sa,random,True,71,4448.776235076591,20,1676.2127162884055,51,2772.5635187881853,62.32193691666878,72.9171310999991,28473,0.75,2,450.0,0.95,0.01,400,0.6,0.2,10,200,50,False
data101.vrp,sa,random,True,71,4448.776235076591,20,1657.788990116873,51,2790.987244959718,62.736067122325565,80.97692919999827,28907,0.75,2,450.0,0.95,0.01,400,0.6,0.1,10,200,50,False
data101.vrp,sa,random,True,71,4448.776235076591,19,1675.8977290692521,52,2772.8785060073387,62.329017228253576,91.3673594000029,28820,0.75,2,450.0,0.95,0.01,400,0.4,0.3,10,200,50,False
data101.vrp,sa,random,True,71,4448.776235076591,20,1659.0776497641643,51,2789.698585312426,62.70710051265139,124.17577040000106,28577,0.75,2,450.0,0.95,0.01,400,0.4,0.1,10,200,50,False
data101.vrp,sa,random,True,71,4448.776235076591,19,1661.9199308909886,52,2786.8563041856023,62.64321145695078,96.5200721000001,28620,0.75,2,450.0,0.95,0.01,400,0.4,0.2,10,200,50,False
data101.vrp,sa,random,True,71,4448.776235076591,20,1673.8827138805368,51,2774.893521196054,62.37431092436775,61.758162499998434,28448,0.75,2,450.0,0.95,0.01,400,0.6,0.3,10,200,50,False
data101.vrp,sa,random,True,71,4448.776235076591,20,1659.7156762223437,51,2789.0605588542467,62.692758895441045,56.888875600001484,28517,0.75,2,450.0,0.95,0.01,400,0.8,0.1,10,200,50,False
data101.vrp,sa,random,True,71,4448.776235076591,19,1656.7153102136062,52,2792.0609248629844,62.760201397607844,59.93258699999933,28798,0.75,2,450.0,0.95,0.01,400,0.8,0.2,10,200,50,False
data101.vrp,sa,random,True,71,4448.776235076591,19,1681.3314709219217,52,2767.444764154669,62.20687708081646,123.1360033000019,35455,0.75,2,450.0,0.95,0.01,500,0.4,0.2,10,200,50,False
data101.vrp,sa,random,True,71,4448.776235076591,19,1658.7983525769514,52,2789.9778824996392,62.71337858042677,104.32677690000128,35800,0.75,2,450.0,0.95,0.01,500,0.4,0.3,10,200,50,False
data101.vrp,sa,random,True,71,4448.776235076591,20,1672.459332286509,51,2776.3169027900817,62.406305826309655,146.9217538999983,35832,0.75,2,450.0,0.95,0.01,500,0.4,0.1,10,200,50,False
data101.vrp,sa,random,True,71,4448.776235076591,20,1677.2481043797134,51,2771.5281306968773,62.29866336824564,92.88720399999875,35634,0.75,2,450.0,0.95,0.01,500,0.6,0.2,10,200,50,False
data101.vrp,sa,random,True,71,4448.776235076591,20,1702.9331724310875,51,2745.843062645503,61.72131205421777,118.40288080000028,36348,0.75,2,450.0,0.95,0.01,500,0.6,0.1,10,200,50,False
data101.vrp,sa,random,True,71,4448.776235076591,20,1664.2647808078032,51,2784.5114542687875,62.59050370558476,74.24727350000103,35337,0.75,2,450.0,0.95,0.01,500,0.6,0.3,10,200,50,False
data101.vrp,sa,random,True,71,4448.776235076591,19,1685.3935549851176,52,2763.382680091473,62.11556918290134,91.75420160000067,36035,0.75,2,450.0,0.95,0.01,500,0.8,0.2,10,200,50,False
data101.vrp,sa,random,True,71,4448.776235076591,20,1664.8864071265862,51,2783.8898279500045,62.57653073221105,99.21740470000077,35812,0.75,2,450.0,0.95,0.01,500,0.8,0.1,10,200,50,False
data101.vrp,sa,random,True,71,4448.776235076591,20,1647.9465969586038,51,2800.829638117987,62.95730533791992,129.32646000000022,42623,0.75,2,450.0,0.95,0.01,600,0.4,0.2,10,200,50,False
data101.vrp,sa,random,True,71,4448.776235076591,20,1659.5887566667097,51,2789.187478409881,62.695611804846415,107.86047080000208,42236,0.75,2,450.0,0.95,0.01,600,0.4,0.3,10,200,50,False
data101.vrp,sa,random,True,71,4448.776235076591,19,1673.4563985108257,52,2775.319836565765,62.38389368032543,169.46880140000212,43325,0.75,2,450.0,0.95,0.01,600,0.4,0.1,10,200,50,False
data101.vrp,sa,random,True,71,4448.776235076591,20,1659.1596813430247,51,2789.616553733566,62.705256599302515,99.08044429999791,42840,0.75,2,450.0,0.95,0.01,600,0.6,0.2,10,200,50,False
data101.vrp,sa,random,True,71,4448.776235076591,20,1659.756794871318,51,2789.0194402052725,62.69183462668035,122.82163600000058,42847,0.75,2,450.0,0.95,0.01,600,0.6,0.1,10,200,50,False
data101.vrp,sa,random,True,71,4448.776235076591,20,1653.4596924076063,51,2795.3165426689843,62.83338147307064,87.67107070000202,43150,0.75,2,450.0,0.95,0.01,600,0.6,0.3,10,200,50,False
data101.vrp,sa,random,True,71,4448.776235076591,20,1649.1046014159087,51,2799.671633660682,62.93127560758251,89.29483899999832,42981,0.75,2,450.0,0.95,0.01,600,0.8,0.1,10,200,50,False
data101.vrp,sa,random,True,71,4448.776235076591,20,1655.9130540095894,51,2792.8631810670013,62.77823458609892,83.45458850000068,43049,0.75,2,450.0,0.95,0.01,600,0.8,0.2,10,200,50,False
data101.vrp,sa,random,True,71,4448.776235076591,19,1663.5154645132175,52,2785.260770563373,62.607346905938996,134.72458610000103,50410,0.75,2,450.0,0.95,0.01,700,0.4,0.3,10,200,50,False
data101.vrp,sa,random,True,71,4448.776235076591,19,1682.2481749371598,52,2766.5280601394306,62.186271323934136,165.7765528000018,50843,0.75,2,450.0,0.95,0.01,700,0.4,0.2,10,200,50,False
data101.vrp,sa,random,True,71,4448.776235076591,20,1668.7883965594522,51,2779.9878385171387,62.488821456071236,135.67693590000272,50460,0.75,2,450.0,0.95,0.01,700,0.6,0.2,10,200,50,False
data101.vrp,sa,random,True,71,4448.776235076591,20,1673.8098861691526,51,2774.9663489074383,62.37594795233984,150.62667969999893,50269,0.75,2,450.0,0.95,0.01,700,0.6,0.1,10,200,50,False
data101.vrp,sa,random,True,71,4448.776235076591,19,1668.4604522441464,52,2780.3157828324443,62.496193018451024,233.4088230999987,50942,0.75,2,450.0,0.95,0.01,700,0.4,0.1,10,200,50,False
data101.vrp,sa,random,True,71,4448.776235076591,19,1665.9950858139966,52,2782.781149262594,62.55160975105069,117.56164379999973,50662,0.75,2,450.0,0.95,0.01,700,0.6,0.3,10,200,50,False
data101.vrp,sa,random,True,71,4448.776235076591,19,1675.0628119427754,52,2773.713423133815,62.34778457195347,101.87865739999688,49800,0.75,2,450.0,0.95,0.01,700,0.8,0.2,10,200,50,False
data101.vrp,sa,random,True,71,4448.776235076591,20,1659.0776497641643,51,2789.698585312426,62.70710051265139,100.90390240000124,28545,0.75,2,450.0,0.95,0.1,400,0.4,0.1,10,200,50,False
data101.vrp,sa,random,True,71,4448.776235076591,19,1654.586276863936,52,2794.1899582126543,62.80805800439521,127.86094740000044,51245,0.75,2,450.0,0.95,0.01,700,0.8,0.1,10,200,50,False
data101.vrp,sa,random,True,71,4448.776235076591,19,1661.9199308909886,52,2786.8563041856023,62.64321145695078,88.63802360000045,28590,0.75,2,450.0,0.95,0.1,400,0.4,0.2,10,200,50,False
data101.vrp,sa,random,True,71,4448.776235076591,19,1675.8977290692521,52,2772.8785060073387,62.329017228253576,81.79152039999826,28791,0.75,2,450.0,0.95,0.1,400,0.4,0.3,10,200,50,False
data101.vrp,sa,random,True,71,4448.776235076591,20,1673.8827138805368,51,2774.893521196054,62.37431092436775,58.872983100001875,28403,0.75,2,450.0,0.95,0.1,400,0.6,0.3,10,200,50,False
data101.vrp,sa,random,True,71,4448.776235076591,20,1676.2127162884055,51,2772.5635187881853,62.32193691666878,67.21260219999749,28442,0.75,2,450.0,0.95,0.1,400,0.6,0.2,10,200,50,False
data101.vrp,sa,random,True,71,4448.776235076591,20,1657.788990116873,51,2790.987244959718,62.736067122325565,77.44320759999755,28857,0.75,2,450.0,0.95,0.1,400,0.6,0.1,10,200,50,False
data101.vrp,sa,random,True,71,4448.776235076591,20,1659.7156762223437,51,2789.0605588542467,62.692758895441045,58.91998109999986,28517,0.75,2,450.0,0.95,0.1,400,0.8,0.1,10,200,50,False
data101.vrp,sa,random,True,71,4448.776235076591,19,1656.7153102136062,52,2792.0609248629844,62.760201397607844,59.469997799998964,28798,0.75,2,450.0,0.95,0.1,400,0.8,0.2,10,200,50,False
data101.vrp,sa,random,True,71,4448.776235076591,19,1658.7983525769514,52,2789.9778824996392,62.71337858042677,92.12596620000113,35762,0.75,2,450.0,0.95,0.1,500,0.4,0.3,10,200,50,False
data101.vrp,sa,random,True,71,4448.776235076591,20,1702.9331724310875,51,2745.843062645503,61.72131205421777,104.76911710000059,36298,0.75,2,450.0,0.95,0.1,500,0.6,0.1,10,200,50,False
data101.vrp,sa,random,True,71,4448.776235076591,19,1681.3314709219217,52,2767.444764154669,62.20687708081646,119.12881240000206,35455,0.75,2,450.0,0.95,0.1,500,0.4,0.2,10,200,50,False
data101.vrp,sa,random,True,71,4448.776235076591,20,1672.459332286509,51,2776.3169027900817,62.406305826309655,136.2848311000016,35822,0.75,2,450.0,0.95,0.1,500,0.4,0.1,10,200,50,False
data101.vrp,sa,random,True,71,4448.776235076591,20,1677.2481043797134,51,2771.5281306968773,62.29866336824564,82.81059040000036,35622,0.75,2,450.0,0.95,0.1,500,0.6,0.2,10,200,50,False
data101.vrp,sa,random,True,71,4448.776235076591,20,1664.2647808078032,51,2784.5114542687875,62.59050370558476,66.81680509999933,35328,0.75,2,450.0,0.95,0.1,500,0.6,0.3,10,200,50,False
data101.vrp,sa,random,True,71,4448.776235076591,19,1685.3935549851176,52,2763.382680091473,62.11556918290134,75.10820539999986,35956,0.75,2,450.0,0.95,0.1,500,0.8,0.2,10,200,50,False
data101.vrp,sa,random,True,71,4448.776235076591,20,1664.8864071265862,51,2783.8898279500045,62.57653073221105,79.49605689999953,35779,0.75,2,450.0,0.95,0.1,500,0.8,0.1,10,200,50,False
data101.vrp,sa,random,True,71,4448.776235076591,20,1647.9465969586038,51,2800.829638117987,62.95730533791992,117.73709279999821,42612,0.75,2,450.0,0.95,0.1,600,0.4,0.2,10,200,50,False
data101.vrp,sa,random,True,71,4448.776235076591,20,1659.5887566667097,51,2789.187478409881,62.695611804846415,98.24897930000225,42232,0.75,2,450.0,0.95,0.1,600,0.4,0.3,10,200,50,False
data101.vrp,sa,random,True,71,4448.776235076591,20,1659.1596813430247,51,2789.616553733566,62.705256599302515,87.98398650000308,42818,0.75,2,450.0,0.95,0.1,600,0.6,0.2,10,200,50,False
data101.vrp,sa,random,True,71,4448.776235076591,19,1673.4563985108257,52,2775.319836565765,62.38389368032543,161.03380820000166,43325,0.75,2,450.0,0.95,0.1,600,0.4,0.1,10,200,50,False
data101.vrp,sa,random,True,71,4448.776235076591,20,1659.756794871318,51,2789.0194402052725,62.69183462668035,112.7656023999989,42838,0.75,2,450.0,0.95,0.1,600,0.6,0.1,10,200,50,False
data101.vrp,sa,random,True,71,4448.776235076591,20,1653.4596924076063,51,2795.3165426689843,62.83338147307064,79.72224799999822,43104,0.75,2,450.0,0.95,0.1,600,0.6,0.3,10,200,50,False
data101.vrp,sa,random,True,71,4448.776235076591,20,1649.1046014159087,51,2799.671633660682,62.93127560758251,86.433729700002,42963,0.75,2,450.0,0.95,0.1,600,0.8,0.1,10,200,50,False
data101.vrp,sa,random,True,71,4448.776235076591,20,1655.9130540095894,51,2792.8631810670013,62.77823458609892,75.76014269999723,43023,0.75,2,450.0,0.95,0.1,600,0.8,0.2,10,200,50,False
data101.vrp,sa,random,True,71,4448.776235076591,19,1682.2481749371598,52,2766.5280601394306,62.186271323934136,168.7867600000027,50799,0.75,2,450.0,0.95,0.1,700,0.4,0.2,10,200,50,False
data101.vrp,sa,random,True,71,4448.776235076591,19,1663.5154645132175,52,2785.260770563373,62.607346905938996,143.43365699999777,50398,0.75,2,450.0,0.95,0.1,700,0.4,0.3,10,200,50,False
data101.vrp,sa,random,True,71,4448.776235076591,20,1673.8098861691526,51,2774.9663489074383,62.37594795233984,140.95449400000143,50220,0.75,2,450.0,0.95,0.1,700,0.6,0.1,10,200,50,False
data101.vrp,sa,random,True,71,4448.776235076591,20,1668.7883965594522,51,2779.9878385171387,62.488821456071236,131.55818240000008,50400,0.75,2,450.0,0.95,0.1,700,0.6,0.2,10,200,50,False
data101.vrp,sa,random,True,71,4448.776235076591,19,1668.4604522441464,52,2780.3157828324443,62.496193018451024,219.31009489999997,50858,0.75,2,450.0,0.95,0.1,700,0.4,0.1,10,200,50,False
data101.vrp,sa,random,True,71,4448.776235076591,22,2147.536260544598,49,2301.2399745319926,51.72748308597216,66.67733679999947,47646,0.75,2,450.0,0.99,0.01,400,0.4,0.2,10,200,50,False
data101.vrp,sa,random,True,71,4448.776235076591,19,1675.0628119427754,52,2773.713423133815,62.34778457195347,103.85752910000156,49795,0.75,2,450.0,0.95,0.1,700,0.8,0.2,10,200,50,False
data101.vrp,sa,random,True,71,4448.776235076591,19,1665.9950858139966,52,2782.781149262594,62.55160975105069,116.39673000000039,50587,0.75,2,450.0,0.95,0.1,700,0.6,0.3,10,200,50,False
data101.vrp,sa,random,True,71,4448.776235076591,19,1654.586276863936,52,2794.1899582126543,62.80805800439521,132.0034461000032,51236,0.75,2,450.0,0.95,0.1,700,0.8,0.1,10,200,50,False
data101.vrp,sa,random,True,71,4448.776235076591,21,2089.4718906042044,50,2359.304344472386,53.0326593158437,49.848694800002704,37030,0.75,2,450.0,0.99,0.01,400,0.6,0.1,10,200,50,False
data101.vrp,sa,random,True,71,4448.776235076591,21,2056.0655998581055,50,2392.710635218485,53.783568981353625,46.86575620000076,52273,0.75,2,450.0,0.99,0.01,400,0.6,0.3,10,200,50,False
data101.vrp,sa,random,True,71,4448.776235076591,20,1991.5933506690837,51,2457.182884407507,55.23278210834095,94.16031909999947,75948,0.75,2,450.0,0.99,0.01,400,0.6,0.2,10,200,50,False
data101.vrp,sa,random,True,71,4448.776235076591,22,2164.1584671859796,49,2284.617767890611,51.35384760144672,31.85591850000128,40070,0.75,2,450.0,0.99,0.01,400,0.8,0.2,10,200,50,False
data101.vrp,sa,random,True,71,4448.776235076591,20,1951.954284181568,51,2496.8219508950224,56.123792678281035,209.74665939999977,99217,0.75,2,450.0,0.99,0.01,400,0.4,0.1,10,200,50,False
data101.vrp,sa,random,True,71,4448.776235076591,21,2059.230211390509,50,2389.5460236860818,53.712434553250645,66.33372589999999,65356,0.75,2,450.0,0.99,0.01,400,0.8,0.1,10,200,50,False
data101.vrp,sa,random,True,71,4448.776235076591,22,2152.9954250284923,49,2295.7808100480984,51.60477148630007,66.18528159999914,40017,0.75,2,450.0,0.99,0.01,500,0.4,0.1,10,200,50,False
data101.vrp,sa,random,True,71,4448.776235076591,21,2082.1232733254415,50,2366.652961751149,53.19784220863167,61.28931709999961,52910,0.75,2,450.0,0.99,0.01,500,0.4,0.3,10,200,50,False
data101.vrp,sa,random,True,71,4448.776235076591,21,2100.8504759686193,50,2347.9257591079713,52.776890431027695,64.46807700000136,62507,0.75,2,450.0,0.99,0.01,500,0.6,0.2,10,200,50,False
data101.vrp,sa,random,True,71,4448.776235076591,20,2014.1789720256074,51,2434.597263050983,54.72510044122435,114.35988550000184,72895,0.75,2,450.0,0.99,0.01,500,0.6,0.1,10,200,50,False
data101.vrp,sa,random,True,71,4448.776235076591,20,1648.9150500863686,51,2799.861184990222,62.935536359742734,265.5000077000004,142947,0.75,2,450.0,0.99,0.01,400,0.4,0.3,10,200,50,False
data101.vrp,sa,random,True,71,4448.776235076591,21,2055.742460740497,50,2393.0337743360938,53.79083253205912,74.14822450000065,64862,0.75,2,450.0,0.99,0.01,500,0.8,0.1,10,200,50,False
data101.vrp,sa,random,True,71,4448.776235076591,20,1932.341127707592,51,2516.4351073689986,56.564659007302836,206.78267739999865,132497,0.75,2,450.0,0.99,0.01,500,0.4,0.2,10,200,50,False
data101.vrp,sa,random,True,71,4448.776235076591,21,2039.651604083549,50,2409.1246309930416,54.15252428292936,107.17405439999857,112528,0.75,2,450.0,0.99,0.01,500,0.8,0.2,10,200,50,False
data101.vrp,sa,random,True,71,4448.776235076591,21,2043.8188872203198,50,2404.9573478562706,54.05885171059556,83.05002620000232,58971,0.75,2,450.0,0.99,0.01,600,0.4,0.2,10,200,50,False
data101.vrp,sa,random,True,71,4448.776235076591,21,2042.0100775860622,50,2406.7661574905287,54.099510299355245,175.92952910000167,96818,0.75,2,450.0,0.99,0.01,600,0.4,0.1,10,200,50,False
data101.vrp,sa,random,True,71,4448.776235076591,22,2149.020092201899,49,2299.7561428746917,51.69412938196697,59.35930510000253,69911,0.75,2,450.0,0.99,0.01,600,0.6,0.3,10,200,50,False
data101.vrp,sa,random,True,71,4448.776235076591,20,1990.0202436714617,51,2458.755991405129,55.26814255162912,154.62744380000004,105207,0.75,2,450.0,0.99,0.01,600,0.6,0.1,10,200,50,False
data101.vrp,sa,random,True,71,4448.776235076591,20,1927.745055874344,51,2521.0311792022467,56.66796993126008,185.31995069999903,134199,0.75,2,450.0,0.99,0.01,600,0.4,0.3,10,200,50,False
data101.vrp,sa,random,True,71,4448.776235076591,21,2061.5920774193337,50,2387.184157657257,53.659344312159114,112.24500249999983,102910,0.75,2,450.0,0.99,0.01,600,0.6,0.2,10,200,50,False
data101.vrp,sa,random,True,71,4448.776235076591,19,1657.9024415183437,52,2790.8737935582467,62.733516951324,344.14186530000006,182943,0.75,2,450.0,0.99,0.01,500,0.6,0.3,10,200,50,False
data101.vrp,sa,random,True,71,4448.776235076591,21,2056.261628576765,50,2392.5146064998257,53.77916262984703,67.7320080999998,63067,0.75,2,450.0,0.99,0.01,600,0.8,0.1,10,200,50,False
data101.vrp,sa,random,True,71,4448.776235076591,20,1986.7718388615638,51,2462.0043962150266,55.341160492704354,81.18540720000237,80128,0.75,2,450.0,0.99,0.01,600,0.8,0.2,10,200,50,False
data101.vrp,sa,random,True,71,4448.776235076591,22,2144.450206560353,49,2304.326028516238,51.79685169030684,94.13451080000232,90709,0.75,2,450.0,0.99,0.01,700,0.4,0.3,10,200,50,False
data101.vrp,sa,random,True,71,4448.776235076591,21,2030.3148931134833,50,2418.4613419631073,54.362395727944964,183.70987629999945,121972,0.75,2,450.0,0.99,0.01,700,0.4,0.2,10,200,50,False
data101.vrp,sa,random,True,71,4448.776235076591,21,2063.102200175418,50,2385.6740349011725,53.62539963442555,126.14368190000096,87623,0.75,2,450.0,0.99,0.01,700,0.6,0.1,10,200,50,False
data101.vrp,sa,random,True,71,4448.776235076591,20,1980.37684425686,51,2468.399390819731,55.48490776761296,196.34040370000002,96827,0.75,2,450.0,0.99,0.01,700,0.4,0.1,10,200,50,False
data101.vrp,sa,random,True,71,4448.776235076591,21,2058.9921766291454,50,2389.784058447445,53.71778512043554,99.43549089999942,101384,0.75,2,450.0,0.99,0.01,700,0.6,0.3,10,200,50,False
data101.vrp,sa,random,True,71,4448.776235076591,22,2141.347653861746,49,2307.4285812148446,51.86659115425525,71.42849800000113,88113,0.75,2,450.0,0.99,0.01,700,0.8,0.2,10,200,50,False
data101.vrp,sa,random,True,71,4448.776235076591,22,2147.536260544598,49,2301.2399745319926,51.72748308597216,62.52162959999987,47646,0.75,2,450.0,0.99,0.1,400,0.4,0.2,10,200,50,False
data101.vrp,sa,random,True,71,4448.776235076591,20,1954.5618855408204,51,2494.2143495357705,56.06517877590735,123.67123989999891,102000,0.75,2,450.0,0.99,0.01,700,0.8,0.1,10,200,50,False
data101.vrp,sa,random,True,71,4448.776235076591,21,2089.4718906042044,50,2359.304344472386,53.0326593158437,50.686990300000616,37030,0.75,2,450.0,0.99,0.1,400,0.6,0.1,10,200,50,False
data101.vrp,sa,random,True,71,4448.776235076591,21,2056.0655998581055,50,2392.710635218485,53.783568981353625,48.81514779999998,52273,0.75,2,450.0,0.99,0.1,400,0.6,0.3,10,200,50,False
data101.vrp,sa,random,True,71,4448.776235076591,20,1951.954284181568,51,2496.8219508950224,56.123792678281035,207.43207790000088,99217,0.75,2,450.0,0.99,0.1,400,0.4,0.1,10,200,50,False
data101.vrp,sa,random,True,71,4448.776235076591,20,1991.5933506690837,51,2457.182884407507,55.23278210834095,97.99743039999885,75948,0.75,2,450.0,0.99,0.1,400,0.6,0.2,10,200,50,False
data101.vrp,sa,random,True,71,4448.776235076591,22,2164.1584671859796,49,2284.617767890611,51.35384760144672,33.298777700001665,40070,0.75,2,450.0,0.99,0.1,400,0.8,0.2,10,200,50,False
data101.vrp,sa,random,True,71,4448.776235076591,21,2059.230211390509,50,2389.5460236860818,53.712434553250645,69.0395658999987,65356,0.75,2,450.0,0.99,0.1,400,0.8,0.1,10,200,50,False
data101.vrp,sa,random,True,71,4448.776235076591,22,2152.9954250284923,49,2295.7808100480984,51.60477148630007,72.76883799999996,40017,0.75,2,450.0,0.99,0.1,500,0.4,0.1,10,200,50,False
data101.vrp,sa,random,True,71,4448.776235076591,21,2082.1232733254415,50,2366.652961751149,53.19784220863167,67.77028449999852,52910,0.75,2,450.0,0.99,0.1,500,0.4,0.3,10,200,50,False
data101.vrp,sa,random,True,71,4448.776235076591,20,1648.9150500863686,51,2799.861184990222,62.935536359742734,276.75414869999804,142947,0.75,2,450.0,0.99,0.1,400,0.4,0.3,10,200,50,False
data101.vrp,sa,random,True,71,4448.776235076591,21,2100.8504759686193,50,2347.9257591079713,52.776890431027695,70.29544809999788,62507,0.75,2,450.0,0.99,0.1,500,0.6,0.2,10,200,50,False
data101.vrp,sa,random,True,71,4448.776235076591,20,2014.1789720256074,51,2434.597263050983,54.72510044122435,123.54511049999928,72895,0.75,2,450.0,0.99,0.1,500,0.6,0.1,10,200,50,False
data101.vrp,sa,random,True,71,4448.776235076591,20,1932.341127707592,51,2516.4351073689986,56.564659007302836,222.8645561000012,132497,0.75,2,450.0,0.99,0.1,500,0.4,0.2,10,200,50,False
data101.vrp,sa,random,True,71,4448.776235076591,21,2055.742460740497,50,2393.0337743360938,53.79083253205912,79.9674909000023,64862,0.75,2,450.0,0.99,0.1,500,0.8,0.1,10,200,50,False
data101.vrp,sa,random,True,71,4448.776235076591,19,1665.1697480768557,52,2783.606486999735,62.57016176835902,598.0719413000006,256925,0.75,2,450.0,0.99,0.01,700,0.6,0.2,10,200,50,False
data101.vrp,sa,random,True,71,4448.776235076591,21,2039.651604083549,50,2409.1246309930416,54.15252428292936,115.11660850000044,112528,0.75,2,450.0,0.99,0.1,500,0.8,0.2,10,200,50,False
data101.vrp,sa,random,True,71,4448.776235076591,21,2043.8188872203198,50,2404.9573478562706,54.05885171059556,91.52603889999955,58971,0.75,2,450.0,0.99,0.1,600,0.4,0.2,10,200,50,False
data101.vrp,sa,random,True,71,4448.776235076591,21,2042.0100775860622,50,2406.7661574905287,54.099510299355245,190.2980108999982,96818,0.75,2,450.0,0.99,0.1,600,0.4,0.1,10,200,50,False
data101.vrp,sa,random,True,71,4448.776235076591,21,2061.5920774193337,50,2387.184157657257,53.659344312159114,122.66522619999887,102910,0.75,2,450.0,0.99,0.1,600,0.6,0.2,10,200,50,False
data101.vrp,sa,random,True,71,4448.776235076591,20,1927.745055874344,51,2521.0311792022467,56.66796993126008,203.29927569999927,134199,0.75,2,450.0,0.99,0.1,600,0.4,0.3,10,200,50,False
data101.vrp,sa,random,True,71,4448.776235076591,20,1990.0202436714617,51,2458.755991405129,55.26814255162912,169.80988450000223,105207,0.75,2,450.0,0.99,0.1,600,0.6,0.1,10,200,50,False
data101.vrp,sa,random,True,71,4448.776235076591,19,1657.9024415183437,52,2790.8737935582467,62.733516951324,371.1687230999996,182943,0.75,2,450.0,0.99,0.1,500,0.6,0.3,10,200,50,False
data101.vrp,sa,random,True,71,4448.776235076591,22,2149.020092201899,49,2299.7561428746917,51.69412938196697,64.04940050000005,69911,0.75,2,450.0,0.99,0.1,600,0.6,0.3,10,200,50,False
data101.vrp,sa,random,True,71,4448.776235076591,21,2056.261628576765,50,2392.5146064998257,53.77916262984703,72.13294990000213,63067,0.75,2,450.0,0.99,0.1,600,0.8,0.1,10,200,50,False
data101.vrp,sa,random,True,71,4448.776235076591,20,1986.7718388615638,51,2462.0043962150266,55.341160492704354,86.9436173000031,80128,0.75,2,450.0,0.99,0.1,600,0.8,0.2,10,200,50,False
data101.vrp,sa,random,True,71,4448.776235076591,22,2144.450206560353,49,2304.326028516238,51.79685169030684,99.28311359999861,90709,0.75,2,450.0,0.99,0.1,700,0.4,0.3,10,200,50,False
data101.vrp,sa,random,True,71,4448.776235076591,21,2063.102200175418,50,2385.6740349011725,53.62539963442555,130.66689649999898,87623,0.75,2,450.0,0.99,0.1,700,0.6,0.1,10,200,50,False
data101.vrp,sa,random,True,71,4448.776235076591,20,1980.37684425686,51,2468.399390819731,55.48490776761296,214.50862219999908,96827,0.75,2,450.0,0.99,0.1,700,0.4,0.1,10,200,50,False
data101.vrp,sa,random,True,71,4448.776235076591,21,2030.3148931134833,50,2418.4613419631073,54.362395727944964,191.38227559999723,121972,0.75,2,450.0,0.99,0.1,700,0.4,0.2,10,200,50,False
data101.vrp,sa,random,True,71,4448.776235076591,21,2058.9921766291454,50,2389.784058447445,53.71778512043554,106.12653310000314,101384,0.75,2,450.0,0.99,0.1,700,0.6,0.3,10,200,50,False
data101.vrp,sa,random,True,71,4448.776235076591,22,2141.347653861746,49,2307.4285812148446,51.86659115425525,77.71251130000019,88113,0.75,2,450.0,0.99,0.1,700,0.8,0.2,10,200,50,False
data101.vrp,sa,random,True,71,4448.776235076591,21,2076.5324272864646,50,2372.243807790126,53.323513758369224,87.63750640000217,59825,0.75,2,450.0,0.995,0.01,400,0.4,0.2,10,200,50,False
data101.vrp,sa,random,True,71,4448.776235076591,20,1954.5618855408204,51,2494.2143495357705,56.06517877590735,132.1095256999979,102000,0.75,2,450.0,0.99,0.1,700,0.8,0.1,10,200,50,False
data101.vrp,sa,random,True,71,4448.776235076591,20,2007.5745511480477,51,2441.201683928543,54.87355521909083,129.59991900000023,63714,0.75,2,450.0,0.995,0.01,400,0.4,0.1,10,200,50,False
data101.vrp,sa,random,True,71,4448.776235076591,22,2136.973280449281,49,2311.8029546273096,51.9649187207886,24.840262400000938,28293,0.75,2,450.0,0.995,0.01,400,0.6,0.3,10,200,50,False
data101.vrp,sa,random,True,71,4448.776235076591,21,2073.1297030626006,50,2375.64653201399,53.40000050537697,71.76032109999869,60156,0.75,2,450.0,0.995,0.01,400,0.6,0.2,10,200,50,False
data101.vrp,sa,random,True,71,4448.776235076591,21,2017.6510356956148,50,2431.1251993809756,54.64705507579033,80.67434450000292,55193,0.75,2,450.0,0.995,0.01,400,0.6,0.1,10,200,50,False
data101.vrp,sa,random,True,71,4448.776235076591,21,2079.301294080903,50,2369.4749409956876,53.26127491676134,63.17452619999676,54725,0.75,2,450.0,0.995,0.01,400,0.8,0.1,10,200,50,False
data101.vrp,sa,random,True,71,4448.776235076591,21,2012.7214062191242,50,2436.0548288574664,54.75786373902726,165.49343099999896,134167,0.75,2,450.0,0.995,0.01,400,0.4,0.3,10,200,50,False
data101.vrp,sa,random,True,71,4448.776235076591,21,2090.8209242109397,50,2357.955310865651,53.00233561477511,71.41188060000059,76805,0.75,2,450.0,0.995,0.01,400,0.8,0.2,10,200,50,False
data101.vrp,sa,random,True,71,4448.776235076591,22,2139.7238621754136,49,2309.052372901177,51.90309089262217,55.86975249999887,49426,0.75,2,450.0,0.995,0.01,500,0.4,0.3,10,200,50,False
data101.vrp,sa,random,True,71,4448.776235076591,21,2086.3943272421357,50,2362.381907834455,53.101837067194815,122.0958658999989,63129,0.75,2,450.0,0.995,0.01,500,0.4,0.1,10,200,50,False
data101.vrp,sa,random,True,71,4448.776235076591,21,2062.180144923855,50,2386.5960901527355,53.64612567688848,69.7226550000014,45628,0.75,2,450.0,0.995,0.01,500,0.6,0.1,10,200,50,False
data101.vrp,sa,random,True,71,4448.776235076591,22,2136.973280449281,49,2311.8029546273096,51.9649187207886,29.648680599999352,32903,0.75,2,450.0,0.995,0.01,500,0.6,0.3,10,200,50,False
data101.vrp,sa,random,True,71,4448.776235076591,21,2072.9140031630536,50,2375.862231913537,53.40484902749068,70.0659455999994,61155,0.75,2,450.0,0.995,0.01,500,0.6,0.2,10,200,50,False
data101.vrp,sa,random,True,71,4448.776235076591,21,2056.068012574074,50,2392.7082225025165,53.78351474810293,93.71866180000143,95570,0.75,2,450.0,0.995,0.01,500,0.8,0.2,10,200,50,False
data101.vrp,sa,random,True,71,4448.776235076591,21,2064.951633711795,50,2383.824601364796,53.583827897870336,213.7725360000004,136731,0.75,2,450.0,0.995,0.01,500,0.4,0.2,10,200,50,False
data101.vrp,sa,random,True,71,4448.776235076591,20,2012.392587506564,51,2436.3836475700264,54.76525495618867,125.42298799999844,94138,0.75,2,450.0,0.995,0.01,500,0.8,0.1,10,200,50,False
data101.vrp,sa,random,True,71,4448.776235076591,19,1665.1697480768557,52,2783.606486999735,62.57016176835902,613.7689371000015,256925,0.75,2,450.0,0.99,0.1,700,0.6,0.2,10,200,50,False
data101.vrp,sa,random,True,71,4448.776235076591,21,2042.8726788724152,50,2405.9035562041754,54.08012066857202,110.51588809999885,71753,0.75,2,450.0,0.995,0.01,600,0.4,0.2,10,200,50,False
data101.vrp,sa,random,True,71,4448.776235076591,21,2061.703811884819,50,2387.0724231917716,53.65683273460203,118.80729040000006,96040,0.75,2,450.0,0.995,0.01,600,0.4,0.3,10,200,50,False
data101.vrp,sa,random,True,71,4448.776235076591,20,2000.8963753058738,51,2447.879859770717,55.023667867812506,158.52655859999868,90317,0.75,2,450.0,0.995,0.01,600,0.6,0.1,10,200,50,False
data101.vrp,sa,random,True,71,4448.776235076591,20,2000.618362303316,51,2448.157872773275,55.029917069567496,127.1844803999993,97285,0.75,2,450.0,0.995,0.01,600,0.6,0.2,10,200,50,False
data101.vrp,sa,random,True,71,4448.776235076591,21,2092.244229624199,50,2356.532005452392,52.97034242523149,68.4113651000007,69325,0.75,2,450.0,0.995,0.01,600,0.6,0.3,10,200,50,False
data101.vrp,sa,random,True,71,4448.776235076591,22,2132.8736095739973,49,2315.9026255025933,52.05707149851115,67.00851079999848,64670,0.75,2,450.0,0.995,0.01,600,0.8,0.1,10,200,50,False
data101.vrp,sa,random,True,71,4448.776235076591,22,2158.913046301756,49,2289.8631887748347,51.47175465289304,59.64880070000072,69932,0.75,2,450.0,0.995,0.01,600,0.8,0.2,10,200,50,False
data101.vrp,sa,random,True,71,4448.776235076591,21,2042.4712636510496,50,2406.304971425541,54.08914371671278,86.96134330000132,71935,0.75,2,450.0,0.995,0.01,700,0.4,0.3,10,200,50,False
data101.vrp,sa,random,True,71,4448.776235076591,21,2042.6010550269611,50,2406.1751800496295,54.08622625426798,133.64192080000066,91751,0.75,2,450.0,0.995,0.01,700,0.6,0.1,10,200,50,False
data101.vrp,sa,random,True,71,4448.776235076591,19,1868.934739244733,52,2579.8414958318576,57.98991361918752,491.5074223999982,185097,0.75,2,450.0,0.995,0.01,600,0.4,0.1,10,200,50,False
data101.vrp,sa,random,True,71,4448.776235076591,20,1984.9532686516927,51,2463.822966424898,55.38203848057736,257.27310130000114,126355,0.75,2,450.0,0.995,0.01,700,0.4,0.1,10,200,50,False
data101.vrp,sa,random,True,71,4448.776235076591,20,1979.7852042874526,51,2468.9910307891378,55.49820670507676,274.2445219000001,168358,0.75,2,450.0,0.995,0.01,700,0.4,0.2,10,200,50,False
data101.vrp,sa,random,True,71,4448.776235076591,20,1990.0685730286932,51,2458.7076620478974,55.26705619990726,250.19062640000266,182423,0.75,2,450.0,0.995,0.01,700,0.6,0.2,10,200,50,False
data101.vrp,sa,random,True,71,4448.776235076591,20,1991.311574634151,51,2457.4646604424397,55.239115895882584,155.43963649999932,134348,0.75,2,450.0,0.995,0.01,700,0.6,0.3,10,200,50,False
data101.vrp,sa,random,True,71,4448.776235076591,21,2078.4253481029396,50,2370.350886973651,53.28096451074579,103.44385570000304,91160,0.75,2,450.0,0.995,0.01,700,0.8,0.1,10,200,50,False
data101.vrp,sa,random,True,71,4448.776235076591,21,2066.47029870471,50,2382.3059363718808,53.54969120695428,109.7464495000022,117387,0.75,2,450.0,0.995,0.01,700,0.8,0.2,10,200,50,False
data101.vrp,sa,random,True,71,4448.776235076591,20,2007.5745511480477,51,2441.201683928543,54.87355521909083,129.50177949999852,63714,0.75,2,450.0,0.995,0.1,400,0.4,0.1,10,200,50,False
data101.vrp,sa,random,True,71,4448.776235076591,22,2136.973280449281,49,2311.8029546273096,51.9649187207886,25.0549471000013,28293,0.75,2,450.0,0.995,0.1,400,0.6,0.3,10,200,50,False
data101.vrp,sa,random,True,71,4448.776235076591,21,2076.5324272864646,50,2372.243807790126,53.323513758369224,87.62622820000252,59825,0.75,2,450.0,0.995,0.1,400,0.4,0.2,10,200,50,False
data101.vrp,sa,random,True,71,4448.776235076591,21,2073.1297030626006,50,2375.64653201399,53.40000050537697,70.8068622000028,60156,0.75,2,450.0,0.995,0.1,400,0.6,0.2,10,200,50,False
data101.vrp,sa,random,True,71,4448.776235076591,21,2017.6510356956148,50,2431.1251993809756,54.64705507579033,81.74476810000124,55193,0.75,2,450.0,0.995,0.1,400,0.6,0.1,10,200,50,False
data101.vrp,sa,random,True,71,4448.776235076591,21,2079.301294080903,50,2369.4749409956876,53.26127491676134,62.98425549999956,54725,0.75,2,450.0,0.995,0.1,400,0.8,0.1,10,200,50,False
data101.vrp,sa,random,True,71,4448.776235076591,21,2090.8209242109397,50,2357.955310865651,53.00233561477511,71.39611779999905,76805,0.75,2,450.0,0.995,0.1,400,0.8,0.2,10,200,50,False
data101.vrp,sa,random,True,71,4448.776235076591,21,2012.7214062191242,50,2436.0548288574664,54.75786373902726,166.6834127000002,134167,0.75,2,450.0,0.995,0.1,400,0.4,0.3,10,200,50,False
data101.vrp,sa,random,True,71,4448.776235076591,22,2139.7238621754136,49,2309.052372901177,51.90309089262217,54.58862229999795,49426,0.75,2,450.0,0.995,0.1,500,0.4,0.3,10,200,50,False
data101.vrp,sa,random,True,71,4448.776235076591,21,2086.3943272421357,50,2362.381907834455,53.101837067194815,121.17630529999951,63129,0.75,2,450.0,0.995,0.1,500,0.4,0.1,10,200,50,False
data101.vrp,sa,random,True,71,4448.776235076591,21,2062.180144923855,50,2386.5960901527355,53.64612567688848,67.72282140000243,45628,0.75,2,450.0,0.995,0.1,500,0.6,0.1,10,200,50,False
data101.vrp,sa,random,True,71,4448.776235076591,22,2136.973280449281,49,2311.8029546273096,51.9649187207886,29.612389099998836,32903,0.75,2,450.0,0.995,0.1,500,0.6,0.3,10,200,50,False
data101.vrp,sa,random,True,71,4448.776235076591,21,2072.9140031630536,50,2375.862231913537,53.40484902749068,71.3952042000019,61155,0.75,2,450.0,0.995,0.1,500,0.6,0.2,10,200,50,False
data101.vrp,sa,random,True,71,4448.776235076591,21,2064.951633711795,50,2383.824601364796,53.583827897870336,214.30537320000076,136731,0.75,2,450.0,0.995,0.1,500,0.4,0.2,10,200,50,False
data101.vrp,sa,random,True,71,4448.776235076591,21,2056.068012574074,50,2392.7082225025165,53.78351474810293,94.02275969999755,95570,0.75,2,450.0,0.995,0.1,500,0.8,0.2,10,200,50,False
data101.vrp,sa,random,True,71,4448.776235076591,20,2012.392587506564,51,2436.3836475700264,54.76525495618867,125.94438269999955,94138,0.75,2,450.0,0.995,0.1,500,0.8,0.1,10,200,50,False
data101.vrp,sa,random,True,71,4448.776235076591,21,2042.8726788724152,50,2405.9035562041754,54.08012066857202,112.01437640000222,71753,0.75,2,450.0,0.995,0.1,600,0.4,0.2,10,200,50,False
data101.vrp,sa,random,True,71,4448.776235076591,21,2092.244229624199,50,2356.532005452392,52.97034242523149,67.50929180000094,69325,0.75,2,450.0,0.995,0.1,600,0.6,0.3,10,200,50,False
data101.vrp,sa,random,True,71,4448.776235076591,21,2061.703811884819,50,2387.0724231917716,53.65683273460203,117.39960580000115,96040,0.75,2,450.0,0.995,0.1,600,0.4,0.3,10,200,50,False
data101.vrp,sa,random,True,71,4448.776235076591,20,2000.618362303316,51,2448.157872773275,55.029917069567496,125.96273970000038,97285,0.75,2,450.0,0.995,0.1,600,0.6,0.2,10,200,50,False
data101.vrp,sa,random,True,71,4448.776235076591,20,2000.8963753058738,51,2447.879859770717,55.023667867812506,155.89187690000108,90317,0.75,2,450.0,0.995,0.1,600,0.6,0.1,10,200,50,False
data101.vrp,sa,random,True,71,4448.776235076591,22,2158.913046301756,49,2289.8631887748347,51.47175465289304,60.289346300000034,69932,0.75,2,450.0,0.995,0.1,600,0.8,0.2,10,200,50,False
data101.vrp,sa,random,True,71,4448.776235076591,22,2132.8736095739973,49,2315.9026255025933,52.05707149851115,66.9312245000001,64670,0.75,2,450.0,0.995,0.1,600,0.8,0.1,10,200,50,False
data101.vrp,sa,random,True,71,4448.776235076591,21,2042.4712636510496,50,2406.304971425541,54.08914371671278,89.41505010000037,71935,0.75,2,450.0,0.995,0.1,700,0.4,0.3,10,200,50,False
data101.vrp,sa,random,True,71,4448.776235076591,21,2042.6010550269611,50,2406.1751800496295,54.08622625426798,134.787891400003,91751,0.75,2,450.0,0.995,0.1,700,0.6,0.1,10,200,50,False
data101.vrp,sa,random,True,71,4448.776235076591,20,1984.9532686516927,51,2463.822966424898,55.38203848057736,255.3889326999997,126355,0.75,2,450.0,0.995,0.1,700,0.4,0.1,10,200,50,False
data101.vrp,sa,random,True,71,4448.776235076591,19,1868.934739244733,52,2579.8414958318576,57.98991361918752,489.5204288999994,185097,0.75,2,450.0,0.995,0.1,600,0.4,0.1,10,200,50,False
data101.vrp,sa,random,True,71,4448.776235076591,20,1979.7852042874526,51,2468.9910307891378,55.49820670507676,272.4604177000001,168358,0.75,2,450.0,0.995,0.1,700,0.4,0.2,10,200,50,False
data101.vrp,sa,random,True,71,4448.776235076591,20,1991.311574634151,51,2457.4646604424397,55.239115895882584,153.18796660000226,134348,0.75,2,450.0,0.995,0.1,700,0.6,0.3,10,200,50,False
data101.vrp,sa,random,True,71,4448.776235076591,20,1990.0685730286932,51,2458.7076620478974,55.26705619990726,248.1765904999993,182423,0.75,2,450.0,0.995,0.1,700,0.6,0.2,10,200,50,False
data101.vrp,sa,random,True,71,4448.776235076591,21,2078.4253481029396,50,2370.350886973651,53.28096451074579,103.76605449999988,91160,0.75,2,450.0,0.995,0.1,700,0.8,0.1,10,200,50,False
data101.vrp,sa,random,True,71,4448.776235076591,21,2066.47029870471,50,2382.3059363718808,53.54969120695428,109.53731640000115,117387,0.75,2,450.0,0.995,0.1,700,0.8,0.2,10,200,50,False
data101.vrp,sa,random,True,71,4448.776235076591,20,1658.4003824289498,51,2790.375852647641,62.722324189892674,95.20635650000258,29254,0.75,2,500.0,0.95,0.01,400,0.4,0.2,10,200,50,False
data101.vrp,sa,random,True,71,4448.776235076591,19,1667.5183103986863,52,2781.257924677904,62.517370569212765,123.47291550000227,29621,0.75,2,500.0,0.95,0.01,400,0.4,0.1,10,200,50,False
data101.vrp,sa,random,True,71,4448.776235076591,19,1682.7523276611903,52,2766.0239074154006,62.174938932791264,82.99279599999863,29429,0.75,2,500.0,0.95,0.01,400,0.4,0.3,10,200,50,False
data101.vrp,sa,random,True,71,4448.776235076591,20,1664.5950740528901,51,2784.1811610237005,62.583079343746036,77.76765039999736,29438,0.75,2,500.0,0.95,0.01,400,0.6,0.2,10,200,50,False
data101.vrp,sa,random,True,71,4448.776235076591,19,1665.4979139177526,52,2783.278321158838,62.5627852265067,100.80681230000118,30031,0.75,2,500.0,0.95,0.01,400,0.6,0.1,10,200,50,False
data101.vrp,sa,random,True,71,4448.776235076591,20,1659.1880400569642,51,2789.5881950196263,62.70461914953114,56.47632760000124,29308,0.75,2,500.0,0.95,0.01,400,0.6,0.3,10,200,50,False
data101.vrp,sa,random,True,71,4448.776235076591,20,1661.0217692247047,51,2787.754465851886,62.66340041721365,66.76891249999971,29289,0.75,2,500.0,0.95,0.01,400,0.8,0.1,10,200,50,False
data101.vrp,sa,random,True,71,4448.776235076591,20,1668.8521973449972,51,2779.9240377315937,62.48738733616559,53.329449699998804,29176,0.75,2,500.0,0.95,0.01,400,0.8,0.2,10,200,50,False
data101.vrp,sa,random,True,71,4448.776235076591,20,1652.5761426259432,51,2796.2000924506474,62.85324198605165,91.32611290000204,36801,0.75,2,500.0,0.95,0.01,500,0.4,0.3,10,200,50,False
data101.vrp,sa,random,True,71,4448.776235076591,20,1658.043115792592,51,2790.7331192839983,62.73035486209283,119.03821059999973,36575,0.75,2,500.0,0.95,0.01,500,0.4,0.2,10,200,50,False
data101.vrp,sa,random,True,71,4448.776235076591,20,1659.6650962356398,51,2789.111138840951,62.6938958370185,105.4660025000012,36656,0.75,2,500.0,0.95,0.01,500,0.6,0.1,10,200,50,False
data101.vrp,sa,random,True,71,4448.776235076591,20,1664.5357452791263,51,2784.2404897974643,62.584412941360945,95.62118830000327,36908,0.75,2,500.0,0.95,0.01,500,0.6,0.2,10,200,50,False
data101.vrp,sa,random,True,71,4448.776235076591,20,1670.1768621775327,51,2778.599372899058,62.45761139863716,160.9319073000006,36724,0.75,2,500.0,0.95,0.01,500,0.4,0.1,10,200,50,False
data101.vrp,sa,random,True,71,4448.776235076591,20,1658.1986889246607,51,2790.5775461519297,62.7268578749699,81.11202930000218,36783,0.75,2,500.0,0.95,0.01,500,0.6,0.3,10,200,50,False
data101.vrp,sa,random,True,71,4448.776235076591,19,1673.5079989103124,52,2775.2682361662783,62.38273380181593,87.06534819999797,37395,0.75,2,500.0,0.95,0.01,500,0.8,0.2,10,200,50,False
data101.vrp,sa,random,True,71,4448.776235076591,20,1668.6599963590081,51,2780.1162387175827,62.49170764754636,92.58630620000258,37247,0.75,2,500.0,0.95,0.01,500,0.8,0.1,10,200,50,False
data101.vrp,sa,random,True,71,4448.776235076591,20,1671.2216780047486,51,2777.5545570718423,62.43412593270211,119.44008410000242,43728,0.75,2,500.0,0.95,0.01,600,0.4,0.3,10,200,50,False
data101.vrp,sa,random,True,71,4448.776235076591,19,1663.5247149979502,52,2785.25152007864,62.607138972695246,180.31386609999754,44376,0.75,2,500.0,0.95,0.01,600,0.4,0.2,10,200,50,False
data101.vrp,sa,random,True,71,4448.776235076591,20,1651.1509349441458,51,2797.625300132445,62.88527793496183,130.70245570000043,43788,0.75,2,500.0,0.95,0.01,600,0.6,0.1,10,200,50,False
data101.vrp,sa,random,True,71,4448.776235076591,19,1680.4864016041752,52,2768.2898334724155,62.22587262640231,130.0394761000025,44385,0.75,2,500.0,0.95,0.01,600,0.6,0.2,10,200,50,False
data101.vrp,sa,random,True,71,4448.776235076591,20,1664.376814137579,51,2784.3994209390116,62.58798541012875,212.0116401000014,44386,0.75,2,500.0,0.95,0.01,600,0.4,0.1,10,200,50,False
data101.vrp,sa,random,True,71,4448.776235076591,19,1676.5452531883466,52,2772.230981888244,62.314462121750594,102.32965730000069,44507,0.75,2,500.0,0.95,0.01,600,0.6,0.3,10,200,50,False
data101.vrp,sa,random,True,71,4448.776235076591,20,1658.5003729979142,51,2790.2758620786763,62.72007659271805,104.97588680000263,43954,0.75,2,500.0,0.95,0.01,600,0.8,0.1,10,200,50,False
data101.vrp,sa,random,True,71,4448.776235076591,20,1658.1476194435522,51,2790.6286156330384,62.72800581944744,91.81850589999885,44149,0.75,2,500.0,0.95,0.01,600,0.8,0.2,10,200,50,False
data101.vrp,sa,random,True,71,4448.776235076591,20,1651.2338216792261,51,2797.5424133973647,62.88341479933306,168.777203499998,51520,0.75,2,500.0,0.95,0.01,700,0.4,0.2,10,200,50,False
data101.vrp,sa,random,True,71,4448.776235076591,20,1681.026760600377,51,2767.7494744762134,62.213726387354775,128.0175261000004,51360,0.75,2,500.0,0.95,0.01,700,0.4,0.3,10,200,50,False
data101.vrp,sa,random,True,71,4448.776235076591,20,1654.6306170843252,51,2794.145617992265,62.80706132085694,223.77242449999903,51840,0.75,2,500.0,0.95,0.01,700,0.4,0.1,10,200,50,False
data101.vrp,sa,random,True,71,4448.776235076591,19,1658.878415550458,52,2789.8978195261325,62.71157891756948,140.67411189999984,52436,0.75,2,500.0,0.95,0.01,700,0.6,0.2,10,200,50,False
data101.vrp,sa,random,True,71,4448.776235076591,20,1665.524789368082,51,2783.2514457085085,62.5621811176707,147.3287730000011,51368,0.75,2,500.0,0.95,0.01,700,0.6,0.1,10,200,50,False
data101.vrp,sa,random,True,71,4448.776235076591,19,1668.830340041658,52,2779.9458950349326,62.48787864663355,124.61707139999999,51971,0.75,2,500.0,0.95,0.01,700,0.6,0.3,10,200,50,False
data101.vrp,sa,random,True,71,4448.776235076591,20,1646.2530954942592,51,2802.523139582331,62.99537201906678,118.21397719999732,51507,0.75,2,500.0,0.95,0.01,700,0.8,0.1,10,200,50,False
data101.vrp,sa,random,True,71,4448.776235076591,20,1658.4003824289498,51,2790.375852647641,62.722324189892674,89.63712099999975,29245,0.75,2,500.0,0.95,0.1,400,0.4,0.2,10,200,50,False
data101.vrp,sa,random,True,71,4448.776235076591,19,1671.436476633954,52,2777.3397584426366,62.42929766942576,114.78852249999909,51796,0.75,2,500.0,0.95,0.01,700,0.8,0.2,10,200,50,False
data101.vrp,sa,random,True,71,4448.776235076591,19,1667.5183103986863,52,2781.257924677904,62.517370569212765,123.33795479999753,29621,0.75,2,500.0,0.95,0.1,400,0.4,0.1,10,200,50,False
data101.vrp,sa,random,True,71,4448.776235076591,19,1682.7523276611903,52,2766.0239074154006,62.174938932791264,80.15249570000015,29420,0.75,2,500.0,0.95,0.1,400,0.4,0.3,10,200,50,False
data101.vrp,sa,random,True,71,4448.776235076591,20,1659.1880400569642,51,2789.5881950196263,62.70461914953114,52.80489600000146,29286,0.75,2,500.0,0.95,0.1,400,0.6,0.3,10,200,50,False
data101.vrp,sa,random,True,71,4448.776235076591,20,1664.5950740528901,51,2784.1811610237005,62.583079343746036,66.91396560000067,29407,0.75,2,500.0,0.95,0.1,400,0.6,0.2,10,200,50,False
data101.vrp,sa,random,True,71,4448.776235076591,19,1665.4979139177526,52,2783.278321158838,62.5627852265067,98.86866989999908,29991,0.75,2,500.0,0.95,0.1,400,0.6,0.1,10,200,50,False
data101.vrp,sa,random,True,71,4448.776235076591,20,1661.0217692247047,51,2787.754465851886,62.66340041721365,63.442358799999056,29281,0.75,2,500.0,0.95,0.1,400,0.8,0.1,10,200,50,False
data101.vrp,sa,random,True,71,4448.776235076591,20,1668.8521973449972,51,2779.9240377315937,62.48738733616559,52.811641500000405,29168,0.75,2,500.0,0.95,0.1,400,0.8,0.2,10,200,50,False
data101.vrp,sa,random,True,71,4448.776235076591,20,1652.5761426259432,51,2796.2000924506474,62.85324198605165,86.82962279999992,36769,0.75,2,500.0,0.95,0.1,500,0.4,0.3,10,200,50,False
data101.vrp,sa,random,True,71,4448.776235076591,20,1658.043115792592,51,2790.7331192839983,62.73035486209283,111.60371719999966,36551,0.75,2,500.0,0.95,0.1,500,0.4,0.2,10,200,50,False
data101.vrp,sa,random,True,71,4448.776235076591,20,1664.5357452791263,51,2784.2404897974643,62.584412941360945,87.89632020000136,36877,0.75,2,500.0,0.95,0.1,500,0.6,0.2,10,200,50,False
data101.vrp,sa,random,True,71,4448.776235076591,20,1659.6650962356398,51,2789.111138840951,62.6938958370185,98.41483920000246,36640,0.75,2,500.0,0.95,0.1,500,0.6,0.1,10,200,50,False
data101.vrp,sa,random,True,71,4448.776235076591,20,1670.1768621775327,51,2778.599372899058,62.45761139863716,147.87276159999965,36693,0.75,2,500.0,0.95,0.1,500,0.4,0.1,10,200,50,False
data101.vrp,sa,random,True,71,4448.776235076591,20,1658.1986889246607,51,2790.5775461519297,62.7268578749699,72.5887189999994,36750,0.75,2,500.0,0.95,0.1,500,0.6,0.3,10,200,50,False
data101.vrp,sa,random,True,71,4448.776235076591,20,1668.6599963590081,51,2780.1162387175827,62.49170764754636,84.61395759999868,37195,0.75,2,500.0,0.95,0.1,500,0.8,0.1,10,200,50,False
data101.vrp,sa,random,True,71,4448.776235076591,19,1673.5079989103124,52,2775.2682361662783,62.38273380181593,77.8102684000005,37335,0.75,2,500.0,0.95,0.1,500,0.8,0.2,10,200,50,False
data101.vrp,sa,random,True,71,4448.776235076591,20,1671.2216780047486,51,2777.5545570718423,62.43412593270211,108.87861380000322,43671,0.75,2,500.0,0.95,0.1,600,0.4,0.3,10,200,50,False
data101.vrp,sa,random,True,71,4448.776235076591,19,1663.5247149979502,52,2785.25152007864,62.607138972695246,154.75848349999796,44286,0.75,2,500.0,0.95,0.1,600,0.4,0.2,10,200,50,False
data101.vrp,sa,random,True,71,4448.776235076591,20,1664.376814137579,51,2784.3994209390116,62.58798541012875,183.15879730000233,44334,0.75,2,500.0,0.95,0.1,600,0.4,0.1,10,200,50,False
data101.vrp,sa,random,True,71,4448.776235076591,19,1680.4864016041752,52,2768.2898334724155,62.22587262640231,122.92492810000113,44329,0.75,2,500.0,0.95,0.1,600,0.6,0.2,10,200,50,False
data101.vrp,sa,random,True,71,4448.776235076591,20,1651.1509349441458,51,2797.625300132445,62.88527793496183,125.64945879999868,43776,0.75,2,500.0,0.95,0.1,600,0.6,0.1,10,200,50,False
data101.vrp,sa,random,True,71,4448.776235076591,19,1676.5452531883466,52,2772.230981888244,62.314462121750594,100.51128170000084,44507,0.75,2,500.0,0.95,0.1,600,0.6,0.3,10,200,50,False
data101.vrp,sa,random,True,71,4448.776235076591,20,1658.1476194435522,51,2790.6286156330384,62.72800581944744,85.3517279000007,44131,0.75,2,500.0,0.95,0.1,600,0.8,0.2,10,200,50,False
data101.vrp,sa,random,True,71,4448.776235076591,20,1658.5003729979142,51,2790.2758620786763,62.72007659271805,92.99958010000046,43940,0.75,2,500.0,0.95,0.1,600,0.8,0.1,10,200,50,False
data101.vrp,sa,random,True,71,4448.776235076591,20,1651.2338216792261,51,2797.5424133973647,62.88341479933306,163.2644986000014,51498,0.75,2,500.0,0.95,0.1,700,0.4,0.2,10,200,50,False
data101.vrp,sa,random,True,71,4448.776235076591,20,1681.026760600377,51,2767.7494744762134,62.213726387354775,129.19271570000274,51360,0.75,2,500.0,0.95,0.1,700,0.4,0.3,10,200,50,False
data101.vrp,sa,random,True,71,4448.776235076591,20,1665.524789368082,51,2783.2514457085085,62.5621811176707,136.51118580000184,51355,0.75,2,500.0,0.95,0.1,700,0.6,0.1,10,200,50,False
data101.vrp,sa,random,True,71,4448.776235076591,19,1658.878415550458,52,2789.8978195261325,62.71157891756948,135.08588319999762,52380,0.75,2,500.0,0.95,0.1,700,0.6,0.2,10,200,50,False
data101.vrp,sa,random,True,71,4448.776235076591,20,1654.6306170843252,51,2794.145617992265,62.80706132085694,216.44865239999854,51806,0.75,2,500.0,0.95,0.1,700,0.4,0.1,10,200,50,False
data101.vrp,sa,random,True,71,4448.776235076591,19,1668.830340041658,52,2779.9458950349326,62.48787864663355,115.58993830000327,51878,0.75,2,500.0,0.95,0.1,700,0.6,0.3,10,200,50,False
data101.vrp,sa,random,True,71,4448.776235076591,20,1646.2530954942592,51,2802.523139582331,62.99537201906678,119.91822830000092,51507,0.75,2,500.0,0.95,0.1,700,0.8,0.1,10,200,50,False
data101.vrp,sa,random,True,71,4448.776235076591,24,2289.2693892999323,47,2159.5068457766583,48.54159282613323,25.490316899999016,26998,0.75,2,500.0,0.99,0.01,400,0.4,0.3,10,200,50,False
data101.vrp,sa,random,True,71,4448.776235076591,19,1671.436476633954,52,2777.3397584426366,62.42929766942576,113.14036750000014,51742,0.75,2,500.0,0.95,0.1,700,0.8,0.2,10,200,50,False
data101.vrp,sa,random,True,71,4448.776235076591,20,1989.7202168395406,51,2459.05601823705,55.27488658225838,125.97110239999893,75089,0.75,2,500.0,0.99,0.01,400,0.4,0.2,10,200,50,False
data101.vrp,sa,random,True,71,4448.776235076591,21,2062.3193729767872,50,2386.4568620998034,53.64299609595262,59.08216950000133,51707,0.75,2,500.0,0.99,0.01,400,0.6,0.2,10,200,50,False
data101.vrp,sa,random,True,71,4448.776235076591,21,2079.136174134274,50,2369.6400609423167,53.26498649805705,65.78831320000245,63719,0.75,2,500.0,0.99,0.01,400,0.6,0.3,10,200,50,False
data101.vrp,sa,random,True,71,4448.776235076591,21,2073.1792292823293,50,2375.5970057942613,53.39888725047019,87.26065459999882,61460,0.75,2,500.0,0.99,0.01,400,0.6,0.1,10,200,50,False
data101.vrp,sa,random,True,71,4448.776235076591,21,2089.997592214924,50,2358.7786428616664,53.02084254685058,92.48043529999995,61253,0.75,2,500.0,0.99,0.01,500,0.4,0.2,10,200,50,False
data101.vrp,sa,random,True,71,4448.776235076591,21,2065.0176160319484,50,2383.7586190446423,53.58234474122979,110.00831149999794,54166,0.75,2,500.0,0.99,0.01,500,0.4,0.1,10,200,50,False
data101.vrp,sa,random,True,71,4448.776235076591,19,1845.7490897363532,52,2603.0271453402374,58.51108277410189,131.72785810000278,104637,0.75,2,500.0,0.99,0.01,400,0.8,0.2,10,200,50,False
data101.vrp,sa,random,True,71,4448.776235076591,20,1819.1677012530695,51,2629.608533823521,59.10858166095758,185.8087319999977,130550,0.75,2,500.0,0.99,0.01,400,0.8,0.1,10,200,50,False
data101.vrp,sa,random,True,71,4448.776235076591,20,2000.9028731238052,51,2447.8733619527857,55.02352180926544,76.63232180000341,67983,0.75,2,500.0,0.99,0.01,500,0.6,0.3,10,200,50,False
data101.vrp,sa,random,True,71,4448.776235076591,21,1988.6355536615326,50,2460.1406814150578,55.29926774059706,127.51636019999933,99625,0.75,2,500.0,0.99,0.01,500,0.4,0.3,10,200,50,False
data101.vrp,sa,random,True,71,4448.776235076591,21,2052.6180314638264,50,2396.1582036127643,53.86106373973452,125.27979140000025,100927,0.75,2,500.0,0.99,0.01,500,0.6,0.2,10,200,50,False
data101.vrp,sa,random,True,71,4448.776235076591,21,2046.0615619480513,50,2402.7146731285393,54.008440662495445,128.15344059999916,88757,0.75,2,500.0,0.99,0.01,500,0.6,0.1,10,200,50,False
data101.vrp,sa,random,True,71,4448.776235076591,19,1658.8339289843595,52,2789.942306092231,62.71257889068001,489.48364740000034,149680,0.75,2,500.0,0.99,0.01,400,0.4,0.1,10,200,50,False
data101.vrp,sa,random,True,71,4448.776235076591,21,2062.4016241715194,50,2386.374610905071,53.64114724605805,96.9592687000004,99312,0.75,2,500.0,0.99,0.01,500,0.8,0.2,10,200,50,False
data101.vrp,sa,random,True,71,4448.776235076591,21,2069.8521969805392,50,2378.9240380960514,53.473672587515416,145.37493860000177,72939,0.75,2,500.0,0.99,0.01,600,0.4,0.1,10,200,50,False
data101.vrp,sa,random,True,71,4448.776235076591,20,1926.6284155860126,51,2522.147819490578,56.693069874015734,178.56274699999994,107744,0.75,2,500.0,0.99,0.01,600,0.4,0.2,10,200,50,False
data101.vrp,sa,random,True,71,4448.776235076591,21,2057.9480771791254,50,2390.828157897465,53.741254483578324,98.86184760000106,69572,0.75,2,500.0,0.99,0.01,600,0.6,0.1,10,200,50,False
data101.vrp,sa,random,True,71,4448.776235076591,20,1972.3143218129164,51,2476.4619132636744,55.66613788614251,114.46846559999904,84344,0.75,2,500.0,0.99,0.01,600,0.4,0.3,10,200,50,False
data101.vrp,sa,random,True,71,4448.776235076591,22,2173.320470057122,49,2275.455765019469,51.14790326109297,32.262678199997026,33506,0.75,2,500.0,0.99,0.01,600,0.6,0.3,10,200,50,False
data101.vrp,sa,random,True,71,4448.776235076591,21,2032.0980652032076,50,2416.678169873383,54.32231342226133,121.19559719999961,96131,0.75,2,500.0,0.99,0.01,600,0.6,0.2,10,200,50,False
data101.vrp,sa,random,True,71,4448.776235076591,20,1958.6591927312613,51,2490.1170423453295,55.973079129309355,127.59992649999913,115943,0.75,2,500.0,0.99,0.01,600,0.8,0.2,10,200,50,False
data101.vrp,sa,random,True,71,4448.776235076591,21,2024.227806317476,50,2424.5484287591144,54.49922182290594,139.905548499999,109459,0.75,2,500.0,0.99,0.01,600,0.8,0.1,10,200,50,False
data101.vrp,sa,random,True,71,4448.776235076591,21,2027.2104928368785,50,2421.565742239712,54.43217672192097,70.03486809999958,56139,0.75,2,500.0,0.99,0.01,700,0.4,0.3,10,200,50,False
data101.vrp,sa,random,True,71,4448.776235076591,20,1981.7029024149863,51,2467.0733326616046,55.4551005107842,176.08800960000008,81194,0.75,2,500.0,0.99,0.01,700,0.4,0.1,10,200,50,False
data101.vrp,sa,random,True,71,4448.776235076591,19,1664.5436901137844,52,2784.232544962806,62.584234356639264,436.41013119999843,188853,0.75,2,500.0,0.99,0.01,500,0.8,0.1,10,200,50,False
data101.vrp,sa,random,True,71,4448.776235076591,22,2151.2916911167476,49,2297.484543959843,51.64306817333755,52.28938149999885,49351,0.75,2,500.0,0.99,0.01,700,0.6,0.2,10,200,50,False
data101.vrp,sa,random,True,71,4448.776235076591,21,2022.1921698004846,50,2426.5840652761062,54.54497904712732,122.97311439999976,83812,0.75,2,500.0,0.99,0.01,700,0.6,0.1,10,200,50,False
data101.vrp,sa,random,True,71,4448.776235076591,20,1969.4965282751884,51,2479.2797068014024,55.72947650757083,243.61491530000058,136509,0.75,2,500.0,0.99,0.01,700,0.4,0.2,10,200,50,False
data101.vrp,sa,random,True,71,4448.776235076591,20,1963.1215172465475,51,2485.6547178300434,55.87277458982493,131.90283849999832,112304,0.75,2,500.0,0.99,0.01,700,0.8,0.2,10,200,50,False
data101.vrp,sa,random,True,71,4448.776235076591,24,2289.2693892999323,47,2159.5068457766583,48.54159282613323,25.42779040000096,26998,0.75,2,500.0,0.99,0.1,400,0.4,0.3,10,200,50,False
data101.vrp,sa,random,True,71,4448.776235076591,20,1981.4738244287928,51,2467.302410647798,55.460249746755814,194.49025830000028,138602,0.75,2,500.0,0.99,0.01,700,0.8,0.1,10,200,50,False
data101.vrp,sa,random,True,71,4448.776235076591,20,1989.7202168395406,51,2459.05601823705,55.27488658225838,125.53794339999877,75089,0.75,2,500.0,0.99,0.1,400,0.4,0.2,10,200,50,False
data101.vrp,sa,random,True,71,4448.776235076591,20,1911.687400650601,51,2537.0888344259897,57.02891537727141,268.54694709999967,205421,0.75,2,500.0,0.99,0.01,700,0.6,0.3,10,200,50,False
data101.vrp,sa,random,True,71,4448.776235076591,21,2062.3193729767872,50,2386.4568620998034,53.64299609595262,60.833242299999256,51707,0.75,2,500.0,0.99,0.1,400,0.6,0.2,10,200,50,False
data101.vrp,sa,random,True,71,4448.776235076591,21,2073.1792292823293,50,2375.5970057942613,53.39888725047019,85.91425509999681,61460,0.75,2,500.0,0.99,0.1,400,0.6,0.1,10,200,50,False
data101.vrp,sa,random,True,71,4448.776235076591,21,2079.136174134274,50,2369.6400609423167,53.26498649805705,68.85524109999824,63719,0.75,2,500.0,0.99,0.1,400,0.6,0.3,10,200,50,False
data101.vrp,sa,random,True,71,4448.776235076591,21,2065.0176160319484,50,2383.7586190446423,53.58234474122979,107.81998960000055,54166,0.75,2,500.0,0.99,0.1,500,0.4,0.1,10,200,50,False
data101.vrp,sa,random,True,71,4448.776235076591,21,2089.997592214924,50,2358.7786428616664,53.02084254685058,90.30693709999832,61253,0.75,2,500.0,0.99,0.1,500,0.4,0.2,10,200,50,False
data101.vrp,sa,random,True,71,4448.776235076591,19,1845.7490897363532,52,2603.0271453402374,58.51108277410189,133.23679869999978,104637,0.75,2,500.0,0.99,0.1,400,0.8,0.2,10,200,50,False
data101.vrp,sa,random,True,71,4448.776235076591,20,1819.1677012530695,51,2629.608533823521,59.10858166095758,182.25527349999902,130550,0.75,2,500.0,0.99,0.1,400,0.8,0.1,10,200,50,False
data101.vrp,sa,random,True,71,4448.776235076591,21,1988.6355536615326,50,2460.1406814150578,55.29926774059706,122.6507907999985,99625,0.75,2,500.0,0.99,0.1,500,0.4,0.3,10,200,50,False
data101.vrp,sa,random,True,71,4448.776235076591,20,2000.9028731238052,51,2447.8733619527857,55.02352180926544,73.84188519999952,67983,0.75,2,500.0,0.99,0.1,500,0.6,0.3,10,200,50,False
data101.vrp,sa,random,True,71,4448.776235076591,21,2046.0615619480513,50,2402.7146731285393,54.008440662495445,122.15353139999934,88757,0.75,2,500.0,0.99,0.1,500,0.6,0.1,10,200,50,False
data101.vrp,sa,random,True,71,4448.776235076591,21,2052.6180314638264,50,2396.1582036127643,53.86106373973452,119.92096690000108,100927,0.75,2,500.0,0.99,0.1,500,0.6,0.2,10,200,50,False
data101.vrp,sa,random,True,71,4448.776235076591,19,1658.8339289843595,52,2789.942306092231,62.71257889068001,490.1629792999993,149680,0.75,2,500.0,0.99,0.1,400,0.4,0.1,10,200,50,False
data101.vrp,sa,random,True,71,4448.776235076591,21,2062.4016241715194,50,2386.374610905071,53.64114724605805,99.59620089999953,99312,0.75,2,500.0,0.99,0.1,500,0.8,0.2,10,200,50,False
data101.vrp,sa,random,True,71,4448.776235076591,20,1972.3143218129164,51,2476.4619132636744,55.66613788614251,113.94099239999923,84344,0.75,2,500.0,0.99,0.1,600,0.4,0.3,10,200,50,False
data101.vrp,sa,random,True,71,4448.776235076591,21,2069.8521969805392,50,2378.9240380960514,53.473672587515416,148.9498123000012,72939,0.75,2,500.0,0.99,0.1,600,0.4,0.1,10,200,50,False
data101.vrp,sa,random,True,71,4448.776235076591,22,2173.320470057122,49,2275.455765019469,51.14790326109297,30.65640910000002,33506,0.75,2,500.0,0.99,0.1,600,0.6,0.3,10,200,50,False
data101.vrp,sa,random,True,71,4448.776235076591,20,1926.6284155860126,51,2522.147819490578,56.693069874015734,181.19895429999815,107744,0.75,2,500.0,0.99,0.1,600,0.4,0.2,10,200,50,False
data101.vrp,sa,random,True,71,4448.776235076591,21,2057.9480771791254,50,2390.828157897465,53.741254483578324,99.00578379999934,69572,0.75,2,500.0,0.99,0.1,600,0.6,0.1,10,200,50,False
data101.vrp,sa,random,True,71,4448.776235076591,21,2032.0980652032076,50,2416.678169873383,54.32231342226133,121.19503379999878,96131,0.75,2,500.0,0.99,0.1,600,0.6,0.2,10,200,50,False
data101.vrp,sa,random,True,71,4448.776235076591,21,2024.227806317476,50,2424.5484287591144,54.49922182290594,138.19947289999982,109459,0.75,2,500.0,0.99,0.1,600,0.8,0.1,10,200,50,False
data101.vrp,sa,random,True,71,4448.776235076591,20,1958.6591927312613,51,2490.1170423453295,55.973079129309355,127.04968360000203,115943,0.75,2,500.0,0.99,0.1,600,0.8,0.2,10,200,50,False
data101.vrp,sa,random,True,71,4448.776235076591,20,1981.7029024149863,51,2467.0733326616046,55.4551005107842,179.1899482000008,81194,0.75,2,500.0,0.99,0.1,700,0.4,0.1,10,200,50,False
data101.vrp,sa,random,True,71,4448.776235076591,21,2027.2104928368785,50,2421.565742239712,54.43217672192097,68.53136580000137,56139,0.75,2,500.0,0.99,0.1,700,0.4,0.3,10,200,50,False
data101.vrp,sa,random,True,71,4448.776235076591,22,2151.2916911167476,49,2297.484543959843,51.64306817333755,52.01113729999997,49351,0.75,2,500.0,0.99,0.1,700,0.6,0.2,10,200,50,False
data101.vrp,sa,random,True,71,4448.776235076591,19,1664.5436901137844,52,2784.232544962806,62.584234356639264,431.74635059999855,188853,0.75,2,500.0,0.99,0.1,500,0.8,0.1,10,200,50,False
data101.vrp,sa,random,True,71,4448.776235076591,21,2022.1921698004846,50,2426.5840652761062,54.54497904712732,123.16038709999702,83812,0.75,2,500.0,0.99,0.1,700,0.6,0.1,10,200,50,False
data101.vrp,sa,random,True,71,4448.776235076591,22,2158.9866437261667,49,2289.789591350424,51.47010032324097,47.0864075999998,27166,0.75,2,500.0,0.995,0.01,400,0.4,0.1,10,200,50,False
data101.vrp,sa,random,True,71,4448.776235076591,20,1969.4965282751884,51,2479.2797068014024,55.72947650757083,243.94152789999862,136509,0.75,2,500.0,0.99,0.1,700,0.4,0.2,10,200,50,False
data101.vrp,sa,random,True,71,4448.776235076591,22,2142.5672796753997,49,2306.208955401191,51.83917629342144,41.79672330000176,38846,0.75,2,500.0,0.995,0.01,400,0.4,0.3,10,200,50,False
data101.vrp,sa,random,True,71,4448.776235076591,20,1963.1215172465475,51,2485.6547178300434,55.87277458982493,131.94126179999876,112304,0.75,2,500.0,0.99,0.1,700,0.8,0.2,10,200,50,False
data101.vrp,sa,random,True,71,4448.776235076591,22,2163.2888232329615,49,2285.487411843629,51.37339553793678,35.51931750000222,33015,0.75,2,500.0,0.995,0.01,400,0.6,0.2,10,200,50,False
data101.vrp,sa,random,True,71,4448.776235076591,22,2130.3394264967,49,2318.4368085798906,52.11403509801333,55.8910509999987,42016,0.75,2,500.0,0.995,0.01,400,0.6,0.1,10,200,50,False
data101.vrp,sa,random,True,71,4448.776235076591,21,2078.7015620204265,50,2370.074673056164,53.27475574898994,115.7225897999997,78810,0.75,2,500.0,0.995,0.01,400,0.4,0.2,10,200,50,False
data101.vrp,sa,random,True,71,4448.776235076591,20,1981.4738244287928,51,2467.302410647798,55.460249746755814,195.34179330000188,138602,0.75,2,500.0,0.99,0.1,700,0.8,0.1,10,200,50,False
data101.vrp,sa,random,True,71,4448.776235076591,21,2104.832011176724,50,2343.9442238998668,52.68739311766066,28.452541399998154,28660,0.75,2,500.0,0.995,0.01,400,0.8,0.2,10,200,50,False
data101.vrp,sa,random,True,71,4448.776235076591,20,1911.687400650601,51,2537.0888344259897,57.02891537727141,267.95605050000086,205421,0.75,2,500.0,0.99,0.1,700,0.6,0.3,10,200,50,False
data101.vrp,sa,random,True,71,4448.776235076591,20,2010.884652543599,51,2437.8915825329914,54.79915045650797,72.79168239999854,63774,0.75,2,500.0,0.995,0.01,400,0.6,0.3,10,200,50,False
data101.vrp,sa,random,True,71,4448.776235076591,21,2041.0647836283836,50,2407.7114514482073,54.12075870358438,75.76075670000137,38346,0.75,2,500.0,0.995,0.01,500,0.4,0.1,10,200,50,False
data101.vrp,sa,random,True,71,4448.776235076591,20,1973.1780972020865,51,2475.598137874504,55.64672186376854,106.07445690000168,79338,0.75,2,500.0,0.995,0.01,400,0.8,0.1,10,200,50,False
data101.vrp,sa,random,True,71,4448.776235076591,22,2186.4739015194077,49,2262.302333557183,50.8522392230014,47.1060894000002,44218,0.75,2,500.0,0.995,0.01,500,0.6,0.2,10,200,50,False
data101.vrp,sa,random,True,71,4448.776235076591,21,2035.8312247911633,50,2412.945010285427,54.238399118850836,55.364527999998245,53010,0.75,2,500.0,0.995,0.01,500,0.6,0.3,10,200,50,False
data101.vrp,sa,random,True,71,4448.776235076591,21,2049.938064673584,50,2398.8381704030066,53.92130427889925,106.19493729999886,93675,0.75,2,500.0,0.995,0.01,500,0.4,0.3,10,200,50,False
data101.vrp,sa,random,True,71,4448.776235076591,21,2060.0460027416657,50,2388.730232334925,53.6940971204815,131.84728319999704,85077,0.75,2,500.0,0.995,0.01,500,0.4,0.2,10,200,50,False
data101.vrp,sa,random,True,71,4448.776235076591,21,2076.3677664572474,50,2372.4084686193432,53.32721501958166,120.23703000000023,82707,0.75,2,500.0,0.995,0.01,500,0.6,0.1,10,200,50,False
data101.vrp,sa,random,True,71,4448.776235076591,22,2172.4404169890176,49,2276.335818087573,51.16768517462608,37.88928489999671,42270,0.75,2,500.0,0.995,0.01,500,0.8,0.2,10,200,50,False
data101.vrp,sa,random,True,71,4448.776235076591,21,2064.395397584104,50,2384.3808374924865,53.59633102453481,86.34266209999987,70086,0.75,2,500.0,0.995,0.01,500,0.8,0.1,10,200,50,False
data101.vrp,sa,random,True,71,4448.776235076591,20,2009.761890304885,51,2439.0143447717055,54.824388009025476,119.07094870000219,74146,0.75,2,500.0,0.995,0.01,600,0.6,0.1,10,200,50,False
data101.vrp,sa,random,True,71,4448.776235076591,21,2098.925523392779,50,2349.850711683812,52.820159691474274,150.28097409999828,99171,0.75,2,500.0,0.995,0.01,600,0.4,0.2,10,200,50,False
data101.vrp,sa,random,True,71,4448.776235076591,22,2148.6298634474174,49,2300.1463716291732,51.70290097967972,88.79642360000071,80605,0.75,2,500.0,0.995,0.01,600,0.6,0.2,10,200,50,False
data101.vrp,sa,random,True,71,4448.776235076591,20,1944.259475835421,51,2504.51675924117,56.29675728561456,144.8168059999989,103806,0.75,2,500.0,0.995,0.01,600,0.4,0.3,10,200,50,False
data101.vrp,sa,random,True,71,4448.776235076591,21,2061.3292997543267,50,2387.446935322264,53.66525105260012,199.0693676999981,97515,0.75,2,500.0,0.995,0.01,600,0.4,0.1,10,200,50,False
data101.vrp,sa,random,True,71,4448.776235076591,22,2170.9176746015405,49,2277.85856047505,51.20191351759085,65.1220082999971,61251,0.75,2,500.0,0.995,0.01,600,0.8,0.1,10,200,50,False
data101.vrp,sa,random,True,71,4448.776235076591,22,2093.7879912261733,49,2354.9882438504173,52.93564161043657,97.0463514999974,112502,0.75,2,500.0,0.995,0.01,600,0.6,0.3,10,200,50,False
data101.vrp,sa,random,True,71,4448.776235076591,20,1996.011628745766,51,2452.764606330825,55.13346764874088,101.35982430000149,93998,0.75,2,500.0,0.995,0.01,600,0.8,0.2,10,200,50,False
data101.vrp,sa,random,True,71,4448.776235076591,20,2009.8731272942769,51,2438.903107782314,54.82188761378163,101.47373020000305,60574,0.75,2,500.0,0.995,0.01,700,0.4,0.2,10,200,50,False
data101.vrp,sa,random,True,71,4448.776235076591,20,1996.2528150042385,51,2452.523420072352,55.128046241915094,210.122359099998,96124,0.75,2,500.0,0.995,0.01,700,0.4,0.1,10,200,50,False
data101.vrp,sa,random,True,71,4448.776235076591,20,1980.3126085187428,51,2468.463626557848,55.48635166442239,147.97335410000233,106229,0.75,2,500.0,0.995,0.01,700,0.6,0.2,10,200,50,False
data101.vrp,sa,random,True,71,4448.776235076591,20,1971.6249397331633,51,2477.1512953434276,55.681633879722,124.5185874000017,117730,0.75,2,500.0,0.995,0.01,700,0.6,0.3,10,200,50,False
data101.vrp,sa,random,True,71,4448.776235076591,22,2139.5976529314676,49,2309.178582145123,51.90592783557629,44.0796921000001,52332,0.75,2,500.0,0.995,0.01,700,0.8,0.2,10,200,50,False
data101.vrp,sa,random,True,71,4448.776235076591,22,2158.9866437261667,49,2289.789591350424,51.47010032324097,47.010361900000134,27166,0.75,2,500.0,0.995,0.1,400,0.4,0.1,10,200,50,False
data101.vrp,sa,random,True,71,4448.776235076591,20,1965.2996462541569,51,2483.4765888224338,55.82381440633815,254.75948219999918,187532,0.75,2,500.0,0.995,0.01,700,0.4,0.3,10,200,50,False
data101.vrp,sa,random,True,71,4448.776235076591,21,2095.48026319994,50,2353.2959718766506,52.8976025658916,100.47074119999888,83866,0.75,2,500.0,0.995,0.01,700,0.8,0.1,10,200,50,False
data101.vrp,sa,random,True,71,4448.776235076591,22,2142.5672796753997,49,2306.208955401191,51.83917629342144,40.42942960000073,38846,0.75,2,500.0,0.995,0.1,400,0.4,0.3,10,200,50,False
data101.vrp,sa,random,True,71,4448.776235076591,22,2163.2888232329615,49,2285.487411843629,51.37339553793678,35.75513149999824,33015,0.75,2,500.0,0.995,0.1,400,0.6,0.2,10,200,50,False
data101.vrp,sa,random,True,71,4448.776235076591,22,2130.3394264967,49,2318.4368085798906,52.11403509801333,54.81254279999848,42016,0.75,2,500.0,0.995,0.1,400,0.6,0.1,10,200,50,False
data101.vrp,sa,random,True,71,4448.776235076591,21,2104.832011176724,50,2343.9442238998668,52.68739311766066,28.625264099999185,28660,0.75,2,500.0,0.995,0.1,400,0.8,0.2,10,200,50,False
data101.vrp,sa,random,True,71,4448.776235076591,21,2078.7015620204265,50,2370.074673056164,53.27475574898994,114.81015539999862,78810,0.75,2,500.0,0.995,0.1,400,0.4,0.2,10,200,50,False
data101.vrp,sa,random,True,71,4448.776235076591,20,2010.884652543599,51,2437.8915825329914,54.79915045650797,74.54578530000072,63774,0.75,2,500.0,0.995,0.1,400,0.6,0.3,10,200,50,False
data101.vrp,sa,random,True,71,4448.776235076591,20,1984.3002159871025,51,2464.476019089488,55.39671785823274,344.6776256999983,206051,0.75,2,500.0,0.995,0.01,700,0.6,0.1,10,200,50,False
data101.vrp,sa,random,True,71,4448.776235076591,20,1973.1780972020865,51,2475.598137874504,55.64672186376854,105.00975239999752,79338,0.75,2,500.0,0.995,0.1,400,0.8,0.1,10,200,50,False
data101.vrp,sa,random,True,71,4448.776235076591,21,2041.0647836283836,50,2407.7114514482073,54.12075870358438,75.70645239999794,38346,0.75,2,500.0,0.995,0.1,500,0.4,0.1,10,200,50,False
data101.vrp,sa,random,True,71,4448.776235076591,22,2186.4739015194077,49,2262.302333557183,50.8522392230014,46.17535719999796,44218,0.75,2,500.0,0.995,0.1,500,0.6,0.2,10,200,50,False
data101.vrp,sa,random,True,71,4448.776235076591,21,2035.8312247911633,50,2412.945010285427,54.238399118850836,53.66341139999713,53010,0.75,2,500.0,0.995,0.1,500,0.6,0.3,10,200,50,False
data101.vrp,sa,random,True,71,4448.776235076591,21,2049.938064673584,50,2398.8381704030066,53.92130427889925,106.08649679999871,93675,0.75,2,500.0,0.995,0.1,500,0.4,0.3,10,200,50,False
data101.vrp,sa,random,True,71,4448.776235076591,21,2060.0460027416657,50,2388.730232334925,53.6940971204815,129.53990820000035,85077,0.75,2,500.0,0.995,0.1,500,0.4,0.2,10,200,50,False
data101.vrp,sa,random,True,71,4448.776235076591,21,2076.3677664572474,50,2372.4084686193432,53.32721501958166,122.61437719999958,82707,0.75,2,500.0,0.995,0.1,500,0.6,0.1,10,200,50,False
data101.vrp,sa,random,True,71,4448.776235076591,22,2172.4404169890176,49,2276.335818087573,51.16768517462608,38.562447399999655,42270,0.75,2,500.0,0.995,0.1,500,0.8,0.2,10,200,50,False
data101.vrp,sa,random,True,71,4448.776235076591,21,2064.395397584104,50,2384.3808374924865,53.59633102453481,84.23808040000222,70086,0.75,2,500.0,0.995,0.1,500,0.8,0.1,10,200,50,False
data101.vrp,sa,random,True,71,4448.776235076591,22,2148.6298634474174,49,2300.1463716291732,51.70290097967972,86.68049489999976,80605,0.75,2,500.0,0.995,0.1,600,0.6,0.2,10,200,50,False
data101.vrp,sa,random,True,71,4448.776235076591,20,2009.761890304885,51,2439.0143447717055,54.824388009025476,114.28940820000207,74146,0.75,2,500.0,0.995,0.1,600,0.6,0.1,10,200,50,False
data101.vrp,sa,random,True,71,4448.776235076591,21,2098.925523392779,50,2349.850711683812,52.820159691474274,147.27235640000072,99171,0.75,2,500.0,0.995,0.1,600,0.4,0.2,10,200,50,False
data101.vrp,sa,random,True,71,4448.776235076591,20,1944.259475835421,51,2504.51675924117,56.29675728561456,140.09838119999768,103806,0.75,2,500.0,0.995,0.1,600,0.4,0.3,10,200,50,False
data101.vrp,sa,random,True,71,4448.776235076591,21,2061.3292997543267,50,2387.446935322264,53.66525105260012,195.94390890000068,97515,0.75,2,500.0,0.995,0.1,600,0.4,0.1,10,200,50,False
data101.vrp,sa,random,True,71,4448.776235076591,22,2170.9176746015405,49,2277.85856047505,51.20191351759085,63.19983930000308,61251,0.75,2,500.0,0.995,0.1,600,0.8,0.1,10,200,50,False
data101.vrp,sa,random,True,71,4448.776235076591,22,2093.7879912261733,49,2354.9882438504173,52.93564161043657,94.0734947000019,112502,0.75,2,500.0,0.995,0.1,600,0.6,0.3,10,200,50,False
data101.vrp,sa,random,True,71,4448.776235076591,20,1996.011628745766,51,2452.764606330825,55.13346764874088,99.88424789999772,93998,0.75,2,500.0,0.995,0.1,600,0.8,0.2,10,200,50,False
data101.vrp,sa,random,True,71,4448.776235076591,20,2009.8731272942769,51,2438.903107782314,54.82188761378163,100.26596459999928,60574,0.75,2,500.0,0.995,0.1,700,0.4,0.2,10,200,50,False
data101.vrp,sa,random,True,71,4448.776235076591,20,1996.2528150042385,51,2452.523420072352,55.128046241915094,209.12991089999923,96124,0.75,2,500.0,0.995,0.1,700,0.4,0.1,10,200,50,False
data101.vrp,sa,random,True,71,4448.776235076591,20,1980.3126085187428,51,2468.463626557848,55.48635166442239,146.14767690000008,106229,0.75,2,500.0,0.995,0.1,700,0.6,0.2,10,200,50,False
data101.vrp,sa,random,True,71,4448.776235076591,20,1971.6249397331633,51,2477.1512953434276,55.681633879722,120.24086439999883,117730,0.75,2,500.0,0.995,0.1,700,0.6,0.3,10,200,50,False
data101.vrp,sa,random,True,71,4448.776235076591,22,2139.5976529314676,49,2309.178582145123,51.90592783557629,43.75124080000023,52332,0.75,2,500.0,0.995,0.1,700,0.8,0.2,10,200,50,False
data101.vrp,sa,random,True,71,4448.776235076591,20,1965.2996462541569,51,2483.4765888224338,55.82381440633815,251.0931918999995,187532,0.75,2,500.0,0.995,0.1,700,0.4,0.3,10,200,50,False
data101.vrp,sa,random,True,71,4448.776235076591,21,2095.48026319994,50,2353.2959718766506,52.8976025658916,99.50053520000074,83866,0.75,2,500.0,0.995,0.1,700,0.8,0.1,10,200,50,False
data101.vrp,sa,random,True,72,4495.8579072864895,20,1657.5924534993758,52,2838.265453787114,63.13067521967508,97.94967630000247,27576,0.75,3,400.0,0.95,0.01,400,0.4,0.2,10,200,50,False
data101.vrp,sa,random,True,72,4495.8579072864895,19,1672.3028368240332,53,2823.5550704624566,62.803476637602095,88.8219530000024,28110,0.75,3,400.0,0.95,0.01,400,0.4,0.3,10,200,50,False
data101.vrp,sa,random,True,72,4495.8579072864895,20,1701.4142079735107,52,2794.443699312979,62.15596126345522,85.25943380000172,27825,0.75,3,400.0,0.95,0.01,400,0.6,0.1,10,200,50,False
data101.vrp,sa,random,True,72,4495.8579072864895,19,1657.8859656584373,53,2837.9719416280523,63.12414671799386,149.52481900000203,27780,0.75,3,400.0,0.95,0.01,400,0.4,0.1,10,200,50,False
data101.vrp,sa,random,True,71,4448.776235076591,20,1984.3002159871025,51,2464.476019089488,55.39671785823274,343.3464942000028,206051,0.75,2,500.0,0.995,0.1,700,0.6,0.1,10,200,50,False
data101.vrp,sa,random,True,72,4495.8579072864895,20,1648.8589162943267,52,2846.998990992163,63.3249326313894,51.00617870000133,27481,0.75,3,400.0,0.95,0.01,400,0.6,0.3,10,200,50,False
data101.vrp,sa,random,True,72,4495.8579072864895,20,1662.3048130007553,52,2833.553094285734,63.02585964056741,70.40262100000109,27685,0.75,3,400.0,0.95,0.01,400,0.6,0.2,10,200,50,False
data101.vrp,sa,random,True,72,4495.8579072864895,20,1659.5886364781045,52,2836.269270808385,63.086274728825614,57.041551499998604,27815,0.75,3,400.0,0.95,0.01,400,0.8,0.1,10,200,50,False
data101.vrp,sa,random,True,72,4495.8579072864895,19,1673.6210016745824,53,2822.236905611907,62.77415709775602,69.10534589999952,28299,0.75,3,400.0,0.95,0.01,400,0.8,0.2,10,200,50,False
data101.vrp,sa,random,True,72,4495.8579072864895,20,1664.7819169341794,52,2831.0759903523103,62.97076217119657,83.66312749999997,34562,0.75,3,400.0,0.95,0.01,500,0.4,0.3,10,200,50,False
data101.vrp,sa,random,True,72,4495.8579072864895,20,1653.6815522988265,52,2842.176354987663,63.21766420556385,112.94674300000042,34383,0.75,3,400.0,0.95,0.01,500,0.4,0.2,10,200,50,False
data101.vrp,sa,random,True,72,4495.8579072864895,20,1655.2812116975174,52,2840.576695588972,63.18208346810108,89.08386279999831,34697,0.75,3,400.0,0.95,0.01,500,0.6,0.2,10,200,50,False
data101.vrp,sa,random,True,72,4495.8579072864895,20,1667.330327034531,52,2828.5275802519586,62.914078660442776,110.59787169999981,34608,0.75,3,400.0,0.95,0.01,500,0.6,0.1,10,200,50,False
data101.vrp,sa,random,True,72,4495.8579072864895,19,1689.8492250615866,53,2806.008682224903,62.413197660832914,167.89435349999985,34703,0.75,3,400.0,0.95,0.01,500,0.4,0.1,10,200,50,False
data101.vrp,sa,random,True,72,4495.8579072864895,19,1663.6872890719048,53,2832.1706182145845,62.995109645802025,89.34403490000113,34760,0.75,3,400.0,0.95,0.01,500,0.6,0.3,10,200,50,False
data101.vrp,sa,random,True,72,4495.8579072864895,19,1657.0555225752519,53,2838.8023847112377,63.14261801091082,85.71573390000049,35315,0.75,3,400.0,0.95,0.01,500,0.8,0.2,10,200,50,False
data101.vrp,sa,random,True,72,4495.8579072864895,19,1660.7708253035853,53,2835.0870819829042,63.059979662347544,97.54783769999995,35358,0.75,3,400.0,0.95,0.01,500,0.8,0.1,10,200,50,False
data101.vrp,sa,random,True,72,4495.8579072864895,20,1648.707689248104,52,2847.1502180383854,63.32829632858227,179.8685521999978,41423,0.75,3,400.0,0.95,0.01,600,0.4,0.1,10,200,50,False
data101.vrp,sa,random,True,72,4495.8579072864895,19,1668.3533283755817,53,2827.504578910908,62.891324352763434,128.43385510000007,41735,0.75,3,400.0,0.95,0.01,600,0.4,0.3,10,200,50,False
data101.vrp,sa,random,True,72,4495.8579072864895,19,1663.0516755536644,53,2832.806231732825,63.009247403964046,160.99192670000048,41995,0.75,3,400.0,0.95,0.01,600,0.4,0.2,10,200,50,False
data101.vrp,sa,random,True,72,4495.8579072864895,20,1692.3622721752915,52,2803.4956351111978,62.35730071823533,104.8495968999996,41675,0.75,3,400.0,0.95,0.01,600,0.6,0.2,10,200,50,False
data101.vrp,sa,random,True,72,4495.8579072864895,19,1670.2477366643245,53,2825.6101706221652,62.84918760538819,146.66020070000013,42220,0.75,3,400.0,0.95,0.01,600,0.6,0.1,10,200,50,False
data101.vrp,sa,random,True,72,4495.8579072864895,20,1651.7479295810185,52,2844.109977705471,63.26067318755757,83.65234979999877,41451,0.75,3,400.0,0.95,0.01,600,0.8,0.2,10,200,50,False
data101.vrp,sa,random,True,72,4495.8579072864895,20,1651.124071398165,52,2844.7338358883244,63.27454947537001,93.23694360000081,41474,0.75,3,400.0,0.95,0.01,600,0.6,0.3,10,200,50,False
data101.vrp,sa,random,True,72,4495.8579072864895,20,1668.668894286524,52,2827.1890129999656,62.88430531618686,101.99659819999943,41637,0.75,3,400.0,0.95,0.01,600,0.8,0.1,10,200,50,False
data101.vrp,sa,random,True,72,4495.8579072864895,20,1646.3126867314604,52,2849.545220555029,63.38156764111112,197.69760899999892,48296,0.75,3,400.0,0.95,0.01,700,0.4,0.1,10,200,50,False
data101.vrp,sa,random,True,72,4495.8579072864895,19,1658.893602208593,53,2836.964305077897,63.101734164685126,161.78498579999723,48583,0.75,3,400.0,0.95,0.01,700,0.4,0.2,10,200,50,False
data101.vrp,sa,random,True,72,4495.8579072864895,19,1663.9995404762099,53,2831.8583668102797,62.988164332788486,128.66487150000103,48955,0.75,3,400.0,0.95,0.01,700,0.6,0.2,10,200,50,False
data101.vrp,sa,random,True,72,4495.8579072864895,19,1675.815901006873,53,2820.0420062796165,62.72533661949461,155.1568756000015,48411,0.75,3,400.0,0.95,0.01,700,0.4,0.3,10,200,50,False
data101.vrp,sa,random,True,72,4495.8579072864895,19,1666.0031536592874,53,2829.854753627202,62.94359857416364,170.19254899999942,49290,0.75,3,400.0,0.95,0.01,700,0.6,0.1,10,200,50,False
data101.vrp,sa,random,True,72,4495.8579072864895,20,1670.154412717403,52,2825.7034945690866,62.85126338155474,95.79892329999711,48090,0.75,3,400.0,0.95,0.01,700,0.6,0.3,10,200,50,False
data101.vrp,sa,random,True,72,4495.8579072864895,20,1665.1684273444262,52,2830.6894799420634,62.96216513770001,96.67422879999867,48746,0.75,3,400.0,0.95,0.01,700,0.8,0.2,10,200,50,False
data101.vrp,sa,random,True,72,4495.8579072864895,19,1661.8480625446714,53,2834.009844741818,63.03601900203975,134.6431883999976,49621,0.75,3,400.0,0.95,0.01,700,0.8,0.1,10,200,50,False
data101.vrp,sa,random,True,72,4495.8579072864895,20,1657.5924534993758,52,2838.265453787114,63.13067521967508,87.65242450000005,27539,0.75,3,400.0,0.95,0.1,400,0.4,0.2,10,200,50,False
data101.vrp,sa,random,True,72,4495.8579072864895,19,1657.8859656584373,53,2837.9719416280523,63.12414671799386,116.96904259999792,27702,0.75,3,400.0,0.95,0.1,400,0.4,0.1,10,200,50,False
data101.vrp,sa,random,True,72,4495.8579072864895,19,1672.3028368240332,53,2823.5550704624566,62.803476637602095,77.64453009999852,28045,0.75,3,400.0,0.95,0.1,400,0.4,0.3,10,200,50,False
data101.vrp,sa,random,True,72,4495.8579072864895,20,1648.8589162943267,52,2846.998990992163,63.3249326313894,52.231876400001056,27481,0.75,3,400.0,0.95,0.1,400,0.6,0.3,10,200,50,False
data101.vrp,sa,random,True,72,4495.8579072864895,20,1662.3048130007553,52,2833.553094285734,63.02585964056741,62.71820149999985,27640,0.75,3,400.0,0.95,0.1,400,0.6,0.2,10,200,50,False
data101.vrp,sa,random,True,72,4495.8579072864895,20,1701.4142079735107,52,2794.443699312979,62.15596126345522,83.608229700003,27820,0.75,3,400.0,0.95,0.1,400,0.6,0.1,10,200,50,False
data101.vrp,sa,random,True,72,4495.8579072864895,20,1659.5886364781045,52,2836.269270808385,63.086274728825614,56.32513639999888,27799,0.75,3,400.0,0.95,0.1,400,0.8,0.1,10,200,50,False
data101.vrp,sa,random,True,72,4495.8579072864895,19,1673.6210016745824,53,2822.236905611907,62.77415709775602,61.57872189999762,28205,0.75,3,400.0,0.95,0.1,400,0.8,0.2,10,200,50,False
data101.vrp,sa,random,True,72,4495.8579072864895,20,1664.7819169341794,52,2831.0759903523103,62.97076217119657,80.88806250000198,34560,0.75,3,400.0,0.95,0.1,500,0.4,0.3,10,200,50,False
data101.vrp,sa,random,True,72,4495.8579072864895,20,1667.330327034531,52,2828.5275802519586,62.914078660442776,92.75876150000113,34567,0.75,3,400.0,0.95,0.1,500,0.6,0.1,10,200,50,False
data101.vrp,sa,random,True,72,4495.8579072864895,20,1653.6815522988265,52,2842.176354987663,63.21766420556385,104.90805739999996,34367,0.75,3,400.0,0.95,0.1,500,0.4,0.2,10,200,50,False
data101.vrp,sa,random,True,72,4495.8579072864895,20,1655.2812116975174,52,2840.576695588972,63.18208346810108,81.240239499999,34664,0.75,3,400.0,0.95,0.1,500,0.6,0.2,10,200,50,False
data101.vrp,sa,random,True,72,4495.8579072864895,19,1689.8492250615866,53,2806.008682224903,62.413197660832914,156.41374369999903,34684,0.75,3,400.0,0.95,0.1,500,0.4,0.1,10,200,50,False
data101.vrp,sa,random,True,72,4495.8579072864895,19,1663.6872890719048,53,2832.1706182145845,62.995109645802025,79.06878449999931,34716,0.75,3,400.0,0.95,0.1,500,0.6,0.3,10,200,50,False
data101.vrp,sa,random,True,72,4495.8579072864895,19,1657.0555225752519,53,2838.8023847112377,63.14261801091082,80.00012849999985,35247,0.75,3,400.0,0.95,0.1,500,0.8,0.2,10,200,50,False
data101.vrp,sa,random,True,72,4495.8579072864895,19,1660.7708253035853,53,2835.0870819829042,63.059979662347544,89.9351263000026,35248,0.75,3,400.0,0.95,0.1,500,0.8,0.1,10,200,50,False
data101.vrp,sa,random,True,72,4495.8579072864895,19,1668.3533283755817,53,2827.504578910908,62.891324352763434,117.33997299999828,41633,0.75,3,400.0,0.95,0.1,600,0.4,0.3,10,200,50,False
data101.vrp,sa,random,True,72,4495.8579072864895,20,1648.707689248104,52,2847.1502180383854,63.32829632858227,172.45024240000203,41394,0.75,3,400.0,0.95,0.1,600,0.4,0.1,10,200,50,False
data101.vrp,sa,random,True,72,4495.8579072864895,19,1663.0516755536644,53,2832.806231732825,63.009247403964046,144.50495090000186,41872,0.75,3,400.0,0.95,0.1,600,0.4,0.2,10,200,50,False
data101.vrp,sa,random,True,72,4495.8579072864895,20,1692.3622721752915,52,2803.4956351111978,62.35730071823533,102.41198290000102,41661,0.75,3,400.0,0.95,0.1,600,0.6,0.2,10,200,50,False
data101.vrp,sa,random,True,72,4495.8579072864895,19,1670.2477366643245,53,2825.6101706221652,62.84918760538819,135.138369100001,42118,0.75,3,400.0,0.95,0.1,600,0.6,0.1,10,200,50,False
data101.vrp,sa,random,True,72,4495.8579072864895,20,1651.124071398165,52,2844.7338358883244,63.27454947537001,86.4182434999966,41461,0.75,3,400.0,0.95,0.1,600,0.6,0.3,10,200,50,False
data101.vrp,sa,random,True,72,4495.8579072864895,20,1651.7479295810185,52,2844.109977705471,63.26067318755757,82.39981890000126,41437,0.75,3,400.0,0.95,0.1,600,0.8,0.2,10,200,50,False
data101.vrp,sa,random,True,72,4495.8579072864895,20,1668.668894286524,52,2827.1890129999656,62.88430531618686,97.0851496000032,41601,0.75,3,400.0,0.95,0.1,600,0.8,0.1,10,200,50,False
data101.vrp,sa,random,True,72,4495.8579072864895,19,1658.893602208593,53,2836.964305077897,63.101734164685126,163.43381919999956,48583,0.75,3,400.0,0.95,0.1,700,0.4,0.2,10,200,50,False
data101.vrp,sa,random,True,72,4495.8579072864895,20,1646.3126867314604,52,2849.545220555029,63.38156764111112,187.58813850000297,48280,0.75,3,400.0,0.95,0.1,700,0.4,0.1,10,200,50,False
data101.vrp,sa,random,True,72,4495.8579072864895,19,1663.9995404762099,53,2831.8583668102797,62.988164332788486,128.5975154000007,48907,0.75,3,400.0,0.95,0.1,700,0.6,0.2,10,200,50,False
data101.vrp,sa,random,True,72,4495.8579072864895,19,1675.815901006873,53,2820.0420062796165,62.72533661949461,152.3692501000005,48394,0.75,3,400.0,0.95,0.1,700,0.4,0.3,10,200,50,False
data101.vrp,sa,random,True,72,4495.8579072864895,19,1666.0031536592874,53,2829.854753627202,62.94359857416364,173.2889624999989,49290,0.75,3,400.0,0.95,0.1,700,0.6,0.1,10,200,50,False
data101.vrp,sa,random,True,72,4495.8579072864895,20,1670.154412717403,52,2825.7034945690866,62.85126338155474,93.97384709999824,48089,0.75,3,400.0,0.95,0.1,700,0.6,0.3,10,200,50,False
data101.vrp,sa,random,True,72,4495.8579072864895,19,1661.8480625446714,53,2834.009844741818,63.03601900203975,124.74647510000068,49494,0.75,3,400.0,0.95,0.1,700,0.8,0.1,10,200,50,False
data101.vrp,sa,random,True,72,4495.8579072864895,20,1665.1684273444262,52,2830.6894799420634,62.96216513770001,95.75599199999851,48732,0.75,3,400.0,0.95,0.1,700,0.8,0.2,10,200,50,False
data101.vrp,sa,random,True,72,4495.8579072864895,22,2135.7064314632785,50,2360.151475823211,52.49613142795474,92.65329960000236,53861,0.75,3,400.0,0.99,0.01,400,0.4,0.1,10,200,50,False
data101.vrp,sa,random,True,72,4495.8579072864895,21,2077.8420308016657,51,2418.015876484824,53.7831916922,66.02960600000006,53594,0.75,3,400.0,0.99,0.01,400,0.6,0.2,10,200,50,False
data101.vrp,sa,random,True,72,4495.8579072864895,21,2048.2267775295536,51,2447.631129756936,54.44191476314302,81.83914890000233,82541,0.75,3,400.0,0.99,0.01,400,0.6,0.3,10,200,50,False
data101.vrp,sa,random,True,72,4495.8579072864895,20,1936.1569758923547,52,2559.700931394135,56.93464927451549,134.6826731000001,98312,0.75,3,400.0,0.99,0.01,400,0.4,0.3,10,200,50,False
data101.vrp,sa,random,True,72,4495.8579072864895,21,2053.3430866600966,51,2442.514820626393,54.32811425529665,66.33973560000231,56883,0.75,3,400.0,0.99,0.01,400,0.8,0.1,10,200,50,False
data101.vrp,sa,random,True,72,4495.8579072864895,22,2111.42932934617,50,2384.4285779403194,53.03611962637538,49.86833939999997,61190,0.75,3,400.0,0.99,0.01,400,0.8,0.2,10,200,50,False
data101.vrp,sa,random,True,72,4495.8579072864895,21,2057.309692090866,51,2438.5482151956235,54.23988625715772,90.94016340000235,72949,0.75,3,400.0,0.99,0.01,500,0.4,0.3,10,200,50,False
data101.vrp,sa,random,True,72,4495.8579072864895,21,2066.9594957897984,51,2428.898411496691,54.02524860850578,129.87303350000002,83477,0.75,3,400.0,0.99,0.01,500,0.4,0.2,10,200,50,False
data101.vrp,sa,random,True,72,4495.8579072864895,21,2059.359232084605,51,2436.4986752018845,54.19429896245214,71.52168979999988,49997,0.75,3,400.0,0.99,0.01,500,0.6,0.1,10,200,50,False
data101.vrp,sa,random,True,72,4495.8579072864895,19,1678.0589093622993,53,2817.79899792419,62.67544606686414,361.4546502000012,140499,0.75,3,400.0,0.99,0.01,400,0.4,0.2,10,200,50,False
data101.vrp,sa,random,True,72,4495.8579072864895,21,2078.735161379585,51,2417.1227459069046,53.763326060404296,102.23349700000108,80663,0.75,3,400.0,0.99,0.01,500,0.6,0.2,10,200,50,False
data101.vrp,sa,random,True,72,4495.8579072864895,20,1997.361395088334,52,2498.496512198156,55.5732979938893,87.67052730000069,67486,0.75,3,400.0,0.99,0.01,500,0.8,0.1,10,200,50,False
data101.vrp,sa,random,True,72,4495.8579072864895,20,1986.1333969373704,52,2509.724510349119,55.8230389417241,97.4147204999972,87155,0.75,3,400.0,0.99,0.01,500,0.6,0.3,10,200,50,False
data101.vrp,sa,random,True,72,4495.8579072864895,19,1666.7664030826443,53,2829.091504203845,62.926621849385036,407.0750788000005,141971,0.75,3,400.0,0.99,0.01,400,0.6,0.1,10,200,50,False
data101.vrp,sa,random,True,72,4495.8579072864895,21,2040.134757093176,51,2455.723150193314,54.62190311249149,98.16739909999887,50230,0.75,3,400.0,0.99,0.01,600,0.4,0.1,10,200,50,False
data101.vrp,sa,random,True,72,4495.8579072864895,21,2055.999631696638,51,2439.8582755898515,54.26902553204683,128.4622711999982,86499,0.75,3,400.0,0.99,0.01,600,0.4,0.2,10,200,50,False
data101.vrp,sa,random,True,72,4495.8579072864895,20,1992.8797719171444,52,2502.978135369345,55.672981374983834,122.46919519999938,93132,0.75,3,400.0,0.99,0.01,600,0.6,0.2,10,200,50,False
data101.vrp,sa,random,True,72,4495.8579072864895,20,1986.641528078341,52,2509.2163792081483,55.811736735305445,163.81118770000103,99785,0.75,3,400.0,0.99,0.01,600,0.6,0.1,10,200,50,False
data101.vrp,sa,random,True,72,4495.8579072864895,19,1669.2269317801124,53,2826.630975506377,62.871893057946146,358.92615809999916,177935,0.75,3,400.0,0.99,0.01,500,0.8,0.2,10,200,50,False
data101.vrp,sa,random,True,72,4495.8579072864895,21,2042.1599165277603,51,2453.6979907587292,54.57685810714774,80.34905459999936,82403,0.75,3,400.0,0.99,0.01,600,0.6,0.3,10,200,50,False
data101.vrp,sa,random,True,72,4495.8579072864895,19,1657.4025260128046,53,2838.455381273685,63.13489971899172,628.1845245999975,177069,0.75,3,400.0,0.99,0.01,500,0.4,0.1,10,200,50,False
data101.vrp,sa,random,True,72,4495.8579072864895,20,1967.2305637968498,52,2528.6273434896398,56.24348890990224,111.54180850000193,92591,0.75,3,400.0,0.99,0.01,600,0.8,0.1,10,200,50,False
data101.vrp,sa,random,True,72,4495.8579072864895,21,2039.3951629691396,51,2456.46274431735,54.638353679642144,99.35386930000095,97964,0.75,3,400.0,0.99,0.01,600,0.8,0.2,10,200,50,False
data101.vrp,sa,random,True,72,4495.8579072864895,21,2065.1664597740064,51,2430.691447512483,54.06513056324651,98.26523059999818,63967,0.75,3,400.0,0.99,0.01,700,0.4,0.2,10,200,50,False
data101.vrp,sa,random,True,72,4495.8579072864895,21,2028.9094684958463,51,2466.948438790643,54.87158379254893,75.98605809999935,59198,0.75,3,400.0,0.99,0.01,700,0.4,0.3,10,200,50,False
data101.vrp,sa,random,True,72,4495.8579072864895,20,2014.7357689040973,52,2481.122138382392,55.186845081585176,159.01028339999903,69967,0.75,3,400.0,0.99,0.01,700,0.4,0.1,10,200,50,False
data101.vrp,sa,random,True,72,4495.8579072864895,19,1659.9438748145228,53,2835.9140324719665,63.07837327055571,494.6349900999994,211392,0.75,3,400.0,0.99,0.01,600,0.4,0.3,10,200,50,False
data101.vrp,sa,random,True,72,4495.8579072864895,20,2002.0055111298868,52,2493.8523961566025,55.47000033330205,137.92798579999726,83930,0.75,3,400.0,0.99,0.01,700,0.6,0.1,10,200,50,False
data101.vrp,sa,random,True,72,4495.8579072864895,21,2070.04302116727,51,2425.8148861192194,53.9566626914003,76.0345920999971,67938,0.75,3,400.0,0.99,0.01,700,0.8,0.1,10,200,50,False
data101.vrp,sa,random,True,72,4495.8579072864895,20,1937.8664981450067,52,2557.991409141483,56.896624891007264,167.43306680000023,148112,0.75,3,400.0,0.99,0.01,700,0.6,0.3,10,200,50,False
data101.vrp,sa,random,True,72,4495.8579072864895,20,1948.169731252077,52,2547.688176034412,56.667453210773054,199.77476269999897,141298,0.75,3,400.0,0.99,0.01,700,0.6,0.2,10,200,50,False
data101.vrp,sa,random,True,72,4495.8579072864895,21,2048.980251682188,51,2446.8776556043017,54.42515546673792,130.84149559999787,126411,0.75,3,400.0,0.99,0.01,700,0.8,0.2,10,200,50,False
data101.vrp,sa,random,True,72,4495.8579072864895,22,2135.7064314632785,50,2360.151475823211,52.49613142795474,96.32623330000206,53861,0.75,3,400.0,0.99,0.1,400,0.4,0.1,10,200,50,False
data101.vrp,sa,random,True,72,4495.8579072864895,21,2077.8420308016657,51,2418.015876484824,53.7831916922,63.84366279999813,53594,0.75,3,400.0,0.99,0.1,400,0.6,0.2,10,200,50,False
data101.vrp,sa,random,True,72,4495.8579072864895,21,2048.2267775295536,51,2447.631129756936,54.44191476314302,82.23036250000223,82541,0.75,3,400.0,0.99,0.1,400,0.6,0.3,10,200,50,False
data101.vrp,sa,random,True,72,4495.8579072864895,20,1936.1569758923547,52,2559.700931394135,56.93464927451549,134.6615791999975,98312,0.75,3,400.0,0.99,0.1,400,0.4,0.3,10,200,50,False
data101.vrp,sa,random,True,72,4495.8579072864895,21,2053.3430866600966,51,2442.514820626393,54.32811425529665,67.31951819999813,56883,0.75,3,400.0,0.99,0.1,400,0.8,0.1,10,200,50,False
data101.vrp,sa,random,True,72,4495.8579072864895,22,2111.42932934617,50,2384.4285779403194,53.03611962637538,51.78223729999809,61190,0.75,3,400.0,0.99,0.1,400,0.8,0.2,10,200,50,False
data101.vrp,sa,random,True,72,4495.8579072864895,21,2057.309692090866,51,2438.5482151956235,54.23988625715772,96.04210489999969,72949,0.75,3,400.0,0.99,0.1,500,0.4,0.3,10,200,50,False
data101.vrp,sa,random,True,72,4495.8579072864895,21,2066.9594957897984,51,2428.898411496691,54.02524860850578,133.97065060000023,83477,0.75,3,400.0,0.99,0.1,500,0.4,0.2,10,200,50,False
data101.vrp,sa,random,True,72,4495.8579072864895,19,1678.0589093622993,53,2817.79899792419,62.67544606686414,368.65074150000146,140499,0.75,3,400.0,0.99,0.1,400,0.4,0.2,10,200,50,False
data101.vrp,sa,random,True,72,4495.8579072864895,21,2059.359232084605,51,2436.4986752018845,54.19429896245214,73.94076679999853,49997,0.75,3,400.0,0.99,0.1,500,0.6,0.1,10,200,50,False
data101.vrp,sa,random,True,72,4495.8579072864895,21,2078.735161379585,51,2417.1227459069046,53.763326060404296,101.11937970000145,80663,0.75,3,400.0,0.99,0.1,500,0.6,0.2,10,200,50,False
data101.vrp,sa,random,True,72,4495.8579072864895,20,1986.1333969373704,52,2509.724510349119,55.8230389417241,95.28295499999876,87155,0.75,3,400.0,0.99,0.1,500,0.6,0.3,10,200,50,False
data101.vrp,sa,random,True,72,4495.8579072864895,19,1666.7664030826443,53,2829.091504203845,62.926621849385036,413.8248339999991,141971,0.75,3,400.0,0.99,0.1,400,0.6,0.1,10,200,50,False
data101.vrp,sa,random,True,72,4495.8579072864895,20,1997.361395088334,52,2498.496512198156,55.5732979938893,85.5254311000026,67486,0.75,3,400.0,0.99,0.1,500,0.8,0.1,10,200,50,False
data101.vrp,sa,random,True,72,4495.8579072864895,21,2040.134757093176,51,2455.723150193314,54.62190311249149,97.69080020000183,50230,0.75,3,400.0,0.99,0.1,600,0.4,0.1,10,200,50,False
data101.vrp,sa,random,True,72,4495.8579072864895,21,2055.999631696638,51,2439.8582755898515,54.26902553204683,127.25867500000095,86499,0.75,3,400.0,0.99,0.1,600,0.4,0.2,10,200,50,False
data101.vrp,sa,random,True,72,4495.8579072864895,20,1986.641528078341,52,2509.2163792081483,55.811736735305445,163.27908910000042,99785,0.75,3,400.0,0.99,0.1,600,0.6,0.1,10,200,50,False
data101.vrp,sa,random,True,72,4495.8579072864895,20,1992.8797719171444,52,2502.978135369345,55.672981374983834,121.70685409999714,93132,0.75,3,400.0,0.99,0.1,600,0.6,0.2,10,200,50,False
data101.vrp,sa,random,True,72,4495.8579072864895,19,1669.2269317801124,53,2826.630975506377,62.871893057946146,362.4150507000013,177935,0.75,3,400.0,0.99,0.1,500,0.8,0.2,10,200,50,False
data101.vrp,sa,random,True,72,4495.8579072864895,21,2042.1599165277603,51,2453.6979907587292,54.57685810714774,80.87720190000255,82403,0.75,3,400.0,0.99,0.1,600,0.6,0.3,10,200,50,False
data101.vrp,sa,random,True,72,4495.8579072864895,19,1657.4025260128046,53,2838.455381273685,63.13489971899172,640.1332645000039,177069,0.75,3,400.0,0.99,0.1,500,0.4,0.1,10,200,50,False
data101.vrp,sa,random,True,72,4495.8579072864895,20,1967.2305637968498,52,2528.6273434896398,56.24348890990224,115.01306189999741,92591,0.75,3,400.0,0.99,0.1,600,0.8,0.1,10,200,50,False
data101.vrp,sa,random,True,72,4495.8579072864895,21,2039.3951629691396,51,2456.46274431735,54.638353679642144,98.27729230000114,97964,0.75,3,400.0,0.99,0.1,600,0.8,0.2,10,200,50,False
data101.vrp,sa,random,True,72,4495.8579072864895,21,2028.9094684958463,51,2466.948438790643,54.87158379254893,74.66818330000388,59198,0.75,3,400.0,0.99,0.1,700,0.4,0.3,10,200,50,False
data101.vrp,sa,random,True,72,4495.8579072864895,21,2065.1664597740064,51,2430.691447512483,54.06513056324651,99.29311889999371,63967,0.75,3,400.0,0.99,0.1,700,0.4,0.2,10,200,50,False
data101.vrp,sa,random,True,72,4495.8579072864895,20,2014.7357689040973,52,2481.122138382392,55.186845081585176,157.56074880000233,69967,0.75,3,400.0,0.99,0.1,700,0.4,0.1,10,200,50,False
data101.vrp,sa,random,True,72,4495.8579072864895,19,1659.9438748145228,53,2835.9140324719665,63.07837327055571,500.5569442999986,211392,0.75,3,400.0,0.99,0.1,600,0.4,0.3,10,200,50,False
data101.vrp,sa,random,True,72,4495.8579072864895,20,2002.0055111298868,52,2493.8523961566025,55.47000033330205,139.46579429999838,83930,0.75,3,400.0,0.99,0.1,700,0.6,0.1,10,200,50,False
data101.vrp,sa,random,True,72,4495.8579072864895,21,2070.04302116727,51,2425.8148861192194,53.9566626914003,77.01922319999721,67938,0.75,3,400.0,0.99,0.1,700,0.8,0.1,10,200,50,False
data101.vrp,sa,random,True,72,4495.8579072864895,20,1937.8664981450067,52,2557.991409141483,56.896624891007264,169.04273159999866,148112,0.75,3,400.0,0.99,0.1,700,0.6,0.3,10,200,50,False
data101.vrp,sa,random,True,72,4495.8579072864895,21,2082.7688604445016,51,2413.089046841988,53.67360571896781,57.922905299994454,37949,0.75,3,400.0,0.995,0.01,400,0.4,0.2,10,200,50,False
data101.vrp,sa,random,True,72,4495.8579072864895,22,2124.8868590353213,50,2370.971048251168,52.736787886656906,82.66895199999999,46032,0.75,3,400.0,0.995,0.01,400,0.4,0.1,10,200,50,False
data101.vrp,sa,random,True,72,4495.8579072864895,21,2048.980251682188,51,2446.8776556043017,54.42515546673792,134.6653146999961,126411,0.75,3,400.0,0.99,0.1,700,0.8,0.2,10,200,50,False
data101.vrp,sa,random,True,72,4495.8579072864895,20,1948.169731252077,52,2547.688176034412,56.667453210773054,204.71108509999613,141298,0.75,3,400.0,0.99,0.1,700,0.6,0.2,10,200,50,False
data101.vrp,sa,random,True,72,4495.8579072864895,21,2102.3706176207593,51,2393.4872896657303,53.237609796043095,45.329122299997834,36740,0.75,3,400.0,0.995,0.01,400,0.4,0.3,10,200,50,False
data101.vrp,sa,random,True,72,4495.8579072864895,22,2119.3088006007124,50,2376.549106685777,52.860858943830856,39.80975580000086,37188,0.75,3,400.0,0.995,0.01,400,0.6,0.2,10,200,50,False
data101.vrp,sa,random,True,72,4495.8579072864895,21,2049.6702235625003,51,2446.1876837239893,54.40980863206162,51.71675239999604,46428,0.75,3,400.0,0.995,0.01,400,0.8,0.1,10,200,50,False
data101.vrp,sa,random,True,72,4495.8579072864895,20,1993.4609647981715,52,2502.396942488318,55.6600540785031,101.25544529999752,63079,0.75,3,400.0,0.995,0.01,400,0.6,0.1,10,200,50,False
data101.vrp,sa,random,True,72,4495.8579072864895,21,2045.1911129617254,51,2450.666794324764,54.50943612681664,82.17132539999875,79550,0.75,3,400.0,0.995,0.01,400,0.6,0.3,10,200,50,False
data101.vrp,sa,random,True,72,4495.8579072864895,20,1991.8584118541467,52,2503.999495432343,55.69569917621465,69.64021670000511,68527,0.75,3,400.0,0.995,0.01,400,0.8,0.2,10,200,50,False
data101.vrp,sa,random,True,72,4495.8579072864895,21,2071.227630698981,51,2424.6302765875084,53.930313781889815,75.71528590000526,52229,0.75,3,400.0,0.995,0.01,500,0.4,0.2,10,200,50,False
data101.vrp,sa,random,True,72,4495.8579072864895,21,2075.044455262599,51,2420.8134520238905,53.845417314022534,95.54556820000289,51305,0.75,3,400.0,0.995,0.01,500,0.4,0.1,10,200,50,False
data101.vrp,sa,random,True,72,4495.8579072864895,21,2082.636451038686,51,2413.2214562478034,53.67655086110855,66.65061520000017,56224,0.75,3,400.0,0.995,0.01,500,0.6,0.2,10,200,50,False
data101.vrp,sa,random,True,72,4495.8579072864895,22,2106.407564683415,50,2389.4503426030747,53.14781721038079,88.0859813000061,66846,0.75,3,400.0,0.995,0.01,500,0.6,0.1,10,200,50,False
data101.vrp,sa,random,True,72,4495.8579072864895,21,2054.029903381969,51,2441.8280039045208,54.31283759984989,56.64937310000096,58579,0.75,3,400.0,0.995,0.01,500,0.6,0.3,10,200,50,False
data101.vrp,sa,random,True,72,4495.8579072864895,22,2142.2931103354244,50,2353.564796951065,52.34962593316428,44.58914370000275,51277,0.75,3,400.0,0.995,0.01,500,0.8,0.2,10,200,50,False
data101.vrp,sa,random,True,72,4495.8579072864895,21,2042.9225090633356,51,2452.935398223154,54.55989599332428,157.92253080000228,125343,0.75,3,400.0,0.995,0.01,500,0.4,0.3,10,200,50,False
data101.vrp,sa,random,True,72,4495.8579072864895,20,1976.2163997160628,52,2519.6415075704267,56.04361969462634,123.90150900000299,103286,0.75,3,400.0,0.995,0.01,500,0.8,0.1,10,200,50,False
data101.vrp,sa,random,True,72,4495.8579072864895,21,2034.0055210314583,51,2461.852386255031,54.758233845982495,123.49217960000533,82552,0.75,3,400.0,0.995,0.01,600,0.4,0.2,10,200,50,False
data101.vrp,sa,random,True,72,4495.8579072864895,22,2139.8140455869016,50,2356.043861699588,52.404767016348984,65.46013110000058,61583,0.75,3,400.0,0.995,0.01,600,0.6,0.2,10,200,50,False
data101.vrp,sa,random,True,72,4495.8579072864895,20,1955.7681945153522,52,2540.0897127711373,56.498442903508675,167.34073139999964,120606,0.75,3,400.0,0.995,0.01,600,0.4,0.3,10,200,50,False
data101.vrp,sa,random,True,72,4495.8579072864895,21,2027.2170871224953,51,2468.6408201639942,54.90922691669234,137.36204320000252,97477,0.75,3,400.0,0.995,0.01,600,0.6,0.1,10,200,50,False
data101.vrp,sa,random,True,72,4495.8579072864895,21,2064.6748874933483,51,2431.1830197931413,54.076064455971675,221.61316310000257,110254,0.75,3,400.0,0.995,0.01,600,0.4,0.1,10,200,50,False
data101.vrp,sa,random,True,72,4495.8579072864895,20,1983.3045394424619,52,2512.553367844028,55.88596035857591,111.79153750000114,96370,0.75,3,400.0,0.995,0.01,600,0.6,0.3,10,200,50,False
data101.vrp,sa,random,True,72,4495.8579072864895,21,2067.5013859128176,51,2428.356521373672,54.01319551131734,108.2273284000039,91848,0.75,3,400.0,0.995,0.01,600,0.8,0.1,10,200,50,False
data101.vrp,sa,random,True,72,4495.8579072864895,21,2055.3331589978543,51,2440.5247482886352,54.283849681575745,131.97179310000502,123927,0.75,3,400.0,0.995,0.01,600,0.8,0.2,10,200,50,False
data101.vrp,sa,random,True,72,4495.8579072864895,22,2140.128687782368,50,2355.7292195041214,52.3977685256948,112.49342849999812,77291,0.75,3,400.0,0.995,0.01,700,0.4,0.2,10,200,50,False
data101.vrp,sa,random,True,72,4495.8579072864895,21,2097.432958614273,51,2398.4249486722165,53.34743664351716,167.14448700000503,82748,0.75,3,400.0,0.995,0.01,700,0.4,0.1,10,200,50,False
data101.vrp,sa,random,True,72,4495.8579072864895,20,1993.2344006301826,52,2502.6235066563067,55.66509347638135,186.64633580000373,134511,0.75,3,400.0,0.995,0.01,700,0.4,0.3,10,200,50,False
data101.vrp,sa,random,True,72,4495.8579072864895,21,2078.3021734624313,51,2417.5557338240583,53.77295687895067,97.97857729999669,73182,0.75,3,400.0,0.995,0.01,700,0.8,0.1,10,200,50,False
data101.vrp,sa,random,True,72,4495.8579072864895,21,2051.231471592294,51,2444.6264356941956,54.37508226699427,216.63270790000388,133336,0.75,3,400.0,0.995,0.01,700,0.6,0.1,10,200,50,False
data101.vrp,sa,random,True,72,4495.8579072864895,20,1984.037523915922,52,2511.8203833705675,55.86965680787266,212.87268989999575,135339,0.75,3,400.0,0.995,0.01,700,0.6,0.2,10,200,50,False
data101.vrp,sa,random,True,72,4495.8579072864895,21,2082.7688604445016,51,2413.089046841988,53.67360571896781,62.151313900001696,37949,0.75,3,400.0,0.995,0.1,400,0.4,0.2,10,200,50,False
data101.vrp,sa,random,True,72,4495.8579072864895,22,2124.8868590353213,50,2370.971048251168,52.736787886656906,87.22324110000045,46032,0.75,3,400.0,0.995,0.1,400,0.4,0.1,10,200,50,False
data101.vrp,sa,random,True,72,4495.8579072864895,21,2066.1559445656385,51,2429.701962720851,54.043121753981694,119.90322590000142,105742,0.75,3,400.0,0.995,0.01,700,0.8,0.2,10,200,50,False
data101.vrp,sa,random,True,72,4495.8579072864895,21,2102.3706176207593,51,2393.4872896657303,53.237609796043095,43.80971319999662,36740,0.75,3,400.0,0.995,0.1,400,0.4,0.3,10,200,50,False
data101.vrp,sa,random,True,72,4495.8579072864895,22,2119.3088006007124,50,2376.549106685777,52.860858943830856,39.11187059999793,37188,0.75,3,400.0,0.995,0.1,400,0.6,0.2,10,200,50,False
data101.vrp,sa,random,True,72,4495.8579072864895,20,1936.529477952181,52,2559.3284293343086,56.926363824496654,281.2352866000001,220592,0.75,3,400.0,0.995,0.01,700,0.6,0.3,10,200,50,False
data101.vrp,sa,random,True,72,4495.8579072864895,21,2049.6702235625003,51,2446.1876837239893,54.40980863206162,51.687336299997696,46428,0.75,3,400.0,0.995,0.1,400,0.8,0.1,10,200,50,False
data101.vrp,sa,random,True,72,4495.8579072864895,20,1993.4609647981715,52,2502.396942488318,55.6600540785031,99.4277207999985,63079,0.75,3,400.0,0.995,0.1,400,0.6,0.1,10,200,50,False
data101.vrp,sa,random,True,72,4495.8579072864895,21,2045.1911129617254,51,2450.666794324764,54.50943612681664,80.9440861999974,79550,0.75,3,400.0,0.995,0.1,400,0.6,0.3,10,200,50,False
data101.vrp,sa,random,True,72,4495.8579072864895,20,1991.8584118541467,52,2503.999495432343,55.69569917621465,69.01534659999743,68527,0.75,3,400.0,0.995,0.1,400,0.8,0.2,10,200,50,False
data101.vrp,sa,random,True,72,4495.8579072864895,21,2071.227630698981,51,2424.6302765875084,53.930313781889815,77.68539719999535,52229,0.75,3,400.0,0.995,0.1,500,0.4,0.2,10,200,50,False
data101.vrp,sa,random,True,72,4495.8579072864895,21,2075.044455262599,51,2420.8134520238905,53.845417314022534,96.1300521000012,51305,0.75,3,400.0,0.995,0.1,500,0.4,0.1,10,200,50,False
data101.vrp,sa,random,True,72,4495.8579072864895,22,2106.407564683415,50,2389.4503426030747,53.14781721038079,89.15518429999793,66846,0.75,3,400.0,0.995,0.1,500,0.6,0.1,10,200,50,False
data101.vrp,sa,random,True,72,4495.8579072864895,21,2082.636451038686,51,2413.2214562478034,53.67655086110855,68.07864030000201,56224,0.75,3,400.0,0.995,0.1,500,0.6,0.2,10,200,50,False
data101.vrp,sa,random,True,72,4495.8579072864895,21,2054.029903381969,51,2441.8280039045208,54.31283759984989,56.03489570000238,58579,0.75,3,400.0,0.995,0.1,500,0.6,0.3,10,200,50,False
data101.vrp,sa,random,True,72,4495.8579072864895,22,2142.2931103354244,50,2353.564796951065,52.34962593316428,44.127990499997395,51277,0.75,3,400.0,0.995,0.1,500,0.8,0.2,10,200,50,False
data101.vrp,sa,random,True,72,4495.8579072864895,21,2042.9225090633356,51,2452.935398223154,54.55989599332428,159.9584051999991,125343,0.75,3,400.0,0.995,0.1,500,0.4,0.3,10,200,50,False
data101.vrp,sa,random,True,72,4495.8579072864895,20,1976.2163997160628,52,2519.6415075704267,56.04361969462634,123.76451649999944,103286,0.75,3,400.0,0.995,0.1,500,0.8,0.1,10,200,50,False
data101.vrp,sa,random,True,72,4495.8579072864895,21,2034.0055210314583,51,2461.852386255031,54.758233845982495,121.54037219999736,82552,0.75,3,400.0,0.995,0.1,600,0.4,0.2,10,200,50,False
data101.vrp,sa,random,True,72,4495.8579072864895,22,2139.8140455869016,50,2356.043861699588,52.404767016348984,66.21399369999563,61583,0.75,3,400.0,0.995,0.1,600,0.6,0.2,10,200,50,False
data101.vrp,sa,random,True,72,4495.8579072864895,21,2027.2170871224953,51,2468.6408201639942,54.90922691669234,136.80236320000404,97477,0.75,3,400.0,0.995,0.1,600,0.6,0.1,10,200,50,False
data101.vrp,sa,random,True,72,4495.8579072864895,20,1955.7681945153522,52,2540.0897127711373,56.498442903508675,166.58146359999955,120606,0.75,3,400.0,0.995,0.1,600,0.4,0.3,10,200,50,False
data101.vrp,sa,random,True,72,4495.8579072864895,21,2064.6748874933483,51,2431.1830197931413,54.076064455971675,218.20400979999977,110254,0.75,3,400.0,0.995,0.1,600,0.4,0.1,10,200,50,False
data101.vrp,sa,random,True,72,4495.8579072864895,20,1983.3045394424619,52,2512.553367844028,55.88596035857591,112.90388990000065,96370,0.75,3,400.0,0.995,0.1,600,0.6,0.3,10,200,50,False
data101.vrp,sa,random,True,72,4495.8579072864895,21,2067.5013859128176,51,2428.356521373672,54.01319551131734,109.76111129999481,91848,0.75,3,400.0,0.995,0.1,600,0.8,0.1,10,200,50,False
data101.vrp,sa,random,True,72,4495.8579072864895,22,2140.128687782368,50,2355.7292195041214,52.3977685256948,107.1483986999956,77291,0.75,3,400.0,0.995,0.1,700,0.4,0.2,10,200,50,False
data101.vrp,sa,random,True,72,4495.8579072864895,21,2055.3331589978543,51,2440.5247482886352,54.283849681575745,124.71491960000276,123927,0.75,3,400.0,0.995,0.1,600,0.8,0.2,10,200,50,False
data101.vrp,sa,random,True,72,4495.8579072864895,21,2097.432958614273,51,2398.4249486722165,53.34743664351716,159.6600221999979,82748,0.75,3,400.0,0.995,0.1,700,0.4,0.1,10,200,50,False
data101.vrp,sa,random,True,72,4495.8579072864895,20,1993.2344006301826,52,2502.6235066563067,55.66509347638135,170.59593640000094,134511,0.75,3,400.0,0.995,0.1,700,0.4,0.3,10,200,50,False
data101.vrp,sa,random,True,72,4495.8579072864895,21,2078.3021734624313,51,2417.5557338240583,53.77295687895067,82.5639611000006,73182,0.75,3,400.0,0.995,0.1,700,0.8,0.1,10,200,50,False
data101.vrp,sa,random,True,72,4495.8579072864895,21,2051.231471592294,51,2444.6264356941956,54.37508226699427,194.01492549999966,133336,0.75,3,400.0,0.995,0.1,700,0.6,0.1,10,200,50,False
data101.vrp,sa,random,True,72,4495.8579072864895,20,1984.037523915922,52,2511.8203833705675,55.86965680787266,186.49060560000362,135339,0.75,3,400.0,0.995,0.1,700,0.6,0.2,10,200,50,False
data101.vrp,sa,random,True,72,4495.8579072864895,21,2066.1559445656385,51,2429.701962720851,54.043121753981694,106.46822339999926,105742,0.75,3,400.0,0.995,0.1,700,0.8,0.2,10,200,50,False
data101.vrp,sa,random,True,72,4495.8579072864895,20,1649.3760590793543,52,2846.481848207135,63.31342998171291,100.22298820000287,28500,0.75,3,450.0,0.95,0.01,400,0.4,0.2,10,200,50,False
data101.vrp,sa,random,True,72,4495.8579072864895,20,1936.529477952181,52,2559.3284293343086,56.926363824496654,255.63230920000206,220592,0.75,3,400.0,0.995,0.1,700,0.6,0.3,10,200,50,False
data101.vrp,sa,random,True,72,4495.8579072864895,19,1658.1594284992095,53,2837.69847878728,63.118064167201304,143.60354579999694,29096,0.75,3,450.0,0.95,0.01,400,0.4,0.1,10,200,50,False
data101.vrp,sa,random,True,72,4495.8579072864895,20,1668.4634400070033,52,2827.394467279486,62.88887517323656,84.98480179999751,28468,0.75,3,450.0,0.95,0.01,400,0.4,0.3,10,200,50,False
data101.vrp,sa,random,True,72,4495.8579072864895,20,1666.9454670220007,52,2828.912440264489,62.92263898464489,64.88932260000001,28495,0.75,3,450.0,0.95,0.01,400,0.6,0.2,10,200,50,False
data101.vrp,sa,random,True,72,4495.8579072864895,19,1665.6952374120435,53,2830.162669874446,62.95044746159722,100.78225999999995,29094,0.75,3,450.0,0.95,0.01,400,0.6,0.1,10,200,50,False
data101.vrp,sa,random,True,72,4495.8579072864895,19,1662.9524136337657,53,2832.9054936527236,63.01145525665747,64.24719000000186,28861,0.75,3,450.0,0.95,0.01,400,0.6,0.3,10,200,50,False
data101.vrp,sa,random,True,72,4495.8579072864895,20,1688.0589161499154,52,2807.798991136574,62.45301895742616,67.1407493000006,28787,0.75,3,450.0,0.95,0.01,400,0.8,0.1,10,200,50,False
data101.vrp,sa,random,True,72,4495.8579072864895,19,1688.9689437974948,53,2806.8889634889947,62.43277748924931,65.99651549999544,29120,0.75,3,450.0,0.95,0.01,400,0.8,0.2,10,200,50,False
data101.vrp,sa,random,True,72,4495.8579072864895,19,1700.7907879553675,53,2795.067119331122,62.16982780530327,84.50590679999732,35944,0.75,3,450.0,0.95,0.01,500,0.6,0.2,10,200,50,False
data101.vrp,sa,random,True,72,4495.8579072864895,19,1665.184562583008,53,2830.6733447034812,62.961806246495826,111.62210020000202,36047,0.75,3,450.0,0.95,0.01,500,0.4,0.3,10,200,50,False
data101.vrp,sa,random,True,72,4495.8579072864895,20,1668.4329511540147,52,2827.424956132475,62.889553327520304,110.3806098999994,35540,0.75,3,450.0,0.95,0.01,500,0.6,0.1,10,200,50,False
data101.vrp,sa,random,True,72,4495.8579072864895,19,1668.279343878135,53,2827.5785634083545,62.892969967437466,143.31483409999782,36689,0.75,3,450.0,0.95,0.01,500,0.4,0.2,10,200,50,False
data101.vrp,sa,random,True,72,4495.8579072864895,19,1669.8098397635931,53,2826.0480675228964,62.85892761296319,181.8925120999993,36244,0.75,3,450.0,0.95,0.01,500,0.4,0.1,10,200,50,False
data101.vrp,sa,random,True,72,4495.8579072864895,20,1657.2344425750807,52,2838.623464711409,63.138638347773814,67.01883329999691,35240,0.75,3,450.0,0.95,0.01,500,0.8,0.2,10,200,50,False
data101.vrp,sa,random,True,72,4495.8579072864895,19,1685.0185021718785,53,2810.839405114611,62.5206459607865,95.9115987000041,36070,0.75,3,450.0,0.95,0.01,500,0.6,0.3,10,200,50,False
data101.vrp,sa,random,True,72,4495.8579072864895,19,1674.5257917134243,53,2821.3321155730655,62.75403212811729,87.91229410000233,35779,0.75,3,450.0,0.95,0.01,500,0.8,0.1,10,200,50,False
data101.vrp,sa,random,True,72,4495.8579072864895,20,1656.7605386223274,52,2839.097368664162,63.14917924925526,96.29604570000083,42644,0.75,3,450.0,0.95,0.01,600,0.6,0.2,10,200,50,False
data101.vrp,sa,random,True,72,4495.8579072864895,20,1658.6125123350841,52,2837.2453949514056,63.107986361247065,171.56694370000332,42689,0.75,3,450.0,0.95,0.01,600,0.4,0.1,10,200,50,False
data101.vrp,sa,random,True,72,4495.8579072864895,19,1672.552094630694,53,2823.3058126557953,62.79793247202121,128.33783050000056,43154,0.75,3,450.0,0.95,0.01,600,0.4,0.3,10,200,50,False
data101.vrp,sa,random,True,72,4495.8579072864895,19,1664.1463084389552,53,2831.7115988475343,62.984899817633156,169.36979539999447,43443,0.75,3,450.0,0.95,0.01,600,0.4,0.2,10,200,50,False
data101.vrp,sa,random,True,72,4495.8579072864895,19,1661.6720219882388,53,2834.1858852982505,63.03993461859309,146.39344690000144,43678,0.75,3,450.0,0.95,0.01,600,0.6,0.1,10,200,50,False
data101.vrp,sa,random,True,72,4495.8579072864895,20,1649.0135628831456,52,2846.8443444033437,63.32149287435063,102.80666679999558,43053,0.75,3,450.0,0.95,0.01,600,0.6,0.3,10,200,50,False
data101.vrp,sa,random,True,72,4495.8579072864895,20,1665.9262305389655,52,2829.931676747524,62.9453095517325,85.3301066999993,42980,0.75,3,450.0,0.95,0.01,600,0.8,0.2,10,200,50,False
data101.vrp,sa,random,True,72,4495.8579072864895,19,1671.7785074562762,53,2824.0793998302133,62.81513913625239,109.10701529999642,43577,0.75,3,450.0,0.95,0.01,600,0.8,0.1,10,200,50,False
data101.vrp,sa,random,True,72,4495.8579072864895,19,1656.8007874675911,53,2839.057119818898,63.14828400643189,172.06909499999892,50467,0.75,3,450.0,0.95,0.01,700,0.4,0.2,10,200,50,False
data101.vrp,sa,random,True,72,4495.8579072864895,20,1655.5635910117105,52,2840.294316274779,63.17580259090218,199.99551729999803,50437,0.75,3,450.0,0.95,0.01,700,0.4,0.1,10,200,50,False
data101.vrp,sa,random,True,72,4495.8579072864895,19,1659.8386415187936,53,2836.019265767696,63.08071394274553,145.99730439999985,50501,0.75,3,450.0,0.95,0.01,700,0.4,0.3,10,200,50,False
data101.vrp,sa,random,True,72,4495.8579072864895,20,1660.032650107375,52,2835.8252571791145,63.076398668718134,144.06423189999623,49873,0.75,3,450.0,0.95,0.01,700,0.6,0.1,10,200,50,False
data101.vrp,sa,random,True,72,4495.8579072864895,20,1655.7205785392925,52,2840.137328747197,63.17231076507452,126.29956459999812,49847,0.75,3,450.0,0.95,0.01,700,0.6,0.2,10,200,50,False
data101.vrp,sa,random,True,72,4495.8579072864895,20,1649.6412644266861,52,2846.2166428598034,63.3075310998354,104.71569200000522,49748,0.75,3,450.0,0.95,0.01,700,0.6,0.3,10,200,50,False
data101.vrp,sa,random,True,72,4495.8579072864895,20,1649.3760590793543,52,2846.481848207135,63.31342998171291,89.0733104999963,28494,0.75,3,450.0,0.95,0.1,400,0.4,0.2,10,200,50,False
data101.vrp,sa,random,True,72,4495.8579072864895,19,1677.5998218210746,53,2818.258085465415,62.685657411410425,104.9867191999947,50628,0.75,3,450.0,0.95,0.01,700,0.8,0.2,10,200,50,False
data101.vrp,sa,random,True,72,4495.8579072864895,20,1679.1004164425667,52,2816.757490843923,62.652280141655964,122.670392299995,50278,0.75,3,450.0,0.95,0.01,700,0.8,0.1,10,200,50,False
data101.vrp,sa,random,True,72,4495.8579072864895,19,1658.1594284992095,53,2837.69847878728,63.118064167201304,124.97390779999841,29027,0.75,3,450.0,0.95,0.1,400,0.4,0.1,10,200,50,False
data101.vrp,sa,random,True,72,4495.8579072864895,20,1668.4634400070033,52,2827.394467279486,62.88887517323656,74.00046210000437,28450,0.75,3,450.0,0.95,0.1,400,0.4,0.3,10,200,50,False
data101.vrp,sa,random,True,72,4495.8579072864895,20,1666.9454670220007,52,2828.912440264489,62.92263898464489,60.267400899996574,28483,0.75,3,450.0,0.95,0.1,400,0.6,0.2,10,200,50,False
data101.vrp,sa,random,True,72,4495.8579072864895,19,1665.6952374120435,53,2830.162669874446,62.95044746159722,90.60551040000428,29011,0.75,3,450.0,0.95,0.1,400,0.6,0.1,10,200,50,False
data101.vrp,sa,random,True,72,4495.8579072864895,19,1662.9524136337657,53,2832.9054936527236,63.01145525665747,65.62401279999904,28853,0.75,3,450.0,0.95,0.1,400,0.6,0.3,10,200,50,False
data101.vrp,sa,random,True,72,4495.8579072864895,20,1688.0589161499154,52,2807.798991136574,62.45301895742616,61.9144629999937,28729,0.75,3,450.0,0.95,0.1,400,0.8,0.1,10,200,50,False
data101.vrp,sa,random,True,72,4495.8579072864895,19,1688.9689437974948,53,2806.8889634889947,62.43277748924931,60.27258529999381,29066,0.75,3,450.0,0.95,0.1,400,0.8,0.2,10,200,50,False
data101.vrp,sa,random,True,72,4495.8579072864895,19,1665.184562583008,53,2830.6733447034812,62.961806246495826,104.98720540000068,35994,0.75,3,450.0,0.95,0.1,500,0.4,0.3,10,200,50,False
data101.vrp,sa,random,True,72,4495.8579072864895,20,1668.4329511540147,52,2827.424956132475,62.889553327520304,101.27548560000287,35508,0.75,3,450.0,0.95,0.1,500,0.6,0.1,10,200,50,False
data101.vrp,sa,random,True,72,4495.8579072864895,19,1700.7907879553675,53,2795.067119331122,62.16982780530327,84.66116590000456,35944,0.75,3,450.0,0.95,0.1,500,0.6,0.2,10,200,50,False
data101.vrp,sa,random,True,72,4495.8579072864895,19,1668.279343878135,53,2827.5785634083545,62.892969967437466,128.6844917000053,36607,0.75,3,450.0,0.95,0.1,500,0.4,0.2,10,200,50,False
data101.vrp,sa,random,True,72,4495.8579072864895,19,1669.8098397635931,53,2826.0480675228964,62.85892761296319,155.0199294999984,36147,0.75,3,450.0,0.95,0.1,500,0.4,0.1,10,200,50,False
data101.vrp,sa,random,True,72,4495.8579072864895,20,1657.2344425750807,52,2838.623464711409,63.138638347773814,63.6509029000008,35228,0.75,3,450.0,0.95,0.1,500,0.8,0.2,10,200,50,False
data101.vrp,sa,random,True,72,4495.8579072864895,19,1685.0185021718785,53,2810.839405114611,62.5206459607865,77.5358997000003,35970,0.75,3,450.0,0.95,0.1,500,0.6,0.3,10,200,50,False
data101.vrp,sa,random,True,72,4495.8579072864895,19,1674.5257917134243,53,2821.3321155730655,62.75403212811729,85.83762769999885,35779,0.75,3,450.0,0.95,0.1,500,0.8,0.1,10,200,50,False
data101.vrp,sa,random,True,72,4495.8579072864895,20,1656.7605386223274,52,2839.097368664162,63.14917924925526,92.55194640000263,42629,0.75,3,450.0,0.95,0.1,600,0.6,0.2,10,200,50,False
data101.vrp,sa,random,True,72,4495.8579072864895,19,1664.1463084389552,53,2831.7115988475343,62.984899817633156,150.27597239999886,43325,0.75,3,450.0,0.95,0.1,600,0.4,0.2,10,200,50,False
data101.vrp,sa,random,True,72,4495.8579072864895,20,1658.6125123350841,52,2837.2453949514056,63.107986361247065,162.31784160000097,42680,0.75,3,450.0,0.95,0.1,600,0.4,0.1,10,200,50,False
data101.vrp,sa,random,True,72,4495.8579072864895,19,1672.552094630694,53,2823.3058126557953,62.79793247202121,126.20665759999974,43154,0.75,3,450.0,0.95,0.1,600,0.4,0.3,10,200,50,False
data101.vrp,sa,random,True,72,4495.8579072864895,19,1661.6720219882388,53,2834.1858852982505,63.03993461859309,142.3487890999968,43658,0.75,3,450.0,0.95,0.1,600,0.6,0.1,10,200,50,False
data101.vrp,sa,random,True,72,4495.8579072864895,20,1649.0135628831456,52,2846.8443444033437,63.32149287435063,85.39829580000514,42993,0.75,3,450.0,0.95,0.1,600,0.6,0.3,10,200,50,False
data101.vrp,sa,random,True,72,4495.8579072864895,20,1665.9262305389655,52,2829.931676747524,62.9453095517325,81.64857270000357,42959,0.75,3,450.0,0.95,0.1,600,0.8,0.2,10,200,50,False
data101.vrp,sa,random,True,72,4495.8579072864895,19,1671.7785074562762,53,2824.0793998302133,62.81513913625239,105.85590059999959,43577,0.75,3,450.0,0.95,0.1,600,0.8,0.1,10,200,50,False
data101.vrp,sa,random,True,72,4495.8579072864895,20,1655.5635910117105,52,2840.294316274779,63.17580259090218,196.1730816000054,50403,0.75,3,450.0,0.95,0.1,700,0.4,0.1,10,200,50,False
data101.vrp,sa,random,True,72,4495.8579072864895,19,1656.8007874675911,53,2839.057119818898,63.14828400643189,177.56048629999714,50467,0.75,3,450.0,0.95,0.1,700,0.4,0.2,10,200,50,False
data101.vrp,sa,random,True,72,4495.8579072864895,19,1659.8386415187936,53,2836.019265767696,63.08071394274553,142.87393869999505,50473,0.75,3,450.0,0.95,0.1,700,0.4,0.3,10,200,50,False
data101.vrp,sa,random,True,72,4495.8579072864895,20,1660.032650107375,52,2835.8252571791145,63.076398668718134,145.1943659000026,49865,0.75,3,450.0,0.95,0.1,700,0.6,0.1,10,200,50,False
data101.vrp,sa,random,True,72,4495.8579072864895,20,1655.7205785392925,52,2840.137328747197,63.17231076507452,126.262804900005,49847,0.75,3,450.0,0.95,0.1,700,0.6,0.2,10,200,50,False
data101.vrp,sa,random,True,72,4495.8579072864895,22,2174.190554642996,50,2321.6673526434934,51.640140781156354,44.18279220000113,30829,0.75,3,450.0,0.99,0.01,400,0.4,0.2,10,200,50,False
data101.vrp,sa,random,True,72,4495.8579072864895,21,2050.613070186186,51,2445.2448371003034,54.38883718138125,78.42732429999887,40859,0.75,3,450.0,0.99,0.01,400,0.4,0.1,10,200,50,False
data101.vrp,sa,random,True,72,4495.8579072864895,20,1649.6412644266861,52,2846.2166428598034,63.3075310998354,103.02431490000163,49732,0.75,3,450.0,0.95,0.1,700,0.6,0.3,10,200,50,False
data101.vrp,sa,random,True,72,4495.8579072864895,19,1677.5998218210746,53,2818.258085465415,62.685657411410425,101.48257799999556,50584,0.75,3,450.0,0.95,0.1,700,0.8,0.2,10,200,50,False
data101.vrp,sa,random,True,72,4495.8579072864895,20,1679.1004164425667,52,2816.757490843923,62.652280141655964,120.11976300000242,50245,0.75,3,450.0,0.95,0.1,700,0.8,0.1,10,200,50,False
data101.vrp,sa,random,True,72,4495.8579072864895,22,2119.126968292295,50,2376.7309389941947,52.86490338456202,62.709339699998964,55535,0.75,3,450.0,0.99,0.01,400,0.4,0.3,10,200,50,False
data101.vrp,sa,random,True,72,4495.8579072864895,21,2062.1601821244426,51,2433.697725162047,54.13199828263532,51.42687730000034,43247,0.75,3,450.0,0.99,0.01,400,0.6,0.2,10,200,50,False
data101.vrp,sa,random,True,72,4495.8579072864895,21,2060.1514128324447,51,2435.706494454045,54.17667872702264,63.27609069999744,41699,0.75,3,450.0,0.99,0.01,400,0.6,0.1,10,200,50,False
data101.vrp,sa,random,True,72,4495.8579072864895,21,2072.0036366026034,51,2423.854270683886,53.913053318600596,51.95349800000258,53810,0.75,3,450.0,0.99,0.01,400,0.6,0.3,10,200,50,False
data101.vrp,sa,random,True,72,4495.8579072864895,21,2018.3149943458873,51,2477.542912940602,55.10723345871806,66.76130259999627,66292,0.75,3,450.0,0.99,0.01,400,0.8,0.2,10,200,50,False
data101.vrp,sa,random,True,72,4495.8579072864895,20,2014.3111984756415,52,2481.546708810848,55.19628867249065,97.35097149999638,75561,0.75,3,450.0,0.99,0.01,400,0.8,0.1,10,200,50,False
data101.vrp,sa,random,True,72,4495.8579072864895,21,2079.6330128540976,51,2416.224894432392,53.74335542314156,104.15608420000353,55319,0.75,3,450.0,0.99,0.01,500,0.4,0.1,10,200,50,False
data101.vrp,sa,random,True,72,4495.8579072864895,21,2058.421246832875,51,2437.4366604536144,54.215162283114694,103.84318260000146,66687,0.75,3,450.0,0.99,0.01,500,0.4,0.2,10,200,50,False
data101.vrp,sa,random,True,72,4495.8579072864895,21,2086.0697071078453,51,2409.7882001786443,53.600185990599755,89.76763930000016,62999,0.75,3,450.0,0.99,0.01,500,0.6,0.1,10,200,50,False
data101.vrp,sa,random,True,72,4495.8579072864895,20,2004.0141944612142,52,2491.8437128252754,55.425321800911796,117.79483960000653,87066,0.75,3,450.0,0.99,0.01,500,0.4,0.3,10,200,50,False
data101.vrp,sa,random,True,72,4495.8579072864895,21,2050.0366602696226,51,2445.821247016867,54.40165809183817,39.312571800001024,41485,0.75,3,450.0,0.99,0.01,500,0.8,0.2,10,200,50,False
data101.vrp,sa,random,True,72,4495.8579072864895,21,2041.3103684809143,51,2454.547538805575,54.595754345960565,81.00533890000224,84343,0.75,3,450.0,0.99,0.01,500,0.6,0.3,10,200,50,False
data101.vrp,sa,random,True,72,4495.8579072864895,20,1987.1906132167903,52,2508.667294069699,55.79952360157719,136.12809990000096,104377,0.75,3,450.0,0.99,0.01,500,0.6,0.2,10,200,50,False
data101.vrp,sa,random,True,72,4495.8579072864895,20,1979.0868441243497,52,2516.77106316214,55.979773272709075,125.11812579999969,92761,0.75,3,450.0,0.99,0.01,500,0.8,0.1,10,200,50,False
data101.vrp,sa,random,True,72,4495.8579072864895,21,2076.659935118834,51,2419.1979721676557,53.80948468693446,93.01355139999941,62499,0.75,3,450.0,0.99,0.01,600,0.6,0.1,10,200,50,False
data101.vrp,sa,random,True,72,4495.8579072864895,22,2141.086066837675,50,2354.7718404488146,52.37647383455799,64.1597843999989,60131,0.75,3,450.0,0.99,0.01,600,0.6,0.2,10,200,50,False
data101.vrp,sa,random,True,72,4495.8579072864895,20,1905.6339639711591,52,2590.2239433153304,57.61356334499194,211.28453920000175,97556,0.75,3,450.0,0.99,0.01,600,0.4,0.1,10,200,50,False
data101.vrp,sa,random,True,72,4495.8579072864895,21,2034.2850156389165,51,2461.5728916475728,54.75201713243812,182.58454809999967,118467,0.75,3,450.0,0.99,0.01,600,0.4,0.2,10,200,50,False
data101.vrp,sa,random,True,72,4495.8579072864895,20,1992.2097013961748,52,2503.648205890315,55.687885549777334,77.28120900000067,54974,0.75,3,450.0,0.99,0.01,600,0.8,0.1,10,200,50,False
data101.vrp,sa,random,True,72,4495.8579072864895,21,2043.6540148305933,51,2452.2038924558965,54.54362533303334,106.7661772000065,107748,0.75,3,450.0,0.99,0.01,600,0.8,0.2,10,200,50,False
data101.vrp,sa,random,True,72,4495.8579072864895,20,1964.4614752115344,52,2531.396432074955,56.3050809050769,220.3772719999979,123965,0.75,3,450.0,0.99,0.01,700,0.4,0.2,10,200,50,False
data101.vrp,sa,random,True,72,4495.8579072864895,21,1988.3376993614183,51,2507.520207925071,55.77400931335272,254.48166209999908,130127,0.75,3,450.0,0.99,0.01,700,0.4,0.1,10,200,50,False
data101.vrp,sa,random,True,72,4495.8579072864895,20,1909.0552029857586,52,2586.802704300731,57.537465766172666,199.25628739999956,140672,0.75,3,450.0,0.99,0.01,700,0.4,0.3,10,200,50,False
data101.vrp,sa,random,True,72,4495.8579072864895,19,1659.8006316168355,53,2836.057275669654,63.08155938543393,399.51837469999737,217142,0.75,3,450.0,0.99,0.01,600,0.6,0.3,10,200,50,False
data101.vrp,sa,random,True,72,4495.8579072864895,20,1971.507306008487,52,2524.3506012780026,56.148362633675724,93.10720690000016,70156,0.75,3,450.0,0.99,0.01,700,0.6,0.2,10,200,50,False
data101.vrp,sa,random,True,72,4495.8579072864895,19,1656.056400965373,53,2839.8015063211164,63.16484116899284,532.2601712000032,218352,0.75,3,450.0,0.99,0.01,600,0.4,0.3,10,200,50,False
data101.vrp,sa,random,True,72,4495.8579072864895,20,1977.8653295073793,52,2517.9925777791104,56.00694305080617,160.70103590000508,102703,0.75,3,450.0,0.99,0.01,700,0.6,0.1,10,200,50,False
data101.vrp,sa,random,True,72,4495.8579072864895,21,2050.613070186186,51,2445.2448371003034,54.38883718138125,75.61472210000647,40859,0.75,3,450.0,0.99,0.1,400,0.4,0.1,10,200,50,False
data101.vrp,sa,random,True,72,4495.8579072864895,22,2174.190554642996,50,2321.6673526434934,51.640140781156354,41.78125020000152,30829,0.75,3,450.0,0.99,0.1,400,0.4,0.2,10,200,50,False
data101.vrp,sa,random,True,72,4495.8579072864895,20,2006.9593086968314,52,2488.898598589658,55.359814520736315,148.9294299999965,115095,0.75,3,450.0,0.99,0.01,700,0.8,0.1,10,200,50,False
data101.vrp,sa,random,True,72,4495.8579072864895,20,1988.3502189606397,52,2507.50768832585,55.77373084371512,151.04535269999906,137717,0.75,3,450.0,0.99,0.01,700,0.8,0.2,10,200,50,False
data101.vrp,sa,random,True,72,4495.8579072864895,22,2119.126968292295,50,2376.7309389941947,52.86490338456202,66.14633290000347,55535,0.75,3,450.0,0.99,0.1,400,0.4,0.3,10,200,50,False
data101.vrp,sa,random,True,72,4495.8579072864895,21,2060.1514128324447,51,2435.706494454045,54.17667872702264,62.900072000004,41699,0.75,3,450.0,0.99,0.1,400,0.6,0.1,10,200,50,False
data101.vrp,sa,random,True,72,4495.8579072864895,21,2062.1601821244426,51,2433.697725162047,54.13199828263532,49.64416260000144,43247,0.75,3,450.0,0.99,0.1,400,0.6,0.2,10,200,50,False
data101.vrp,sa,random,True,72,4495.8579072864895,21,2072.0036366026034,51,2423.854270683886,53.913053318600596,52.1014398000043,53810,0.75,3,450.0,0.99,0.1,400,0.6,0.3,10,200,50,False
data101.vrp,sa,random,True,72,4495.8579072864895,21,2018.3149943458873,51,2477.542912940602,55.10723345871806,65.44732619999559,66292,0.75,3,450.0,0.99,0.1,400,0.8,0.2,10,200,50,False
data101.vrp,sa,random,True,72,4495.8579072864895,20,2014.3111984756415,52,2481.546708810848,55.19628867249065,95.69384539999737,75561,0.75,3,450.0,0.99,0.1,400,0.8,0.1,10,200,50,False
data101.vrp,sa,random,True,72,4495.8579072864895,21,2079.6330128540976,51,2416.224894432392,53.74335542314156,106.13118979999854,55319,0.75,3,450.0,0.99,0.1,500,0.4,0.1,10,200,50,False
data101.vrp,sa,random,True,72,4495.8579072864895,21,2058.421246832875,51,2437.4366604536144,54.215162283114694,103.11478889999853,66687,0.75,3,450.0,0.99,0.1,500,0.4,0.2,10,200,50,False
data101.vrp,sa,random,True,72,4495.8579072864895,21,2086.0697071078453,51,2409.7882001786443,53.600185990599755,90.20188969999435,62999,0.75,3,450.0,0.99,0.1,500,0.6,0.1,10,200,50,False
data101.vrp,sa,random,True,72,4495.8579072864895,20,2004.0141944612142,52,2491.8437128252754,55.425321800911796,120.1212338999976,87066,0.75,3,450.0,0.99,0.1,500,0.4,0.3,10,200,50,False
data101.vrp,sa,random,True,72,4495.8579072864895,21,2041.3103684809143,51,2454.547538805575,54.595754345960565,79.92371180000191,84343,0.75,3,450.0,0.99,0.1,500,0.6,0.3,10,200,50,False
data101.vrp,sa,random,True,72,4495.8579072864895,21,2050.0366602696226,51,2445.821247016867,54.40165809183817,39.11565349999728,41485,0.75,3,450.0,0.99,0.1,500,0.8,0.2,10,200,50,False
data101.vrp,sa,random,True,72,4495.8579072864895,19,1667.6578190290552,53,2828.2000882574343,62.906794355616476,466.68325480000203,254886,0.75,3,450.0,0.99,0.01,700,0.6,0.3,10,200,50,False
data101.vrp,sa,random,True,72,4495.8579072864895,20,1987.1906132167903,52,2508.667294069699,55.79952360157719,137.18651600000157,104377,0.75,3,450.0,0.99,0.1,500,0.6,0.2,10,200,50,False
data101.vrp,sa,random,True,72,4495.8579072864895,20,1979.0868441243497,52,2516.77106316214,55.979773272709075,128.95122730000003,92761,0.75,3,450.0,0.99,0.1,500,0.8,0.1,10,200,50,False
data101.vrp,sa,random,True,72,4495.8579072864895,21,2076.659935118834,51,2419.1979721676557,53.80948468693446,94.36603969999851,62499,0.75,3,450.0,0.99,0.1,600,0.6,0.1,10,200,50,False
data101.vrp,sa,random,True,72,4495.8579072864895,22,2141.086066837675,50,2354.7718404488146,52.37647383455799,63.51602579999599,60131,0.75,3,450.0,0.99,0.1,600,0.6,0.2,10,200,50,False
data101.vrp,sa,random,True,72,4495.8579072864895,21,2034.2850156389165,51,2461.5728916475728,54.75201713243812,184.0211651999998,118467,0.75,3,450.0,0.99,0.1,600,0.4,0.2,10,200,50,False
data101.vrp,sa,random,True,72,4495.8579072864895,20,1905.6339639711591,52,2590.2239433153304,57.61356334499194,212.24044709999725,97556,0.75,3,450.0,0.99,0.1,600,0.4,0.1,10,200,50,False
data101.vrp,sa,random,True,72,4495.8579072864895,20,1992.2097013961748,52,2503.648205890315,55.687885549777334,74.52724689999741,54974,0.75,3,450.0,0.99,0.1,600,0.8,0.1,10,200,50,False
data101.vrp,sa,random,True,72,4495.8579072864895,21,2043.6540148305933,51,2452.2038924558965,54.54362533303334,108.78579059999902,107748,0.75,3,450.0,0.99,0.1,600,0.8,0.2,10,200,50,False
data101.vrp,sa,random,True,72,4495.8579072864895,20,1964.4614752115344,52,2531.396432074955,56.3050809050769,219.95997130000615,123965,0.75,3,450.0,0.99,0.1,700,0.4,0.2,10,200,50,False
data101.vrp,sa,random,True,72,4495.8579072864895,21,1988.3376993614183,51,2507.520207925071,55.77400931335272,256.46838240000216,130127,0.75,3,450.0,0.99,0.1,700,0.4,0.1,10,200,50,False
data101.vrp,sa,random,True,72,4495.8579072864895,20,1909.0552029857586,52,2586.802704300731,57.537465766172666,202.4785539000004,140672,0.75,3,450.0,0.99,0.1,700,0.4,0.3,10,200,50,False
data101.vrp,sa,random,True,72,4495.8579072864895,19,1659.8006316168355,53,2836.057275669654,63.08155938543393,401.56113560000085,217142,0.75,3,450.0,0.99,0.1,600,0.6,0.3,10,200,50,False
data101.vrp,sa,random,True,72,4495.8579072864895,19,1656.056400965373,53,2839.8015063211164,63.16484116899284,528.2289502000058,218352,0.75,3,450.0,0.99,0.1,600,0.4,0.3,10,200,50,False
data101.vrp,sa,random,True,72,4495.8579072864895,20,1971.507306008487,52,2524.3506012780026,56.148362633675724,91.38834950000455,70156,0.75,3,450.0,0.99,0.1,700,0.6,0.2,10,200,50,False
data101.vrp,sa,random,True,72,4495.8579072864895,23,2256.7956700695827,49,2239.062237216907,49.80278032337348,40.22898890000215,24746,0.75,3,450.0,0.995,0.01,400,0.4,0.1,10,200,50,False
data101.vrp,sa,random,True,72,4495.8579072864895,20,1977.8653295073793,52,2517.9925777791104,56.00694305080617,160.6275769999993,102703,0.75,3,450.0,0.99,0.1,700,0.6,0.1,10,200,50,False
data101.vrp,sa,random,True,72,4495.8579072864895,22,2150.724805997069,50,2345.1331012894207,52.162082291093675,62.363980699999956,43837,0.75,3,450.0,0.995,0.01,400,0.4,0.2,10,200,50,False
data101.vrp,sa,random,True,72,4495.8579072864895,21,2070.8739848403575,51,2424.983922446132,53.93817981916048,81.60219559999678,70534,0.75,3,450.0,0.995,0.01,400,0.4,0.3,10,200,50,False
data101.vrp,sa,random,True,72,4495.8579072864895,20,2006.9593086968314,52,2488.898598589658,55.359814520736315,145.6937676000016,115095,0.75,3,450.0,0.99,0.1,700,0.8,0.1,10,200,50,False
data101.vrp,sa,random,True,72,4495.8579072864895,22,2151.745011293813,50,2344.1128959926764,52.1393901749774,34.51228870000341,27082,0.75,3,450.0,0.995,0.01,400,0.6,0.1,10,200,50,False
data101.vrp,sa,random,True,72,4495.8579072864895,20,1988.3502189606397,52,2507.50768832585,55.77373084371512,152.02069920000213,137717,0.75,3,450.0,0.99,0.1,700,0.8,0.2,10,200,50,False
data101.vrp,sa,random,True,72,4495.8579072864895,20,2003.5126074033801,52,2492.3452998831094,55.43647844927964,52.55910469999799,47787,0.75,3,450.0,0.995,0.01,400,0.6,0.3,10,200,50,False
data101.vrp,sa,random,True,72,4495.8579072864895,21,2084.922918188921,51,2410.9349890975686,53.625693667723304,43.315576100001635,45457,0.75,3,450.0,0.995,0.01,400,0.8,0.2,10,200,50,False
data101.vrp,sa,random,True,72,4495.8579072864895,21,2053.0468281795656,51,2442.811079106924,54.33470384257099,82.80187660000229,70247,0.75,3,450.0,0.995,0.01,400,0.6,0.2,10,200,50,False
data101.vrp,sa,random,True,72,4495.8579072864895,21,2026.7028438207976,51,2469.155063465692,54.92066507404301,103.60955800000374,87110,0.75,3,450.0,0.995,0.01,400,0.8,0.1,10,200,50,False
data101.vrp,sa,random,True,72,4495.8579072864895,23,2195.7185975339767,49,2300.139309752513,51.16129907096597,42.260795499998494,42124,0.75,3,450.0,0.995,0.01,500,0.4,0.3,10,200,50,False
data101.vrp,sa,random,True,72,4495.8579072864895,21,2067.0648341093606,51,2428.793073177129,54.02290560030279,76.21918300000107,54356,0.75,3,450.0,0.995,0.01,500,0.6,0.1,10,200,50,False
data101.vrp,sa,random,True,72,4495.8579072864895,21,2040.1475066715166,51,2455.710400614973,54.62161952749829,153.44681649999984,103130,0.75,3,450.0,0.995,0.01,500,0.4,0.2,10,200,50,False
data101.vrp,sa,random,True,72,4495.8579072864895,21,2063.7268955565023,51,2432.131011729987,54.09715035228769,160.99317059999885,85447,0.75,3,450.0,0.995,0.01,500,0.4,0.1,10,200,50,False
data101.vrp,sa,random,True,72,4495.8579072864895,21,2084.7895615797047,51,2411.068345706785,53.6286598782212,45.03876930000115,48017,0.75,3,450.0,0.995,0.01,500,0.6,0.3,10,200,50,False
data101.vrp,sa,random,True,72,4495.8579072864895,19,1667.6578190290552,53,2828.2000882574343,62.906794355616476,464.34343599999556,254886,0.75,3,450.0,0.99,0.1,700,0.6,0.3,10,200,50,False
data101.vrp,sa,random,True,72,4495.8579072864895,21,2054.090827293541,51,2441.7670799929483,54.31148248781501,82.36488770000142,68979,0.75,3,450.0,0.995,0.01,500,0.8,0.1,10,200,50,False
data101.vrp,sa,random,True,72,4495.8579072864895,20,1983.5136372331874,52,2512.3442700533024,55.88130946001466,124.08305780000228,110773,0.75,3,450.0,0.995,0.01,500,0.8,0.2,10,200,50,False
data101.vrp,sa,random,True,72,4495.8579072864895,20,1971.176620601599,52,2524.6812866848904,56.15571796860194,231.05297730000166,167975,0.75,3,450.0,0.995,0.01,500,0.6,0.2,10,200,50,False
data101.vrp,sa,random,True,72,4495.8579072864895,22,2121.9740984427517,50,2373.883808843738,52.801575534590555,80.27337369999441,70394,0.75,3,450.0,0.995,0.01,600,0.4,0.3,10,200,50,False
data101.vrp,sa,random,True,72,4495.8579072864895,22,2098.0637327607124,50,2397.794174525777,53.333406526030195,123.83473190000223,86130,0.75,3,450.0,0.995,0.01,600,0.4,0.2,10,200,50,False
data101.vrp,sa,random,True,72,4495.8579072864895,21,2063.990888300884,51,2431.8670189856057,54.09127844196878,72.1027705000015,50629,0.75,3,450.0,0.995,0.01,600,0.6,0.1,10,200,50,False
data101.vrp,sa,random,True,72,4495.8579072864895,21,2034.930540452762,51,2460.9273668337273,54.73765892034251,245.28168329999608,120933,0.75,3,450.0,0.995,0.01,600,0.4,0.1,10,200,50,False
data101.vrp,sa,random,True,72,4495.8579072864895,20,1944.9381571124982,52,2550.9197501739914,56.73933213146452,149.51719779999985,110031,0.75,3,450.0,0.995,0.01,600,0.6,0.2,10,200,50,False
data101.vrp,sa,random,True,72,4495.8579072864895,21,2048.1652990595144,51,2447.692608226975,54.44328221005319,109.29898189999949,112675,0.75,3,450.0,0.995,0.01,600,0.8,0.2,10,200,50,False
data101.vrp,sa,random,True,72,4495.8579072864895,20,1982.507517367569,52,2513.3503899189204,55.903688278170534,158.43475310000213,119847,0.75,3,450.0,0.995,0.01,600,0.8,0.1,10,200,50,False
data101.vrp,sa,random,True,72,4495.8579072864895,20,1967.5373689293478,52,2528.3205383571417,56.236664736656,184.44648569999845,161455,0.75,3,450.0,0.995,0.01,600,0.6,0.3,10,200,50,False
data101.vrp,sa,random,True,72,4495.8579072864895,20,1985.399486435811,52,2510.4584208506785,55.8393630897887,137.50412109999888,79553,0.75,3,450.0,0.995,0.01,700,0.4,0.2,10,200,50,False
data101.vrp,sa,random,True,72,4495.8579072864895,21,2042.3170019647393,51,2453.54090532175,54.57336410355113,180.91400669999712,87756,0.75,3,450.0,0.995,0.01,700,0.4,0.1,10,200,50,False
data101.vrp,sa,random,True,72,4495.8579072864895,20,1926.3734742059946,52,2569.484433080495,57.15226072683706,139.8372304000004,105944,0.75,3,450.0,0.995,0.01,700,0.4,0.3,10,200,50,False
data101.vrp,sa,random,True,72,4495.8579072864895,21,2071.4212483950355,51,2424.436658891454,53.92600720236601,124.1676163000011,109354,0.75,3,450.0,0.995,0.01,700,0.6,0.2,10,200,50,False
data101.vrp,sa,random,True,72,4495.8579072864895,23,2256.7956700695827,49,2239.062237216907,49.80278032337348,42.45072419999633,24746,0.75,3,450.0,0.995,0.1,400,0.4,0.1,10,200,50,False
data101.vrp,sa,random,True,72,4495.8579072864895,21,2074.601365233821,51,2421.2565420526685,53.85527283076517,136.5793943000026,136995,0.75,3,450.0,0.995,0.01,700,0.6,0.3,10,200,50,False
data101.vrp,sa,random,True,72,4495.8579072864895,20,2000.2540795966017,52,2495.603827689888,55.508956892192565,236.8268035000001,136429,0.75,3,450.0,0.995,0.01,700,0.6,0.1,10,200,50,False
data101.vrp,sa,random,True,72,4495.8579072864895,22,2150.724805997069,50,2345.1331012894207,52.162082291093675,60.18457330000092,43837,0.75,3,450.0,0.995,0.1,400,0.4,0.2,10,200,50,False
data101.vrp,sa,random,True,72,4495.8579072864895,20,1951.3207796337651,52,2544.5371276527244,56.59736540002217,147.4502436000039,131648,0.75,3,450.0,0.995,0.01,700,0.8,0.2,10,200,50,False
data101.vrp,sa,random,True,72,4495.8579072864895,22,2151.745011293813,50,2344.1128959926764,52.1393901749774,35.2171606999982,27082,0.75,3,450.0,0.995,0.1,400,0.6,0.1,10,200,50,False
data101.vrp,sa,random,True,72,4495.8579072864895,21,2070.8739848403575,51,2424.983922446132,53.93817981916048,80.80235079999693,70534,0.75,3,450.0,0.995,0.1,400,0.4,0.3,10,200,50,False
data101.vrp,sa,random,True,72,4495.8579072864895,20,2003.5126074033801,52,2492.3452998831094,55.43647844927964,50.536215000000084,47787,0.75,3,450.0,0.995,0.1,400,0.6,0.3,10,200,50,False
data101.vrp,sa,random,True,72,4495.8579072864895,21,2053.0468281795656,51,2442.811079106924,54.33470384257099,81.68338939999376,70247,0.75,3,450.0,0.995,0.1,400,0.6,0.2,10,200,50,False
data101.vrp,sa,random,True,72,4495.8579072864895,21,2084.922918188921,51,2410.9349890975686,53.625693667723304,43.045087499995134,45457,0.75,3,450.0,0.995,0.1,400,0.8,0.2,10,200,50,False
data101.vrp,sa,random,True,72,4495.8579072864895,20,1976.1376083748396,52,2519.72029891165,56.045372226464494,244.65024009999615,181148,0.75,3,450.0,0.995,0.01,700,0.8,0.1,10,200,50,False
data101.vrp,sa,random,True,72,4495.8579072864895,21,2026.7028438207976,51,2469.155063465692,54.92066507404301,103.79916580000281,87110,0.75,3,450.0,0.995,0.1,400,0.8,0.1,10,200,50,False
data101.vrp,sa,random,True,72,4495.8579072864895,23,2195.7185975339767,49,2300.139309752513,51.16129907096597,41.07234740000422,42124,0.75,3,450.0,0.995,0.1,500,0.4,0.3,10,200,50,False
data101.vrp,sa,random,True,72,4495.8579072864895,21,2067.0648341093606,51,2428.793073177129,54.02290560030279,76.05219200000283,54356,0.75,3,450.0,0.995,0.1,500,0.6,0.1,10,200,50,False
data101.vrp,sa,random,True,72,4495.8579072864895,21,2084.7895615797047,51,2411.068345706785,53.6286598782212,45.53667030000361,48017,0.75,3,450.0,0.995,0.1,500,0.6,0.3,10,200,50,False
data101.vrp,sa,random,True,72,4495.8579072864895,21,2063.7268955565023,51,2432.131011729987,54.09715035228769,162.11539359999733,85447,0.75,3,450.0,0.995,0.1,500,0.4,0.1,10,200,50,False
data101.vrp,sa,random,True,72,4495.8579072864895,21,2040.1475066715166,51,2455.710400614973,54.62161952749829,155.07563720000326,103130,0.75,3,450.0,0.995,0.1,500,0.4,0.2,10,200,50,False
data101.vrp,sa,random,True,72,4495.8579072864895,21,2054.090827293541,51,2441.7670799929483,54.31148248781501,84.06000739999581,68979,0.75,3,450.0,0.995,0.1,500,0.8,0.1,10,200,50,False
data101.vrp,sa,random,True,72,4495.8579072864895,20,1983.5136372331874,52,2512.3442700533024,55.88130946001466,119.98751639999682,110773,0.75,3,450.0,0.995,0.1,500,0.8,0.2,10,200,50,False
data101.vrp,sa,random,True,72,4495.8579072864895,22,2121.9740984427517,50,2373.883808843738,52.801575534590555,80.46545710000646,70394,0.75,3,450.0,0.995,0.1,600,0.4,0.3,10,200,50,False
data101.vrp,sa,random,True,72,4495.8579072864895,22,2098.0637327607124,50,2397.794174525777,53.333406526030195,122.33015939999314,86130,0.75,3,450.0,0.995,0.1,600,0.4,0.2,10,200,50,False
data101.vrp,sa,random,True,72,4495.8579072864895,20,1971.176620601599,52,2524.6812866848904,56.15571796860194,228.00879610000266,167975,0.75,3,450.0,0.995,0.1,500,0.6,0.2,10,200,50,False
data101.vrp,sa,random,True,72,4495.8579072864895,21,2063.990888300884,51,2431.8670189856057,54.09127844196878,76.62266819999786,50629,0.75,3,450.0,0.995,0.1,600,0.6,0.1,10,200,50,False
data101.vrp,sa,random,True,72,4495.8579072864895,21,2034.930540452762,51,2460.9273668337273,54.73765892034251,246.9620040000009,120933,0.75,3,450.0,0.995,0.1,600,0.4,0.1,10,200,50,False
data101.vrp,sa,random,True,72,4495.8579072864895,20,1944.9381571124982,52,2550.9197501739914,56.73933213146452,148.96724279999762,110031,0.75,3,450.0,0.995,0.1,600,0.6,0.2,10,200,50,False
data101.vrp,sa,random,True,72,4495.8579072864895,21,2048.1652990595144,51,2447.692608226975,54.44328221005319,109.24134780000168,112675,0.75,3,450.0,0.995,0.1,600,0.8,0.2,10,200,50,False
data101.vrp,sa,random,True,72,4495.8579072864895,20,1982.507517367569,52,2513.3503899189204,55.903688278170534,157.84322670000256,119847,0.75,3,450.0,0.995,0.1,600,0.8,0.1,10,200,50,False
data101.vrp,sa,random,True,72,4495.8579072864895,20,1967.5373689293478,52,2528.3205383571417,56.236664736656,184.45285259999946,161455,0.75,3,450.0,0.995,0.1,600,0.6,0.3,10,200,50,False
data101.vrp,sa,random,True,72,4495.8579072864895,20,1985.399486435811,52,2510.4584208506785,55.8393630897887,138.17498919999343,79553,0.75,3,450.0,0.995,0.1,700,0.4,0.2,10,200,50,False
data101.vrp,sa,random,True,72,4495.8579072864895,20,1926.3734742059946,52,2569.484433080495,57.15226072683706,140.9669447999986,105944,0.75,3,450.0,0.995,0.1,700,0.4,0.3,10,200,50,False
data101.vrp,sa,random,True,72,4495.8579072864895,21,2042.3170019647393,51,2453.54090532175,54.57336410355113,181.18648519999988,87756,0.75,3,450.0,0.995,0.1,700,0.4,0.1,10,200,50,False
data101.vrp,sa,random,True,72,4495.8579072864895,21,2071.4212483950355,51,2424.436658891454,53.92600720236601,126.28867210000317,109354,0.75,3,450.0,0.995,0.1,700,0.6,0.2,10,200,50,False
data101.vrp,sa,random,True,72,4495.8579072864895,20,2000.2540795966017,52,2495.603827689888,55.508956892192565,235.6715796999997,136429,0.75,3,450.0,0.995,0.1,700,0.6,0.1,10,200,50,False
data101.vrp,sa,random,True,72,4495.8579072864895,21,2074.601365233821,51,2421.2565420526685,53.85527283076517,133.93238089999795,136995,0.75,3,450.0,0.995,0.1,700,0.6,0.3,10,200,50,False
data101.vrp,sa,random,True,72,4495.8579072864895,20,1652.1443865848673,52,2843.713520701622,63.25185491500483,116.42234099999769,29228,0.75,3,500.0,0.95,0.01,400,0.4,0.1,10,200,50,False
data101.vrp,sa,random,True,72,4495.8579072864895,20,1951.3207796337651,52,2544.5371276527244,56.59736540002217,146.94277860000147,131648,0.75,3,450.0,0.995,0.1,700,0.8,0.2,10,200,50,False
data101.vrp,sa,random,True,72,4495.8579072864895,20,1665.4229265029915,52,2830.434980783498,62.9565043903229,87.15613499999745,29166,0.75,3,500.0,0.95,0.01,400,0.4,0.2,10,200,50,False
data101.vrp,sa,random,True,72,4495.8579072864895,20,1654.3070583366236,52,2841.550848949866,63.2037512650151,79.17867079999996,28930,0.75,3,500.0,0.95,0.01,400,0.4,0.3,10,200,50,False
data101.vrp,sa,random,True,72,4495.8579072864895,20,1976.1376083748396,52,2519.72029891165,56.045372226464494,240.25651159999688,181148,0.75,3,450.0,0.995,0.1,700,0.8,0.1,10,200,50,False
data101.vrp,sa,random,True,72,4495.8579072864895,19,1668.1351617869152,53,2827.7227454995746,62.89617696583897,98.69148150000547,30063,0.75,3,500.0,0.95,0.01,400,0.6,0.1,10,200,50,False
data101.vrp,sa,random,True,72,4495.8579072864895,19,1668.0435578282627,53,2827.814349458227,62.89821448482958,80.10236650000297,29864,0.75,3,500.0,0.95,0.01,400,0.6,0.2,10,200,50,False
data101.vrp,sa,random,True,72,4495.8579072864895,20,1675.725032260137,52,2820.132875026353,62.7273577853902,63.40698080000584,29477,0.75,3,500.0,0.95,0.01,400,0.6,0.3,10,200,50,False
data101.vrp,sa,random,True,72,4495.8579072864895,20,1667.8017496633556,52,2828.056157623134,62.90359295029476,72.20235059999686,29348,0.75,3,500.0,0.95,0.01,400,0.8,0.1,10,200,50,False
data101.vrp,sa,random,True,72,4495.8579072864895,19,1663.4075166163711,53,2832.4503906701184,63.001332539436646,58.75195109999913,29734,0.75,3,500.0,0.95,0.01,400,0.8,0.2,10,200,50,False
data101.vrp,sa,random,True,72,4495.8579072864895,20,1660.507591793318,52,2835.3503154931714,63.06583468525297,104.84514460000355,36933,0.75,3,500.0,0.95,0.01,500,0.4,0.3,10,200,50,False
data101.vrp,sa,random,True,72,4495.8579072864895,19,1656.6367338088955,53,2839.2211734775938,63.15193300206474,135.40245829999913,37330,0.75,3,500.0,0.95,0.01,500,0.4,0.2,10,200,50,False
data101.vrp,sa,random,True,72,4495.8579072864895,20,1681.9855700832754,52,2813.872337203214,62.5881065467558,152.20814339999924,36726,0.75,3,500.0,0.95,0.01,500,0.4,0.1,10,200,50,False
data101.vrp,sa,random,True,72,4495.8579072864895,20,1658.6328937909057,52,2837.225013495584,63.107533022724326,99.93914309999673,36688,0.75,3,500.0,0.95,0.01,500,0.6,0.2,10,200,50,False
data101.vrp,sa,random,True,72,4495.8579072864895,20,1665.751413813893,52,2830.1064934725964,62.94919794697715,119.08131399999547,36986,0.75,3,500.0,0.95,0.01,500,0.6,0.1,10,200,50,False
data101.vrp,sa,random,True,72,4495.8579072864895,20,1669.932244545767,52,2825.9256627407226,62.85620500062317,77.70434539999405,36867,0.75,3,500.0,0.95,0.01,500,0.6,0.3,10,200,50,False
data101.vrp,sa,random,True,72,4495.8579072864895,20,1659.7391199446063,52,2836.118787341883,63.08292757085032,74.39307440000266,36621,0.75,3,500.0,0.95,0.01,500,0.8,0.2,10,200,50,False
data101.vrp,sa,random,True,72,4495.8579072864895,19,1685.172784893707,53,2810.6851223927824,62.51721429713052,108.55919670000003,37277,0.75,3,500.0,0.95,0.01,500,0.8,0.1,10,200,50,False
data101.vrp,sa,random,True,72,4495.8579072864895,20,1646.4671253661074,52,2849.3907819203823,63.37813250953375,147.467401599999,44074,0.75,3,500.0,0.95,0.01,600,0.4,0.2,10,200,50,False
data101.vrp,sa,random,True,72,4495.8579072864895,19,1656.724891488634,53,2839.1330157978555,63.149972137607804,173.073695900006,44513,0.75,3,500.0,0.95,0.01,600,0.4,0.1,10,200,50,False
data101.vrp,sa,random,True,72,4495.8579072864895,20,1676.9334288180066,52,2818.924478468483,62.70047978829177,131.96881600000052,44000,0.75,3,500.0,0.95,0.01,600,0.4,0.3,10,200,50,False
data101.vrp,sa,random,True,72,4495.8579072864895,19,1667.3185693010944,53,2828.539337985395,62.91434018413145,120.0734517000019,44651,0.75,3,500.0,0.95,0.01,600,0.6,0.2,10,200,50,False
data101.vrp,sa,random,True,72,4495.8579072864895,19,1660.0555782210704,53,2835.802329065419,63.07588868565888,148.60185240000283,44537,0.75,3,500.0,0.95,0.01,600,0.6,0.1,10,200,50,False
data101.vrp,sa,random,True,72,4495.8579072864895,19,1664.321637855912,53,2831.5362694305777,62.98100001873888,104.66223790000367,44686,0.75,3,500.0,0.95,0.01,600,0.6,0.3,10,200,50,False
data101.vrp,sa,random,True,72,4495.8579072864895,20,1648.0284644919764,52,2847.829442794513,63.34340411824409,82.77881390000402,44092,0.75,3,500.0,0.95,0.01,600,0.8,0.2,10,200,50,False
data101.vrp,sa,random,True,72,4495.8579072864895,19,1661.1826665010162,53,2834.6752407854733,63.05081920385611,118.42537760000414,45041,0.75,3,500.0,0.95,0.01,600,0.8,0.1,10,200,50,False
data101.vrp,sa,random,True,72,4495.8579072864895,19,1661.885143811406,53,2833.9727634750834,63.03519421470218,138.14641290000145,51798,0.75,3,500.0,0.95,0.01,700,0.4,0.3,10,200,50,False
data101.vrp,sa,random,True,72,4495.8579072864895,20,1665.9496571888708,52,2829.9082500976187,62.944788479883975,119.12768290000531,51332,0.75,3,500.0,0.95,0.01,700,0.6,0.2,10,200,50,False
data101.vrp,sa,random,True,72,4495.8579072864895,19,1656.8839827073512,53,2838.9739245791384,63.146433520018064,198.2241972000047,52000,0.75,3,500.0,0.95,0.01,700,0.4,0.2,10,200,50,False
data101.vrp,sa,random,True,72,4495.8579072864895,20,1666.548476747052,52,2829.3094305394375,62.93146911858452,226.92759419999493,51513,0.75,3,500.0,0.95,0.01,700,0.4,0.1,10,200,50,False
data101.vrp,sa,random,True,72,4495.8579072864895,19,1662.9342430936447,53,2832.9236641928446,63.01185941845476,175.58924560000014,52023,0.75,3,500.0,0.95,0.01,700,0.6,0.1,10,200,50,False
data101.vrp,sa,random,True,72,4495.8579072864895,20,1648.861561025825,52,2846.9963462606647,63.324873805431096,100.92784669999673,51085,0.75,3,500.0,0.95,0.01,700,0.8,0.2,10,200,50,False
data101.vrp,sa,random,True,72,4495.8579072864895,19,1653.966304400257,53,2841.8916028862322,63.21133055118013,134.77936770000088,51685,0.75,3,500.0,0.95,0.01,700,0.6,0.3,10,200,50,False
data101.vrp,sa,random,True,72,4495.8579072864895,20,1665.4229265029915,52,2830.434980783498,62.9565043903229,86.75930710000102,29166,0.75,3,500.0,0.95,0.1,400,0.4,0.2,10,200,50,False
data101.vrp,sa,random,True,72,4495.8579072864895,20,1652.1443865848673,52,2843.713520701622,63.25185491500483,113.0677513000046,29212,0.75,3,500.0,0.95,0.1,400,0.4,0.1,10,200,50,False
data101.vrp,sa,random,True,72,4495.8579072864895,19,1661.2607954109792,53,2834.5971118755106,63.049081406275,150.61298149999493,52711,0.75,3,500.0,0.95,0.01,700,0.8,0.1,10,200,50,False
data101.vrp,sa,random,True,72,4495.8579072864895,20,1654.3070583366236,52,2841.550848949866,63.2037512650151,74.74873559999833,28914,0.75,3,500.0,0.95,0.1,400,0.4,0.3,10,200,50,False
data101.vrp,sa,random,True,72,4495.8579072864895,19,1668.0435578282627,53,2827.814349458227,62.89821448482958,76.38950389999809,29824,0.75,3,500.0,0.95,0.1,400,0.6,0.2,10,200,50,False
data101.vrp,sa,random,True,72,4495.8579072864895,20,1675.725032260137,52,2820.132875026353,62.7273577853902,59.13512869999977,29453,0.75,3,500.0,0.95,0.1,400,0.6,0.3,10,200,50,False
data101.vrp,sa,random,True,72,4495.8579072864895,19,1668.1351617869152,53,2827.7227454995746,62.89617696583897,88.22199009999895,30014,0.75,3,500.0,0.95,0.1,400,0.6,0.1,10,200,50,False
data101.vrp,sa,random,True,72,4495.8579072864895,20,1667.8017496633556,52,2828.056157623134,62.90359295029476,63.95188770000095,29316,0.75,3,500.0,0.95,0.1,400,0.8,0.1,10,200,50,False
data101.vrp,sa,random,True,72,4495.8579072864895,19,1663.4075166163711,53,2832.4503906701184,63.001332539436646,58.53030990000116,29734,0.75,3,500.0,0.95,0.1,400,0.8,0.2,10,200,50,False
data101.vrp,sa,random,True,72,4495.8579072864895,20,1660.507591793318,52,2835.3503154931714,63.06583468525297,93.18206830000418,36895,0.75,3,500.0,0.95,0.1,500,0.4,0.3,10,200,50,False
data101.vrp,sa,random,True,72,4495.8579072864895,20,1665.751413813893,52,2830.1064934725964,62.94919794697715,107.40956039999583,36949,0.75,3,500.0,0.95,0.1,500,0.6,0.1,10,200,50,False
data101.vrp,sa,random,True,72,4495.8579072864895,19,1656.6367338088955,53,2839.2211734775938,63.15193300206474,128.8716143999991,37285,0.75,3,500.0,0.95,0.1,500,0.4,0.2,10,200,50,False
data101.vrp,sa,random,True,72,4495.8579072864895,20,1681.9855700832754,52,2813.872337203214,62.5881065467558,134.6742701999974,36667,0.75,3,500.0,0.95,0.1,500,0.4,0.1,10,200,50,False
data101.vrp,sa,random,True,72,4495.8579072864895,20,1658.6328937909057,52,2837.225013495584,63.107533022724326,91.65110370000184,36642,0.75,3,500.0,0.95,0.1,500,0.6,0.2,10,200,50,False
data101.vrp,sa,random,True,72,4495.8579072864895,20,1669.932244545767,52,2825.9256627407226,62.85620500062317,77.1783540999968,36862,0.75,3,500.0,0.95,0.1,500,0.6,0.3,10,200,50,False
data101.vrp,sa,random,True,72,4495.8579072864895,20,1659.7391199446063,52,2836.118787341883,63.08292757085032,67.14814109999861,36581,0.75,3,500.0,0.95,0.1,500,0.8,0.2,10,200,50,False
data101.vrp,sa,random,True,72,4495.8579072864895,19,1685.172784893707,53,2810.6851223927824,62.51721429713052,97.01202629999898,37206,0.75,3,500.0,0.95,0.1,500,0.8,0.1,10,200,50,False
data101.vrp,sa,random,True,72,4495.8579072864895,20,1646.4671253661074,52,2849.3907819203823,63.37813250953375,138.4661180999974,44039,0.75,3,500.0,0.95,0.1,600,0.4,0.2,10,200,50,False
data101.vrp,sa,random,True,72,4495.8579072864895,20,1676.9334288180066,52,2818.924478468483,62.70047978829177,111.47013460000016,43914,0.75,3,500.0,0.95,0.1,600,0.4,0.3,10,200,50,False
data101.vrp,sa,random,True,72,4495.8579072864895,19,1656.724891488634,53,2839.1330157978555,63.149972137607804,172.57920159999776,44513,0.75,3,500.0,0.95,0.1,600,0.4,0.1,10,200,50,False
data101.vrp,sa,random,True,72,4495.8579072864895,19,1660.0555782210704,53,2835.802329065419,63.07588868565888,138.7218470000007,44485,0.75,3,500.0,0.95,0.1,600,0.6,0.1,10,200,50,False
data101.vrp,sa,random,True,72,4495.8579072864895,19,1667.3185693010944,53,2828.539337985395,62.91434018413145,116.07423440000275,44651,0.75,3,500.0,0.95,0.1,600,0.6,0.2,10,200,50,False
data101.vrp,sa,random,True,72,4495.8579072864895,19,1664.321637855912,53,2831.5362694305777,62.98100001873888,102.14680509999744,44658,0.75,3,500.0,0.95,0.1,600,0.6,0.3,10,200,50,False
data101.vrp,sa,random,True,72,4495.8579072864895,20,1648.0284644919764,52,2847.829442794513,63.34340411824409,81.83805500000017,44089,0.75,3,500.0,0.95,0.1,600,0.8,0.2,10,200,50,False
data101.vrp,sa,random,True,72,4495.8579072864895,19,1661.1826665010162,53,2834.6752407854733,63.05081920385611,102.22985840000183,44927,0.75,3,500.0,0.95,0.1,600,0.8,0.1,10,200,50,False
data101.vrp,sa,random,True,72,4495.8579072864895,20,1665.9496571888708,52,2829.9082500976187,62.944788479883975,108.70725719999609,51324,0.75,3,500.0,0.95,0.1,700,0.6,0.2,10,200,50,False
data101.vrp,sa,random,True,72,4495.8579072864895,19,1661.885143811406,53,2833.9727634750834,63.03519421470218,133.7977749999991,51798,0.75,3,500.0,0.95,0.1,700,0.4,0.3,10,200,50,False
data101.vrp,sa,random,True,72,4495.8579072864895,19,1656.8839827073512,53,2838.9739245791384,63.146433520018064,177.81389819999458,51960,0.75,3,500.0,0.95,0.1,700,0.4,0.2,10,200,50,False
data101.vrp,sa,random,True,72,4495.8579072864895,20,1666.548476747052,52,2829.3094305394375,62.93146911858452,207.11221079999814,51447,0.75,3,500.0,0.95,0.1,700,0.4,0.1,10,200,50,False
data101.vrp,sa,random,True,72,4495.8579072864895,19,1662.9342430936447,53,2832.9236641928446,63.01185941845476,159.34199779999472,51968,0.75,3,500.0,0.95,0.1,700,0.6,0.1,10,200,50,False
data101.vrp,sa,random,True,72,4495.8579072864895,20,1648.861561025825,52,2846.9963462606647,63.324873805431096,98.15988630000356,51077,0.75,3,500.0,0.95,0.1,700,0.8,0.2,10,200,50,False
data101.vrp,sa,random,True,72,4495.8579072864895,22,2150.5273250266255,50,2345.330582259864,52.16647480025468,71.13022139999521,51238,0.75,3,500.0,0.99,0.01,400,0.4,0.2,10,200,50,False
data101.vrp,sa,random,True,72,4495.8579072864895,19,1653.966304400257,53,2841.8916028862322,63.21133055118013,118.65358469999774,51648,0.75,3,500.0,0.95,0.1,700,0.6,0.3,10,200,50,False
data101.vrp,sa,random,True,72,4495.8579072864895,19,1661.2607954109792,53,2834.5971118755106,63.049081406275,141.9964403999984,52649,0.75,3,500.0,0.95,0.1,700,0.8,0.1,10,200,50,False
data101.vrp,sa,random,True,72,4495.8579072864895,22,2185.1249000746516,50,2310.733007211838,51.39693146144156,43.38596520000283,42124,0.75,3,500.0,0.99,0.01,400,0.6,0.2,10,200,50,False
data101.vrp,sa,random,True,72,4495.8579072864895,21,2070.4058054525894,51,2425.4521018339,53.94859339088412,90.8234092000057,76012,0.75,3,500.0,0.99,0.01,400,0.4,0.3,10,200,50,False
data101.vrp,sa,random,True,72,4495.8579072864895,21,2084.1871151144205,51,2411.670792172069,53.642059911712195,94.6757471000019,65589,0.75,3,500.0,0.99,0.01,400,0.6,0.1,10,200,50,False
data101.vrp,sa,random,True,72,4495.8579072864895,21,2031.026020910844,51,2464.831886375646,54.824505960939376,68.71432490000007,64062,0.75,3,500.0,0.99,0.01,400,0.6,0.3,10,200,50,False
data101.vrp,sa,random,True,72,4495.8579072864895,20,1988.7914374871964,52,2507.0664697992934,55.76391695422716,45.88184650000039,42922,0.75,3,500.0,0.99,0.01,400,0.8,0.2,10,200,50,False
data101.vrp,sa,random,True,72,4495.8579072864895,22,2165.8282912007735,50,2330.029616085716,51.82614006348844,56.614788099999714,42537,0.75,3,500.0,0.99,0.01,500,0.4,0.2,10,200,50,False
data101.vrp,sa,random,True,72,4495.8579072864895,22,2132.914565053457,50,2362.9433422330326,52.55823006335193,71.53655980000622,40147,0.75,3,500.0,0.99,0.01,500,0.4,0.1,10,200,50,False
data101.vrp,sa,random,True,72,4495.8579072864895,20,1915.326426036931,52,2580.5314812495585,57.39797685926108,164.3506714000032,113826,0.75,3,500.0,0.99,0.01,400,0.8,0.1,10,200,50,False
data101.vrp,sa,random,True,72,4495.8579072864895,22,2133.896747517716,50,2361.9611597687735,52.536383677533834,89.2319972999976,81371,0.75,3,500.0,0.99,0.01,500,0.4,0.3,10,200,50,False
data101.vrp,sa,random,True,72,4495.8579072864895,21,2112.1316448482553,51,2383.7262624382342,53.02049823627435,37.24011579999933,35246,0.75,3,500.0,0.99,0.01,500,0.6,0.3,10,200,50,False
data101.vrp,sa,random,True,72,4495.8579072864895,21,2089.8948696236143,51,2405.963037662875,53.515104064198795,88.81954780000524,61227,0.75,3,500.0,0.99,0.01,500,0.6,0.1,10,200,50,False
data101.vrp,sa,random,True,72,4495.8579072864895,21,2072.027886850723,51,2423.8300204357665,53.91251392770747,68.88540350000403,60400,0.75,3,500.0,0.99,0.01,500,0.8,0.1,10,200,50,False
data101.vrp,sa,random,True,72,4495.8579072864895,21,2018.2947503489368,51,2477.563156937553,55.10768373978495,45.92359749999741,45939,0.75,3,500.0,0.99,0.01,500,0.8,0.2,10,200,50,False
data101.vrp,sa,random,True,72,4495.8579072864895,20,1894.0054540857325,52,2601.852453200757,57.87221275351928,195.03112339999643,140658,0.75,3,500.0,0.99,0.01,500,0.6,0.2,10,200,50,False
data101.vrp,sa,random,True,72,4495.8579072864895,21,2015.9944387506243,51,2479.863468535865,55.15884887101795,104.33411889999843,70708,0.75,3,500.0,0.99,0.01,600,0.4,0.2,10,200,50,False
data101.vrp,sa,random,True,72,4495.8579072864895,19,1655.238552598141,53,2840.6193546883487,63.18303232147359,487.5675571000029,149141,0.75,3,500.0,0.99,0.01,400,0.4,0.1,10,200,50,False
data101.vrp,sa,random,True,72,4495.8579072864895,20,1988.1788031074832,52,2507.6791041790066,55.777543594400115,148.9311189,117445,0.75,3,500.0,0.99,0.01,600,0.4,0.3,10,200,50,False
data101.vrp,sa,random,True,72,4495.8579072864895,22,2159.799915190193,50,2336.0579920962964,51.960227397538965,47.06381010000041,44105,0.75,3,500.0,0.99,0.01,600,0.6,0.2,10,200,50,False
data101.vrp,sa,random,True,72,4495.8579072864895,20,1979.8861299523587,52,2515.971777334131,55.961995001142405,231.37319229999412,106232,0.75,3,500.0,0.99,0.01,600,0.4,0.1,10,200,50,False
data101.vrp,sa,random,True,72,4495.8579072864895,21,2069.924235957287,51,2425.9336713292028,53.959304794697,43.216288300005544,44717,0.75,3,500.0,0.99,0.01,600,0.8,0.2,10,200,50,False
data101.vrp,sa,random,True,72,4495.8579072864895,21,2018.5976508188564,51,2477.260256467633,55.10094641676082,84.70367360000091,85436,0.75,3,500.0,0.99,0.01,600,0.6,0.3,10,200,50,False
data101.vrp,sa,random,True,72,4495.8579072864895,21,2086.64135416444,51,2409.2165531220494,53.587471018988474,59.30847580000409,52240,0.75,3,500.0,0.99,0.01,600,0.8,0.1,10,200,50,False
data101.vrp,sa,random,True,72,4495.8579072864895,22,2163.881155304189,50,2331.9767519823004,51.869449615007596,60.053473799998756,56099,0.75,3,500.0,0.99,0.01,700,0.4,0.3,10,200,50,False
data101.vrp,sa,random,True,72,4495.8579072864895,20,1932.2919752056603,52,2563.565932080829,57.02061730923541,254.4494623999999,148824,0.75,3,500.0,0.99,0.01,600,0.6,0.1,10,200,50,False
data101.vrp,sa,random,True,72,4495.8579072864895,22,2113.682231797302,50,2382.1756754891876,52.986009002383454,44.3813397000049,48691,0.75,3,500.0,0.99,0.01,700,0.6,0.3,10,200,50,False
data101.vrp,sa,random,True,72,4495.8579072864895,21,2050.4154746701847,51,2445.442432616305,54.39323223834427,162.78346410000086,114082,0.75,3,500.0,0.99,0.01,700,0.6,0.1,10,200,50,False
data101.vrp,sa,random,True,72,4495.8579072864895,21,2042.8448782550427,51,2453.013029031447,54.56162271178143,200.6596172999998,133445,0.75,3,500.0,0.99,0.01,700,0.4,0.2,10,200,50,False
data101.vrp,sa,random,True,72,4495.8579072864895,20,2002.7922306937583,52,2493.0656765927315,55.452501569326536,142.62818459999835,103643,0.75,3,500.0,0.99,0.01,700,0.6,0.2,10,200,50,False
data101.vrp,sa,random,True,72,4495.8579072864895,21,2079.5134633793687,51,2416.344443907121,53.74601452574653,77.92382959999668,79125,0.75,3,500.0,0.99,0.01,700,0.8,0.2,10,200,50,False
data101.vrp,sa,random,True,72,4495.8579072864895,22,2150.5273250266255,50,2345.330582259864,52.16647480025468,69.4735778999966,51238,0.75,3,500.0,0.99,0.1,400,0.4,0.2,10,200,50,False
data101.vrp,sa,random,True,72,4495.8579072864895,21,2083.3847055281503,51,2412.473201758339,53.65990766408377,133.96269549999852,115440,0.75,3,500.0,0.99,0.01,700,0.8,0.1,10,200,50,False
data101.vrp,sa,random,True,72,4495.8579072864895,20,1939.3193695580837,52,2556.5385377284056,56.86430911406238,339.2826228999984,149178,0.75,3,500.0,0.99,0.01,700,0.4,0.1,10,200,50,False
data101.vrp,sa,random,True,72,4495.8579072864895,21,2070.4058054525894,51,2425.4521018339,53.94859339088412,92.86712889999762,76012,0.75,3,500.0,0.99,0.1,400,0.4,0.3,10,200,50,False
data101.vrp,sa,random,True,72,4495.8579072864895,22,2185.1249000746516,50,2310.733007211838,51.39693146144156,45.73512710000068,42124,0.75,3,500.0,0.99,0.1,400,0.6,0.2,10,200,50,False
data101.vrp,sa,random,True,72,4495.8579072864895,21,2084.1871151144205,51,2411.670792172069,53.642059911712195,99.67287829999987,65589,0.75,3,500.0,0.99,0.1,400,0.6,0.1,10,200,50,False
data101.vrp,sa,random,True,72,4495.8579072864895,20,1988.7914374871964,52,2507.0664697992934,55.76391695422716,46.86909410000226,42922,0.75,3,500.0,0.99,0.1,400,0.8,0.2,10,200,50,False
data101.vrp,sa,random,True,72,4495.8579072864895,21,2031.026020910844,51,2464.831886375646,54.824505960939376,69.15755920000083,64062,0.75,3,500.0,0.99,0.1,400,0.6,0.3,10,200,50,False
data101.vrp,sa,random,True,72,4495.8579072864895,22,2132.914565053457,50,2362.9433422330326,52.55823006335193,70.90114539999922,40147,0.75,3,500.0,0.99,0.1,500,0.4,0.1,10,200,50,False
data101.vrp,sa,random,True,72,4495.8579072864895,22,2165.8282912007735,50,2330.029616085716,51.82614006348844,58.65190330000041,42537,0.75,3,500.0,0.99,0.1,500,0.4,0.2,10,200,50,False
data101.vrp,sa,random,True,72,4495.8579072864895,22,2133.896747517716,50,2361.9611597687735,52.536383677533834,89.62512789999892,81371,0.75,3,500.0,0.99,0.1,500,0.4,0.3,10,200,50,False
data101.vrp,sa,random,True,72,4495.8579072864895,20,1915.326426036931,52,2580.5314812495585,57.39797685926108,163.82087730000057,113826,0.75,3,500.0,0.99,0.1,400,0.8,0.1,10,200,50,False
data101.vrp,sa,random,True,72,4495.8579072864895,21,2112.1316448482553,51,2383.7262624382342,53.02049823627435,37.52847499999916,35246,0.75,3,500.0,0.99,0.1,500,0.6,0.3,10,200,50,False
data101.vrp,sa,random,True,72,4495.8579072864895,21,2089.8948696236143,51,2405.963037662875,53.515104064198795,92.03384020000522,61227,0.75,3,500.0,0.99,0.1,500,0.6,0.1,10,200,50,False
data101.vrp,sa,random,True,72,4495.8579072864895,21,2018.2947503489368,51,2477.563156937553,55.10768373978495,46.30632989999867,45939,0.75,3,500.0,0.99,0.1,500,0.8,0.2,10,200,50,False
data101.vrp,sa,random,True,72,4495.8579072864895,21,2072.027886850723,51,2423.8300204357665,53.91251392770747,69.6453199000025,60400,0.75,3,500.0,0.99,0.1,500,0.8,0.1,10,200,50,False
data101.vrp,sa,random,True,72,4495.8579072864895,20,1894.0054540857325,52,2601.852453200757,57.87221275351928,198.08719969999947,140658,0.75,3,500.0,0.99,0.1,500,0.6,0.2,10,200,50,False
data101.vrp,sa,random,True,72,4495.8579072864895,21,2015.9944387506243,51,2479.863468535865,55.15884887101795,105.71660310000152,70708,0.75,3,500.0,0.99,0.1,600,0.4,0.2,10,200,50,False
data101.vrp,sa,random,True,72,4495.8579072864895,19,1655.238552598141,53,2840.6193546883487,63.18303232147359,489.3137199999983,149141,0.75,3,500.0,0.99,0.1,400,0.4,0.1,10,200,50,False
data101.vrp,sa,random,True,72,4495.8579072864895,22,2159.799915190193,50,2336.0579920962964,51.960227397538965,47.01735280000139,44105,0.75,3,500.0,0.99,0.1,600,0.6,0.2,10,200,50,False
data101.vrp,sa,random,True,72,4495.8579072864895,20,1988.1788031074832,52,2507.6791041790066,55.777543594400115,150.11822140000004,117445,0.75,3,500.0,0.99,0.1,600,0.4,0.3,10,200,50,False
data101.vrp,sa,random,True,72,4495.8579072864895,21,2018.5976508188564,51,2477.260256467633,55.10094641676082,83.81990190000215,85436,0.75,3,500.0,0.99,0.1,600,0.6,0.3,10,200,50,False
data101.vrp,sa,random,True,72,4495.8579072864895,21,2069.924235957287,51,2425.9336713292028,53.959304794697,44.000472400002764,44717,0.75,3,500.0,0.99,0.1,600,0.8,0.2,10,200,50,False
data101.vrp,sa,random,True,72,4495.8579072864895,20,1979.8861299523587,52,2515.971777334131,55.961995001142405,237.4814136999994,106232,0.75,3,500.0,0.99,0.1,600,0.4,0.1,10,200,50,False
data101.vrp,sa,random,True,72,4495.8579072864895,21,2086.64135416444,51,2409.2165531220494,53.587471018988474,59.166559700002836,52240,0.75,3,500.0,0.99,0.1,600,0.8,0.1,10,200,50,False
data101.vrp,sa,random,True,72,4495.8579072864895,22,2163.881155304189,50,2331.9767519823004,51.869449615007596,61.57280599999649,56099,0.75,3,500.0,0.99,0.1,700,0.4,0.3,10,200,50,False
data101.vrp,sa,random,True,72,4495.8579072864895,20,1932.2919752056603,52,2563.565932080829,57.02061730923541,256.92361510000046,148824,0.75,3,500.0,0.99,0.1,600,0.6,0.1,10,200,50,False
data101.vrp,sa,random,True,72,4495.8579072864895,21,2050.4154746701847,51,2445.442432616305,54.39323223834427,165.35596169999917,114082,0.75,3,500.0,0.99,0.1,700,0.6,0.1,10,200,50,False
data101.vrp,sa,random,True,72,4495.8579072864895,22,2113.682231797302,50,2382.1756754891876,52.986009002383454,46.83635679999861,48691,0.75,3,500.0,0.99,0.1,700,0.6,0.3,10,200,50,False
data101.vrp,sa,random,True,72,4495.8579072864895,21,2042.8448782550427,51,2453.013029031447,54.56162271178143,201.02696899999864,133445,0.75,3,500.0,0.99,0.1,700,0.4,0.2,10,200,50,False
data101.vrp,sa,random,True,72,4495.8579072864895,20,2002.7922306937583,52,2493.0656765927315,55.452501569326536,141.7848823999957,103643,0.75,3,500.0,0.99,0.1,700,0.6,0.2,10,200,50,False
data101.vrp,sa,random,True,72,4495.8579072864895,21,2079.5134633793687,51,2416.344443907121,53.74601452574653,78.14450039999792,79125,0.75,3,500.0,0.99,0.1,700,0.8,0.2,10,200,50,False
data101.vrp,sa,random,True,72,4495.8579072864895,23,2222.837591562875,49,2273.0203157236147,50.5580995351233,29.52166220000072,30645,0.75,3,500.0,0.995,0.01,400,0.4,0.3,10,200,50,False
data101.vrp,sa,random,True,72,4495.8579072864895,22,2175.1826816009525,50,2320.675225685537,51.61807320298961,93.60069010000007,56026,0.75,3,500.0,0.995,0.01,400,0.4,0.1,10,200,50,False
data101.vrp,sa,random,True,72,4495.8579072864895,22,2105.9546850900415,50,2389.903222196448,53.157890473431195,92.28249469999719,68346,0.75,3,500.0,0.995,0.01,400,0.4,0.2,10,200,50,False
data101.vrp,sa,random,True,72,4495.8579072864895,21,2083.3847055281503,51,2412.473201758339,53.65990766408377,130.93244850000337,115440,0.75,3,500.0,0.99,0.1,700,0.8,0.1,10,200,50,False
data101.vrp,sa,random,True,72,4495.8579072864895,20,1939.3193695580837,52,2556.5385377284056,56.86430911406238,336.353664000002,149178,0.75,3,500.0,0.99,0.1,700,0.4,0.1,10,200,50,False
data101.vrp,sa,random,True,72,4495.8579072864895,21,2085.5466272151834,51,2410.311280071306,53.61182069755555,31.912946600001305,35350,0.75,3,500.0,0.995,0.01,400,0.8,0.2,10,200,50,False
data101.vrp,sa,random,True,72,4495.8579072864895,22,2138.9901670290624,50,2356.867740257427,52.4230922965253,88.55071480000333,83817,0.75,3,500.0,0.995,0.01,400,0.6,0.2,10,200,50,False
data101.vrp,sa,random,True,72,4495.8579072864895,20,1976.6217317219296,52,2519.2361755645597,56.03460401810307,105.29589570000098,65743,0.75,3,500.0,0.995,0.01,400,0.6,0.1,10,200,50,False
data101.vrp,sa,random,True,72,4495.8579072864895,21,2069.635393040378,51,2426.2225142461116,53.96572943984516,96.24168099999952,81544,0.75,3,500.0,0.995,0.01,400,0.8,0.1,10,200,50,False
data101.vrp,sa,random,True,72,4495.8579072864895,20,1975.1596542285765,52,2520.698253057913,56.06712456309146,116.82745799999975,96904,0.75,3,500.0,0.995,0.01,400,0.6,0.3,10,200,50,False
data101.vrp,sa,random,True,72,4495.8579072864895,22,2161.4394345105457,50,2334.418472775944,51.92376006796221,43.31858079999802,41281,0.75,3,500.0,0.995,0.01,500,0.6,0.2,10,200,50,False
data101.vrp,sa,random,True,72,4495.8579072864895,22,2145.3688600134774,50,2350.489047273012,52.281212968575964,81.54223640000419,69978,0.75,3,500.0,0.995,0.01,500,0.4,0.3,10,200,50,False
data101.vrp,sa,random,True,72,4495.8579072864895,21,2081.5315492292475,51,2414.326358057242,53.70112685599594,154.9093378999969,79733,0.75,3,500.0,0.995,0.01,500,0.4,0.1,10,200,50,False
data101.vrp,sa,random,True,72,4495.8579072864895,21,2057.622790159482,51,2438.2351171270075,54.232922112047426,70.83666359999916,68643,0.75,3,500.0,0.995,0.01,500,0.6,0.3,10,200,50,False
data101.vrp,sa,random,True,72,4495.8579072864895,21,2082.4486388941737,51,2413.409268392316,53.680728309515196,58.407995599998685,54010,0.75,3,500.0,0.995,0.01,500,0.8,0.1,10,200,50,False
data101.vrp,sa,random,True,72,4495.8579072864895,20,1966.275836364356,52,2529.5820709221334,56.264724621799324,155.23098539999773,92917,0.75,3,500.0,0.995,0.01,500,0.6,0.1,10,200,50,False
data101.vrp,sa,random,True,72,4495.8579072864895,22,2125.4609581163304,50,2370.396949170159,52.72401837541238,77.45149329999549,56551,0.75,3,500.0,0.995,0.01,600,0.4,0.2,10,200,50,False
data101.vrp,sa,random,True,72,4495.8579072864895,22,2131.5391605972195,50,2364.31874668927,52.58882276633767,87.30148229999759,49513,0.75,3,500.0,0.995,0.01,600,0.4,0.1,10,200,50,False
data101.vrp,sa,random,True,72,4495.8579072864895,22,2162.0603333979584,50,2333.797573888531,51.909949602858184,65.76136289999704,62962,0.75,3,500.0,0.995,0.01,600,0.4,0.3,10,200,50,False
data101.vrp,sa,random,True,72,4495.8579072864895,21,2062.6241516592586,51,2433.233755627231,54.12167834939046,129.74344749999727,130118,0.75,3,500.0,0.995,0.01,500,0.8,0.2,10,200,50,False
data101.vrp,sa,random,True,72,4495.8579072864895,19,1876.2675741476098,53,2619.59033313888,58.26675102194132,283.09767390000343,150029,0.75,3,500.0,0.995,0.01,500,0.4,0.2,10,200,50,False
data101.vrp,sa,random,True,72,4495.8579072864895,22,2168.721123610511,50,2327.1367836759787,51.761795672064295,58.53616069999407,45432,0.75,3,500.0,0.995,0.01,600,0.6,0.1,10,200,50,False
data101.vrp,sa,random,True,72,4495.8579072864895,21,2030.2497549673471,51,2465.6081523191424,54.84177220821642,78.94011640000099,75896,0.75,3,500.0,0.995,0.01,600,0.6,0.3,10,200,50,False
data101.vrp,sa,random,True,72,4495.8579072864895,21,2087.991384470902,51,2407.8665228155874,53.55744270549854,86.75516320000315,71784,0.75,3,500.0,0.995,0.01,600,0.6,0.2,10,200,50,False
data101.vrp,sa,random,True,72,4495.8579072864895,21,2053.1371891014155,51,2442.720718185074,54.33269397206989,52.646834999999555,56009,0.75,3,500.0,0.995,0.01,600,0.8,0.2,10,200,50,False
data101.vrp,sa,random,True,72,4495.8579072864895,20,1976.9139849514245,52,2518.943922335065,56.02810351840932,148.37344460000168,111440,0.75,3,500.0,0.995,0.01,600,0.8,0.1,10,200,50,False
data101.vrp,sa,random,True,72,4495.8579072864895,20,2014.0986140670302,52,2481.7592932194593,55.201017122833065,137.0903954999958,98145,0.75,3,500.0,0.995,0.01,700,0.4,0.3,10,200,50,False
data101.vrp,sa,random,True,72,4495.8579072864895,20,1991.0866916581713,52,2504.7712156283183,55.71286431381219,201.84587979999924,89964,0.75,3,500.0,0.995,0.01,700,0.4,0.1,10,200,50,False
data101.vrp,sa,random,True,72,4495.8579072864895,22,2163.732916620689,50,2332.1249906658004,51.87274684295733,41.08858909999981,43366,0.75,3,500.0,0.995,0.01,700,0.6,0.3,10,200,50,False
data101.vrp,sa,random,True,72,4495.8579072864895,21,2027.2366578531642,51,2468.6212494333254,54.90879161088259,210.49471419999463,131983,0.75,3,500.0,0.995,0.01,700,0.4,0.2,10,200,50,False
data101.vrp,sa,random,True,72,4495.8579072864895,21,2071.6397054590448,51,2424.218201827445,53.92114812833577,217.70122550000087,144189,0.75,3,500.0,0.995,0.01,700,0.6,0.1,10,200,50,False
data101.vrp,sa,random,True,72,4495.8579072864895,21,2070.401993942753,51,2425.4559133437365,53.94867816913813,95.9534496999986,103587,0.75,3,500.0,0.995,0.01,700,0.8,0.2,10,200,50,False
data101.vrp,sa,random,True,72,4495.8579072864895,21,2044.431050028432,51,2451.4268572580577,54.52634197546594,198.94512920000125,167592,0.75,3,500.0,0.995,0.01,700,0.6,0.2,10,200,50,False
data101.vrp,sa,random,True,72,4495.8579072864895,22,2175.1826816009525,50,2320.675225685537,51.61807320298961,94.20160349999787,56026,0.75,3,500.0,0.995,0.1,400,0.4,0.1,10,200,50,False
data101.vrp,sa,random,True,72,4495.8579072864895,23,2222.837591562875,49,2273.0203157236147,50.5580995351233,29.685678599998937,30645,0.75,3,500.0,0.995,0.1,400,0.4,0.3,10,200,50,False
data101.vrp,sa,random,True,72,4495.8579072864895,22,2105.9546850900415,50,2389.903222196448,53.157890473431195,91.26957589999802,68346,0.75,3,500.0,0.995,0.1,400,0.4,0.2,10,200,50,False
data101.vrp,sa,random,True,72,4495.8579072864895,20,1972.0665392782219,52,2523.7913680082675,56.135923778149866,167.84894340000028,127330,0.75,3,500.0,0.995,0.01,700,0.8,0.1,10,200,50,False
data101.vrp,sa,random,True,72,4495.8579072864895,21,2085.5466272151834,51,2410.311280071306,53.61182069755555,33.801727899997786,35350,0.75,3,500.0,0.995,0.1,400,0.8,0.2,10,200,50,False
data101.vrp,sa,random,True,72,4495.8579072864895,22,2138.9901670290624,50,2356.867740257427,52.4230922965253,90.60806980000052,83817,0.75,3,500.0,0.995,0.1,400,0.6,0.2,10,200,50,False
data101.vrp,sa,random,True,72,4495.8579072864895,20,1976.6217317219296,52,2519.2361755645597,56.03460401810307,106.88057900000422,65743,0.75,3,500.0,0.995,0.1,400,0.6,0.1,10,200,50,False
data101.vrp,sa,random,True,72,4495.8579072864895,21,2069.635393040378,51,2426.2225142461116,53.96572943984516,98.70346159999463,81544,0.75,3,500.0,0.995,0.1,400,0.8,0.1,10,200,50,False
data101.vrp,sa,random,True,72,4495.8579072864895,20,1975.1596542285765,52,2520.698253057913,56.06712456309146,116.69425149999734,96904,0.75,3,500.0,0.995,0.1,400,0.6,0.3,10,200,50,False
data101.vrp,sa,random,True,72,4495.8579072864895,22,2161.4394345105457,50,2334.418472775944,51.92376006796221,43.60999409999931,41281,0.75,3,500.0,0.995,0.1,500,0.6,0.2,10,200,50,False
data101.vrp,sa,random,True,72,4495.8579072864895,22,2145.3688600134774,50,2350.489047273012,52.281212968575964,79.12267500000598,69978,0.75,3,500.0,0.995,0.1,500,0.4,0.3,10,200,50,False
data101.vrp,sa,random,True,72,4495.8579072864895,21,2081.5315492292475,51,2414.326358057242,53.70112685599594,152.96771340000123,79733,0.75,3,500.0,0.995,0.1,500,0.4,0.1,10,200,50,False
data101.vrp,sa,random,True,72,4495.8579072864895,21,2082.4486388941737,51,2413.409268392316,53.680728309515196,58.23762469999929,54010,0.75,3,500.0,0.995,0.1,500,0.8,0.1,10,200,50,False
data101.vrp,sa,random,True,72,4495.8579072864895,21,2057.622790159482,51,2438.2351171270075,54.232922112047426,69.86901590000343,68643,0.75,3,500.0,0.995,0.1,500,0.6,0.3,10,200,50,False
data101.vrp,sa,random,True,72,4495.8579072864895,20,1966.275836364356,52,2529.5820709221334,56.264724621799324,153.4234107000011,92917,0.75,3,500.0,0.995,0.1,500,0.6,0.1,10,200,50,False
data101.vrp,sa,random,True,72,4495.8579072864895,22,2125.4609581163304,50,2370.396949170159,52.72401837541238,78.73986619999778,56551,0.75,3,500.0,0.995,0.1,600,0.4,0.2,10,200,50,False
data101.vrp,sa,random,True,72,4495.8579072864895,22,2131.5391605972195,50,2364.31874668927,52.58882276633767,88.96784050000133,49513,0.75,3,500.0,0.995,0.1,600,0.4,0.1,10,200,50,False
data101.vrp,sa,random,True,72,4495.8579072864895,22,2162.0603333979584,50,2333.797573888531,51.909949602858184,69.27526340000622,62962,0.75,3,500.0,0.995,0.1,600,0.4,0.3,10,200,50,False
data101.vrp,sa,random,True,72,4495.8579072864895,21,2062.6241516592586,51,2433.233755627231,54.12167834939046,132.13290660000348,130118,0.75,3,500.0,0.995,0.1,500,0.8,0.2,10,200,50,False
data101.vrp,sa,random,True,72,4495.8579072864895,22,2168.721123610511,50,2327.1367836759787,51.761795672064295,60.27350729999307,45432,0.75,3,500.0,0.995,0.1,600,0.6,0.1,10,200,50,False
data101.vrp,sa,random,True,72,4495.8579072864895,19,1876.2675741476098,53,2619.59033313888,58.26675102194132,286.4801804000017,150029,0.75,3,500.0,0.995,0.1,500,0.4,0.2,10,200,50,False
data101.vrp,sa,random,True,72,4495.8579072864895,21,2087.991384470902,51,2407.8665228155874,53.55744270549854,86.06395309999789,71784,0.75,3,500.0,0.995,0.1,600,0.6,0.2,10,200,50,False
data101.vrp,sa,random,True,72,4495.8579072864895,21,2030.2497549673471,51,2465.6081523191424,54.84177220821642,78.9904749999987,75896,0.75,3,500.0,0.995,0.1,600,0.6,0.3,10,200,50,False
data101.vrp,sa,random,True,72,4495.8579072864895,21,2053.1371891014155,51,2442.720718185074,54.33269397206989,52.378794000003836,56009,0.75,3,500.0,0.995,0.1,600,0.8,0.2,10,200,50,False
data101.vrp,sa,random,True,72,4495.8579072864895,20,1976.9139849514245,52,2518.943922335065,56.02810351840932,144.29877139999735,111440,0.75,3,500.0,0.995,0.1,600,0.8,0.1,10,200,50,False
data101.vrp,sa,random,True,72,4495.8579072864895,20,2014.0986140670302,52,2481.7592932194593,55.201017122833065,129.03369770000427,98145,0.75,3,500.0,0.995,0.1,700,0.4,0.3,10,200,50,False
data101.vrp,sa,random,True,72,4495.8579072864895,20,1991.0866916581713,52,2504.7712156283183,55.71286431381219,197.1356780999995,89964,0.75,3,500.0,0.995,0.1,700,0.4,0.1,10,200,50,False
data101.vrp,sa,random,True,72,4495.8579072864895,22,2163.732916620689,50,2332.1249906658004,51.87274684295733,39.64335089999804,43366,0.75,3,500.0,0.995,0.1,700,0.6,0.3,10,200,50,False
data101.vrp,sa,random,True,72,4495.8579072864895,21,2027.2366578531642,51,2468.6212494333254,54.90879161088259,203.87025360000553,131983,0.75,3,500.0,0.995,0.1,700,0.4,0.2,10,200,50,False
data101.vrp,sa,random,True,72,4495.8579072864895,21,2071.6397054590448,51,2424.218201827445,53.92114812833577,211.37098860000697,144189,0.75,3,500.0,0.995,0.1,700,0.6,0.1,10,200,50,False
data101.vrp,sa,random,True,72,4495.8579072864895,21,2070.401993942753,51,2425.4559133437365,53.94867816913813,90.22015700000338,103587,0.75,3,500.0,0.995,0.1,700,0.8,0.2,10,200,50,False
data101.vrp,sa,random,True,72,4495.8579072864895,21,2044.431050028432,51,2451.4268572580577,54.52634197546594,191.89850599999772,167592,0.75,3,500.0,0.995,0.1,700,0.6,0.2,10,200,50,False
data101.vrp,sa,random,True,72,4495.8579072864895,20,1972.0665392782219,52,2523.7913680082675,56.135923778149866,154.24852789999568,127330,0.75,3,500.0,0.995,0.1,700,0.8,0.1,10,200,50,False
data101.vrp,sa,random,True,73,4567.752626931998,20,1644.04534455951,53,2923.7072823724875,64.00756610885561,262.6443314999997,140111,0.75,1,400.0,0.99,0.1,400,0.6,0.2,10,200,50,False
data101.vrp,tabu,random,True,70,4607.637731288301,23,1774.225518504436,47,2833.4122127838655,61.49381479241511,15.0554288,158,0.75,42,1000.0,0.55,0.01,200,0.5,0.2,5,200,50,False
data101.vrp,tabu,random,True,70,4607.637731288301,21,1731.5583713212325,49,2876.0793599670687,62.41982394659559,17.4463319,201,0.75,42,1000.0,0.55,0.01,200,0.5,0.2,10,200,50,False
data101.vrp,tabu,random,True,70,4607.637731288301,23,1774.225518504436,47,2833.4122127838655,61.49381479241511,14.931976199999998,158,0.75,42,1000.0,0.55,0.01,200,0.5,0.2,5,200,50,False
data101.vrp,tabu,random,True,70,4607.637731288301,21,1731.5583713212325,49,2876.0793599670687,62.41982394659559,17.0094955,201,0.75,42,1000.0,0.55,0.01,200,0.5,0.2,10,200,50,False
data101.vrp,tabu,random,True,70,4607.637731288301,21,1731.5583713212325,49,2876.0793599670687,62.41982394659559,21.700482100000002,201,0.75,42,1000.0,0.55,0.01,200,0.5,0.2,10,200,50,False
data101.vrp,tabu,random,True,70,4607.637731288301,21,1731.5583713212325,49,2876.0793599670687,62.41982394659559,21.793153999999998,201,0.75,42,1000.0,0.55,0.01,200,0.5,0.2,10,200,50,False
data101.vrp,tabu,random,True,70,4607.637731288301,21,1731.5583713212325,49,2876.0793599670687,62.41982394659559,21.8390063,201,0.75,42,1000.0,0.55,0.01,200,0.5,0.2,10,200,50,False
data101.vrp,tabu,random,True,70,4607.637731288301,21,1731.5583713212325,49,2876.0793599670687,62.41982394659559,22.060448400000002,201,0.75,42,1000.0,0.55,0.01,200,0.5,0.2,10,200,50,False
data101.vrp,tabu,random,True,70,4607.637731288301,21,1731.5583713212325,49,2876.0793599670687,62.41982394659559,22.2929891,201,0.75,42,1000.0,0.55,0.01,200,0.5,0.2,10,200,50,False
data101.vrp,tabu,random,True,70,4607.637731288301,21,1731.5583713212325,49,2876.0793599670687,62.41982394659559,19.524212700000003,201,0.75,42,1000.0,0.55,0.01,200,0.5,0.2,10,200,50,False
data101.vrp,tabu,random,True,70,4607.637731288301,21,1731.5583713212325,49,2876.0793599670687,62.41982394659559,19.8339313,201,0.75,42,1000.0,0.55,0.01,200,0.5,0.2,10,200,50,False
data101.vrp,tabu,random,True,70,4607.637731288301,21,1731.5583713212325,49,2876.0793599670687,62.41982394659559,19.7403025,201,0.75,42,1000.0,0.55,0.01,200,0.5,0.2,10,200,50,False
data101.vrp,tabu,random,True,70,4607.637731288301,21,1731.5583713212325,49,2876.0793599670687,62.41982394659559,19.9586792,201,0.75,42,1000.0,0.55,0.01,200,0.5,0.2,10,200,50,False
data101.vrp,tabu,random,True,70,4607.637731288301,21,1731.5583713212325,49,2876.0793599670687,62.41982394659559,19.838575900000002,201,0.75,42,1000.0,0.55,0.01,200,0.5,0.2,10,200,50,False
data101.vrp,tabu,random,True,70,4607.637731288301,21,1731.5583713212325,49,2876.0793599670687,62.41982394659559,19.618325000000006,201,0.75,42,1000.0,0.55,0.01,200,0.5,0.2,10,200,50,False
data101.vrp,tabu,random,True,70,4607.637731288301,21,1731.5583713212325,49,2876.0793599670687,62.41982394659559,20.174702099999998,201,0.75,42,1000.0,0.55,0.01,200,0.5,0.2,10,200,50,False
data101.vrp,tabu,random,True,70,4607.637731288301,21,1731.5583713212325,49,2876.0793599670687,62.41982394659559,20.0419809,201,0.75,42,1000.0,0.55,0.01,200,0.5,0.2,10,200,50,False
data101.vrp,tabu,random,True,70,4607.637731288301,21,1731.5583713212325,49,2876.0793599670687,62.41982394659559,19.9156871,201,0.75,42,1000.0,0.55,0.01,200,0.5,0.2,10,200,50,False
data101.vrp,tabu,random,True,70,4607.637731288301,21,1731.5583713212325,49,2876.0793599670687,62.41982394659559,20.0841358,201,0.75,42,1000.0,0.55,0.01,200,0.5,0.2,10,200,50,False
data101.vrp,tabu,random,True,70,4607.637731288301,21,1731.5583713212325,49,2876.0793599670687,62.41982394659559,20.050726999999995,201,0.75,42,1000.0,0.55,0.01,200,0.5,0.2,10,200,50,False
data101.vrp,tabu,random,True,70,4607.637731288301,21,1731.5583713212325,49,2876.0793599670687,62.41982394659559,19.812871300000005,201,0.75,42,1000.0,0.55,0.01,200,0.5,0.2,10,200,50,False
data101.vrp,tabu,random,True,70,4607.637731288301,21,1731.5583713212325,49,2876.0793599670687,62.41982394659559,19.908646999999995,201,0.75,42,1000.0,0.55,0.01,200,0.5,0.2,10,200,50,False
data101.vrp,tabu,random,True,70,4607.637731288301,21,1731.5583713212325,49,2876.0793599670687,62.41982394659559,20.212862100000002,201,0.75,42,1000.0,0.55,0.01,200,0.5,0.2,10,200,50,False
data101.vrp,tabu,random,True,70,4607.637731288301,21,1731.5583713212325,49,2876.0793599670687,62.41982394659559,20.2190272,201,0.75,42,1000.0,0.55,0.01,200,0.5,0.2,10,200,50,False
data101.vrp,tabu,random,True,70,4607.637731288301,21,1731.5583713212325,49,2876.0793599670687,62.41982394659559,20.450006099999996,201,0.75,42,1000.0,0.55,0.01,200,0.5,0.2,10,200,50,False
data101.vrp,tabu,random,True,70,4607.637731288301,21,1731.5583713212325,49,2876.0793599670687,62.41982394659559,20.747998100000004,201,0.75,42,1000.0,0.55,0.01,200,0.5,0.2,10,200,50,False
data101.vrp,tabu,random,True,70,4607.637731288301,21,1731.5583713212325,49,2876.0793599670687,62.41982394659559,20.774847899999997,201,0.75,42,1000.0,0.55,0.01,200,0.5,0.2,10,200,50,False
data101.vrp,tabu,random,True,70,4607.637731288301,21,1731.5583713212325,49,2876.0793599670687,62.41982394659559,21.3883618,201,0.75,42,1000.0,0.55,0.01,200,0.5,0.2,10,200,50,False
data101.vrp,tabu,random,True,70,4607.637731288301,21,1731.5583713212325,49,2876.0793599670687,62.41982394659559,20.8661649,201,0.75,42,1000.0,0.55,0.01,200,0.5,0.2,10,200,50,False
data101.vrp,tabu,random,True,70,4607.637731288301,21,1731.5583713212325,49,2876.0793599670687,62.41982394659559,20.56086049999999,201,0.75,42,1000.0,0.55,0.01,200,0.5,0.2,10,200,50,False
data101.vrp,tabu,random,True,70,4607.637731288301,21,1731.5583713212325,49,2876.0793599670687,62.41982394659559,20.8379822,201,0.75,42,1000.0,0.55,0.01,200,0.5,0.2,10,200,50,False
data101.vrp,tabu,random,True,70,4607.637731288301,21,1731.5583713212325,49,2876.0793599670687,62.41982394659559,20.634966399999996,201,0.75,42,1000.0,0.55,0.01,200,0.5,0.2,10,200,50,False
data101.vrp,tabu,random,True,70,4607.637731288301,21,1731.5583713212325,49,2876.0793599670687,62.41982394659559,20.6788102,201,0.75,42,1000.0,0.55,0.01,200,0.5,0.2,10,200,50,False
data101.vrp,tabu,random,True,70,4607.637731288301,21,1731.5583713212325,49,2876.0793599670687,62.41982394659559,20.843728299999995,201,0.75,42,1000.0,0.55,0.01,200,0.5,0.2,10,200,50,False
data101.vrp,tabu,random,True,70,4607.637731288301,21,1731.5583713212325,49,2876.0793599670687,62.41982394659559,20.919538000000003,201,0.75,42,1000.0,0.55,0.01,200,0.5,0.2,10,200,50,False
data101.vrp,tabu,random,True,70,4607.637731288301,21,1731.5583713212325,49,2876.0793599670687,62.41982394659559,21.1119408,201,0.75,42,1000.0,0.55,0.01,200,0.5,0.2,10,200,50,False
data101.vrp,tabu,random,True,70,4607.637731288301,21,1731.5583713212325,49,2876.0793599670687,62.41982394659559,21.203467099999997,201,0.75,42,1000.0,0.55,0.01,200,0.5,0.2,10,200,50,False
data101.vrp,tabu,random,True,70,4607.637731288301,21,1731.5583713212325,49,2876.0793599670687,62.41982394659559,21.571700099999987,201,0.75,42,1000.0,0.55,0.01,200,0.5,0.2,10,200,50,False
data101.vrp,tabu,random,True,70,4607.637731288301,21,1731.5583713212325,49,2876.0793599670687,62.41982394659559,21.637393499999988,201,0.75,42,1000.0,0.55,0.01,200,0.5,0.2,10,200,50,False
data101.vrp,tabu,random,True,70,4607.637731288301,21,1731.5583713212325,49,2876.0793599670687,62.41982394659559,20.980024600000007,201,0.75,42,1000.0,0.55,0.01,200,0.5,0.2,10,200,50,False
data101.vrp,tabu,random,True,70,4607.637731288301,21,1731.5583713212325,49,2876.0793599670687,62.41982394659559,21.20675270000001,201,0.75,42,1000.0,0.55,0.01,200,0.5,0.2,10,200,50,False
data101.vrp,tabu,random,True,70,4607.637731288301,21,1731.5583713212325,49,2876.0793599670687,62.41982394659559,21.51418990000002,201,0.75,42,1000.0,0.55,0.01,200,0.5,0.2,10,200,50,False
data101.vrp,tabu,random,True,70,4607.637731288301,21,1731.5583713212325,49,2876.0793599670687,62.41982394659559,21.068944200000004,201,0.75,42,1000.0,0.55,0.01,200,0.5,0.2,10,200,50,False
data101.vrp,tabu,random,True,70,4607.637731288301,21,1731.5583713212325,49,2876.0793599670687,62.41982394659559,21.45546189999999,201,0.75,42,1000.0,0.55,0.01,200,0.5,0.2,10,200,50,False
data101.vrp,tabu,random,True,70,4607.637731288301,21,1731.5583713212325,49,2876.0793599670687,62.41982394659559,21.327427700000015,201,0.75,42,1000.0,0.55,0.01,200,0.5,0.2,10,200,50,False
data101.vrp,tabu,random,True,70,4607.637731288301,21,1731.5583713212325,49,2876.0793599670687,62.41982394659559,21.332645600000006,201,0.75,42,1000.0,0.55,0.01,200,0.5,0.2,10,200,50,False
data101.vrp,tabu,random,True,70,4607.637731288301,21,1731.5583713212325,49,2876.0793599670687,62.41982394659559,20.918571199999974,201,0.75,42,1000.0,0.55,0.01,200,0.5,0.2,10,200,50,False
data101.vrp,tabu,random,True,70,4607.637731288301,21,1731.5583713212325,49,2876.0793599670687,62.41982394659559,21.20427170000002,201,0.75,42,1000.0,0.55,0.01,200,0.5,0.2,10,200,50,False
data101.vrp,tabu,random,True,70,4607.637731288301,21,1731.5583713212325,49,2876.0793599670687,62.41982394659559,21.614007600000008,201,0.75,42,1000.0,0.55,0.01,200,0.5,0.2,10,200,50,False
data101.vrp,tabu,random,True,70,4607.637731288301,21,1731.5583713212325,49,2876.0793599670687,62.41982394659559,20.996463699999993,201,0.75,42,1000.0,0.55,0.01,200,0.5,0.2,10,200,50,False
data101.vrp,tabu,random,True,70,4607.637731288301,21,1731.5583713212325,49,2876.0793599670687,62.41982394659559,21.284141199999993,201,0.75,42,1000.0,0.55,0.01,200,0.5,0.2,10,200,50,False
data101.vrp,tabu,random,True,70,4607.637731288301,21,1731.5583713212325,49,2876.0793599670687,62.41982394659559,21.176594800000004,201,0.75,42,1000.0,0.55,0.01,200,0.5,0.2,10,200,50,False
data101.vrp,tabu,random,True,70,4607.637731288301,21,1731.5583713212325,49,2876.0793599670687,62.41982394659559,21.003073099999995,201,0.75,42,1000.0,0.55,0.01,200,0.5,0.2,10,200,50,False
data101.vrp,tabu,random,True,70,4607.637731288301,21,1731.5583713212325,49,2876.0793599670687,62.41982394659559,21.3182865,201,0.75,42,1000.0,0.55,0.01,200,0.5,0.2,10,200,50,False
data101.vrp,tabu,random,True,70,4607.637731288301,21,1731.5583713212325,49,2876.0793599670687,62.41982394659559,22.05806580000001,201,0.75,42,1000.0,0.55,0.01,200,0.5,0.2,10,200,50,False
data101.vrp,tabu,random,True,70,4607.637731288301,21,1731.5583713212325,49,2876.0793599670687,62.41982394659559,21.776831299999998,201,0.75,42,1000.0,0.55,0.01,200,0.5,0.2,10,200,50,False
data101.vrp,tabu,random,True,70,4607.637731288301,21,1731.5583713212325,49,2876.0793599670687,62.41982394659559,22.1656342,201,0.75,42,1000.0,0.55,0.01,200,0.5,0.2,10,200,50,False
data101.vrp,tabu,random,True,70,4607.637731288301,21,1731.5583713212325,49,2876.0793599670687,62.41982394659559,22.404988099999997,201,0.75,42,1000.0,0.55,0.01,200,0.5,0.2,10,200,50,False
data101.vrp,tabu,random,True,70,4607.637731288301,21,1731.5583713212325,49,2876.0793599670687,62.41982394659559,22.21780960000001,201,0.75,42,1000.0,0.55,0.01,200,0.5,0.2,10,200,50,False
data101.vrp,tabu,random,True,70,4607.637731288301,21,1731.5583713212325,49,2876.0793599670687,62.41982394659559,21.765186400000005,201,0.75,42,1000.0,0.55,0.01,200,0.5,0.2,10,200,50,False
data101.vrp,tabu,random,True,70,4607.637731288301,21,1731.5583713212325,49,2876.0793599670687,62.41982394659559,21.69386609999998,201,0.75,42,1000.0,0.55,0.01,200,0.5,0.2,10,200,50,False
data101.vrp,tabu,random,True,70,4607.637731288301,21,1731.5583713212325,49,2876.0793599670687,62.41982394659559,21.36048869999999,201,0.75,42,1000.0,0.55,0.01,200,0.5,0.2,10,200,50,False
data101.vrp,tabu,random,True,70,4607.637731288301,21,1731.5583713212325,49,2876.0793599670687,62.41982394659559,21.418655700000016,201,0.75,42,1000.0,0.55,0.01,200,0.5,0.2,10,200,50,False
data101.vrp,tabu,random,True,70,4607.637731288301,21,1731.5583713212325,49,2876.0793599670687,62.41982394659559,21.954466300000007,201,0.75,42,1000.0,0.55,0.01,200,0.5,0.2,10,200,50,False
data101.vrp,tabu,random,True,70,4607.637731288301,21,1731.5583713212325,49,2876.0793599670687,62.41982394659559,20.479241399999978,201,0.75,42,1000.0,0.55,0.01,200,0.5,0.2,10,200,50,False
data101.vrp,tabu,random,True,70,4607.637731288301,21,1731.5583713212325,49,2876.0793599670687,62.41982394659559,20.196338700000013,201,0.75,42,1000.0,0.55,0.01,200,0.5,0.2,10,200,50,False
data101.vrp,tabu,random,True,70,4607.637731288301,21,1731.5583713212325,49,2876.0793599670687,62.41982394659559,20.214294300000006,201,0.75,42,1000.0,0.55,0.01,200,0.5,0.2,10,200,50,False
data101.vrp,tabu,random,True,70,4607.637731288301,21,1731.5583713212325,49,2876.0793599670687,62.41982394659559,20.504203899999993,201,0.75,42,1000.0,0.55,0.01,200,0.5,0.2,10,200,50,False
data101.vrp,tabu,random,True,70,4607.637731288301,21,1731.5583713212325,49,2876.0793599670687,62.41982394659559,20.336934299999967,201,0.75,42,1000.0,0.55,0.01,200,0.5,0.2,10,200,50,False
data101.vrp,tabu,random,True,70,4607.637731288301,21,1731.5583713212325,49,2876.0793599670687,62.41982394659559,23.963785700000017,201,0.75,42,1000.0,0.55,0.01,200,0.5,0.2,10,200,50,False
data101.vrp,tabu,random,True,70,4607.637731288301,21,1731.5583713212325,49,2876.0793599670687,62.41982394659559,23.787210300000027,201,0.75,42,1000.0,0.55,0.01,200,0.5,0.2,10,200,50,False
data101.vrp,tabu,random,True,70,4607.637731288301,21,1731.5583713212325,49,2876.0793599670687,62.41982394659559,24.15315529999998,201,0.75,42,1000.0,0.55,0.01,200,0.5,0.2,10,200,50,False
data101.vrp,tabu,random,True,70,4607.637731288301,21,1731.5583713212325,49,2876.0793599670687,62.41982394659559,23.778098799999952,201,0.75,42,1000.0,0.55,0.01,200,0.5,0.2,10,200,50,False
data101.vrp,tabu,random,True,70,4607.637731288301,21,1731.5583713212325,49,2876.0793599670687,62.41982394659559,24.210390299999972,201,0.75,42,1000.0,0.55,0.01,200,0.5,0.2,10,200,50,False
data101.vrp,tabu,random,True,70,4607.637731288301,21,1731.5583713212325,49,2876.0793599670687,62.41982394659559,22.41108939999998,201,0.75,42,1000.0,0.55,0.01,200,0.5,0.2,10,200,50,False
data101.vrp,tabu,random,True,70,4607.637731288301,21,1731.5583713212325,49,2876.0793599670687,62.41982394659559,22.102239200000042,201,0.75,42,1000.0,0.55,0.01,200,0.5,0.2,10,200,50,False
data101.vrp,tabu,random,True,70,4607.637731288301,21,1731.5583713212325,49,2876.0793599670687,62.41982394659559,22.712686899999994,201,0.75,42,1000.0,0.55,0.01,200,0.5,0.2,10,200,50,False
data101.vrp,tabu,random,True,70,4607.637731288301,21,1731.5583713212325,49,2876.0793599670687,62.41982394659559,22.826842499999998,201,0.75,42,1000.0,0.55,0.01,200,0.5,0.2,10,200,50,False
data101.vrp,tabu,random,True,70,4607.637731288301,21,1731.5583713212325,49,2876.0793599670687,62.41982394659559,22.801714500000003,201,0.75,42,1000.0,0.55,0.01,200,0.5,0.2,10,200,50,False
data101.vrp,tabu,random,True,70,4607.637731288301,21,1731.5583713212325,49,2876.0793599670687,62.41982394659559,22.791667200000006,201,0.75,42,1000.0,0.55,0.01,200,0.5,0.2,10,200,50,False
data101.vrp,tabu,random,True,70,4607.637731288301,21,1731.5583713212325,49,2876.0793599670687,62.41982394659559,22.593508199999974,201,0.75,42,1000.0,0.55,0.01,200,0.5,0.2,10,200,50,False
data101.vrp,tabu,random,True,70,4607.637731288301,21,1731.5583713212325,49,2876.0793599670687,62.41982394659559,22.835584600000004,201,0.75,42,1000.0,0.55,0.01,200,0.5,0.2,10,200,50,False
data101.vrp,tabu,random,True,70,4607.637731288301,21,1731.5583713212325,49,2876.0793599670687,62.41982394659559,22.604420799999957,201,0.75,42,1000.0,0.55,0.01,200,0.5,0.2,10,200,50,False
data101.vrp,tabu,random,True,70,4607.637731288301,21,1731.5583713212325,49,2876.0793599670687,62.41982394659559,22.620033999999976,201,0.75,42,1000.0,0.55,0.01,200,0.5,0.2,10,200,50,False
data101.vrp,tabu,random,True,70,4607.637731288301,21,1731.5583713212325,49,2876.0793599670687,62.41982394659559,21.377868200000023,201,0.75,42,1000.0,0.55,0.01,200,0.5,0.2,10,200,50,False
data101.vrp,tabu,random,True,70,4607.637731288301,21,1731.5583713212325,49,2876.0793599670687,62.41982394659559,21.601794700000028,201,0.75,42,1000.0,0.55,0.01,200,0.5,0.2,10,200,50,False
data101.vrp,tabu,random,True,70,4607.637731288301,21,1731.5583713212325,49,2876.0793599670687,62.41982394659559,21.8483559,201,0.75,42,1000.0,0.55,0.01,200,0.5,0.2,10,200,50,False
data101.vrp,tabu,random,True,70,4607.637731288301,21,1731.5583713212325,49,2876.0793599670687,62.41982394659559,22.03707380000003,201,0.75,42,1000.0,0.55,0.01,200,0.5,0.2,10,200,50,False
data101.vrp,tabu,random,True,70,4607.637731288301,21,1731.5583713212325,49,2876.0793599670687,62.41982394659559,22.022317999999984,201,0.75,42,1000.0,0.55,0.01,200,0.5,0.2,10,200,50,False
data101.vrp,tabu,random,True,70,4607.637731288301,21,1731.5583713212325,49,2876.0793599670687,62.41982394659559,22.966752499999984,201,0.75,42,1000.0,0.55,0.01,200,0.5,0.2,10,200,50,False
data101.vrp,tabu,random,True,70,4607.637731288301,21,1731.5583713212325,49,2876.0793599670687,62.41982394659559,22.713331600000004,201,0.75,42,1000.0,0.55,0.01,200,0.5,0.2,10,200,50,False
data101.vrp,tabu,random,True,70,4607.637731288301,21,1731.5583713212325,49,2876.0793599670687,62.41982394659559,22.854995400000007,201,0.75,42,1000.0,0.55,0.01,200,0.5,0.2,10,200,50,False
data101.vrp,tabu,random,True,70,4607.637731288301,21,1731.5583713212325,49,2876.0793599670687,62.41982394659559,22.731693199999995,201,0.75,42,1000.0,0.55,0.01,200,0.5,0.2,10,200,50,False
data101.vrp,tabu,random,True,70,4607.637731288301,21,1731.5583713212325,49,2876.0793599670687,62.41982394659559,22.815567099999953,201,0.75,42,1000.0,0.55,0.01,200,0.5,0.2,10,200,50,False
data101.vrp,tabu,random,True,70,4607.637731288301,21,1731.5583713212325,49,2876.0793599670687,62.41982394659559,21.0104872,201,0.75,42,1000.0,0.55,0.01,200,0.5,0.2,10,200,50,False
data101.vrp,tabu,random,True,70,4607.637731288301,21,1731.5583713212325,49,2876.0793599670687,62.41982394659559,20.937386300000014,201,0.75,42,1000.0,0.55,0.01,200,0.5,0.2,10,200,50,False
data101.vrp,tabu,random,True,70,4607.637731288301,21,1731.5583713212325,49,2876.0793599670687,62.41982394659559,21.172849299999996,201,0.75,42,1000.0,0.55,0.01,200,0.5,0.2,10,200,50,False
data101.vrp,tabu,random,True,70,4607.637731288301,21,1731.5583713212325,49,2876.0793599670687,62.41982394659559,21.974283299999968,201,0.75,42,1000.0,0.55,0.01,200,0.5,0.2,10,200,50,False
data101.vrp,tabu,random,True,70,4607.637731288301,21,1731.5583713212325,49,2876.0793599670687,62.41982394659559,22.017849800000022,201,0.75,42,1000.0,0.55,0.01,200,0.5,0.2,10,200,50,False
data101.vrp,tabu,random,True,70,4607.637731288301,21,1731.5583713212325,49,2876.0793599670687,62.41982394659559,21.693812999999977,201,0.75,42,1000.0,0.55,0.01,200,0.5,0.2,10,200,50,False
data101.vrp,tabu,random,True,70,4607.637731288301,21,1731.5583713212325,49,2876.0793599670687,62.41982394659559,21.652954499999964,201,0.75,42,1000.0,0.55,0.01,200,0.5,0.2,10,200,50,False
data101.vrp,tabu,random,True,70,4607.637731288301,21,1731.5583713212325,49,2876.0793599670687,62.41982394659559,21.768726000000015,201,0.75,42,1000.0,0.55,0.01,200,0.5,0.2,10,200,50,False
data101.vrp,tabu,random,True,70,4607.637731288301,21,1731.5583713212325,49,2876.0793599670687,62.41982394659559,21.745099299999993,201,0.75,42,1000.0,0.55,0.01,200,0.5,0.2,10,200,50,False
data101.vrp,tabu,random,True,70,4607.637731288301,21,1731.5583713212325,49,2876.0793599670687,62.41982394659559,21.344769100000008,201,0.75,42,1000.0,0.55,0.01,200,0.5,0.2,10,200,50,False
data101.vrp,tabu,random,True,70,4607.637731288301,21,1731.5583713212325,49,2876.0793599670687,62.41982394659559,20.193810600000006,201,0.75,42,1000.0,0.55,0.01,200,0.5,0.2,10,200,50,False
data101.vrp,tabu,random,True,70,4607.637731288301,21,1731.5583713212325,49,2876.0793599670687,62.41982394659559,20.698237300000017,201,0.75,42,1000.0,0.55,0.01,200,0.5,0.2,10,200,50,False
data101.vrp,tabu,random,True,70,4607.637731288301,21,1731.5583713212325,49,2876.0793599670687,62.41982394659559,21.09902119999998,201,0.75,42,1000.0,0.55,0.01,200,0.5,0.2,10,200,50,False
data101.vrp,tabu,random,True,70,4607.637731288301,21,1731.5583713212325,49,2876.0793599670687,62.41982394659559,20.777584399999967,201,0.75,42,1000.0,0.55,0.01,200,0.5,0.2,10,200,50,False
data101.vrp,tabu,random,True,70,4607.637731288301,21,1731.5583713212325,49,2876.0793599670687,62.41982394659559,20.876642800000013,201,0.75,42,1000.0,0.55,0.01,200,0.5,0.2,10,200,50,False
data101.vrp,tabu,random,True,70,4607.637731288301,21,1731.5583713212325,49,2876.0793599670687,62.41982394659559,20.624369400000035,201,0.75,42,1000.0,0.55,0.01,200,0.5,0.2,10,200,50,False
data101.vrp,tabu,random,True,70,4607.637731288301,21,1731.5583713212325,49,2876.0793599670687,62.41982394659559,20.603644599999996,201,0.75,42,1000.0,0.55,0.01,200,0.5,0.2,10,200,50,False
data101.vrp,tabu,random,True,70,4607.637731288301,21,1731.5583713212325,49,2876.0793599670687,62.41982394659559,21.115057499999978,201,0.75,42,1000.0,0.55,0.01,200,0.5,0.2,10,200,50,False
data101.vrp,tabu,random,True,70,4607.637731288301,21,1731.5583713212325,49,2876.0793599670687,62.41982394659559,20.777288199999987,201,0.75,42,1000.0,0.55,0.01,200,0.5,0.2,10,200,50,False
data101.vrp,tabu,random,True,70,4607.637731288301,21,1731.5583713212325,49,2876.0793599670687,62.41982394659559,21.033190100000013,201,0.75,42,1000.0,0.55,0.01,200,0.5,0.2,10,200,50,False
data101.vrp,tabu,random,True,70,4607.637731288301,21,1731.5583713212325,49,2876.0793599670687,62.41982394659559,20.325074099999995,201,0.75,42,1000.0,0.55,0.01,200,0.5,0.2,10,200,50,False
data101.vrp,tabu,random,True,70,4607.637731288301,21,1731.5583713212325,49,2876.0793599670687,62.41982394659559,20.451730399999974,201,0.75,42,1000.0,0.55,0.01,200,0.5,0.2,10,200,50,False
data101.vrp,tabu,random,True,70,4607.637731288301,21,1731.5583713212325,49,2876.0793599670687,62.41982394659559,20.79950690000004,201,0.75,42,1000.0,0.55,0.01,200,0.5,0.2,10,200,50,False
data101.vrp,tabu,random,True,70,4607.637731288301,21,1731.5583713212325,49,2876.0793599670687,62.41982394659559,20.520572100000038,201,0.75,42,1000.0,0.55,0.01,200,0.5,0.2,10,200,50,False
data101.vrp,tabu,random,True,70,4607.637731288301,21,1731.5583713212325,49,2876.0793599670687,62.41982394659559,21.021552999999983,201,0.75,42,1000.0,0.55,0.01,200,0.5,0.2,10,200,50,False
data101.vrp,tabu,random,True,70,4607.637731288301,21,1731.5583713212325,49,2876.0793599670687,62.41982394659559,21.013702599999988,201,0.75,42,1000.0,0.55,0.01,200,0.5,0.2,10,200,50,False
data101.vrp,tabu,random,True,70,4607.637731288301,21,1731.5583713212325,49,2876.0793599670687,62.41982394659559,21.054993800000034,201,0.75,42,1000.0,0.55,0.01,200,0.5,0.2,10,200,50,False
data101.vrp,tabu,random,True,70,4607.637731288301,21,1731.5583713212325,49,2876.0793599670687,62.41982394659559,21.26215490000004,201,0.75,42,1000.0,0.55,0.01,200,0.5,0.2,10,200,50,False
data101.vrp,tabu,random,True,70,4607.637731288301,21,1731.5583713212325,49,2876.0793599670687,62.41982394659559,21.248452000000043,201,0.75,42,1000.0,0.55,0.01,200,0.5,0.2,10,200,50,False
data101.vrp,tabu,random,True,70,4607.637731288301,21,1731.5583713212325,49,2876.0793599670687,62.41982394659559,21.497222900000054,201,0.75,42,1000.0,0.55,0.01,200,0.5,0.2,10,200,50,False
data101.vrp,tabu,random,True,70,4607.637731288301,21,1731.5583713212325,49,2876.0793599670687,62.41982394659559,22.30867810000001,201,0.75,42,1000.0,0.55,0.01,200,0.5,0.2,10,200,50,False
data101.vrp,tabu,random,True,70,4607.637731288301,21,1731.5583713212325,49,2876.0793599670687,62.41982394659559,22.150209200000006,201,0.75,42,1000.0,0.55,0.01,200,0.5,0.2,10,200,50,False
data101.vrp,tabu,random,True,70,4607.637731288301,21,1731.5583713212325,49,2876.0793599670687,62.41982394659559,22.11733229999993,201,0.75,42,1000.0,0.55,0.01,200,0.5,0.2,10,200,50,False
data101.vrp,tabu,random,True,70,4607.637731288301,21,1731.5583713212325,49,2876.0793599670687,62.41982394659559,22.296362499999987,201,0.75,42,1000.0,0.55,0.01,200,0.5,0.2,10,200,50,False
data101.vrp,tabu,random,True,70,4607.637731288301,21,1731.5583713212325,49,2876.0793599670687,62.41982394659559,21.981062199999997,201,0.75,42,1000.0,0.55,0.01,200,0.5,0.2,10,200,50,False
data101.vrp,tabu,random,True,70,4607.637731288301,21,1731.5583713212325,49,2876.0793599670687,62.41982394659559,20.580296999999973,201,0.75,42,1000.0,0.55,0.01,200,0.5,0.2,10,200,50,False
data101.vrp,tabu,random,True,70,4607.637731288301,21,1731.5583713212325,49,2876.0793599670687,62.41982394659559,21.133281600000032,201,0.75,42,1000.0,0.55,0.01,200,0.5,0.2,10,200,50,False
data101.vrp,tabu,random,True,70,4607.637731288301,21,1731.5583713212325,49,2876.0793599670687,62.41982394659559,20.754264199999966,201,0.75,42,1000.0,0.55,0.01,200,0.5,0.2,10,200,50,False
data101.vrp,tabu,random,True,70,4607.637731288301,21,1731.5583713212325,49,2876.0793599670687,62.41982394659559,21.055528099999947,201,0.75,42,1000.0,0.55,0.01,200,0.5,0.2,10,200,50,False
data101.vrp,tabu,random,True,70,4607.637731288301,21,1731.5583713212325,49,2876.0793599670687,62.41982394659559,20.851073199999973,201,0.75,42,1000.0,0.55,0.01,200,0.5,0.2,10,200,50,False
data101.vrp,tabu,random,True,70,4607.637731288301,21,1731.5583713212325,49,2876.0793599670687,62.41982394659559,20.98557949999997,201,0.75,42,1000.0,0.55,0.01,200,0.5,0.2,10,200,50,False
data101.vrp,tabu,random,True,70,4607.637731288301,21,1731.5583713212325,49,2876.0793599670687,62.41982394659559,21.481086000000005,201,0.75,42,1000.0,0.55,0.01,200,0.5,0.2,10,200,50,False
data101.vrp,tabu,random,True,70,4607.637731288301,21,1731.5583713212325,49,2876.0793599670687,62.41982394659559,21.86081290000004,201,0.75,42,1000.0,0.55,0.01,200,0.5,0.2,10,200,50,False
data101.vrp,tabu,random,True,70,4607.637731288301,21,1731.5583713212325,49,2876.0793599670687,62.41982394659559,22.320646799999963,201,0.75,42,1000.0,0.55,0.01,200,0.5,0.2,10,200,50,False
data101.vrp,tabu,random,True,70,4607.637731288301,21,1731.5583713212325,49,2876.0793599670687,62.41982394659559,22.607551899999976,201,0.75,42,1000.0,0.55,0.01,200,0.5,0.2,10,200,50,False
data101.vrp,tabu,random,True,70,4607.637731288301,21,1731.5583713212325,49,2876.0793599670687,62.41982394659559,22.54530509999995,201,0.75,42,1000.0,0.55,0.01,200,0.5,0.2,10,200,50,False
data101.vrp,tabu,random,True,70,4607.637731288301,21,1731.5583713212325,49,2876.0793599670687,62.41982394659559,22.406587100000024,201,0.75,42,1000.0,0.55,0.01,200,0.5,0.2,10,200,50,False
data101.vrp,tabu,random,True,70,4607.637731288301,21,1731.5583713212325,49,2876.0793599670687,62.41982394659559,22.312794800000006,201,0.75,42,1000.0,0.55,0.01,200,0.5,0.2,10,200,50,False
data101.vrp,tabu,random,True,70,4607.637731288301,21,1731.5583713212325,49,2876.0793599670687,62.41982394659559,22.242644400000017,201,0.75,42,1000.0,0.55,0.01,200,0.5,0.2,10,200,50,False
data101.vrp,tabu,random,True,70,4607.637731288301,21,1731.5583713212325,49,2876.0793599670687,62.41982394659559,22.104029100000048,201,0.75,42,1000.0,0.55,0.01,200,0.5,0.2,10,200,50,False
data101.vrp,tabu,random,True,70,4607.637731288301,21,1731.5583713212325,49,2876.0793599670687,62.41982394659559,21.817200399999933,201,0.75,42,1000.0,0.55,0.01,200,0.5,0.2,10,200,50,False
data101.vrp,tabu,random,True,70,4607.637731288301,21,1731.5583713212325,49,2876.0793599670687,62.41982394659559,21.63976679999996,201,0.75,42,1000.0,0.55,0.01,200,0.5,0.2,10,200,50,False
data101.vrp,tabu,random,True,70,4607.637731288301,21,1731.5583713212325,49,2876.0793599670687,62.41982394659559,22.199156099999982,201,0.75,42,1000.0,0.55,0.01,200,0.5,0.2,10,200,50,False
data101.vrp,tabu,random,True,70,4607.637731288301,21,1731.5583713212325,49,2876.0793599670687,62.41982394659559,22.103537999999958,201,0.75,42,1000.0,0.55,0.01,200,0.5,0.2,10,200,50,False
data101.vrp,tabu,random,True,70,4607.637731288301,21,1731.5583713212325,49,2876.0793599670687,62.41982394659559,21.8607571,201,0.75,42,1000.0,0.55,0.01,200,0.5,0.2,10,200,50,False
data101.vrp,tabu,random,True,70,4607.637731288301,21,1731.5583713212325,49,2876.0793599670687,62.41982394659559,22.894374699999958,201,0.75,42,1000.0,0.55,0.01,200,0.5,0.2,10,200,50,False
data101.vrp,tabu,random,True,70,4607.637731288301,21,1731.5583713212325,49,2876.0793599670687,62.41982394659559,22.349257599999987,201,0.75,42,1000.0,0.55,0.01,200,0.5,0.2,10,200,50,False
data101.vrp,tabu,random,True,70,4607.637731288301,21,1731.5583713212325,49,2876.0793599670687,62.41982394659559,23.148011300000007,201,0.75,42,1000.0,0.55,0.01,200,0.5,0.2,10,200,50,False
data101.vrp,tabu,random,True,70,4607.637731288301,21,1731.5583713212325,49,2876.0793599670687,62.41982394659559,23.275846399999978,201,0.75,42,1000.0,0.55,0.01,200,0.5,0.2,10,200,50,False
data101.vrp,tabu,random,True,70,4607.637731288301,21,1731.5583713212325,49,2876.0793599670687,62.41982394659559,22.744531300000062,201,0.75,42,1000.0,0.55,0.01,200,0.5,0.2,10,200,50,False
data101.vrp,tabu,random,True,70,4607.637731288301,21,1731.5583713212325,49,2876.0793599670687,62.41982394659559,21.476662799999986,201,0.75,42,1000.0,0.55,0.01,200,0.5,0.2,10,200,50,False
data101.vrp,tabu,random,True,70,4607.637731288301,21,1731.5583713212325,49,2876.0793599670687,62.41982394659559,21.50591709999992,201,0.75,42,1000.0,0.55,0.01,200,0.5,0.2,10,200,50,False
data101.vrp,tabu,random,True,70,4607.637731288301,21,1731.5583713212325,49,2876.0793599670687,62.41982394659559,20.890408500000035,201,0.75,42,1000.0,0.55,0.01,200,0.5,0.2,10,200,50,False
data101.vrp,tabu,random,True,70,4607.637731288301,21,1731.5583713212325,49,2876.0793599670687,62.41982394659559,21.122511700000018,201,0.75,42,1000.0,0.55,0.01,200,0.5,0.2,10,200,50,False
data101.vrp,tabu,random,True,70,4607.637731288301,21,1731.5583713212325,49,2876.0793599670687,62.41982394659559,20.918756400000007,201,0.75,42,1000.0,0.55,0.01,200,0.5,0.2,10,200,50,False
data101.vrp,tabu,random,True,70,4607.637731288301,21,1731.5583713212325,49,2876.0793599670687,62.41982394659559,20.94856889999994,201,0.75,42,1000.0,0.55,0.01,200,0.5,0.2,10,200,50,False
data101.vrp,tabu,random,True,70,4607.637731288301,21,1731.5583713212325,49,2876.0793599670687,62.41982394659559,20.755824800000028,201,0.75,42,1000.0,0.55,0.01,200,0.5,0.2,10,200,50,False
data101.vrp,tabu,random,True,70,4607.637731288301,21,1731.5583713212325,49,2876.0793599670687,62.41982394659559,20.816887899999983,201,0.75,42,1000.0,0.55,0.01,200,0.5,0.2,10,200,50,False
data101.vrp,tabu,random,True,70,4607.637731288301,21,1731.5583713212325,49,2876.0793599670687,62.41982394659559,21.14054759999999,201,0.75,42,1000.0,0.55,0.01,200,0.5,0.2,10,200,50,False
data101.vrp,tabu,random,True,70,4607.637731288301,21,1731.5583713212325,49,2876.0793599670687,62.41982394659559,20.87029210000003,201,0.75,42,1000.0,0.55,0.01,200,0.5,0.2,10,200,50,False
data101.vrp,tabu,random,True,70,4607.637731288301,21,1731.5583713212325,49,2876.0793599670687,62.41982394659559,18.905673100000058,201,0.75,42,1000.0,0.55,0.01,200,0.5,0.2,10,200,50,False
data101.vrp,tabu,random,True,70,4607.637731288301,21,1731.5583713212325,49,2876.0793599670687,62.41982394659559,18.691461900000036,201,0.75,42,1000.0,0.55,0.01,200,0.5,0.2,10,200,50,False
data101.vrp,tabu,random,True,70,4607.637731288301,21,1731.5583713212325,49,2876.0793599670687,62.41982394659559,17.223342500000058,201,0.75,42,1000.0,0.55,0.01,200,0.5,0.2,10,200,50,False
data101.vrp,tabu,random,True,73,4567.752626931998,22,1736.2830859055512,51,2831.4695410264467,61.98824175223008,21.266177499999998,201,0.75,1,1000.0,0.55,0.01,200,0.5,0.2,10,200,50,False
data101.vrp,tabu,random,True,73,4567.752626931998,22,1736.2830859055512,51,2831.4695410264467,61.98824175223008,21.4598982,201,0.75,1,1000.0,0.55,0.01,200,0.5,0.2,10,200,50,False
data101.vrp,tabu,random,True,73,4567.752626931998,22,1736.2830859055512,51,2831.4695410264467,61.98824175223008,21.512615399999998,201,0.75,1,1000.0,0.55,0.01,200,0.5,0.2,10,200,50,False
data101.vrp,tabu,random,True,73,4567.752626931998,22,1736.2830859055512,51,2831.4695410264467,61.98824175223008,21.5247111,201,0.75,1,1000.0,0.55,0.01,200,0.5,0.2,10,200,50,False
data101.vrp,tabu,random,True,73,4567.752626931998,22,1736.2830859055512,51,2831.4695410264467,61.98824175223008,21.8941461,201,0.75,1,1000.0,0.55,0.01,200,0.5,0.2,10,200,50,False
data101.vrp,tabu,random,True,73,4567.752626931998,22,1736.2830859055512,51,2831.4695410264467,61.98824175223008,21.3556782,201,0.75,1,1000.0,0.55,0.01,200,0.5,0.2,10,200,50,False
data101.vrp,tabu,random,True,73,4567.752626931998,22,1736.2830859055512,51,2831.4695410264467,61.98824175223008,22.1502909,201,0.75,1,1000.0,0.55,0.01,200,0.5,0.2,10,200,50,False
data101.vrp,tabu,random,True,73,4567.752626931998,22,1736.2830859055512,51,2831.4695410264467,61.98824175223008,22.216226399999996,201,0.75,1,1000.0,0.55,0.01,200,0.5,0.2,10,200,50,False
data101.vrp,tabu,random,True,73,4567.752626931998,22,1736.2830859055512,51,2831.4695410264467,61.98824175223008,22.217313500000003,201,0.75,1,1000.0,0.55,0.01,200,0.5,0.2,10,200,50,False
data101.vrp,tabu,random,True,73,4567.752626931998,22,1736.2830859055512,51,2831.4695410264467,61.98824175223008,22.2583066,201,0.75,1,1000.0,0.55,0.01,200,0.5,0.2,10,200,50,False
data101.vrp,tabu,random,True,73,4567.752626931998,22,1736.2830859055512,51,2831.4695410264467,61.98824175223008,21.214578800000005,201,0.75,1,1000.0,0.55,0.01,200,0.5,0.2,10,200,50,False
data101.vrp,tabu,random,True,73,4567.752626931998,22,1736.2830859055512,51,2831.4695410264467,61.98824175223008,21.514045399999993,201,0.75,1,1000.0,0.55,0.01,200,0.5,0.2,10,200,50,False
data101.vrp,tabu,random,True,73,4567.752626931998,22,1736.2830859055512,51,2831.4695410264467,61.98824175223008,21.76954239999999,201,0.75,1,1000.0,0.55,0.01,200,0.5,0.2,10,200,50,False
data101.vrp,tabu,random,True,73,4567.752626931998,22,1736.2830859055512,51,2831.4695410264467,61.98824175223008,22.117116100000004,201,0.75,1,1000.0,0.55,0.01,200,0.5,0.2,10,200,50,False
data101.vrp,tabu,random,True,73,4567.752626931998,22,1736.2830859055512,51,2831.4695410264467,61.98824175223008,21.796215000000004,201,0.75,1,1000.0,0.55,0.01,200,0.5,0.2,10,200,50,False
data101.vrp,tabu,random,True,73,4567.752626931998,22,1736.2830859055512,51,2831.4695410264467,61.98824175223008,21.0376502,201,0.75,1,1000.0,0.55,0.01,200,0.5,0.2,10,200,50,False
data101.vrp,tabu,random,True,73,4567.752626931998,22,1736.2830859055512,51,2831.4695410264467,61.98824175223008,20.722819799999996,201,0.75,1,1000.0,0.55,0.01,200,0.5,0.2,10,200,50,False
data101.vrp,tabu,random,True,73,4567.752626931998,22,1736.2830859055512,51,2831.4695410264467,61.98824175223008,20.985781700000004,201,0.75,1,1000.0,0.55,0.01,200,0.5,0.2,10,200,50,False
data101.vrp,tabu,random,True,73,4567.752626931998,22,1736.2830859055512,51,2831.4695410264467,61.98824175223008,20.994787700000003,201,0.75,1,1000.0,0.55,0.01,200,0.5,0.2,10,200,50,False
data101.vrp,tabu,random,True,73,4567.752626931998,22,1736.2830859055512,51,2831.4695410264467,61.98824175223008,20.971619700000005,201,0.75,1,1000.0,0.55,0.01,200,0.5,0.2,10,200,50,False
data101.vrp,tabu,random,True,73,4567.752626931998,22,1736.2830859055512,51,2831.4695410264467,61.98824175223008,20.9056877,201,0.75,1,1000.0,0.55,0.01,200,0.5,0.2,10,200,50,False
data101.vrp,tabu,random,True,73,4567.752626931998,22,1736.2830859055512,51,2831.4695410264467,61.98824175223008,21.0574103,201,0.75,1,1000.0,0.55,0.01,200,0.5,0.2,10,200,50,False
data101.vrp,tabu,random,True,73,4567.752626931998,22,1736.2830859055512,51,2831.4695410264467,61.98824175223008,20.878405,201,0.75,1,1000.0,0.55,0.01,200,0.5,0.2,10,200,50,False
data101.vrp,tabu,random,True,73,4567.752626931998,22,1736.2830859055512,51,2831.4695410264467,61.98824175223008,21.206387300000003,201,0.75,1,1000.0,0.55,0.01,200,0.5,0.2,10,200,50,False
data101.vrp,tabu,random,True,73,4567.752626931998,22,1736.2830859055512,51,2831.4695410264467,61.98824175223008,21.756255499999995,201,0.75,1,1000.0,0.55,0.01,200,0.5,0.2,10,200,50,False
data101.vrp,tabu,random,True,73,4567.752626931998,22,1736.2830859055512,51,2831.4695410264467,61.98824175223008,22.478855199999998,201,0.75,1,1000.0,0.55,0.01,200,0.5,0.2,10,200,50,False
data101.vrp,tabu,random,True,73,4567.752626931998,22,1736.2830859055512,51,2831.4695410264467,61.98824175223008,22.25462920000001,201,0.75,1,1000.0,0.55,0.01,200,0.5,0.2,10,200,50,False
data101.vrp,tabu,random,True,73,4567.752626931998,22,1736.2830859055512,51,2831.4695410264467,61.98824175223008,22.146843800000013,201,0.75,1,1000.0,0.55,0.01,200,0.5,0.2,10,200,50,False
data101.vrp,tabu,random,True,73,4567.752626931998,22,1736.2830859055512,51,2831.4695410264467,61.98824175223008,23.249940199999998,201,0.75,1,1000.0,0.55,0.01,200,0.5,0.2,10,200,50,False
data101.vrp,tabu,random,True,73,4567.752626931998,22,1736.2830859055512,51,2831.4695410264467,61.98824175223008,22.68004520000001,201,0.75,1,1000.0,0.55,0.01,200,0.5,0.2,10,200,50,False
data101.vrp,tabu,random,True,73,4567.752626931998,22,1736.2830859055512,51,2831.4695410264467,61.98824175223008,21.83348670000001,201,0.75,1,1000.0,0.55,0.01,200,0.5,0.2,10,200,50,False
data101.vrp,tabu,random,True,73,4567.752626931998,22,1736.2830859055512,51,2831.4695410264467,61.98824175223008,22.33509719999998,201,0.75,1,1000.0,0.55,0.01,200,0.5,0.2,10,200,50,False
data101.vrp,tabu,random,True,73,4567.752626931998,22,1736.2830859055512,51,2831.4695410264467,61.98824175223008,21.35175479999998,201,0.75,1,1000.0,0.55,0.01,200,0.5,0.2,10,200,50,False
data101.vrp,tabu,random,True,73,4567.752626931998,22,1736.2830859055512,51,2831.4695410264467,61.98824175223008,21.86181160000001,201,0.75,1,1000.0,0.55,0.01,200,0.5,0.2,10,200,50,False
data101.vrp,tabu,random,True,73,4567.752626931998,22,1736.2830859055512,51,2831.4695410264467,61.98824175223008,21.577013499999993,201,0.75,1,1000.0,0.55,0.01,200,0.5,0.2,10,200,50,False
data101.vrp,tabu,random,True,73,4567.752626931998,22,1736.2830859055512,51,2831.4695410264467,61.98824175223008,21.270596599999976,201,0.75,1,1000.0,0.55,0.01,200,0.5,0.2,10,200,50,False
data101.vrp,tabu,random,True,73,4567.752626931998,22,1736.2830859055512,51,2831.4695410264467,61.98824175223008,21.037025599999993,201,0.75,1,1000.0,0.55,0.01,200,0.5,0.2,10,200,50,False
data101.vrp,tabu,random,True,73,4567.752626931998,22,1736.2830859055512,51,2831.4695410264467,61.98824175223008,20.974580900000007,201,0.75,1,1000.0,0.55,0.01,200,0.5,0.2,10,200,50,False
data101.vrp,tabu,random,True,73,4567.752626931998,22,1736.2830859055512,51,2831.4695410264467,61.98824175223008,21.337891600000006,201,0.75,1,1000.0,0.55,0.01,200,0.5,0.2,10,200,50,False
data101.vrp,tabu,random,True,73,4567.752626931998,22,1736.2830859055512,51,2831.4695410264467,61.98824175223008,21.558004600000004,201,0.75,1,1000.0,0.55,0.01,200,0.5,0.2,10,200,50,False
data101.vrp,tabu,random,True,73,4567.752626931998,22,1736.2830859055512,51,2831.4695410264467,61.98824175223008,21.31979610000002,201,0.75,1,1000.0,0.55,0.01,200,0.5,0.2,10,200,50,False
data101.vrp,tabu,random,True,73,4567.752626931998,22,1736.2830859055512,51,2831.4695410264467,61.98824175223008,21.853184900000002,201,0.75,1,1000.0,0.55,0.01,200,0.5,0.2,10,200,50,False
data101.vrp,tabu,random,True,73,4567.752626931998,22,1736.2830859055512,51,2831.4695410264467,61.98824175223008,21.812360600000005,201,0.75,1,1000.0,0.55,0.01,200,0.5,0.2,10,200,50,False
data101.vrp,tabu,random,True,73,4567.752626931998,22,1736.2830859055512,51,2831.4695410264467,61.98824175223008,22.211105900000007,201,0.75,1,1000.0,0.55,0.01,200,0.5,0.2,10,200,50,False
data101.vrp,tabu,random,True,73,4567.752626931998,22,1736.2830859055512,51,2831.4695410264467,61.98824175223008,22.1239511,201,0.75,1,1000.0,0.55,0.01,200,0.5,0.2,10,200,50,False
data101.vrp,tabu,random,True,73,4567.752626931998,22,1736.2830859055512,51,2831.4695410264467,61.98824175223008,21.054393500000003,201,0.75,1,1000.0,0.55,0.01,200,0.5,0.2,10,200,50,False
data101.vrp,tabu,random,True,73,4567.752626931998,22,1736.2830859055512,51,2831.4695410264467,61.98824175223008,21.506676099999993,201,0.75,1,1000.0,0.55,0.01,200,0.5,0.2,10,200,50,False
data101.vrp,tabu,random,True,73,4567.752626931998,22,1736.2830859055512,51,2831.4695410264467,61.98824175223008,21.785446500000006,201,0.75,1,1000.0,0.55,0.01,200,0.5,0.2,10,200,50,False
data101.vrp,tabu,random,True,73,4567.752626931998,22,1736.2830859055512,51,2831.4695410264467,61.98824175223008,21.81625219999998,201,0.75,1,1000.0,0.55,0.01,200,0.5,0.2,10,200,50,False
data101.vrp,tabu,random,True,73,4567.752626931998,22,1736.2830859055512,51,2831.4695410264467,61.98824175223008,21.9729155,201,0.75,1,1000.0,0.55,0.01,200,0.5,0.2,10,200,50,False
data101.vrp,tabu,random,True,73,4567.752626931998,22,1736.2830859055512,51,2831.4695410264467,61.98824175223008,21.174688300000014,201,0.75,1,1000.0,0.55,0.01,200,0.5,0.2,10,200,50,False
data101.vrp,tabu,random,True,73,4567.752626931998,22,1736.2830859055512,51,2831.4695410264467,61.98824175223008,21.24269509999999,201,0.75,1,1000.0,0.55,0.01,200,0.5,0.2,10,200,50,False
data101.vrp,tabu,random,True,73,4567.752626931998,22,1736.2830859055512,51,2831.4695410264467,61.98824175223008,21.667771500000015,201,0.75,1,1000.0,0.55,0.01,200,0.5,0.2,10,200,50,False
data101.vrp,tabu,random,True,73,4567.752626931998,22,1736.2830859055512,51,2831.4695410264467,61.98824175223008,21.91452849999999,201,0.75,1,1000.0,0.55,0.01,200,0.5,0.2,10,200,50,False
data101.vrp,tabu,random,True,73,4567.752626931998,22,1736.2830859055512,51,2831.4695410264467,61.98824175223008,21.701451099999986,201,0.75,1,1000.0,0.55,0.01,200,0.5,0.2,10,200,50,False
data101.vrp,tabu,random,True,73,4567.752626931998,22,1736.2830859055512,51,2831.4695410264467,61.98824175223008,22.191775699999994,201,0.75,1,1000.0,0.55,0.01,200,0.5,0.2,10,200,50,False
data101.vrp,tabu,random,True,73,4567.752626931998,22,1736.2830859055512,51,2831.4695410264467,61.98824175223008,22.312466100000023,201,0.75,1,1000.0,0.55,0.01,200,0.5,0.2,10,200,50,False
data101.vrp,tabu,random,True,73,4567.752626931998,22,1736.2830859055512,51,2831.4695410264467,61.98824175223008,23.243578999999983,201,0.75,1,1000.0,0.55,0.01,200,0.5,0.2,10,200,50,False
data101.vrp,tabu,random,True,73,4567.752626931998,22,1736.2830859055512,51,2831.4695410264467,61.98824175223008,22.728425799999968,201,0.75,1,1000.0,0.55,0.01,200,0.5,0.2,10,200,50,False
data101.vrp,tabu,random,True,73,4567.752626931998,22,1736.2830859055512,51,2831.4695410264467,61.98824175223008,22.609838399999973,201,0.75,1,1000.0,0.55,0.01,200,0.5,0.2,10,200,50,False
data101.vrp,tabu,random,True,73,4567.752626931998,22,1736.2830859055512,51,2831.4695410264467,61.98824175223008,21.846318199999985,201,0.75,1,1000.0,0.55,0.01,200,0.5,0.2,10,200,50,False
data101.vrp,tabu,random,True,73,4567.752626931998,22,1736.2830859055512,51,2831.4695410264467,61.98824175223008,22.064723500000014,201,0.75,1,1000.0,0.55,0.01,200,0.5,0.2,10,200,50,False
data101.vrp,tabu,random,True,73,4567.752626931998,22,1736.2830859055512,51,2831.4695410264467,61.98824175223008,21.746090399999957,201,0.75,1,1000.0,0.55,0.01,200,0.5,0.2,10,200,50,False
data101.vrp,tabu,random,True,73,4567.752626931998,22,1736.2830859055512,51,2831.4695410264467,61.98824175223008,21.84040970000001,201,0.75,1,1000.0,0.55,0.01,200,0.5,0.2,10,200,50,False
data101.vrp,tabu,random,True,73,4567.752626931998,22,1736.2830859055512,51,2831.4695410264467,61.98824175223008,21.324332000000027,201,0.75,1,1000.0,0.55,0.01,200,0.5,0.2,10,200,50,False
data101.vrp,tabu,random,True,73,4567.752626931998,22,1736.2830859055512,51,2831.4695410264467,61.98824175223008,21.34329059999999,201,0.75,1,1000.0,0.55,0.01,200,0.5,0.2,10,200,50,False
data101.vrp,tabu,random,True,73,4567.752626931998,22,1736.2830859055512,51,2831.4695410264467,61.98824175223008,21.81408060000001,201,0.75,1,1000.0,0.55,0.01,200,0.5,0.2,10,200,50,False
data101.vrp,tabu,random,True,73,4567.752626931998,22,1736.2830859055512,51,2831.4695410264467,61.98824175223008,22.36666009999999,201,0.75,1,1000.0,0.55,0.01,200,0.5,0.2,10,200,50,False
data101.vrp,tabu,random,True,73,4567.752626931998,22,1736.2830859055512,51,2831.4695410264467,61.98824175223008,22.17251630000004,201,0.75,1,1000.0,0.55,0.01,200,0.5,0.2,10,200,50,False
data101.vrp,tabu,random,True,73,4567.752626931998,22,1736.2830859055512,51,2831.4695410264467,61.98824175223008,22.792420100000015,201,0.75,1,1000.0,0.55,0.01,200,0.5,0.2,10,200,50,False
data101.vrp,tabu,random,True,73,4567.752626931998,22,1736.2830859055512,51,2831.4695410264467,61.98824175223008,23.39076369999998,201,0.75,1,1000.0,0.55,0.01,200,0.5,0.2,10,200,50,False
data101.vrp,tabu,random,True,73,4567.752626931998,22,1736.2830859055512,51,2831.4695410264467,61.98824175223008,23.69363930000003,201,0.75,1,1000.0,0.55,0.01,200,0.5,0.2,10,200,50,False
data101.vrp,tabu,random,True,73,4567.752626931998,22,1736.2830859055512,51,2831.4695410264467,61.98824175223008,23.252277700000036,201,0.75,1,1000.0,0.55,0.01,200,0.5,0.2,10,200,50,False
data101.vrp,tabu,random,True,73,4567.752626931998,22,1736.2830859055512,51,2831.4695410264467,61.98824175223008,23.627405699999997,201,0.75,1,1000.0,0.55,0.01,200,0.5,0.2,10,200,50,False
data101.vrp,tabu,random,True,73,4567.752626931998,22,1736.2830859055512,51,2831.4695410264467,61.98824175223008,23.36048729999999,201,0.75,1,1000.0,0.55,0.01,200,0.5,0.2,10,200,50,False
data101.vrp,tabu,random,True,73,4567.752626931998,22,1736.2830859055512,51,2831.4695410264467,61.98824175223008,21.513831100000004,201,0.75,1,1000.0,0.55,0.01,200,0.5,0.2,10,200,50,False
data101.vrp,tabu,random,True,73,4567.752626931998,22,1736.2830859055512,51,2831.4695410264467,61.98824175223008,21.4023095,201,0.75,1,1000.0,0.55,0.01,200,0.5,0.2,10,200,50,False
data101.vrp,tabu,random,True,73,4567.752626931998,22,1736.2830859055512,51,2831.4695410264467,61.98824175223008,21.95460410000004,201,0.75,1,1000.0,0.55,0.01,200,0.5,0.2,10,200,50,False
data101.vrp,tabu,random,True,73,4567.752626931998,22,1736.2830859055512,51,2831.4695410264467,61.98824175223008,22.0135047,201,0.75,1,1000.0,0.55,0.01,200,0.5,0.2,10,200,50,False
data101.vrp,tabu,random,True,73,4567.752626931998,22,1736.2830859055512,51,2831.4695410264467,61.98824175223008,21.837510699999996,201,0.75,1,1000.0,0.55,0.01,200,0.5,0.2,10,200,50,False
data101.vrp,tabu,random,True,73,4567.752626931998,22,1736.2830859055512,51,2831.4695410264467,61.98824175223008,20.876318700000013,201,0.75,1,1000.0,0.55,0.01,200,0.5,0.2,10,200,50,False
data101.vrp,tabu,random,True,73,4567.752626931998,22,1736.2830859055512,51,2831.4695410264467,61.98824175223008,20.98488020000002,201,0.75,1,1000.0,0.55,0.01,200,0.5,0.2,10,200,50,False
data101.vrp,tabu,random,True,73,4567.752626931998,22,1736.2830859055512,51,2831.4695410264467,61.98824175223008,20.6822229,201,0.75,1,1000.0,0.55,0.01,200,0.5,0.2,10,200,50,False
data101.vrp,tabu,random,True,73,4567.752626931998,22,1736.2830859055512,51,2831.4695410264467,61.98824175223008,21.275810399999955,201,0.75,1,1000.0,0.55,0.01,200,0.5,0.2,10,200,50,False
data101.vrp,tabu,random,True,73,4567.752626931998,22,1736.2830859055512,51,2831.4695410264467,61.98824175223008,21.3505002,201,0.75,1,1000.0,0.55,0.01,200,0.5,0.2,10,200,50,False
data101.vrp,tabu,random,True,73,4567.752626931998,22,1736.2830859055512,51,2831.4695410264467,61.98824175223008,21.56149769999996,201,0.75,1,1000.0,0.55,0.01,200,0.5,0.2,10,200,50,False
data101.vrp,tabu,random,True,73,4567.752626931998,22,1736.2830859055512,51,2831.4695410264467,61.98824175223008,21.600751900000034,201,0.75,1,1000.0,0.55,0.01,200,0.5,0.2,10,200,50,False
data101.vrp,tabu,random,True,73,4567.752626931998,22,1736.2830859055512,51,2831.4695410264467,61.98824175223008,22.15122389999999,201,0.75,1,1000.0,0.55,0.01,200,0.5,0.2,10,200,50,False
data101.vrp,tabu,random,True,73,4567.752626931998,22,1736.2830859055512,51,2831.4695410264467,61.98824175223008,21.964824599999986,201,0.75,1,1000.0,0.55,0.01,200,0.5,0.2,10,200,50,False
data101.vrp,tabu,random,True,73,4567.752626931998,22,1736.2830859055512,51,2831.4695410264467,61.98824175223008,22.521886600000016,201,0.75,1,1000.0,0.55,0.01,200,0.5,0.2,10,200,50,False
data101.vrp,tabu,random,True,73,4567.752626931998,22,1736.2830859055512,51,2831.4695410264467,61.98824175223008,22.538707199999976,201,0.75,1,1000.0,0.55,0.01,200,0.5,0.2,10,200,50,False
data101.vrp,tabu,random,True,73,4567.752626931998,22,1736.2830859055512,51,2831.4695410264467,61.98824175223008,22.707722100000012,201,0.75,1,1000.0,0.55,0.01,200,0.5,0.2,10,200,50,False
data101.vrp,tabu,random,True,73,4567.752626931998,22,1736.2830859055512,51,2831.4695410264467,61.98824175223008,22.507427500000006,201,0.75,1,1000.0,0.55,0.01,200,0.5,0.2,10,200,50,False
data101.vrp,tabu,random,True,73,4567.752626931998,22,1736.2830859055512,51,2831.4695410264467,61.98824175223008,22.389984400000003,201,0.75,1,1000.0,0.55,0.01,200,0.5,0.2,10,200,50,False
data101.vrp,tabu,random,True,73,4567.752626931998,22,1736.2830859055512,51,2831.4695410264467,61.98824175223008,22.416212299999984,201,0.75,1,1000.0,0.55,0.01,200,0.5,0.2,10,200,50,False
data101.vrp,tabu,random,True,73,4567.752626931998,22,1736.2830859055512,51,2831.4695410264467,61.98824175223008,21.038265799999976,201,0.75,1,1000.0,0.55,0.01,200,0.5,0.2,10,200,50,False
data101.vrp,tabu,random,True,73,4567.752626931998,22,1736.2830859055512,51,2831.4695410264467,61.98824175223008,21.494741100000056,201,0.75,1,1000.0,0.55,0.01,200,0.5,0.2,10,200,50,False
data101.vrp,tabu,random,True,73,4567.752626931998,22,1736.2830859055512,51,2831.4695410264467,61.98824175223008,21.214585999999997,201,0.75,1,1000.0,0.55,0.01,200,0.5,0.2,10,200,50,False
data101.vrp,tabu,random,True,73,4567.752626931998,22,1736.2830859055512,51,2831.4695410264467,61.98824175223008,21.153504899999973,201,0.75,1,1000.0,0.55,0.01,200,0.5,0.2,10,200,50,False
data101.vrp,tabu,random,True,73,4567.752626931998,22,1736.2830859055512,51,2831.4695410264467,61.98824175223008,21.060833799999955,201,0.75,1,1000.0,0.55,0.01,200,0.5,0.2,10,200,50,False
data101.vrp,tabu,random,True,73,4567.752626931998,22,1736.2830859055512,51,2831.4695410264467,61.98824175223008,20.405489200000034,201,0.75,1,1000.0,0.55,0.01,200,0.5,0.2,10,200,50,False
data101.vrp,tabu,random,True,73,4567.752626931998,22,1736.2830859055512,51,2831.4695410264467,61.98824175223008,20.43812989999998,201,0.75,1,1000.0,0.55,0.01,200,0.5,0.2,10,200,50,False
data101.vrp,tabu,random,True,73,4567.752626931998,22,1736.2830859055512,51,2831.4695410264467,61.98824175223008,20.38318799999996,201,0.75,1,1000.0,0.55,0.01,200,0.5,0.2,10,200,50,False
data101.vrp,tabu,random,True,73,4567.752626931998,22,1736.2830859055512,51,2831.4695410264467,61.98824175223008,20.66972149999998,201,0.75,1,1000.0,0.55,0.01,200,0.5,0.2,10,200,50,False
data101.vrp,tabu,random,True,73,4567.752626931998,22,1736.2830859055512,51,2831.4695410264467,61.98824175223008,20.72431899999998,201,0.75,1,1000.0,0.55,0.01,200,0.5,0.2,10,200,50,False
data101.vrp,tabu,random,True,73,4567.752626931998,22,1736.2830859055512,51,2831.4695410264467,61.98824175223008,20.499004599999978,201,0.75,1,1000.0,0.55,0.01,200,0.5,0.2,10,200,50,False
data101.vrp,tabu,random,True,73,4567.752626931998,22,1736.2830859055512,51,2831.4695410264467,61.98824175223008,20.37913960000003,201,0.75,1,1000.0,0.55,0.01,200,0.5,0.2,10,200,50,False
data101.vrp,tabu,random,True,73,4567.752626931998,22,1736.2830859055512,51,2831.4695410264467,61.98824175223008,20.27211440000002,201,0.75,1,1000.0,0.55,0.01,200,0.5,0.2,10,200,50,False
data101.vrp,tabu,random,True,73,4567.752626931998,22,1736.2830859055512,51,2831.4695410264467,61.98824175223008,20.56198660000001,201,0.75,1,1000.0,0.55,0.01,200,0.5,0.2,10,200,50,False
data101.vrp,tabu,random,True,73,4567.752626931998,22,1736.2830859055512,51,2831.4695410264467,61.98824175223008,20.847718900000018,201,0.75,1,1000.0,0.55,0.01,200,0.5,0.2,10,200,50,False
data101.vrp,tabu,random,True,73,4567.752626931998,22,1736.2830859055512,51,2831.4695410264467,61.98824175223008,21.2443667,201,0.75,1,1000.0,0.55,0.01,200,0.5,0.2,10,200,50,False
data101.vrp,tabu,random,True,73,4567.752626931998,22,1736.2830859055512,51,2831.4695410264467,61.98824175223008,21.154892599999982,201,0.75,1,1000.0,0.55,0.01,200,0.5,0.2,10,200,50,False
data101.vrp,tabu,random,True,73,4567.752626931998,22,1736.2830859055512,51,2831.4695410264467,61.98824175223008,21.230583500000023,201,0.75,1,1000.0,0.55,0.01,200,0.5,0.2,10,200,50,False
data101.vrp,tabu,random,True,73,4567.752626931998,22,1736.2830859055512,51,2831.4695410264467,61.98824175223008,21.6156929,201,0.75,1,1000.0,0.55,0.01,200,0.5,0.2,10,200,50,False
data101.vrp,tabu,random,True,73,4567.752626931998,22,1736.2830859055512,51,2831.4695410264467,61.98824175223008,21.674872300000004,201,0.75,1,1000.0,0.55,0.01,200,0.5,0.2,10,200,50,False
data101.vrp,tabu,random,True,73,4567.752626931998,22,1736.2830859055512,51,2831.4695410264467,61.98824175223008,20.840106600000013,201,0.75,1,1000.0,0.55,0.01,200,0.5,0.2,10,200,50,False
data101.vrp,tabu,random,True,73,4567.752626931998,22,1736.2830859055512,51,2831.4695410264467,61.98824175223008,21.057472200000007,201,0.75,1,1000.0,0.55,0.01,200,0.5,0.2,10,200,50,False
data101.vrp,tabu,random,True,73,4567.752626931998,22,1736.2830859055512,51,2831.4695410264467,61.98824175223008,20.57392370000008,201,0.75,1,1000.0,0.55,0.01,200,0.5,0.2,10,200,50,False
data101.vrp,tabu,random,True,73,4567.752626931998,22,1736.2830859055512,51,2831.4695410264467,61.98824175223008,20.7152327,201,0.75,1,1000.0,0.55,0.01,200,0.5,0.2,10,200,50,False
data101.vrp,tabu,random,True,73,4567.752626931998,22,1736.2830859055512,51,2831.4695410264467,61.98824175223008,20.883633799999984,201,0.75,1,1000.0,0.55,0.01,200,0.5,0.2,10,200,50,False
data101.vrp,tabu,random,True,71,4448.776235076591,22,1760.2866453255288,49,2688.489589751062,60.43211543330806,20.128988800000002,201,0.75,2,1000.0,0.55,0.01,200,0.5,0.2,10,200,50,False
data101.vrp,tabu,random,True,71,4448.776235076591,22,1760.2866453255288,49,2688.489589751062,60.43211543330806,21.037607399999956,201,0.75,2,1000.0,0.55,0.01,200,0.5,0.2,10,200,50,False
data101.vrp,tabu,random,True,71,4448.776235076591,22,1760.2866453255288,49,2688.489589751062,60.43211543330806,20.92542900000001,201,0.75,2,1000.0,0.55,0.01,200,0.5,0.2,10,200,50,False
data101.vrp,tabu,random,True,71,4448.776235076591,22,1760.2866453255288,49,2688.489589751062,60.43211543330806,21.7015811,201,0.75,2,1000.0,0.55,0.01,200,0.5,0.2,10,200,50,False
data101.vrp,tabu,random,True,71,4448.776235076591,22,1760.2866453255288,49,2688.489589751062,60.43211543330806,21.542510000000107,201,0.75,2,1000.0,0.55,0.01,200,0.5,0.2,10,200,50,False
data101.vrp,tabu,random,True,71,4448.776235076591,22,1760.2866453255288,49,2688.489589751062,60.43211543330806,22.040389899999923,201,0.75,2,1000.0,0.55,0.01,200,0.5,0.2,10,200,50,False
data101.vrp,tabu,random,True,71,4448.776235076591,22,1760.2866453255288,49,2688.489589751062,60.43211543330806,21.218661300000008,201,0.75,2,1000.0,0.55,0.01,200,0.5,0.2,10,200,50,False
data101.vrp,tabu,random,True,71,4448.776235076591,22,1760.2866453255288,49,2688.489589751062,60.43211543330806,20.867706999999996,201,0.75,2,1000.0,0.55,0.01,200,0.5,0.2,10,200,50,False
data101.vrp,tabu,random,True,71,4448.776235076591,22,1760.2866453255288,49,2688.489589751062,60.43211543330806,21.04721459999996,201,0.75,2,1000.0,0.55,0.01,200,0.5,0.2,10,200,50,False
data101.vrp,tabu,random,True,71,4448.776235076591,22,1760.2866453255288,49,2688.489589751062,60.43211543330806,20.669819699999948,201,0.75,2,1000.0,0.55,0.01,200,0.5,0.2,10,200,50,False
data101.vrp,tabu,random,True,71,4448.776235076591,22,1760.2866453255288,49,2688.489589751062,60.43211543330806,20.021862700000042,201,0.75,2,1000.0,0.55,0.01,200,0.5,0.2,10,200,50,False
data101.vrp,tabu,random,True,71,4448.776235076591,22,1760.2866453255288,49,2688.489589751062,60.43211543330806,20.457967600000075,201,0.75,2,1000.0,0.55,0.01,200,0.5,0.2,10,200,50,False
data101.vrp,tabu,random,True,71,4448.776235076591,22,1760.2866453255288,49,2688.489589751062,60.43211543330806,19.800610900000038,201,0.75,2,1000.0,0.55,0.01,200,0.5,0.2,10,200,50,False
data101.vrp,tabu,random,True,71,4448.776235076591,22,1760.2866453255288,49,2688.489589751062,60.43211543330806,20.834699699999987,201,0.75,2,1000.0,0.55,0.01,200,0.5,0.2,10,200,50,False
data101.vrp,tabu,random,True,71,4448.776235076591,22,1760.2866453255288,49,2688.489589751062,60.43211543330806,20.599301500000024,201,0.75,2,1000.0,0.55,0.01,200,0.5,0.2,10,200,50,False
data101.vrp,tabu,random,True,71,4448.776235076591,22,1760.2866453255288,49,2688.489589751062,60.43211543330806,21.353631800000016,201,0.75,2,1000.0,0.55,0.01,200,0.5,0.2,10,200,50,False
data101.vrp,tabu,random,True,71,4448.776235076591,22,1760.2866453255288,49,2688.489589751062,60.43211543330806,21.610956899999906,201,0.75,2,1000.0,0.55,0.01,200,0.5,0.2,10,200,50,False
data101.vrp,tabu,random,True,71,4448.776235076591,22,1760.2866453255288,49,2688.489589751062,60.43211543330806,21.268185899999935,201,0.75,2,1000.0,0.55,0.01,200,0.5,0.2,10,200,50,False
data101.vrp,tabu,random,True,71,4448.776235076591,22,1760.2866453255288,49,2688.489589751062,60.43211543330806,21.697267099999976,201,0.75,2,1000.0,0.55,0.01,200,0.5,0.2,10,200,50,False
data101.vrp,tabu,random,True,71,4448.776235076591,22,1760.2866453255288,49,2688.489589751062,60.43211543330806,21.836291500000016,201,0.75,2,1000.0,0.55,0.01,200,0.5,0.2,10,200,50,False
data101.vrp,tabu,random,True,71,4448.776235076591,22,1760.2866453255288,49,2688.489589751062,60.43211543330806,20.39794370000004,201,0.75,2,1000.0,0.55,0.01,200,0.5,0.2,10,200,50,False
data101.vrp,tabu,random,True,71,4448.776235076591,22,1760.2866453255288,49,2688.489589751062,60.43211543330806,19.986835100000008,201,0.75,2,1000.0,0.55,0.01,200,0.5,0.2,10,200,50,False
data101.vrp,tabu,random,True,71,4448.776235076591,22,1760.2866453255288,49,2688.489589751062,60.43211543330806,20.318856299999993,201,0.75,2,1000.0,0.55,0.01,200,0.5,0.2,10,200,50,False
data101.vrp,tabu,random,True,71,4448.776235076591,22,1760.2866453255288,49,2688.489589751062,60.43211543330806,20.35245969999994,201,0.75,2,1000.0,0.55,0.01,200,0.5,0.2,10,200,50,False
data101.vrp,tabu,random,True,71,4448.776235076591,22,1760.2866453255288,49,2688.489589751062,60.43211543330806,20.04296899999997,201,0.75,2,1000.0,0.55,0.01,200,0.5,0.2,10,200,50,False
data101.vrp,tabu,random,True,71,4448.776235076591,22,1760.2866453255288,49,2688.489589751062,60.43211543330806,20.252959099999998,201,0.75,2,1000.0,0.55,0.01,200,0.5,0.2,10,200,50,False
data101.vrp,tabu,random,True,71,4448.776235076591,22,1760.2866453255288,49,2688.489589751062,60.43211543330806,20.071503699999994,201,0.75,2,1000.0,0.55,0.01,200,0.5,0.2,10,200,50,False
data101.vrp,tabu,random,True,71,4448.776235076591,22,1760.2866453255288,49,2688.489589751062,60.43211543330806,20.26524930000005,201,0.75,2,1000.0,0.55,0.01,200,0.5,0.2,10,200,50,False
data101.vrp,tabu,random,True,71,4448.776235076591,22,1760.2866453255288,49,2688.489589751062,60.43211543330806,20.760980100000097,201,0.75,2,1000.0,0.55,0.01,200,0.5,0.2,10,200,50,False
data101.vrp,tabu,random,True,71,4448.776235076591,22,1760.2866453255288,49,2688.489589751062,60.43211543330806,20.39863939999998,201,0.75,2,1000.0,0.55,0.01,200,0.5,0.2,10,200,50,False
data101.vrp,tabu,random,True,71,4448.776235076591,22,1760.2866453255288,49,2688.489589751062,60.43211543330806,21.957267199999933,201,0.75,2,1000.0,0.55,0.01,200,0.5,0.2,10,200,50,False
data101.vrp,tabu,random,True,71,4448.776235076591,22,1760.2866453255288,49,2688.489589751062,60.43211543330806,21.985914799999932,201,0.75,2,1000.0,0.55,0.01,200,0.5,0.2,10,200,50,False
data101.vrp,tabu,random,True,71,4448.776235076591,22,1760.2866453255288,49,2688.489589751062,60.43211543330806,22.155196500000102,201,0.75,2,1000.0,0.55,0.01,200,0.5,0.2,10,200,50,False
data101.vrp,tabu,random,True,71,4448.776235076591,22,1760.2866453255288,49,2688.489589751062,60.43211543330806,23.377095600000075,201,0.75,2,1000.0,0.55,0.01,200,0.5,0.2,10,200,50,False
data101.vrp,tabu,random,True,71,4448.776235076591,22,1760.2866453255288,49,2688.489589751062,60.43211543330806,23.076135300000033,201,0.75,2,1000.0,0.55,0.01,200,0.5,0.2,10,200,50,False
data101.vrp,tabu,random,True,71,4448.776235076591,22,1760.2866453255288,49,2688.489589751062,60.43211543330806,22.44943719999992,201,0.75,2,1000.0,0.55,0.01,200,0.5,0.2,10,200,50,False
data101.vrp,tabu,random,True,71,4448.776235076591,22,1760.2866453255288,49,2688.489589751062,60.43211543330806,22.58439290000001,201,0.75,2,1000.0,0.55,0.01,200,0.5,0.2,10,200,50,False
data101.vrp,tabu,random,True,71,4448.776235076591,22,1760.2866453255288,49,2688.489589751062,60.43211543330806,22.7749849999999,201,0.75,2,1000.0,0.55,0.01,200,0.5,0.2,10,200,50,False
data101.vrp,tabu,random,True,71,4448.776235076591,22,1760.2866453255288,49,2688.489589751062,60.43211543330806,22.175108000000023,201,0.75,2,1000.0,0.55,0.01,200,0.5,0.2,10,200,50,False
data101.vrp,tabu,random,True,71,4448.776235076591,22,1760.2866453255288,49,2688.489589751062,60.43211543330806,22.28346959999999,201,0.75,2,1000.0,0.55,0.01,200,0.5,0.2,10,200,50,False
data101.vrp,tabu,greedy,True,37,2623.244873647066,27,1991.0726502766652,10,632.1722233704008,24.098864338634897,1.7699329000000006,21,0.75,42,1000.0,0.55,0.01,200,0.5,0.2,1,20,5,False
data101.vrp,tabu,greedy,True,37,2623.244873647066,22,1786.865957472958,15,836.3789161741081,31.8833717956075,11.2844237,181,0.75,42,1000.0,0.55,0.01,200,0.5,0.2,50,500,100,True
data101.vrp,tabu,random,True,73,4567.752626931998,22,1711.0702351949697,51,2856.6823917370284,62.54021671168659,33.4517273,350,0.75,1,1000.0,0.55,0.01,200,0.5,0.2,20,500,100,True
data101.vrp,tabu,random,True,73,4567.752626931998,22,1711.0702351949697,51,2856.6823917370284,62.54021671168659,33.9122835,350,0.75,1,1000.0,0.55,0.01,200,0.5,0.2,20,500,100,False
data101.vrp,tabu,random,True,73,4567.752626931998,22,1711.0702351949697,51,2856.6823917370284,62.54021671168659,37.3149262,400,0.75,1,1000.0,0.55,0.01,200,0.5,0.2,20,500,150,True
data101.vrp,tabu,random,True,73,4567.752626931998,22,1711.0702351949697,51,2856.6823917370284,62.54021671168659,37.647684299999995,400,0.75,1,1000.0,0.55,0.01,200,0.5,0.2,20,500,150,False
data101.vrp,tabu,random,True,73,4567.752626931998,22,1711.0702351949697,51,2856.6823917370284,62.54021671168659,41.483311300000004,450,0.75,1,1000.0,0.55,0.01,200,0.5,0.2,20,500,200,True
data101.vrp,tabu,random,True,73,4567.752626931998,22,1711.0702351949697,51,2856.6823917370284,62.54021671168659,42.3322418,450,0.75,1,1000.0,0.55,0.01,200,0.5,0.2,20,500,200,False
data101.vrp,tabu,random,True,73,4567.752626931998,22,1711.0702351949697,51,2856.6823917370284,62.54021671168659,45.1928182,500,0.75,1,1000.0,0.55,0.01,200,0.5,0.2,20,500,250,True
data101.vrp,tabu,random,True,73,4567.752626931998,22,1711.0702351949697,51,2856.6823917370284,62.54021671168659,46.730080699999995,500,0.75,1,1000.0,0.55,0.01,200,0.5,0.2,20,500,250,False
data101.vrp,tabu,random,True,73,4567.752626931998,22,1711.0702351949697,51,2856.6823917370284,62.54021671168659,46.96462869999999,501,0.75,1,1000.0,0.55,0.01,200,0.5,0.2,20,500,300,True
data101.vrp,tabu,random,True,73,4567.752626931998,22,1711.0702351949697,51,2856.6823917370284,62.54021671168659,46.0303535,501,0.75,1,1000.0,0.55,0.01,200,0.5,0.2,20,500,300,False
data101.vrp,tabu,random,True,73,4567.752626931998,22,1711.0702351949697,51,2856.6823917370284,62.54021671168659,36.49055009999999,350,0.75,1,1000.0,0.55,0.01,200,0.5,0.2,20,600,100,True
data101.vrp,tabu,random,True,73,4567.752626931998,22,1711.0702351949697,51,2856.6823917370284,62.54021671168659,36.542267800000005,350,0.75,1,1000.0,0.55,0.01,200,0.5,0.2,20,600,100,False
data101.vrp,tabu,random,True,73,4567.752626931998,22,1711.0702351949697,51,2856.6823917370284,62.54021671168659,40.97594529999999,400,0.75,1,1000.0,0.55,0.01,200,0.5,0.2,20,600,150,True
data101.vrp,tabu,random,True,73,4567.752626931998,22,1711.0702351949697,51,2856.6823917370284,62.54021671168659,42.1766025,400,0.75,1,1000.0,0.55,0.01,200,0.5,0.2,20,600,150,False
data101.vrp,tabu,random,True,73,4567.752626931998,22,1711.0702351949697,51,2856.6823917370284,62.54021671168659,45.176454600000014,450,0.75,1,1000.0,0.55,0.01,200,0.5,0.2,20,600,200,True
data101.vrp,tabu,random,True,73,4567.752626931998,22,1711.0702351949697,51,2856.6823917370284,62.54021671168659,45.657238600000014,450,0.75,1,1000.0,0.55,0.01,200,0.5,0.2,20,600,200,False
data101.vrp,tabu,random,True,73,4567.752626931998,22,1711.0702351949697,51,2856.6823917370284,62.54021671168659,49.191893100000016,500,0.75,1,1000.0,0.55,0.01,200,0.5,0.2,20,600,250,True
data101.vrp,tabu,random,True,73,4567.752626931998,22,1711.0702351949697,51,2856.6823917370284,62.54021671168659,49.6521846,500,0.75,1,1000.0,0.55,0.01,200,0.5,0.2,20,600,250,False
data101.vrp,tabu,random,True,73,4567.752626931998,22,1711.0702351949697,51,2856.6823917370284,62.54021671168659,53.2610701,550,0.75,1,1000.0,0.55,0.01,200,0.5,0.2,20,600,300,True
data101.vrp,tabu,random,True,73,4567.752626931998,22,1711.0702351949697,51,2856.6823917370284,62.54021671168659,52.8081555,550,0.75,1,1000.0,0.55,0.01,200,0.5,0.2,20,600,300,False
data101.vrp,tabu,random,True,73,4567.752626931998,22,1711.0702351949697,51,2856.6823917370284,62.54021671168659,35.58840479999998,350,0.75,1,1000.0,0.55,0.01,200,0.5,0.2,20,700,100,True
data101.vrp,tabu,random,True,73,4567.752626931998,22,1711.0702351949697,51,2856.6823917370284,62.54021671168659,36.39586299999999,350,0.75,1,1000.0,0.55,0.01,200,0.5,0.2,20,700,100,False
data101.vrp,tabu,random,True,73,4567.752626931998,22,1711.0702351949697,51,2856.6823917370284,62.54021671168659,41.30517590000002,400,0.75,1,1000.0,0.55,0.01,200,0.5,0.2,20,700,150,True
data101.vrp,tabu,random,True,73,4567.752626931998,22,1711.0702351949697,51,2856.6823917370284,62.54021671168659,41.219351999999986,400,0.75,1,1000.0,0.55,0.01,200,0.5,0.2,20,700,150,False
data101.vrp,tabu,random,True,73,4567.752626931998,22,1711.0702351949697,51,2856.6823917370284,62.54021671168659,45.0208562,450,0.75,1,1000.0,0.55,0.01,200,0.5,0.2,20,700,200,True
data101.vrp,tabu,random,True,73,4567.752626931998,22,1711.0702351949697,51,2856.6823917370284,62.54021671168659,43.396849300000014,450,0.75,1,1000.0,0.55,0.01,200,0.5,0.2,20,700,200,False
data101.vrp,tabu,random,True,73,4567.752626931998,22,1711.0702351949697,51,2856.6823917370284,62.54021671168659,47.0644537,500,0.75,1,1000.0,0.55,0.01,200,0.5,0.2,20,700,250,True
data101.vrp,tabu,random,True,73,4567.752626931998,22,1711.0702351949697,51,2856.6823917370284,62.54021671168659,47.96268459999999,500,0.75,1,1000.0,0.55,0.01,200,0.5,0.2,20,700,250,False
data101.vrp,tabu,random,True,73,4567.752626931998,22,1711.0702351949697,51,2856.6823917370284,62.54021671168659,35.79966820000001,350,0.75,1,1000.0,0.55,0.01,200,0.5,0.2,20,800,100,True
data101.vrp,tabu,random,True,73,4567.752626931998,22,1711.0702351949697,51,2856.6823917370284,62.54021671168659,52.254251099999976,550,0.75,1,1000.0,0.55,0.01,200,0.5,0.2,20,700,300,True
data101.vrp,tabu,random,True,73,4567.752626931998,22,1711.0702351949697,51,2856.6823917370284,62.54021671168659,52.60312190000002,550,0.75,1,1000.0,0.55,0.01,200,0.5,0.2,20,700,300,False
data101.vrp,tabu,random,True,73,4567.752626931998,22,1711.0702351949697,51,2856.6823917370284,62.54021671168659,36.502618600000005,350,0.75,1,1000.0,0.55,0.01,200,0.5,0.2,20,800,100,False
data101.vrp,tabu,random,True,73,4567.752626931998,22,1711.0702351949697,51,2856.6823917370284,62.54021671168659,38.95710230000003,400,0.75,1,1000.0,0.55,0.01,200,0.5,0.2,20,800,150,True
data101.vrp,tabu,random,True,73,4567.752626931998,22,1711.0702351949697,51,2856.6823917370284,62.54021671168659,38.558919100000026,400,0.75,1,1000.0,0.55,0.01,200,0.5,0.2,20,800,150,False
data101.vrp,tabu,random,True,73,4567.752626931998,22,1711.0702351949697,51,2856.6823917370284,62.54021671168659,43.03340469999995,450,0.75,1,1000.0,0.55,0.01,200,0.5,0.2,20,800,200,True
data101.vrp,tabu,random,True,73,4567.752626931998,22,1711.0702351949697,51,2856.6823917370284,62.54021671168659,44.343460300000004,450,0.75,1,1000.0,0.55,0.01,200,0.5,0.2,20,800,200,False
data101.vrp,tabu,random,True,73,4567.752626931998,22,1711.0702351949697,51,2856.6823917370284,62.54021671168659,47.899820999999974,500,0.75,1,1000.0,0.55,0.01,200,0.5,0.2,20,800,250,True
data101.vrp,tabu,random,True,73,4567.752626931998,22,1711.0702351949697,51,2856.6823917370284,62.54021671168659,49.0499107,500,0.75,1,1000.0,0.55,0.01,200,0.5,0.2,20,800,250,False
data101.vrp,tabu,random,True,73,4567.752626931998,22,1711.0702351949697,51,2856.6823917370284,62.54021671168659,36.77888130000002,350,0.75,1,1000.0,0.55,0.01,200,0.5,0.2,20,900,100,True
data101.vrp,tabu,random,True,73,4567.752626931998,22,1711.0702351949697,51,2856.6823917370284,62.54021671168659,53.19398520000004,550,0.75,1,1000.0,0.55,0.01,200,0.5,0.2,20,800,300,True
data101.vrp,tabu,random,True,73,4567.752626931998,22,1711.0702351949697,51,2856.6823917370284,62.54021671168659,36.56158929999998,350,0.75,1,1000.0,0.55,0.01,200,0.5,0.2,20,900,100,False
data101.vrp,tabu,random,True,73,4567.752626931998,22,1711.0702351949697,51,2856.6823917370284,62.54021671168659,54.8596531,550,0.75,1,1000.0,0.55,0.01,200,0.5,0.2,20,800,300,False
data101.vrp,tabu,random,True,73,4567.752626931998,22,1711.0702351949697,51,2856.6823917370284,62.54021671168659,40.8686639,400,0.75,1,1000.0,0.55,0.01,200,0.5,0.2,20,900,150,True
data101.vrp,tabu,random,True,73,4567.752626931998,22,1711.0702351949697,51,2856.6823917370284,62.54021671168659,41.81571170000001,400,0.75,1,1000.0,0.55,0.01,200,0.5,0.2,20,900,150,False
data101.vrp,tabu,random,True,73,4567.752626931998,22,1711.0702351949697,51,2856.6823917370284,62.54021671168659,44.72973400000001,450,0.75,1,1000.0,0.55,0.01,200,0.5,0.2,20,900,200,True
data101.vrp,tabu,random,True,73,4567.752626931998,22,1711.0702351949697,51,2856.6823917370284,62.54021671168659,45.851080199999956,450,0.75,1,1000.0,0.55,0.01,200,0.5,0.2,20,900,200,False
data101.vrp,tabu,random,True,73,4567.752626931998,22,1711.0702351949697,51,2856.6823917370284,62.54021671168659,49.03438639999996,500,0.75,1,1000.0,0.55,0.01,200,0.5,0.2,20,900,250,True
data101.vrp,tabu,random,True,73,4567.752626931998,22,1711.0702351949697,51,2856.6823917370284,62.54021671168659,47.47689360000004,500,0.75,1,1000.0,0.55,0.01,200,0.5,0.2,20,900,250,False
data101.vrp,tabu,random,True,73,4567.752626931998,22,1711.0702351949697,51,2856.6823917370284,62.54021671168659,36.084734200000014,350,0.75,1,1000.0,0.55,0.01,200,0.5,0.2,20,1000,100,True
data101.vrp,tabu,random,True,73,4567.752626931998,22,1711.0702351949697,51,2856.6823917370284,62.54021671168659,36.204775900000016,350,0.75,1,1000.0,0.55,0.01,200,0.5,0.2,20,1000,100,False
data101.vrp,tabu,random,True,73,4567.752626931998,22,1711.0702351949697,51,2856.6823917370284,62.54021671168659,52.4698798,550,0.75,1,1000.0,0.55,0.01,200,0.5,0.2,20,900,300,True
data101.vrp,tabu,random,True,73,4567.752626931998,22,1711.0702351949697,51,2856.6823917370284,62.54021671168659,53.08122789999999,550,0.75,1,1000.0,0.55,0.01,200,0.5,0.2,20,900,300,False
data101.vrp,tabu,random,True,73,4567.752626931998,63,3905.802275934734,10,661.9503509972637,14.491816984447185,3.4361363000000003,11,0.75,1,1000.0,0.55,0.01,200,0.5,0.2,1,10,1,True
data101.vrp,tabu,random,True,73,4567.752626931998,63,3905.802275934734,10,661.9503509972637,14.491816984447185,3.4390213999999997,11,0.75,1,1000.0,0.55,0.01,200,0.5,0.2,1,10,1,False
data101.vrp,tabu,random,True,73,4567.752626931998,63,3905.802275934734,10,661.9503509972637,14.491816984447185,3.5319225000000003,11,0.75,1,1000.0,0.55,0.01,200,0.5,0.2,1,10,5,False
data101.vrp,tabu,random,True,73,4567.752626931998,63,3905.802275934734,10,661.9503509972637,14.491816984447185,3.5822516999999996,11,0.75,1,1000.0,0.55,0.01,200,0.5,0.2,1,10,5,True
data101.vrp,tabu,random,True,73,4567.752626931998,63,3905.802275934734,10,661.9503509972637,14.491816984447185,3.6174807999999996,11,0.75,1,1000.0,0.55,0.01,200,0.5,0.2,1,10,10,True
data101.vrp,tabu,random,True,73,4567.752626931998,63,3905.802275934734,10,661.9503509972637,14.491816984447185,3.3796783999999995,11,0.75,1,1000.0,0.55,0.01,200,0.5,0.2,1,10,20,True
data101.vrp,tabu,random,True,73,4567.752626931998,63,3905.802275934734,10,661.9503509972637,14.491816984447185,3.4345366000000004,11,0.75,1,1000.0,0.55,0.01,200,0.5,0.2,1,10,10,False
data101.vrp,tabu,random,True,73,4567.752626931998,63,3905.802275934734,10,661.9503509972637,14.491816984447185,3.4524653,11,0.75,1,1000.0,0.55,0.01,200,0.5,0.2,1,10,20,False
data101.vrp,tabu,random,True,73,4567.752626931998,63,3905.802275934734,10,661.9503509972637,14.491816984447185,3.5512374000000007,11,0.75,1,1000.0,0.55,0.01,200,0.5,0.2,1,10,50,True
data101.vrp,tabu,random,True,73,4567.752626931998,63,3905.802275934734,10,661.9503509972637,14.491816984447185,3.4877519,11,0.75,1,1000.0,0.55,0.01,200,0.5,0.2,1,10,50,False
data101.vrp,tabu,random,True,73,4567.752626931998,53,3391.5340456980393,20,1176.2185812339585,25.750487762818803,6.1670098,21,0.75,1,1000.0,0.55,0.01,200,0.5,0.2,1,20,1,False
data101.vrp,tabu,random,True,73,4567.752626931998,53,3391.5340456980393,20,1176.2185812339585,25.750487762818803,6.2913913,21,0.75,1,1000.0,0.55,0.01,200,0.5,0.2,1,20,1,True
data101.vrp,tabu,random,True,73,4567.752626931998,53,3391.5340456980393,20,1176.2185812339585,25.750487762818803,6.415839899999999,21,0.75,1,1000.0,0.55,0.01,200,0.5,0.2,1,20,5,True
data101.vrp,tabu,random,True,73,4567.752626931998,53,3391.5340456980393,20,1176.2185812339585,25.750487762818803,6.3442243000000005,21,0.75,1,1000.0,0.55,0.01,200,0.5,0.2,1,20,5,False
data101.vrp,tabu,random,True,73,4567.752626931998,53,3391.5340456980393,20,1176.2185812339585,25.750487762818803,6.658880699999999,21,0.75,1,1000.0,0.55,0.01,200,0.5,0.2,1,20,10,True
data101.vrp,tabu,random,True,73,4567.752626931998,53,3391.5340456980393,20,1176.2185812339585,25.750487762818803,6.223434599999999,21,0.75,1,1000.0,0.55,0.01,200,0.5,0.2,1,20,10,False
data101.vrp,tabu,random,True,73,4567.752626931998,53,3391.5340456980393,20,1176.2185812339585,25.750487762818803,5.927548399999999,21,0.75,1,1000.0,0.55,0.01,200,0.5,0.2,1,20,20,False
data101.vrp,tabu,random,True,73,4567.752626931998,53,3391.5340456980393,20,1176.2185812339585,25.750487762818803,6.566384900000001,21,0.75,1,1000.0,0.55,0.01,200,0.5,0.2,1,20,20,True
data101.vrp,tabu,random,True,73,4567.752626931998,53,3391.5340456980393,20,1176.2185812339585,25.750487762818803,6.312689800000001,21,0.75,1,1000.0,0.55,0.01,200,0.5,0.2,1,20,50,False
data101.vrp,tabu,random,True,73,4567.752626931998,53,3391.5340456980393,20,1176.2185812339585,25.750487762818803,6.721308699999998,21,0.75,1,1000.0,0.55,0.01,200,0.5,0.2,1,20,50,True
data101.vrp,tabu,random,True,73,4567.752626931998,30,2376.9513672322364,43,2190.8012596997614,47.96234469403058,10.6862356,51,0.75,1,1000.0,0.55,0.01,200,0.5,0.2,1,50,1,True
data101.vrp,tabu,random,True,73,4567.752626931998,30,2376.9513672322364,43,2190.8012596997614,47.96234469403058,11.034026,51,0.75,1,1000.0,0.55,0.01,200,0.5,0.2,1,50,1,False
data101.vrp,tabu,random,True,73,4567.752626931998,30,2376.9513672322364,43,2190.8012596997614,47.96234469403058,10.9102301,51,0.75,1,1000.0,0.55,0.01,200,0.5,0.2,1,50,5,True
data101.vrp,tabu,random,True,73,4567.752626931998,30,2376.9513672322364,43,2190.8012596997614,47.96234469403058,11.019383000000001,51,0.75,1,1000.0,0.55,0.01,200,0.5,0.2,1,50,5,False
data101.vrp,tabu,random,True,73,4567.752626931998,30,2376.9513672322364,43,2190.8012596997614,47.96234469403058,11.387506700000003,51,0.75,1,1000.0,0.55,0.01,200,0.5,0.2,1,50,10,True
data101.vrp,tabu,random,True,73,4567.752626931998,30,2376.9513672322364,43,2190.8012596997614,47.96234469403058,11.139734400000002,51,0.75,1,1000.0,0.55,0.01,200,0.5,0.2,1,50,10,False
data101.vrp,tabu,random,True,73,4567.752626931998,30,2376.9513672322364,43,2190.8012596997614,47.96234469403058,11.218736799999999,51,0.75,1,1000.0,0.55,0.01,200,0.5,0.2,1,50,20,True
data101.vrp,tabu,random,True,73,4567.752626931998,30,2376.9513672322364,43,2190.8012596997614,47.96234469403058,11.778890600000004,51,0.75,1,1000.0,0.55,0.01,200,0.5,0.2,1,50,20,False
data101.vrp,tabu,random,True,73,4567.752626931998,30,2376.9513672322364,43,2190.8012596997614,47.96234469403058,11.451192899999995,51,0.75,1,1000.0,0.55,0.01,200,0.5,0.2,1,50,50,True
data101.vrp,tabu,random,True,73,4567.752626931998,30,2376.9513672322364,43,2190.8012596997614,47.96234469403058,11.670040999999998,51,0.75,1,1000.0,0.55,0.01,200,0.5,0.2,1,50,50,False
data101.vrp,tabu,random,True,73,4567.752626931998,24,1803.9024561670644,49,2763.8501707649334,60.50787764794777,15.279854799999995,101,0.75,1,1000.0,0.55,0.01,200,0.5,0.2,1,100,1,True
data101.vrp,tabu,random,True,73,4567.752626931998,24,1803.9024561670644,49,2763.8501707649334,60.50787764794777,15.790863299999998,101,0.75,1,1000.0,0.55,0.01,200,0.5,0.2,1,100,1,False
data101.vrp,tabu,random,True,73,4567.752626931998,24,1803.9024561670644,49,2763.8501707649334,60.50787764794777,16.1421226,101,0.75,1,1000.0,0.55,0.01,200,0.5,0.2,1,100,5,True
data101.vrp,tabu,random,True,73,4567.752626931998,24,1803.9024561670644,49,2763.8501707649334,60.50787764794777,16.308022200000003,101,0.75,1,1000.0,0.55,0.01,200,0.5,0.2,1,100,5,False
data101.vrp,tabu,random,True,73,4567.752626931998,24,1803.9024561670644,49,2763.8501707649334,60.50787764794777,15.958225799999994,101,0.75,1,1000.0,0.55,0.01,200,0.5,0.2,1,100,10,True
data101.vrp,tabu,random,True,73,4567.752626931998,24,1803.9024561670644,49,2763.8501707649334,60.50787764794777,15.517727899999997,101,0.75,1,1000.0,0.55,0.01,200,0.5,0.2,1,100,10,False
data101.vrp,tabu,random,True,73,4567.752626931998,24,1803.9024561670644,49,2763.8501707649334,60.50787764794777,16.061198700000006,101,0.75,1,1000.0,0.55,0.01,200,0.5,0.2,1,100,20,True
data101.vrp,tabu,random,True,73,4567.752626931998,24,1803.9024561670644,49,2763.8501707649334,60.50787764794777,16.110665500000003,101,0.75,1,1000.0,0.55,0.01,200,0.5,0.2,1,100,20,False
data101.vrp,tabu,random,True,73,4567.752626931998,24,1803.9024561670644,49,2763.8501707649334,60.50787764794777,15.886961700000008,101,0.75,1,1000.0,0.55,0.01,200,0.5,0.2,1,100,50,True
data101.vrp,tabu,random,True,73,4567.752626931998,24,1803.9024561670644,49,2763.8501707649334,60.50787764794777,15.680718200000001,101,0.75,1,1000.0,0.55,0.01,200,0.5,0.2,1,100,50,False
data101.vrp,tabu,random,True,73,4567.752626931998,24,1803.9024561670644,49,2763.8501707649334,60.50787764794777,15.111457000000001,101,0.75,1,1000.0,0.55,0.01,200,0.5,0.2,1,200,1,True
data101.vrp,tabu,random,True,73,4567.752626931998,24,1803.9024561670644,49,2763.8501707649334,60.50787764794777,15.801330700000008,101,0.75,1,1000.0,0.55,0.01,200,0.5,0.2,1,200,1,False
data101.vrp,tabu,random,True,73,4567.752626931998,24,1803.9024561670644,49,2763.8501707649334,60.50787764794777,15.863759599999995,105,0.75,1,1000.0,0.55,0.01,200,0.5,0.2,1,200,5,True
data101.vrp,tabu,random,True,73,4567.752626931998,24,1803.9024561670644,49,2763.8501707649334,60.50787764794777,16.0461157,105,0.75,1,1000.0,0.55,0.01,200,0.5,0.2,1,200,5,False
data101.vrp,tabu,random,True,73,4567.752626931998,24,1803.9024561670644,49,2763.8501707649334,60.50787764794777,16.1952627,110,0.75,1,1000.0,0.55,0.01,200,0.5,0.2,1,200,10,True
data101.vrp,tabu,random,True,73,4567.752626931998,24,1803.9024561670644,49,2763.8501707649334,60.50787764794777,15.940474800000004,110,0.75,1,1000.0,0.55,0.01,200,0.5,0.2,1,200,10,False
data101.vrp,tabu,random,True,73,4567.752626931998,24,1803.9024561670644,49,2763.8501707649334,60.50787764794777,16.687660500000007,120,0.75,1,1000.0,0.55,0.01,200,0.5,0.2,1,200,20,True
data101.vrp,tabu,random,True,73,4567.752626931998,63,3905.802275934734,10,661.9503509972637,14.491816984447185,3.613074999999995,11,0.75,1,1000.0,0.55,0.01,200,0.5,0.2,5,10,1,True
data101.vrp,tabu,random,True,73,4567.752626931998,24,1803.9024561670644,49,2763.8501707649334,60.50787764794777,17.709609299999997,120,0.75,1,1000.0,0.55,0.01,200,0.5,0.2,1,200,20,False
data101.vrp,tabu,random,True,73,4567.752626931998,63,3905.802275934734,10,661.9503509972637,14.491816984447185,3.7370468000000017,11,0.75,1,1000.0,0.55,0.01,200,0.5,0.2,5,10,1,False
data101.vrp,tabu,random,True,73,4567.752626931998,63,3905.802275934734,10,661.9503509972637,14.491816984447185,3.792222999999993,11,0.75,1,1000.0,0.55,0.01,200,0.5,0.2,5,10,5,True
data101.vrp,tabu,random,True,73,4567.752626931998,24,1803.9024561670644,49,2763.8501707649334,60.50787764794777,19.762350800000007,150,0.75,1,1000.0,0.55,0.01,200,0.5,0.2,1,200,50,False
data101.vrp,tabu,random,True,73,4567.752626931998,24,1803.9024561670644,49,2763.8501707649334,60.50787764794777,20.068491199999997,150,0.75,1,1000.0,0.55,0.01,200,0.5,0.2,1,200,50,True
data101.vrp,tabu,random,True,73,4567.752626931998,63,3905.802275934734,10,661.9503509972637,14.491816984447185,3.894545100000002,11,0.75,1,1000.0,0.55,0.01,200,0.5,0.2,5,10,5,False
data101.vrp,tabu,random,True,73,4567.752626931998,63,3905.802275934734,10,661.9503509972637,14.491816984447185,3.9530268000000035,11,0.75,1,1000.0,0.55,0.01,200,0.5,0.2,5,10,10,True
data101.vrp,tabu,random,True,73,4567.752626931998,63,3905.802275934734,10,661.9503509972637,14.491816984447185,3.8228144999999927,11,0.75,1,1000.0,0.55,0.01,200,0.5,0.2,5,10,10,False
data101.vrp,tabu,random,True,73,4567.752626931998,63,3905.802275934734,10,661.9503509972637,14.491816984447185,3.8967112999999927,11,0.75,1,1000.0,0.55,0.01,200,0.5,0.2,5,10,20,True
data101.vrp,tabu,random,True,73,4567.752626931998,63,3905.802275934734,10,661.9503509972637,14.491816984447185,3.961628999999988,11,0.75,1,1000.0,0.55,0.01,200,0.5,0.2,5,10,20,False
data101.vrp,tabu,random,True,73,4567.752626931998,63,3905.802275934734,10,661.9503509972637,14.491816984447185,3.9177561999999995,11,0.75,1,1000.0,0.55,0.01,200,0.5,0.2,5,10,50,True
data101.vrp,tabu,random,True,73,4567.752626931998,63,3905.802275934734,10,661.9503509972637,14.491816984447185,3.729048000000006,11,0.75,1,1000.0,0.55,0.01,200,0.5,0.2,5,10,50,False
data101.vrp,tabu,random,True,73,4567.752626931998,53,3391.5340456980393,20,1176.2185812339585,25.750487762818803,6.639772899999997,21,0.75,1,1000.0,0.55,0.01,200,0.5,0.2,5,20,1,True
data101.vrp,tabu,random,True,73,4567.752626931998,53,3391.5340456980393,20,1176.2185812339585,25.750487762818803,6.875508200000013,21,0.75,1,1000.0,0.55,0.01,200,0.5,0.2,5,20,1,False
data101.vrp,tabu,random,True,73,4567.752626931998,53,3391.5340456980393,20,1176.2185812339585,25.750487762818803,7.0559173999999985,21,0.75,1,1000.0,0.55,0.01,200,0.5,0.2,5,20,5,True
data101.vrp,tabu,random,True,73,4567.752626931998,53,3391.5340456980393,20,1176.2185812339585,25.750487762818803,7.176635299999987,21,0.75,1,1000.0,0.55,0.01,200,0.5,0.2,5,20,5,False
data101.vrp,tabu,random,True,73,4567.752626931998,53,3391.5340456980393,20,1176.2185812339585,25.750487762818803,6.94125720000001,21,0.75,1,1000.0,0.55,0.01,200,0.5,0.2,5,20,10,True
data101.vrp,tabu,random,True,73,4567.752626931998,53,3391.5340456980393,20,1176.2185812339585,25.750487762818803,6.914755199999988,21,0.75,1,1000.0,0.55,0.01,200,0.5,0.2,5,20,10,False
data101.vrp,tabu,random,True,73,4567.752626931998,53,3391.5340456980393,20,1176.2185812339585,25.750487762818803,7.098145699999989,21,0.75,1,1000.0,0.55,0.01,200,0.5,0.2,5,20,20,True
data101.vrp,tabu,random,True,73,4567.752626931998,53,3391.5340456980393,20,1176.2185812339585,25.750487762818803,7.059922300000011,21,0.75,1,1000.0,0.55,0.01,200,0.5,0.2,5,20,20,False
data101.vrp,tabu,random,True,73,4567.752626931998,53,3391.5340456980393,20,1176.2185812339585,25.750487762818803,6.5987016000000125,21,0.75,1,1000.0,0.55,0.01,200,0.5,0.2,5,20,50,True
data101.vrp,tabu,random,True,73,4567.752626931998,53,3391.5340456980393,20,1176.2185812339585,25.750487762818803,6.686699200000021,21,0.75,1,1000.0,0.55,0.01,200,0.5,0.2,5,20,50,False
data101.vrp,tabu,random,True,73,4567.752626931998,30,2376.9513672322364,43,2190.8012596997614,47.96234469403058,11.160984599999978,51,0.75,1,1000.0,0.55,0.01,200,0.5,0.2,5,50,1,True
data101.vrp,tabu,random,True,73,4567.752626931998,30,2376.9513672322364,43,2190.8012596997614,47.96234469403058,11.109957699999995,51,0.75,1,1000.0,0.55,0.01,200,0.5,0.2,5,50,1,False
data101.vrp,tabu,random,True,73,4567.752626931998,30,2376.9513672322364,43,2190.8012596997614,47.96234469403058,11.285157499999997,51,0.75,1,1000.0,0.55,0.01,200,0.5,0.2,5,50,5,True
data101.vrp,tabu,random,True,73,4567.752626931998,30,2376.9513672322364,43,2190.8012596997614,47.96234469403058,11.1860523,51,0.75,1,1000.0,0.55,0.01,200,0.5,0.2,5,50,5,False
data101.vrp,tabu,random,True,73,4567.752626931998,30,2376.9513672322364,43,2190.8012596997614,47.96234469403058,10.725107600000001,51,0.75,1,1000.0,0.55,0.01,200,0.5,0.2,5,50,10,True
data101.vrp,tabu,random,True,73,4567.752626931998,30,2376.9513672322364,43,2190.8012596997614,47.96234469403058,10.536874000000012,51,0.75,1,1000.0,0.55,0.01,200,0.5,0.2,5,50,10,False
data101.vrp,tabu,random,True,73,4567.752626931998,30,2376.9513672322364,43,2190.8012596997614,47.96234469403058,10.901647700000012,51,0.75,1,1000.0,0.55,0.01,200,0.5,0.2,5,50,20,True
data101.vrp,tabu,random,True,73,4567.752626931998,30,2376.9513672322364,43,2190.8012596997614,47.96234469403058,10.8108541,51,0.75,1,1000.0,0.55,0.01,200,0.5,0.2,5,50,20,False
data101.vrp,tabu,random,True,73,4567.752626931998,30,2376.9513672322364,43,2190.8012596997614,47.96234469403058,10.815426699999989,51,0.75,1,1000.0,0.55,0.01,200,0.5,0.2,5,50,50,True
data101.vrp,tabu,random,True,73,4567.752626931998,30,2376.9513672322364,43,2190.8012596997614,47.96234469403058,11.065453200000007,51,0.75,1,1000.0,0.55,0.01,200,0.5,0.2,5,50,50,False
data101.vrp,tabu,random,True,73,4567.752626931998,24,1803.9024561670644,49,2763.8501707649334,60.50787764794777,15.012867900000003,101,0.75,1,1000.0,0.55,0.01,200,0.5,0.2,5,100,1,True
data101.vrp,tabu,random,True,73,4567.752626931998,24,1803.9024561670644,49,2763.8501707649334,60.50787764794777,15.174932600000005,101,0.75,1,1000.0,0.55,0.01,200,0.5,0.2,5,100,1,False
data101.vrp,tabu,random,True,73,4567.752626931998,24,1803.9024561670644,49,2763.8501707649334,60.50787764794777,16.006489200000004,101,0.75,1,1000.0,0.55,0.01,200,0.5,0.2,5,100,5,True
data101.vrp,tabu,random,True,73,4567.752626931998,24,1803.9024561670644,49,2763.8501707649334,60.50787764794777,15.970778000000024,101,0.75,1,1000.0,0.55,0.01,200,0.5,0.2,5,100,5,False
data101.vrp,tabu,random,True,73,4567.752626931998,24,1803.9024561670644,49,2763.8501707649334,60.50787764794777,15.410351100000014,101,0.75,1,1000.0,0.55,0.01,200,0.5,0.2,5,100,10,True
data101.vrp,tabu,random,True,73,4567.752626931998,24,1803.9024561670644,49,2763.8501707649334,60.50787764794777,14.939406899999994,101,0.75,1,1000.0,0.55,0.01,200,0.5,0.2,5,100,10,False
data101.vrp,tabu,random,True,73,4567.752626931998,24,1803.9024561670644,49,2763.8501707649334,60.50787764794777,15.597265399999998,101,0.75,1,1000.0,0.55,0.01,200,0.5,0.2,5,100,20,True
data101.vrp,tabu,random,True,73,4567.752626931998,24,1803.9024561670644,49,2763.8501707649334,60.50787764794777,15.652094599999998,101,0.75,1,1000.0,0.55,0.01,200,0.5,0.2,5,100,20,False
data101.vrp,tabu,random,True,73,4567.752626931998,24,1803.9024561670644,49,2763.8501707649334,60.50787764794777,15.292155400000013,101,0.75,1,1000.0,0.55,0.01,200,0.5,0.2,5,100,50,False
data101.vrp,tabu,random,True,73,4567.752626931998,24,1803.9024561670644,49,2763.8501707649334,60.50787764794777,15.765862200000015,101,0.75,1,1000.0,0.55,0.01,200,0.5,0.2,5,100,50,True
data101.vrp,tabu,random,True,73,4567.752626931998,24,1803.9024561670644,49,2763.8501707649334,60.50787764794777,15.78535020000001,101,0.75,1,1000.0,0.55,0.01,200,0.5,0.2,5,200,1,True
data101.vrp,tabu,random,True,73,4567.752626931998,24,1803.9024561670644,49,2763.8501707649334,60.50787764794777,15.891192799999999,101,0.75,1,1000.0,0.55,0.01,200,0.5,0.2,5,200,1,False
data101.vrp,tabu,random,True,73,4567.752626931998,24,1803.9024561670644,49,2763.8501707649334,60.50787764794777,16.37967739999999,105,0.75,1,1000.0,0.55,0.01,200,0.5,0.2,5,200,5,True
data101.vrp,tabu,random,True,73,4567.752626931998,24,1803.9024561670644,49,2763.8501707649334,60.50787764794777,15.962516399999998,105,0.75,1,1000.0,0.55,0.01,200,0.5,0.2,5,200,5,False
data101.vrp,tabu,random,True,73,4567.752626931998,24,1803.9024561670644,49,2763.8501707649334,60.50787764794777,16.7184527,110,0.75,1,1000.0,0.55,0.01,200,0.5,0.2,5,200,10,True
data101.vrp,tabu,random,True,73,4567.752626931998,24,1803.9024561670644,49,2763.8501707649334,60.50787764794777,15.825244400000003,110,0.75,1,1000.0,0.55,0.01,200,0.5,0.2,5,200,10,False
data101.vrp,tabu,random,True,73,4567.752626931998,63,3905.802275934734,10,661.9503509972637,14.491816984447185,3.5051144999999906,11,0.75,1,1000.0,0.55,0.01,200,0.5,0.2,10,10,1,True
data101.vrp,tabu,random,True,73,4567.752626931998,24,1803.9024561670644,49,2763.8501707649334,60.50787764794777,17.198948200000018,120,0.75,1,1000.0,0.55,0.01,200,0.5,0.2,5,200,20,True
data101.vrp,tabu,random,True,73,4567.752626931998,24,1803.9024561670644,49,2763.8501707649334,60.50787764794777,16.714843299999984,120,0.75,1,1000.0,0.55,0.01,200,0.5,0.2,5,200,20,False
data101.vrp,tabu,random,True,73,4567.752626931998,63,3905.802275934734,10,661.9503509972637,14.491816984447185,3.438968299999999,11,0.75,1,1000.0,0.55,0.01,200,0.5,0.2,10,10,1,False
data101.vrp,tabu,random,True,73,4567.752626931998,63,3905.802275934734,10,661.9503509972637,14.491816984447185,3.5657070999999974,11,0.75,1,1000.0,0.55,0.01,200,0.5,0.2,10,10,5,True
data101.vrp,tabu,random,True,73,4567.752626931998,24,1803.9024561670644,49,2763.8501707649334,60.50787764794777,19.617510600000003,150,0.75,1,1000.0,0.55,0.01,200,0.5,0.2,5,200,50,True
data101.vrp,tabu,random,True,73,4567.752626931998,63,3905.802275934734,10,661.9503509972637,14.491816984447185,3.5655682000000013,11,0.75,1,1000.0,0.55,0.01,200,0.5,0.2,10,10,5,False
data101.vrp,tabu,random,True,73,4567.752626931998,24,1803.9024561670644,49,2763.8501707649334,60.50787764794777,20.29458299999999,150,0.75,1,1000.0,0.55,0.01,200,0.5,0.2,5,200,50,False
data101.vrp,tabu,random,True,73,4567.752626931998,63,3905.802275934734,10,661.9503509972637,14.491816984447185,3.5964381000000003,11,0.75,1,1000.0,0.55,0.01,200,0.5,0.2,10,10,10,True
data101.vrp,tabu,random,True,73,4567.752626931998,63,3905.802275934734,10,661.9503509972637,14.491816984447185,3.871651400000019,11,0.75,1,1000.0,0.55,0.01,200,0.5,0.2,10,10,10,False
data101.vrp,tabu,random,True,73,4567.752626931998,63,3905.802275934734,10,661.9503509972637,14.491816984447185,3.863412799999992,11,0.75,1,1000.0,0.55,0.01,200,0.5,0.2,10,10,20,True
data101.vrp,tabu,random,True,73,4567.752626931998,63,3905.802275934734,10,661.9503509972637,14.491816984447185,3.8333681999999953,11,0.75,1,1000.0,0.55,0.01,200,0.5,0.2,10,10,20,False
data101.vrp,tabu,random,True,73,4567.752626931998,63,3905.802275934734,10,661.9503509972637,14.491816984447185,3.765502099999992,11,0.75,1,1000.0,0.55,0.01,200,0.5,0.2,10,10,50,True
data101.vrp,tabu,random,True,73,4567.752626931998,63,3905.802275934734,10,661.9503509972637,14.491816984447185,3.7765639000000135,11,0.75,1,1000.0,0.55,0.01,200,0.5,0.2,10,10,50,False
data101.vrp,tabu,random,True,73,4567.752626931998,53,3391.5340456980393,20,1176.2185812339585,25.750487762818803,6.572972700000008,21,0.75,1,1000.0,0.55,0.01,200,0.5,0.2,10,20,1,True
data101.vrp,tabu,random,True,73,4567.752626931998,53,3391.5340456980393,20,1176.2185812339585,25.750487762818803,6.427989999999994,21,0.75,1,1000.0,0.55,0.01,200,0.5,0.2,10,20,1,False
data101.vrp,tabu,random,True,73,4567.752626931998,53,3391.5340456980393,20,1176.2185812339585,25.750487762818803,6.627740700000004,21,0.75,1,1000.0,0.55,0.01,200,0.5,0.2,10,20,5,True
data101.vrp,tabu,random,True,73,4567.752626931998,53,3391.5340456980393,20,1176.2185812339585,25.750487762818803,6.638883899999996,21,0.75,1,1000.0,0.55,0.01,200,0.5,0.2,10,20,5,False
data101.vrp,tabu,random,True,73,4567.752626931998,53,3391.5340456980393,20,1176.2185812339585,25.750487762818803,6.576548299999985,21,0.75,1,1000.0,0.55,0.01,200,0.5,0.2,10,20,10,True
data101.vrp,tabu,random,True,73,4567.752626931998,53,3391.5340456980393,20,1176.2185812339585,25.750487762818803,6.5564588000000015,21,0.75,1,1000.0,0.55,0.01,200,0.5,0.2,10,20,10,False
data101.vrp,tabu,random,True,73,4567.752626931998,53,3391.5340456980393,20,1176.2185812339585,25.750487762818803,6.494965500000006,21,0.75,1,1000.0,0.55,0.01,200,0.5,0.2,10,20,20,True
data101.vrp,tabu,random,True,73,4567.752626931998,53,3391.5340456980393,20,1176.2185812339585,25.750487762818803,6.543972499999995,21,0.75,1,1000.0,0.55,0.01,200,0.5,0.2,10,20,20,False
data101.vrp,tabu,random,True,73,4567.752626931998,53,3391.5340456980393,20,1176.2185812339585,25.750487762818803,6.256192100000021,21,0.75,1,1000.0,0.55,0.01,200,0.5,0.2,10,20,50,True
data101.vrp,tabu,random,True,73,4567.752626931998,53,3391.5340456980393,20,1176.2185812339585,25.750487762818803,6.231177000000002,21,0.75,1,1000.0,0.55,0.01,200,0.5,0.2,10,20,50,False
data101.vrp,tabu,random,True,73,4567.752626931998,30,2376.9513672322364,43,2190.8012596997614,47.96234469403058,11.238426299999986,51,0.75,1,1000.0,0.55,0.01,200,0.5,0.2,10,50,1,True
data101.vrp,tabu,random,True,73,4567.752626931998,30,2376.9513672322364,43,2190.8012596997614,47.96234469403058,10.819723100000004,51,0.75,1,1000.0,0.55,0.01,200,0.5,0.2,10,50,1,False
data101.vrp,tabu,random,True,73,4567.752626931998,30,2376.9513672322364,43,2190.8012596997614,47.96234469403058,11.069058899999987,51,0.75,1,1000.0,0.55,0.01,200,0.5,0.2,10,50,5,True
data101.vrp,tabu,random,True,73,4567.752626931998,30,2376.9513672322364,43,2190.8012596997614,47.96234469403058,11.3955646,51,0.75,1,1000.0,0.55,0.01,200,0.5,0.2,10,50,5,False
data101.vrp,tabu,random,True,73,4567.752626931998,30,2376.9513672322364,43,2190.8012596997614,47.96234469403058,11.383645799999982,51,0.75,1,1000.0,0.55,0.01,200,0.5,0.2,10,50,10,True
data101.vrp,tabu,random,True,73,4567.752626931998,30,2376.9513672322364,43,2190.8012596997614,47.96234469403058,11.755364900000018,51,0.75,1,1000.0,0.55,0.01,200,0.5,0.2,10,50,10,False
data101.vrp,tabu,random,True,73,4567.752626931998,30,2376.9513672322364,43,2190.8012596997614,47.96234469403058,12.228125799999987,51,0.75,1,1000.0,0.55,0.01,200,0.5,0.2,10,50,20,True
data101.vrp,tabu,random,True,73,4567.752626931998,30,2376.9513672322364,43,2190.8012596997614,47.96234469403058,12.237964199999993,51,0.75,1,1000.0,0.55,0.01,200,0.5,0.2,10,50,20,False
data101.vrp,tabu,random,True,73,4567.752626931998,30,2376.9513672322364,43,2190.8012596997614,47.96234469403058,12.517813300000029,51,0.75,1,1000.0,0.55,0.01,200,0.5,0.2,10,50,50,True
data101.vrp,tabu,random,True,73,4567.752626931998,30,2376.9513672322364,43,2190.8012596997614,47.96234469403058,11.880653999999993,51,0.75,1,1000.0,0.55,0.01,200,0.5,0.2,10,50,50,False
data101.vrp,tabu,random,True,73,4567.752626931998,24,1803.9024561670644,49,2763.8501707649334,60.50787764794777,15.777944100000013,101,0.75,1,1000.0,0.55,0.01,200,0.5,0.2,10,100,1,True
data101.vrp,tabu,random,True,73,4567.752626931998,24,1803.9024561670644,49,2763.8501707649334,60.50787764794777,15.445815799999991,101,0.75,1,1000.0,0.55,0.01,200,0.5,0.2,10,100,1,False
data101.vrp,tabu,random,True,73,4567.752626931998,24,1803.9024561670644,49,2763.8501707649334,60.50787764794777,15.288295399999981,101,0.75,1,1000.0,0.55,0.01,200,0.5,0.2,10,100,5,True
data101.vrp,tabu,random,True,73,4567.752626931998,24,1803.9024561670644,49,2763.8501707649334,60.50787764794777,14.90024219999998,101,0.75,1,1000.0,0.55,0.01,200,0.5,0.2,10,100,10,True
data101.vrp,tabu,random,True,73,4567.752626931998,24,1803.9024561670644,49,2763.8501707649334,60.50787764794777,15.537497900000005,101,0.75,1,1000.0,0.55,0.01,200,0.5,0.2,10,100,5,False
data101.vrp,tabu,random,True,73,4567.752626931998,24,1803.9024561670644,49,2763.8501707649334,60.50787764794777,17.541673300000014,101,0.75,1,1000.0,0.55,0.01,200,0.5,0.2,10,100,10,False
data101.vrp,tabu,random,True,73,4567.752626931998,24,1803.9024561670644,49,2763.8501707649334,60.50787764794777,17.305795500000045,101,0.75,1,1000.0,0.55,0.01,200,0.5,0.2,10,100,20,True
data101.vrp,tabu,random,True,73,4567.752626931998,24,1803.9024561670644,49,2763.8501707649334,60.50787764794777,17.55949659999999,101,0.75,1,1000.0,0.55,0.01,200,0.5,0.2,10,100,20,False
data101.vrp,tabu,random,True,73,4567.752626931998,24,1803.9024561670644,49,2763.8501707649334,60.50787764794777,17.196384899999998,101,0.75,1,1000.0,0.55,0.01,200,0.5,0.2,10,100,50,True
data101.vrp,tabu,random,True,73,4567.752626931998,24,1803.9024561670644,49,2763.8501707649334,60.50787764794777,17.908831099999986,101,0.75,1,1000.0,0.55,0.01,200,0.5,0.2,10,100,50,False
data101.vrp,tabu,random,True,73,4567.752626931998,24,1803.9024561670644,49,2763.8501707649334,60.50787764794777,15.092572800000028,101,0.75,1,1000.0,0.55,0.01,200,0.5,0.2,10,200,1,False
data101.vrp,tabu,random,True,73,4567.752626931998,24,1803.9024561670644,49,2763.8501707649334,60.50787764794777,15.656270699999993,101,0.75,1,1000.0,0.55,0.01,200,0.5,0.2,10,200,1,True
data101.vrp,tabu,random,True,73,4567.752626931998,24,1803.9024561670644,49,2763.8501707649334,60.50787764794777,15.779272100000014,105,0.75,1,1000.0,0.55,0.01,200,0.5,0.2,10,200,5,True
data101.vrp,tabu,random,True,73,4567.752626931998,24,1803.9024561670644,49,2763.8501707649334,60.50787764794777,15.170099100000016,105,0.75,1,1000.0,0.55,0.01,200,0.5,0.2,10,200,5,False
data101.vrp,tabu,random,True,73,4567.752626931998,22,1747.0124591094213,51,2820.7401678225765,61.75334783217388,20.11540610000003,151,0.75,1,1000.0,0.55,0.01,200,0.5,0.2,10,200,10,True
data101.vrp,tabu,random,True,73,4567.752626931998,22,1747.0124591094213,51,2820.7401678225765,61.75334783217388,19.92631879999999,151,0.75,1,1000.0,0.55,0.01,200,0.5,0.2,10,200,10,False
data101.vrp,tabu,random,True,73,4567.752626931998,22,1747.0124591094213,51,2820.7401678225765,61.75334783217388,21.43637000000001,161,0.75,1,1000.0,0.55,0.01,200,0.5,0.2,10,200,20,True
data101.vrp,tabu,random,True,73,4567.752626931998,22,1747.0124591094213,51,2820.7401678225765,61.75334783217388,20.9288009,161,0.75,1,1000.0,0.55,0.01,200,0.5,0.2,10,200,20,False
data101.vrp,tabu,random,True,73,4567.752626931998,63,3905.802275934734,10,661.9503509972637,14.491816984447185,3.6236783000000514,11,0.75,1,1000.0,0.55,0.01,200,0.5,0.2,20,10,1,True
data101.vrp,tabu,random,True,73,4567.752626931998,22,1736.2830859055512,51,2831.4695410264467,61.98824175223008,23.235356100000047,201,0.75,1,1000.0,0.55,0.01,200,0.5,0.2,10,200,50,True
data101.vrp,tabu,random,True,73,4567.752626931998,63,3905.802275934734,10,661.9503509972637,14.491816984447185,3.7971807000000126,11,0.75,1,1000.0,0.55,0.01,200,0.5,0.2,20,10,1,False
data101.vrp,tabu,random,True,73,4567.752626931998,63,3905.802275934734,10,661.9503509972637,14.491816984447185,3.635339799999997,11,0.75,1,1000.0,0.55,0.01,200,0.5,0.2,20,10,5,True
data101.vrp,tabu,random,True,73,4567.752626931998,63,3905.802275934734,10,661.9503509972637,14.491816984447185,3.6487170000000333,11,0.75,1,1000.0,0.55,0.01,200,0.5,0.2,20,10,5,False
data101.vrp,tabu,random,True,73,4567.752626931998,63,3905.802275934734,10,661.9503509972637,14.491816984447185,3.7192196999999965,11,0.75,1,1000.0,0.55,0.01,200,0.5,0.2,20,10,10,True
data101.vrp,tabu,random,True,73,4567.752626931998,63,3905.802275934734,10,661.9503509972637,14.491816984447185,3.7172841999999946,11,0.75,1,1000.0,0.55,0.01,200,0.5,0.2,20,10,10,False
data101.vrp,tabu,random,True,73,4567.752626931998,63,3905.802275934734,10,661.9503509972637,14.491816984447185,3.853557799999976,11,0.75,1,1000.0,0.55,0.01,200,0.5,0.2,20,10,20,True
data101.vrp,tabu,random,True,73,4567.752626931998,63,3905.802275934734,10,661.9503509972637,14.491816984447185,3.7240686999999753,11,0.75,1,1000.0,0.55,0.01,200,0.5,0.2,20,10,20,False
data101.vrp,tabu,random,True,73,4567.752626931998,22,1736.2830859055512,51,2831.4695410264467,61.98824175223008,24.321362399999998,201,0.75,1,1000.0,0.55,0.01,200,0.5,0.2,10,200,50,False
data101.vrp,tabu,random,True,73,4567.752626931998,63,3905.802275934734,10,661.9503509972637,14.491816984447185,3.689079499999991,11,0.75,1,1000.0,0.55,0.01,200,0.5,0.2,20,10,50,True
data101.vrp,tabu,random,True,73,4567.752626931998,63,3905.802275934734,10,661.9503509972637,14.491816984447185,3.5443963000000167,11,0.75,1,1000.0,0.55,0.01,200,0.5,0.2,20,10,50,False
data101.vrp,tabu,random,True,73,4567.752626931998,53,3391.5340456980393,20,1176.2185812339585,25.750487762818803,6.65690189999998,21,0.75,1,1000.0,0.55,0.01,200,0.5,0.2,20,20,1,True
data101.vrp,tabu,random,True,73,4567.752626931998,53,3391.5340456980393,20,1176.2185812339585,25.750487762818803,6.310301400000014,21,0.75,1,1000.0,0.55,0.01,200,0.5,0.2,20,20,1,False
data101.vrp,tabu,random,True,73,4567.752626931998,53,3391.5340456980393,20,1176.2185812339585,25.750487762818803,6.132829299999969,21,0.75,1,1000.0,0.55,0.01,200,0.5,0.2,20,20,5,False
data101.vrp,tabu,random,True,73,4567.752626931998,53,3391.5340456980393,20,1176.2185812339585,25.750487762818803,6.547879399999999,21,0.75,1,1000.0,0.55,0.01,200,0.5,0.2,20,20,5,True
data101.vrp,tabu,random,True,73,4567.752626931998,53,3391.5340456980393,20,1176.2185812339585,25.750487762818803,6.35960110000002,21,0.75,1,1000.0,0.55,0.01,200,0.5,0.2,20,20,10,True
data101.vrp,tabu,random,True,73,4567.752626931998,53,3391.5340456980393,20,1176.2185812339585,25.750487762818803,6.339259200000015,21,0.75,1,1000.0,0.55,0.01,200,0.5,0.2,20,20,10,False
data101.vrp,tabu,random,True,73,4567.752626931998,53,3391.5340456980393,20,1176.2185812339585,25.750487762818803,6.393279000000007,21,0.75,1,1000.0,0.55,0.01,200,0.5,0.2,20,20,20,True
data101.vrp,tabu,random,True,73,4567.752626931998,53,3391.5340456980393,20,1176.2185812339585,25.750487762818803,6.214572699999962,21,0.75,1,1000.0,0.55,0.01,200,0.5,0.2,20,20,20,False
data101.vrp,tabu,random,True,73,4567.752626931998,53,3391.5340456980393,20,1176.2185812339585,25.750487762818803,6.452319100000011,21,0.75,1,1000.0,0.55,0.01,200,0.5,0.2,20,20,50,True
data101.vrp,tabu,random,True,73,4567.752626931998,53,3391.5340456980393,20,1176.2185812339585,25.750487762818803,6.4589440999999965,21,0.75,1,1000.0,0.55,0.01,200,0.5,0.2,20,20,50,False
data101.vrp,tabu,random,True,73,4567.752626931998,30,2376.9513672322364,43,2190.8012596997614,47.96234469403058,10.709043300000019,51,0.75,1,1000.0,0.55,0.01,200,0.5,0.2,20,50,1,True
data101.vrp,tabu,random,True,73,4567.752626931998,30,2376.9513672322364,43,2190.8012596997614,47.96234469403058,10.372149700000023,51,0.75,1,1000.0,0.55,0.01,200,0.5,0.2,20,50,1,False
data101.vrp,tabu,random,True,73,4567.752626931998,30,2376.9513672322364,43,2190.8012596997614,47.96234469403058,10.298893599999985,51,0.75,1,1000.0,0.55,0.01,200,0.5,0.2,20,50,5,True
data101.vrp,tabu,random,True,73,4567.752626931998,30,2376.9513672322364,43,2190.8012596997614,47.96234469403058,10.642964300000017,51,0.75,1,1000.0,0.55,0.01,200,0.5,0.2,20,50,5,False
data101.vrp,tabu,random,True,73,4567.752626931998,30,2376.9513672322364,43,2190.8012596997614,47.96234469403058,10.885415300000034,51,0.75,1,1000.0,0.55,0.01,200,0.5,0.2,20,50,10,True
data101.vrp,tabu,random,True,73,4567.752626931998,30,2376.9513672322364,43,2190.8012596997614,47.96234469403058,11.5275575,51,0.75,1,1000.0,0.55,0.01,200,0.5,0.2,20,50,10,False
data101.vrp,tabu,random,True,73,4567.752626931998,30,2376.9513672322364,43,2190.8012596997614,47.96234469403058,11.457238500000017,51,0.75,1,1000.0,0.55,0.01,200,0.5,0.2,20,50,20,True
data101.vrp,tabu,random,True,73,4567.752626931998,30,2376.9513672322364,43,2190.8012596997614,47.96234469403058,11.204534299999978,51,0.75,1,1000.0,0.55,0.01,200,0.5,0.2,20,50,20,False
data101.vrp,tabu,random,True,73,4567.752626931998,30,2376.9513672322364,43,2190.8012596997614,47.96234469403058,11.11473639999997,51,0.75,1,1000.0,0.55,0.01,200,0.5,0.2,20,50,50,True
data101.vrp,tabu,random,True,73,4567.752626931998,30,2376.9513672322364,43,2190.8012596997614,47.96234469403058,11.294731200000001,51,0.75,1,1000.0,0.55,0.01,200,0.5,0.2,20,50,50,False
data101.vrp,tabu,random,True,73,4567.752626931998,24,1803.9024561670644,49,2763.8501707649334,60.50787764794777,14.419038900000032,101,0.75,1,1000.0,0.55,0.01,200,0.5,0.2,20,100,1,True
data101.vrp,tabu,random,True,73,4567.752626931998,24,1803.9024561670644,49,2763.8501707649334,60.50787764794777,14.5014137,101,0.75,1,1000.0,0.55,0.01,200,0.5,0.2,20,100,1,False
data101.vrp,tabu,random,True,73,4567.752626931998,24,1803.9024561670644,49,2763.8501707649334,60.50787764794777,13.93256550000001,101,0.75,1,1000.0,0.55,0.01,200,0.5,0.2,20,100,5,True
data101.vrp,tabu,random,True,73,4567.752626931998,24,1803.9024561670644,49,2763.8501707649334,60.50787764794777,15.201695900000004,101,0.75,1,1000.0,0.55,0.01,200,0.5,0.2,20,100,5,False
data101.vrp,tabu,random,True,73,4567.752626931998,24,1803.9024561670644,49,2763.8501707649334,60.50787764794777,15.13519180000003,101,0.75,1,1000.0,0.55,0.01,200,0.5,0.2,20,100,10,True
data101.vrp,tabu,random,True,73,4567.752626931998,24,1803.9024561670644,49,2763.8501707649334,60.50787764794777,14.745102299999985,101,0.75,1,1000.0,0.55,0.01,200,0.5,0.2,20,100,20,True
data101.vrp,tabu,random,True,73,4567.752626931998,24,1803.9024561670644,49,2763.8501707649334,60.50787764794777,15.10719690000002,101,0.75,1,1000.0,0.55,0.01,200,0.5,0.2,20,100,10,False
data101.vrp,tabu,random,True,73,4567.752626931998,24,1803.9024561670644,49,2763.8501707649334,60.50787764794777,14.563833499999987,101,0.75,1,1000.0,0.55,0.01,200,0.5,0.2,20,100,20,False
data101.vrp,tabu,random,True,73,4567.752626931998,24,1803.9024561670644,49,2763.8501707649334,60.50787764794777,14.922029299999963,101,0.75,1,1000.0,0.55,0.01,200,0.5,0.2,20,100,50,True
data101.vrp,tabu,random,True,73,4567.752626931998,24,1803.9024561670644,49,2763.8501707649334,60.50787764794777,14.621530800000016,101,0.75,1,1000.0,0.55,0.01,200,0.5,0.2,20,100,50,False
data101.vrp,tabu,random,True,73,4567.752626931998,24,1803.9024561670644,49,2763.8501707649334,60.50787764794777,14.474458700000014,101,0.75,1,1000.0,0.55,0.01,200,0.5,0.2,20,200,1,True
data101.vrp,tabu,random,True,73,4567.752626931998,24,1803.9024561670644,49,2763.8501707649334,60.50787764794777,14.51392850000002,105,0.75,1,1000.0,0.55,0.01,200,0.5,0.2,20,200,5,True
data101.vrp,tabu,random,True,73,4567.752626931998,24,1803.9024561670644,49,2763.8501707649334,60.50787764794777,14.66718320000001,101,0.75,1,1000.0,0.55,0.01,200,0.5,0.2,20,200,1,False
data101.vrp,tabu,random,True,73,4567.752626931998,24,1803.9024561670644,49,2763.8501707649334,60.50787764794777,15.398655799999972,105,0.75,1,1000.0,0.55,0.01,200,0.5,0.2,20,200,5,False
data101.vrp,tabu,random,True,73,4567.752626931998,23,1736.530949459441,50,2831.2216774725566,61.98281537356787,17.789812499999982,142,0.75,1,1000.0,0.55,0.01,200,0.5,0.2,20,200,10,True
data101.vrp,tabu,random,True,73,4567.752626931998,23,1736.530949459441,50,2831.2216774725566,61.98281537356787,17.59884649999998,142,0.75,1,1000.0,0.55,0.01,200,0.5,0.2,20,200,10,False
data101.vrp,tabu,random,True,73,4567.752626931998,23,1736.530949459441,50,2831.2216774725566,61.98281537356787,18.20793329999998,152,0.75,1,1000.0,0.55,0.01,200,0.5,0.2,20,200,20,True
data101.vrp,tabu,random,True,73,4567.752626931998,23,1736.530949459441,50,2831.2216774725566,61.98281537356787,19.39985059999998,152,0.75,1,1000.0,0.55,0.01,200,0.5,0.2,20,200,20,False
data101.vrp,tabu,random,True,73,4567.752626931998,63,3905.802275934734,10,661.9503509972637,14.491816984447185,3.862507199999982,11,0.75,1,1000.0,0.55,0.01,200,0.5,0.2,50,10,1,True
data101.vrp,tabu,random,True,73,4567.752626931998,63,3905.802275934734,10,661.9503509972637,14.491816984447185,3.6649990999999886,11,0.75,1,1000.0,0.55,0.01,200,0.5,0.2,50,10,1,False
data101.vrp,tabu,random,True,73,4567.752626931998,63,3905.802275934734,10,661.9503509972637,14.491816984447185,3.451137699999947,11,0.75,1,1000.0,0.55,0.01,200,0.5,0.2,50,10,5,True
data101.vrp,tabu,random,True,73,4567.752626931998,63,3905.802275934734,10,661.9503509972637,14.491816984447185,3.4179110999999693,11,0.75,1,1000.0,0.55,0.01,200,0.5,0.2,50,10,5,False
data101.vrp,tabu,random,True,73,4567.752626931998,63,3905.802275934734,10,661.9503509972637,14.491816984447185,3.6317803000000026,11,0.75,1,1000.0,0.55,0.01,200,0.5,0.2,50,10,10,True
data101.vrp,tabu,random,True,73,4567.752626931998,63,3905.802275934734,10,661.9503509972637,14.491816984447185,3.591168699999969,11,0.75,1,1000.0,0.55,0.01,200,0.5,0.2,50,10,10,False
data101.vrp,tabu,random,True,73,4567.752626931998,23,1711.5409070181872,50,2856.2117199138106,62.52991247978832,23.656817400000023,201,0.75,1,1000.0,0.55,0.01,200,0.5,0.2,20,200,50,True
data101.vrp,tabu,random,True,73,4567.752626931998,63,3905.802275934734,10,661.9503509972637,14.491816984447185,3.4563810000000217,11,0.75,1,1000.0,0.55,0.01,200,0.5,0.2,50,10,20,True
data101.vrp,tabu,random,True,73,4567.752626931998,63,3905.802275934734,10,661.9503509972637,14.491816984447185,3.468829900000003,11,0.75,1,1000.0,0.55,0.01,200,0.5,0.2,50,10,20,False
data101.vrp,tabu,random,True,73,4567.752626931998,23,1711.5409070181872,50,2856.2117199138106,62.52991247978832,23.799899100000005,201,0.75,1,1000.0,0.55,0.01,200,0.5,0.2,20,200,50,False
data101.vrp,tabu,random,True,73,4567.752626931998,63,3905.802275934734,10,661.9503509972637,14.491816984447185,3.488367299999993,11,0.75,1,1000.0,0.55,0.01,200,0.5,0.2,50,10,50,True
data101.vrp,tabu,random,True,73,4567.752626931998,63,3905.802275934734,10,661.9503509972637,14.491816984447185,3.753558099999964,11,0.75,1,1000.0,0.55,0.01,200,0.5,0.2,50,10,50,False
data101.vrp,tabu,random,True,73,4567.752626931998,53,3391.5340456980393,20,1176.2185812339585,25.750487762818803,6.196153299999992,21,0.75,1,1000.0,0.55,0.01,200,0.5,0.2,50,20,1,True
data101.vrp,tabu,random,True,73,4567.752626931998,53,3391.5340456980393,20,1176.2185812339585,25.750487762818803,6.015193300000021,21,0.75,1,1000.0,0.55,0.01,200,0.5,0.2,50,20,1,False
data101.vrp,tabu,random,True,73,4567.752626931998,53,3391.5340456980393,20,1176.2185812339585,25.750487762818803,6.059585200000015,21,0.75,1,1000.0,0.55,0.01,200,0.5,0.2,50,20,5,True
data101.vrp,tabu,random,True,73,4567.752626931998,53,3391.5340456980393,20,1176.2185812339585,25.750487762818803,6.3571642,21,0.75,1,1000.0,0.55,0.01,200,0.5,0.2,50,20,5,False
data101.vrp,tabu,random,True,73,4567.752626931998,53,3391.5340456980393,20,1176.2185812339585,25.750487762818803,5.993392299999982,21,0.75,1,1000.0,0.55,0.01,200,0.5,0.2,50,20,10,True
data101.vrp,tabu,random,True,73,4567.752626931998,53,3391.5340456980393,20,1176.2185812339585,25.750487762818803,6.2366576999999666,21,0.75,1,1000.0,0.55,0.01,200,0.5,0.2,50,20,10,False
data101.vrp,tabu,random,True,73,4567.752626931998,53,3391.5340456980393,20,1176.2185812339585,25.750487762818803,6.039515700000038,21,0.75,1,1000.0,0.55,0.01,200,0.5,0.2,50,20,20,True
data101.vrp,tabu,random,True,73,4567.752626931998,53,3391.5340456980393,20,1176.2185812339585,25.750487762818803,6.433619499999963,21,0.75,1,1000.0,0.55,0.01,200,0.5,0.2,50,20,20,False
data101.vrp,tabu,random,True,73,4567.752626931998,53,3391.5340456980393,20,1176.2185812339585,25.750487762818803,6.228489300000035,21,0.75,1,1000.0,0.55,0.01,200,0.5,0.2,50,20,50,True
data101.vrp,tabu,random,True,73,4567.752626931998,53,3391.5340456980393,20,1176.2185812339585,25.750487762818803,6.210197599999958,21,0.75,1,1000.0,0.55,0.01,200,0.5,0.2,50,20,50,False
data101.vrp,tabu,random,True,73,4567.752626931998,30,2376.9513672322364,43,2190.8012596997614,47.96234469403058,10.431851399999971,51,0.75,1,1000.0,0.55,0.01,200,0.5,0.2,50,50,1,True
data101.vrp,tabu,random,True,73,4567.752626931998,30,2376.9513672322364,43,2190.8012596997614,47.96234469403058,10.496663900000044,51,0.75,1,1000.0,0.55,0.01,200,0.5,0.2,50,50,1,False
data101.vrp,tabu,random,True,73,4567.752626931998,30,2376.9513672322364,43,2190.8012596997614,47.96234469403058,10.531839399999967,51,0.75,1,1000.0,0.55,0.01,200,0.5,0.2,50,50,5,True
data101.vrp,tabu,random,True,73,4567.752626931998,30,2376.9513672322364,43,2190.8012596997614,47.96234469403058,10.63330400000001,51,0.75,1,1000.0,0.55,0.01,200,0.5,0.2,50,50,5,False
data101.vrp,tabu,random,True,73,4567.752626931998,30,2376.9513672322364,43,2190.8012596997614,47.96234469403058,10.696502699999996,51,0.75,1,1000.0,0.55,0.01,200,0.5,0.2,50,50,10,True
data101.vrp,tabu,random,True,73,4567.752626931998,30,2376.9513672322364,43,2190.8012596997614,47.96234469403058,10.356487799999968,51,0.75,1,1000.0,0.55,0.01,200,0.5,0.2,50,50,10,False
data101.vrp,tabu,random,True,73,4567.752626931998,30,2376.9513672322364,43,2190.8012596997614,47.96234469403058,10.290626800000041,51,0.75,1,1000.0,0.55,0.01,200,0.5,0.2,50,50,20,True
data101.vrp,tabu,random,True,73,4567.752626931998,30,2376.9513672322364,43,2190.8012596997614,47.96234469403058,10.893734300000006,51,0.75,1,1000.0,0.55,0.01,200,0.5,0.2,50,50,20,False
data101.vrp,tabu,random,True,73,4567.752626931998,30,2376.9513672322364,43,2190.8012596997614,47.96234469403058,10.922048599999982,51,0.75,1,1000.0,0.55,0.01,200,0.5,0.2,50,50,50,True
data101.vrp,tabu,random,True,73,4567.752626931998,30,2376.9513672322364,43,2190.8012596997614,47.96234469403058,10.868298100000004,51,0.75,1,1000.0,0.55,0.01,200,0.5,0.2,50,50,50,False
data101.vrp,tabu,random,True,73,4567.752626931998,24,1803.9024561670644,49,2763.8501707649334,60.50787764794777,15.395725200000015,101,0.75,1,1000.0,0.55,0.01,200,0.5,0.2,50,100,1,True
data101.vrp,tabu,random,True,73,4567.752626931998,24,1803.9024561670644,49,2763.8501707649334,60.50787764794777,15.734457099999986,101,0.75,1,1000.0,0.55,0.01,200,0.5,0.2,50,100,1,False
data101.vrp,tabu,random,True,73,4567.752626931998,24,1803.9024561670644,49,2763.8501707649334,60.50787764794777,15.68645029999999,101,0.75,1,1000.0,0.55,0.01,200,0.5,0.2,50,100,5,True
data101.vrp,tabu,random,True,73,4567.752626931998,24,1803.9024561670644,49,2763.8501707649334,60.50787764794777,16.44000349999999,101,0.75,1,1000.0,0.55,0.01,200,0.5,0.2,50,100,5,False
data101.vrp,tabu,random,True,73,4567.752626931998,24,1803.9024561670644,49,2763.8501707649334,60.50787764794777,16.70652530000001,101,0.75,1,1000.0,0.55,0.01,200,0.5,0.2,50,100,10,True
data101.vrp,tabu,random,True,73,4567.752626931998,24,1803.9024561670644,49,2763.8501707649334,60.50787764794777,15.41154389999997,101,0.75,1,1000.0,0.55,0.01,200,0.5,0.2,50,100,10,False
data101.vrp,tabu,random,True,73,4567.752626931998,24,1803.9024561670644,49,2763.8501707649334,60.50787764794777,15.343110499999966,101,0.75,1,1000.0,0.55,0.01,200,0.5,0.2,50,100,20,True
data101.vrp,tabu,random,True,73,4567.752626931998,24,1803.9024561670644,49,2763.8501707649334,60.50787764794777,15.460326799999962,101,0.75,1,1000.0,0.55,0.01,200,0.5,0.2,50,100,20,False
data101.vrp,tabu,random,True,73,4567.752626931998,24,1803.9024561670644,49,2763.8501707649334,60.50787764794777,15.254776399999969,101,0.75,1,1000.0,0.55,0.01,200,0.5,0.2,50,100,50,False
data101.vrp,tabu,random,True,73,4567.752626931998,24,1803.9024561670644,49,2763.8501707649334,60.50787764794777,16.01097520000002,101,0.75,1,1000.0,0.55,0.01,200,0.5,0.2,50,100,50,True
data101.vrp,tabu,random,True,73,4567.752626931998,24,1803.9024561670644,49,2763.8501707649334,60.50787764794777,14.42369530000002,101,0.75,1,1000.0,0.55,0.01,200,0.5,0.2,50,200,1,True
data101.vrp,tabu,random,True,73,4567.752626931998,24,1803.9024561670644,49,2763.8501707649334,60.50787764794777,14.338180999999963,101,0.75,1,1000.0,0.55,0.01,200,0.5,0.2,50,200,1,False
data101.vrp,tabu,random,True,73,4567.752626931998,22,1733.76125019174,51,2833.9913767402577,62.04345130317953,16.637555700000007,131,0.75,1,1000.0,0.55,0.01,200,0.5,0.2,50,200,5,True
data101.vrp,tabu,random,True,73,4567.752626931998,22,1733.76125019174,51,2833.9913767402577,62.04345130317953,16.74345679999999,131,0.75,1,1000.0,0.55,0.01,200,0.5,0.2,50,200,5,False
data101.vrp,tabu,random,True,73,4567.752626931998,21,1777.888848325393,52,2789.8637786066047,61.07738326627509,18.545750399999974,148,0.75,1,1000.0,0.55,0.01,200,0.5,0.2,50,200,10,True
data101.vrp,tabu,random,True,73,4567.752626931998,21,1777.888848325393,52,2789.8637786066047,61.07738326627509,18.157626700000037,148,0.75,1,1000.0,0.55,0.01,200,0.5,0.2,50,200,10,False
data101.vrp,tabu,random,True,73,4567.752626931998,21,1777.888848325393,52,2789.8637786066047,61.07738326627509,18.494672299999934,158,0.75,1,1000.0,0.55,0.01,200,0.5,0.2,50,200,20,True
data101.vrp,tabu,random,True,73,4567.752626931998,21,1777.888848325393,52,2789.8637786066047,61.07738326627509,18.694415899999967,158,0.75,1,1000.0,0.55,0.01,200,0.5,0.2,50,200,20,False
data101.vrp,tabu,random,True,73,4567.752626931998,21,1777.888848325393,52,2789.8637786066047,61.07738326627509,20.095163500000012,188,0.75,1,1000.0,0.55,0.01,200,0.5,0.2,50,200,50,True
data101.vrp,tabu,random,True,73,4567.752626931998,21,1777.888848325393,52,2789.8637786066047,61.07738326627509,19.85371310000005,188,0.75,1,1000.0,0.55,0.01,200,0.5,0.2,50,200,50,False
data101.vrp,tabu,random,True,73,4567.752626931998,21,1777.888848325393,52,2789.8637786066047,61.07738326627509,15.132930399999964,148,0.75,1,1000.0,0.55,0.01,200,0.5,0.2,50,200,10,False
data101.vrp,tabu,random,True,73,4567.752626931998,24,1803.9024561670644,49,2763.8501707649334,60.50787764794777,15.3641284,101,0.75,1,1000.0,0.55,0.01,200,0.5,0.2,30,100,10,False
data101.vrp,tabu,random,True,73,4567.752626931998,24,1803.9024561670644,49,2763.8501707649334,60.50787764794777,15.619686000000002,101,0.75,1,1000.0,0.55,0.01,200,0.5,0.2,30,100,20,False
data101.vrp,tabu,random,True,73,4567.752626931998,22,1744.1713523732838,51,2823.581274558714,61.81554705722356,18.1841248,136,0.75,1,1000.0,0.55,0.01,200,0.5,0.2,30,200,10,False
data101.vrp,tabu,random,True,73,4567.752626931998,22,1744.1713523732838,51,2823.581274558714,61.81554705722356,18.469151,136,0.75,1,1000.0,0.55,0.01,200,0.5,0.2,30,150,10,False
data101.vrp,tabu,random,True,73,4567.752626931998,22,1744.1713523732838,51,2823.581274558714,61.81554705722356,19.767077099999998,146,0.75,1,1000.0,0.55,0.01,200,0.5,0.2,30,150,20,False
data101.vrp,tabu,random,True,73,4567.752626931998,22,1744.1713523732838,51,2823.581274558714,61.81554705722356,17.9700584,136,0.75,1,1000.0,0.55,0.01,200,0.5,0.2,30,250,10,False
data101.vrp,tabu,random,True,73,4567.752626931998,22,1744.1713523732838,51,2823.581274558714,61.81554705722356,19.2520964,146,0.75,1,1000.0,0.55,0.01,200,0.5,0.2,30,200,20,False
data101.vrp,tabu,random,True,73,4567.752626931998,22,1744.1713523732838,51,2823.581274558714,61.81554705722356,18.2087524,136,0.75,1,1000.0,0.55,0.01,200,0.5,0.2,30,300,10,False
data101.vrp,tabu,random,True,73,4567.752626931998,22,1744.1713523732838,51,2823.581274558714,61.81554705722356,19.063147900000004,146,0.75,1,1000.0,0.55,0.01,200,0.5,0.2,30,250,20,False
data101.vrp,tabu,random,True,73,4567.752626931998,22,1744.1713523732838,51,2823.581274558714,61.81554705722356,18.7020137,146,0.75,1,1000.0,0.55,0.01,200,0.5,0.2,30,300,20,False
data101.vrp,tabu,random,True,73,4567.752626931998,22,1744.1713523732838,51,2823.581274558714,61.81554705722356,18.6929728,136,0.75,1,1000.0,0.55,0.01,200,0.5,0.2,30,350,10,False
data101.vrp,tabu,random,True,73,4567.752626931998,22,1744.1713523732838,51,2823.581274558714,61.81554705722356,19.8851505,146,0.75,1,1000.0,0.55,0.01,200,0.5,0.2,30,350,20,False
data101.vrp,tabu,random,True,73,4567.752626931998,22,1744.1713523732838,51,2823.581274558714,61.81554705722356,18.9017572,136,0.75,1,1000.0,0.55,0.01,200,0.5,0.2,30,400,10,False
data101.vrp,tabu,random,True,73,4567.752626931998,22,1744.1713523732838,51,2823.581274558714,61.81554705722356,19.5180054,146,0.75,1,1000.0,0.55,0.01,200,0.5,0.2,30,400,20,False
data101.vrp,tabu,random,True,73,4567.752626931998,22,1744.1713523732838,51,2823.581274558714,61.81554705722356,18.649557100000003,136,0.75,1,1000.0,0.55,0.01,200,0.5,0.2,30,450,10,False
data101.vrp,tabu,random,True,73,4567.752626931998,22,1744.1713523732838,51,2823.581274558714,61.81554705722356,18.896534300000006,146,0.75,1,1000.0,0.55,0.01,200,0.5,0.2,30,450,20,False
data101.vrp,tabu,random,True,73,4567.752626931998,24,1803.9024561670644,49,2763.8501707649334,60.50787764794777,15.074770099999995,101,0.75,1,1000.0,0.55,0.01,200,0.5,0.2,40,100,10,False
data101.vrp,tabu,random,True,73,4567.752626931998,24,1803.9024561670644,49,2763.8501707649334,60.50787764794777,15.350165399999995,101,0.75,1,1000.0,0.55,0.01,200,0.5,0.2,40,100,20,False
data101.vrp,tabu,random,True,73,4567.752626931998,22,1744.1713523732838,51,2823.581274558714,61.81554705722356,18.445068799999994,136,0.75,1,1000.0,0.55,0.01,200,0.5,0.2,30,500,10,False
data101.vrp,tabu,random,True,73,4567.752626931998,22,1744.1713523732838,51,2823.581274558714,61.81554705722356,19.5855154,146,0.75,1,1000.0,0.55,0.01,200,0.5,0.2,30,500,20,False
data101.vrp,tabu,random,True,73,4567.752626931998,22,1734.2919174000028,51,2833.4607095319952,62.03183361606719,19.666428600000003,146,0.75,1,1000.0,0.55,0.01,200,0.5,0.2,40,150,10,False
data101.vrp,tabu,random,True,73,4567.752626931998,22,1734.2919174000028,51,2833.4607095319952,62.03183361606719,19.18616320000001,146,0.75,1,1000.0,0.55,0.01,200,0.5,0.2,40,200,10,False
data101.vrp,tabu,random,True,73,4567.752626931998,22,1734.2919174000028,51,2833.4607095319952,62.03183361606719,20.0316615,151,0.75,1,1000.0,0.55,0.01,200,0.5,0.2,40,150,20,False
data101.vrp,tabu,random,True,73,4567.752626931998,22,1734.2919174000028,51,2833.4607095319952,62.03183361606719,19.0777389,146,0.75,1,1000.0,0.55,0.01,200,0.5,0.2,40,250,10,False
data101.vrp,tabu,random,True,73,4567.752626931998,21,1741.4781876714867,52,2826.274439260511,61.874507445882024,22.70434970000001,180,0.75,1,1000.0,0.55,0.01,200,0.5,0.2,40,200,20,False
data101.vrp,tabu,random,True,73,4567.752626931998,22,1734.2919174000028,51,2833.4607095319952,62.03183361606719,19.498675700000007,146,0.75,1,1000.0,0.55,0.01,200,0.5,0.2,40,300,10,False
data101.vrp,tabu,random,True,73,4567.752626931998,21,1741.4781876714867,52,2826.274439260511,61.874507445882024,21.6033204,180,0.75,1,1000.0,0.55,0.01,200,0.5,0.2,40,250,20,False
data101.vrp,tabu,random,True,73,4567.752626931998,21,1741.4781876714867,52,2826.274439260511,61.874507445882024,21.2164777,180,0.75,1,1000.0,0.55,0.01,200,0.5,0.2,40,300,20,False
data101.vrp,tabu,random,True,73,4567.752626931998,22,1734.2919174000028,51,2833.4607095319952,62.03183361606719,19.34280050000001,146,0.75,1,1000.0,0.55,0.01,200,0.5,0.2,40,350,10,False
data101.vrp,tabu,random,True,73,4567.752626931998,21,1741.4781876714867,52,2826.274439260511,61.874507445882024,21.7651841,180,0.75,1,1000.0,0.55,0.01,200,0.5,0.2,40,350,20,False
data101.vrp,tabu,random,True,73,4567.752626931998,22,1734.2919174000028,51,2833.4607095319952,62.03183361606719,18.34024579999999,146,0.75,1,1000.0,0.55,0.01,200,0.5,0.2,40,400,10,False
data101.vrp,tabu,random,True,73,4567.752626931998,22,1734.2919174000028,51,2833.4607095319952,62.03183361606719,18.333282499999996,146,0.75,1,1000.0,0.55,0.01,200,0.5,0.2,40,450,10,False
data101.vrp,tabu,random,True,73,4567.752626931998,21,1741.4781876714867,52,2826.274439260511,61.874507445882024,20.99787119999999,180,0.75,1,1000.0,0.55,0.01,200,0.5,0.2,40,400,20,False
data101.vrp,tabu,random,True,73,4567.752626931998,21,1741.4781876714867,52,2826.274439260511,61.874507445882024,21.60389649999999,180,0.75,1,1000.0,0.55,0.01,200,0.5,0.2,40,450,20,False
data101.vrp,tabu,random,True,73,4567.752626931998,22,1734.2919174000028,51,2833.4607095319952,62.03183361606719,19.416952100000017,146,0.75,1,1000.0,0.55,0.01,200,0.5,0.2,40,500,10,False
data101.vrp,tabu,random,True,73,4567.752626931998,24,1803.9024561670644,49,2763.8501707649334,60.50787764794777,14.994929799999994,101,0.75,1,1000.0,0.55,0.01,200,0.5,0.2,50,100,10,False
data101.vrp,tabu,random,True,73,4567.752626931998,24,1803.9024561670644,49,2763.8501707649334,60.50787764794777,14.839172700000006,101,0.75,1,1000.0,0.55,0.01,200,0.5,0.2,50,100,20,False
data101.vrp,tabu,random,True,73,4567.752626931998,21,1741.4781876714867,52,2826.274439260511,61.874507445882024,21.066776800000014,180,0.75,1,1000.0,0.55,0.01,200,0.5,0.2,40,500,20,False
data101.vrp,tabu,random,True,73,4567.752626931998,21,1777.888848325393,52,2789.8637786066047,61.07738326627509,19.097950699999984,148,0.75,1,1000.0,0.55,0.01,200,0.5,0.2,50,150,10,False
data101.vrp,tabu,random,True,73,4567.752626931998,21,1777.888848325393,52,2789.8637786066047,61.07738326627509,19.652127199999995,151,0.75,1,1000.0,0.55,0.01,200,0.5,0.2,50,150,20,False
data101.vrp,tabu,random,True,73,4567.752626931998,21,1777.888848325393,52,2789.8637786066047,61.07738326627509,19.414498400000014,148,0.75,1,1000.0,0.55,0.01,200,0.5,0.2,50,200,10,False
data101.vrp,tabu,random,True,73,4567.752626931998,21,1777.888848325393,52,2789.8637786066047,61.07738326627509,20.082854300000008,158,0.75,1,1000.0,0.55,0.01,200,0.5,0.2,50,200,20,False
data101.vrp,tabu,random,True,73,4567.752626931998,21,1777.888848325393,52,2789.8637786066047,61.07738326627509,18.987604799999986,148,0.75,1,1000.0,0.55,0.01,200,0.5,0.2,50,250,10,False
data101.vrp,tabu,random,True,73,4567.752626931998,21,1777.888848325393,52,2789.8637786066047,61.07738326627509,20.250458100000003,158,0.75,1,1000.0,0.55,0.01,200,0.5,0.2,50,250,20,False
data101.vrp,tabu,random,True,73,4567.752626931998,21,1777.888848325393,52,2789.8637786066047,61.07738326627509,19.268823199999986,148,0.75,1,1000.0,0.55,0.01,200,0.5,0.2,50,300,10,False
data101.vrp,tabu,random,True,73,4567.752626931998,21,1777.888848325393,52,2789.8637786066047,61.07738326627509,19.3701892,158,0.75,1,1000.0,0.55,0.01,200,0.5,0.2,50,300,20,False
data101.vrp,tabu,random,True,73,4567.752626931998,21,1777.888848325393,52,2789.8637786066047,61.07738326627509,18.626227999999998,148,0.75,1,1000.0,0.55,0.01,200,0.5,0.2,50,350,10,False
data101.vrp,tabu,random,True,73,4567.752626931998,21,1777.888848325393,52,2789.8637786066047,61.07738326627509,20.06862339999998,158,0.75,1,1000.0,0.55,0.01,200,0.5,0.2,50,350,20,False
data101.vrp,tabu,random,True,73,4567.752626931998,21,1777.888848325393,52,2789.8637786066047,61.07738326627509,18.60055270000001,148,0.75,1,1000.0,0.55,0.01,200,0.5,0.2,50,400,10,False
data101.vrp,tabu,random,True,73,4567.752626931998,21,1777.888848325393,52,2789.8637786066047,61.07738326627509,19.893656700000008,158,0.75,1,1000.0,0.55,0.01,200,0.5,0.2,50,400,20,False
data101.vrp,tabu,random,True,73,4567.752626931998,21,1777.888848325393,52,2789.8637786066047,61.07738326627509,19.12317999999999,148,0.75,1,1000.0,0.55,0.01,200,0.5,0.2,50,450,10,False
data101.vrp,tabu,random,True,73,4567.752626931998,21,1777.888848325393,52,2789.8637786066047,61.07738326627509,19.82233930000001,158,0.75,1,1000.0,0.55,0.01,200,0.5,0.2,50,450,20,False
data101.vrp,tabu,random,True,73,4567.752626931998,21,1777.888848325393,52,2789.8637786066047,61.07738326627509,19.60142589999998,148,0.75,1,1000.0,0.55,0.01,200,0.5,0.2,50,500,10,False
data101.vrp,tabu,random,True,73,4567.752626931998,24,1803.9024561670644,49,2763.8501707649334,60.50787764794777,15.471652000000006,101,0.75,1,1000.0,0.55,0.01,200,0.5,0.2,60,100,10,False
data101.vrp,tabu,random,True,73,4567.752626931998,21,1777.888848325393,52,2789.8637786066047,61.07738326627509,20.061753400000015,158,0.75,1,1000.0,0.55,0.01,200,0.5,0.2,50,500,20,False
data101.vrp,tabu,random,True,73,4567.752626931998,24,1803.9024561670644,49,2763.8501707649334,60.50787764794777,15.28748619999999,101,0.75,1,1000.0,0.55,0.01,200,0.5,0.2,60,100,20,False
data101.vrp,tabu,random,True,73,4567.752626931998,22,1720.0067829884517,51,2847.745843943546,62.344572408604336,18.210726499999993,138,0.75,1,1000.0,0.55,0.01,200,0.5,0.2,60,150,10,False
data101.vrp,tabu,random,True,73,4567.752626931998,22,1720.0067829884517,51,2847.745843943546,62.344572408604336,19.455849200000017,148,0.75,1,1000.0,0.55,0.01,200,0.5,0.2,60,150,20,False
data101.vrp,tabu,random,True,73,4567.752626931998,22,1720.0067829884517,51,2847.745843943546,62.344572408604336,18.5236831,138,0.75,1,1000.0,0.55,0.01,200,0.5,0.2,60,200,10,False
data101.vrp,tabu,random,True,73,4567.752626931998,22,1720.0067829884517,51,2847.745843943546,62.344572408604336,19.771757500000007,148,0.75,1,1000.0,0.55,0.01,200,0.5,0.2,60,200,20,False
data101.vrp,tabu,random,True,73,4567.752626931998,22,1720.0067829884517,51,2847.745843943546,62.344572408604336,18.445704699999993,138,0.75,1,1000.0,0.55,0.01,200,0.5,0.2,60,250,10,False
data101.vrp,tabu,random,True,73,4567.752626931998,22,1720.0067829884517,51,2847.745843943546,62.344572408604336,19.2172319,148,0.75,1,1000.0,0.55,0.01,200,0.5,0.2,60,250,20,False
data101.vrp,tabu,random,True,73,4567.752626931998,22,1720.0067829884517,51,2847.745843943546,62.344572408604336,18.709584200000023,138,0.75,1,1000.0,0.55,0.01,200,0.5,0.2,60,300,10,False
data101.vrp,tabu,random,True,73,4567.752626931998,22,1720.0067829884517,51,2847.745843943546,62.344572408604336,19.304092400000002,148,0.75,1,1000.0,0.55,0.01,200,0.5,0.2,60,300,20,False
data101.vrp,tabu,random,True,73,4567.752626931998,22,1720.0067829884517,51,2847.745843943546,62.344572408604336,18.414307100000002,138,0.75,1,1000.0,0.55,0.01,200,0.5,0.2,60,350,10,False
data101.vrp,tabu,random,True,73,4567.752626931998,22,1720.0067829884517,51,2847.745843943546,62.344572408604336,19.450237499999986,148,0.75,1,1000.0,0.55,0.01,200,0.5,0.2,60,350,20,False
data101.vrp,tabu,random,True,73,4567.752626931998,22,1720.0067829884517,51,2847.745843943546,62.344572408604336,18.462702800000017,138,0.75,1,1000.0,0.55,0.01,200,0.5,0.2,60,400,10,False
data101.vrp,tabu,random,True,73,4567.752626931998,22,1720.0067829884517,51,2847.745843943546,62.344572408604336,19.413693799999976,148,0.75,1,1000.0,0.55,0.01,200,0.5,0.2,60,400,20,False
data101.vrp,tabu,random,True,73,4567.752626931998,22,1720.0067829884517,51,2847.745843943546,62.344572408604336,18.552744299999972,138,0.75,1,1000.0,0.55,0.01,200,0.5,0.2,60,450,10,False
data101.vrp,tabu,random,True,73,4567.752626931998,22,1720.0067829884517,51,2847.745843943546,62.344572408604336,18.80383329999998,148,0.75,1,1000.0,0.55,0.01,200,0.5,0.2,60,450,20,False
data101.vrp,tabu,random,True,73,4567.752626931998,22,1720.0067829884517,51,2847.745843943546,62.344572408604336,18.071108600000002,138,0.75,1,1000.0,0.55,0.01,200,0.5,0.2,60,500,10,False
data101.vrp,tabu,random,True,73,4567.752626931998,22,1720.0067829884517,51,2847.745843943546,62.344572408604336,19.275939199999982,148,0.75,1,1000.0,0.55,0.01,200,0.5,0.2,60,500,20,False
data101.vrp,tabu,random,True,73,4567.752626931998,24,1803.9024561670644,49,2763.8501707649334,60.50787764794777,15.538463100000001,101,0.75,1,1000.0,0.55,0.01,200,0.5,0.2,70,100,10,False
data101.vrp,tabu,random,True,73,4567.752626931998,24,1803.9024561670644,49,2763.8501707649334,60.50787764794777,15.6475777,101,0.75,1,1000.0,0.55,0.01,200,0.5,0.2,70,100,20,False
data101.vrp,tabu,random,True,73,4567.752626931998,22,1720.7855893906114,51,2846.967037541386,62.327522308352236,18.53251750000004,142,0.75,1,1000.0,0.55,0.01,200,0.5,0.2,70,150,10,False
data101.vrp,tabu,random,True,73,4567.752626931998,22,1720.7855893906114,51,2846.967037541386,62.327522308352236,19.068319900000006,151,0.75,1,1000.0,0.55,0.01,200,0.5,0.2,70,150,20,False
data101.vrp,tabu,random,True,73,4567.752626931998,22,1720.7855893906114,51,2846.967037541386,62.327522308352236,18.94138079999999,142,0.75,1,1000.0,0.55,0.01,200,0.5,0.2,70,200,10,False
data101.vrp,tabu,random,True,73,4567.752626931998,22,1720.7855893906114,51,2846.967037541386,62.327522308352236,19.265241500000002,142,0.75,1,1000.0,0.55,0.01,200,0.5,0.2,70,250,10,False
data101.vrp,tabu,random,True,73,4567.752626931998,22,1720.7855893906114,51,2846.967037541386,62.327522308352236,20.415556100000003,152,0.75,1,1000.0,0.55,0.01,200,0.5,0.2,70,200,20,False
data101.vrp,tabu,random,True,73,4567.752626931998,22,1720.7855893906114,51,2846.967037541386,62.327522308352236,19.66134029999995,152,0.75,1,1000.0,0.55,0.01,200,0.5,0.2,70,250,20,False
data101.vrp,tabu,random,True,73,4567.752626931998,22,1720.7855893906114,51,2846.967037541386,62.327522308352236,19.111643300000026,142,0.75,1,1000.0,0.55,0.01,200,0.5,0.2,70,300,10,False
data101.vrp,tabu,random,True,73,4567.752626931998,22,1720.7855893906114,51,2846.967037541386,62.327522308352236,19.804184399999997,152,0.75,1,1000.0,0.55,0.01,200,0.5,0.2,70,300,20,False
data101.vrp,tabu,random,True,73,4567.752626931998,22,1720.7855893906114,51,2846.967037541386,62.327522308352236,19.067819800000052,142,0.75,1,1000.0,0.55,0.01,200,0.5,0.2,70,350,10,False
data101.vrp,tabu,random,True,73,4567.752626931998,22,1720.7855893906114,51,2846.967037541386,62.327522308352236,19.287627199999974,152,0.75,1,1000.0,0.55,0.01,200,0.5,0.2,70,350,20,False
data101.vrp,tabu,random,True,73,4567.752626931998,22,1720.7855893906114,51,2846.967037541386,62.327522308352236,18.955800600000032,142,0.75,1,1000.0,0.55,0.01,200,0.5,0.2,70,400,10,False
data101.vrp,tabu,random,True,73,4567.752626931998,22,1720.7855893906114,51,2846.967037541386,62.327522308352236,19.84313910000003,152,0.75,1,1000.0,0.55,0.01,200,0.5,0.2,70,400,20,False
data101.vrp,tabu,random,True,73,4567.752626931998,22,1720.7855893906114,51,2846.967037541386,62.327522308352236,19.02820029999998,142,0.75,1,1000.0,0.55,0.01,200,0.5,0.2,70,450,10,False
data101.vrp,tabu,random,True,73,4567.752626931998,22,1720.7855893906114,51,2846.967037541386,62.327522308352236,19.278767999999957,142,0.75,1,1000.0,0.55,0.01,200,0.5,0.2,70,500,10,False
data101.vrp,tabu,random,True,73,4567.752626931998,22,1720.7855893906114,51,2846.967037541386,62.327522308352236,20.533617500000048,152,0.75,1,1000.0,0.55,0.01,200,0.5,0.2,70,450,20,False
data101.vrp,tabu,random,True,73,4567.752626931998,22,1720.7855893906114,51,2846.967037541386,62.327522308352236,19.6228888,152,0.75,1,1000.0,0.55,0.01,200,0.5,0.2,70,500,20,False
data101.vrp,tabu,random,True,73,4567.752626931998,24,1803.9024561670644,49,2763.8501707649334,60.50787764794777,15.413594999999987,101,0.75,1,1000.0,0.55,0.01,200,0.5,0.2,80,100,10,False
data101.vrp,tabu,random,True,73,4567.752626931998,24,1803.9024561670644,49,2763.8501707649334,60.50787764794777,15.415955300000007,101,0.75,1,1000.0,0.55,0.01,200,0.5,0.2,80,100,20,False
data101.vrp,tabu,random,True,73,4567.752626931998,22,1738.34062567358,51,2829.412001258418,61.94319684861824,17.35672390000002,126,0.75,1,1000.0,0.55,0.01,200,0.5,0.2,80,150,10,False
data101.vrp,tabu,random,True,73,4567.752626931998,22,1738.34062567358,51,2829.412001258418,61.94319684861824,18.5894639,136,0.75,1,1000.0,0.55,0.01,200,0.5,0.2,80,150,20,False
data101.vrp,tabu,random,True,73,4567.752626931998,22,1738.34062567358,51,2829.412001258418,61.94319684861824,17.32285509999997,126,0.75,1,1000.0,0.55,0.01,200,0.5,0.2,80,200,10,False
data101.vrp,tabu,random,True,73,4567.752626931998,22,1738.34062567358,51,2829.412001258418,61.94319684861824,18.233283700000015,136,0.75,1,1000.0,0.55,0.01,200,0.5,0.2,80,200,20,False
data101.vrp,tabu,random,True,73,4567.752626931998,22,1738.34062567358,51,2829.412001258418,61.94319684861824,17.272934599999985,126,0.75,1,1000.0,0.55,0.01,200,0.5,0.2,80,250,10,False
data101.vrp,tabu,random,True,73,4567.752626931998,22,1738.34062567358,51,2829.412001258418,61.94319684861824,18.349895400000037,136,0.75,1,1000.0,0.55,0.01,200,0.5,0.2,80,250,20,False
data101.vrp,tabu,random,True,73,4567.752626931998,22,1738.34062567358,51,2829.412001258418,61.94319684861824,17.004608700000006,126,0.75,1,1000.0,0.55,0.01,200,0.5,0.2,80,300,10,False
data101.vrp,tabu,random,True,73,4567.752626931998,22,1738.34062567358,51,2829.412001258418,61.94319684861824,18.066789700000015,136,0.75,1,1000.0,0.55,0.01,200,0.5,0.2,80,300,20,False
data101.vrp,tabu,random,True,73,4567.752626931998,22,1738.34062567358,51,2829.412001258418,61.94319684861824,17.312702900000033,126,0.75,1,1000.0,0.55,0.01,200,0.5,0.2,80,350,10,False
data101.vrp,tabu,random,True,73,4567.752626931998,22,1738.34062567358,51,2829.412001258418,61.94319684861824,17.80647829999998,136,0.75,1,1000.0,0.55,0.01,200,0.5,0.2,80,350,20,False
data101.vrp,tabu,random,True,73,4567.752626931998,22,1738.34062567358,51,2829.412001258418,61.94319684861824,17.212858100000005,126,0.75,1,1000.0,0.55,0.01,200,0.5,0.2,80,400,10,False
data101.vrp,tabu,random,True,73,4567.752626931998,22,1738.34062567358,51,2829.412001258418,61.94319684861824,18.48408410000002,136,0.75,1,1000.0,0.55,0.01,200,0.5,0.2,80,400,20,False
data101.vrp,tabu,random,True,73,4567.752626931998,22,1738.34062567358,51,2829.412001258418,61.94319684861824,17.71975329999998,126,0.75,1,1000.0,0.55,0.01,200,0.5,0.2,80,450,10,False
data101.vrp,tabu,random,True,73,4567.752626931998,22,1738.34062567358,51,2829.412001258418,61.94319684861824,18.490451699999994,136,0.75,1,1000.0,0.55,0.01,200,0.5,0.2,80,450,20,False
data101.vrp,tabu,random,True,73,4567.752626931998,22,1738.34062567358,51,2829.412001258418,61.94319684861824,17.76187619999996,126,0.75,1,1000.0,0.55,0.01,200,0.5,0.2,80,500,10,False
data101.vrp,tabu,random,True,73,4567.752626931998,24,1803.9024561670644,49,2763.8501707649334,60.50787764794777,15.779269199999987,101,0.75,1,1000.0,0.55,0.01,200,0.5,0.2,90,100,10,False
data101.vrp,tabu,random,True,73,4567.752626931998,22,1738.34062567358,51,2829.412001258418,61.94319684861824,18.79733920000001,136,0.75,1,1000.0,0.55,0.01,200,0.5,0.2,80,500,20,False
data101.vrp,tabu,random,True,73,4567.752626931998,24,1803.9024561670644,49,2763.8501707649334,60.50787764794777,15.853873600000043,101,0.75,1,1000.0,0.55,0.01,200,0.5,0.2,90,100,20,False
data101.vrp,tabu,random,True,73,4567.752626931998,22,1736.6876709358664,51,2831.064955996131,61.97938433232668,17.26120430000003,124,0.75,1,1000.0,0.55,0.01,200,0.5,0.2,90,150,10,False
data101.vrp,tabu,random,True,73,4567.752626931998,22,1736.6876709358664,51,2831.064955996131,61.97938433232668,18.365789399999983,134,0.75,1,1000.0,0.55,0.01,200,0.5,0.2,90,150,20,False
data101.vrp,tabu,random,True,73,4567.752626931998,22,1736.6876709358664,51,2831.064955996131,61.97938433232668,17.62433980000003,124,0.75,1,1000.0,0.55,0.01,200,0.5,0.2,90,200,10,False
data101.vrp,tabu,random,True,73,4567.752626931998,22,1736.6876709358664,51,2831.064955996131,61.97938433232668,18.68322839999996,134,0.75,1,1000.0,0.55,0.01,200,0.5,0.2,90,200,20,False
data101.vrp,tabu,random,True,73,4567.752626931998,22,1736.6876709358664,51,2831.064955996131,61.97938433232668,17.694515300000035,124,0.75,1,1000.0,0.55,0.01,200,0.5,0.2,90,250,10,False
data101.vrp,tabu,random,True,73,4567.752626931998,22,1736.6876709358664,51,2831.064955996131,61.97938433232668,18.038354400000003,134,0.75,1,1000.0,0.55,0.01,200,0.5,0.2,90,250,20,False
data101.vrp,tabu,random,True,73,4567.752626931998,22,1736.6876709358664,51,2831.064955996131,61.97938433232668,17.069222300000035,124,0.75,1,1000.0,0.55,0.01,200,0.5,0.2,90,300,10,False
data101.vrp,tabu,random,True,73,4567.752626931998,22,1736.6876709358664,51,2831.064955996131,61.97938433232668,18.068128,134,0.75,1,1000.0,0.55,0.01,200,0.5,0.2,90,300,20,False
data101.vrp,tabu,random,True,73,4567.752626931998,22,1736.6876709358664,51,2831.064955996131,61.97938433232668,17.59846859999999,124,0.75,1,1000.0,0.55,0.01,200,0.5,0.2,90,350,10,False
data101.vrp,tabu,random,True,73,4567.752626931998,22,1736.6876709358664,51,2831.064955996131,61.97938433232668,17.977119500000015,134,0.75,1,1000.0,0.55,0.01,200,0.5,0.2,90,350,20,False
data101.vrp,tabu,random,True,73,4567.752626931998,22,1736.6876709358664,51,2831.064955996131,61.97938433232668,17.023961299999996,124,0.75,1,1000.0,0.55,0.01,200,0.5,0.2,90,400,10,False
data101.vrp,tabu,random,True,73,4567.752626931998,22,1736.6876709358664,51,2831.064955996131,61.97938433232668,18.16153380000003,134,0.75,1,1000.0,0.55,0.01,200,0.5,0.2,90,400,20,False
data101.vrp,tabu,random,True,73,4567.752626931998,22,1736.6876709358664,51,2831.064955996131,61.97938433232668,17.36006169999996,124,0.75,1,1000.0,0.55,0.01,200,0.5,0.2,90,450,10,False
data101.vrp,tabu,random,True,73,4567.752626931998,22,1736.6876709358664,51,2831.064955996131,61.97938433232668,18.360641299999997,134,0.75,1,1000.0,0.55,0.01,200,0.5,0.2,90,450,20,False
data101.vrp,tabu,random,True,73,4567.752626931998,22,1736.6876709358664,51,2831.064955996131,61.97938433232668,17.386203500000022,124,0.75,1,1000.0,0.55,0.01,200,0.5,0.2,90,500,10,False
data101.vrp,tabu,random,True,73,4567.752626931998,22,1736.6876709358664,51,2831.064955996131,61.97938433232668,18.113677999999993,134,0.75,1,1000.0,0.55,0.01,200,0.5,0.2,90,500,20,False
data101.vrp,tabu,random,True,73,4567.752626931998,24,1803.9024561670644,49,2763.8501707649334,60.50787764794777,15.07610010000002,101,0.75,1,1000.0,0.55,0.01,200,0.5,0.2,100,100,10,False
data101.vrp,tabu,random,True,73,4567.752626931998,24,1803.9024561670644,49,2763.8501707649334,60.50787764794777,15.216770899999972,101,0.75,1,1000.0,0.55,0.01,200,0.5,0.2,100,100,20,False
data101.vrp,tabu,random,True,73,4567.752626931998,22,1736.6876709358664,51,2831.064955996131,61.97938433232668,17.64114380000001,124,0.75,1,1000.0,0.55,0.01,200,0.5,0.2,100,150,10,False
data101.vrp,tabu,random,True,73,4567.752626931998,22,1736.6876709358664,51,2831.064955996131,61.97938433232668,17.98431860000005,134,0.75,1,1000.0,0.55,0.01,200,0.5,0.2,100,150,20,False
data101.vrp,tabu,random,True,73,4567.752626931998,22,1736.6876709358664,51,2831.064955996131,61.97938433232668,16.6880185,124,0.75,1,1000.0,0.55,0.01,200,0.5,0.2,100,200,10,False
data101.vrp,tabu,random,True,73,4567.752626931998,22,1736.6876709358664,51,2831.064955996131,61.97938433232668,17.649928499999987,134,0.75,1,1000.0,0.55,0.01,200,0.5,0.2,100,200,20,False
data101.vrp,tabu,random,True,73,4567.752626931998,22,1736.6876709358664,51,2831.064955996131,61.97938433232668,17.622581100000048,124,0.75,1,1000.0,0.55,0.01,200,0.5,0.2,100,250,10,False
data101.vrp,tabu,random,True,73,4567.752626931998,22,1736.6876709358664,51,2831.064955996131,61.97938433232668,17.82875720000004,134,0.75,1,1000.0,0.55,0.01,200,0.5,0.2,100,250,20,False
data101.vrp,tabu,random,True,73,4567.752626931998,22,1736.6876709358664,51,2831.064955996131,61.97938433232668,16.513317400000005,124,0.75,1,1000.0,0.55,0.01,200,0.5,0.2,100,300,10,False
data101.vrp,tabu,random,True,73,4567.752626931998,22,1736.6876709358664,51,2831.064955996131,61.97938433232668,17.132542,134,0.75,1,1000.0,0.55,0.01,200,0.5,0.2,100,300,20,False
data101.vrp,tabu,random,True,73,4567.752626931998,22,1736.6876709358664,51,2831.064955996131,61.97938433232668,16.3258553,124,0.75,1,1000.0,0.55,0.01,200,0.5,0.2,100,350,10,False
data101.vrp,tabu,random,True,73,4567.752626931998,22,1736.6876709358664,51,2831.064955996131,61.97938433232668,16.36247190000006,134,0.75,1,1000.0,0.55,0.01,200,0.5,0.2,100,350,20,False
data101.vrp,tabu,random,True,73,4567.752626931998,22,1736.6876709358664,51,2831.064955996131,61.97938433232668,16.148857099999987,124,0.75,1,1000.0,0.55,0.01,200,0.5,0.2,100,400,10,False
data101.vrp,tabu,random,True,73,4567.752626931998,22,1736.6876709358664,51,2831.064955996131,61.97938433232668,16.87226069999997,134,0.75,1,1000.0,0.55,0.01,200,0.5,0.2,100,400,20,False
data101.vrp,tabu,random,True,73,4567.752626931998,22,1736.6876709358664,51,2831.064955996131,61.97938433232668,16.84695279999994,124,0.75,1,1000.0,0.55,0.01,200,0.5,0.2,100,450,10,False
data101.vrp,tabu,greedy,True,37,2623.244873647066,23,1814.7565118527189,14,808.4883617943472,30.82016360410591,6.6002191999999695,63,0.75,1,1000.0,0.55,0.01,200,0.5,0.2,30,100,10,False
data101.vrp,tabu,random,True,73,4567.752626931998,22,1736.6876709358664,51,2831.064955996131,61.97938433232668,18.07289419999995,134,0.75,1,1000.0,0.55,0.01,200,0.5,0.2,100,450,20,False
data101.vrp,tabu,greedy,True,37,2623.244873647066,23,1814.7565118527189,14,808.4883617943472,30.82016360410591,7.310276499999986,73,0.75,1,1000.0,0.55,0.01,200,0.5,0.2,30,100,20,False
data101.vrp,tabu,random,True,73,4567.752626931998,22,1736.6876709358664,51,2831.064955996131,61.97938433232668,17.83915609999997,124,0.75,1,1000.0,0.55,0.01,200,0.5,0.2,100,500,10,False
data101.vrp,tabu,greedy,True,37,2623.244873647066,23,1814.7565118527189,14,808.4883617943472,30.82016360410591,6.310313899999983,63,0.75,1,1000.0,0.55,0.01,200,0.5,0.2,30,150,10,False
data101.vrp,tabu,greedy,True,37,2623.244873647066,23,1814.7565118527189,14,808.4883617943472,30.82016360410591,6.8189711999999645,73,0.75,1,1000.0,0.55,0.01,200,0.5,0.2,30,150,20,False
data101.vrp,tabu,greedy,True,37,2623.244873647066,23,1814.7565118527189,14,808.4883617943472,30.82016360410591,5.695601699999997,63,0.75,1,1000.0,0.55,0.01,200,0.5,0.2,30,200,10,False
data101.vrp,tabu,random,True,73,4567.752626931998,22,1736.6876709358664,51,2831.064955996131,61.97938433232668,18.975201799999923,134,0.75,1,1000.0,0.55,0.01,200,0.5,0.2,100,500,20,False
data101.vrp,tabu,greedy,True,37,2623.244873647066,23,1814.7565118527189,14,808.4883617943472,30.82016360410591,6.374704899999983,73,0.75,1,1000.0,0.55,0.01,200,0.5,0.2,30,200,20,False
data101.vrp,tabu,greedy,True,37,2623.244873647066,23,1814.7565118527189,14,808.4883617943472,30.82016360410591,5.685076399999957,63,0.75,1,1000.0,0.55,0.01,200,0.5,0.2,30,250,10,False
data101.vrp,tabu,greedy,True,37,2623.244873647066,23,1814.7565118527189,14,808.4883617943472,30.82016360410591,6.455723299999931,73,0.75,1,1000.0,0.55,0.01,200,0.5,0.2,30,250,20,False
data101.vrp,tabu,greedy,True,37,2623.244873647066,23,1814.7565118527189,14,808.4883617943472,30.82016360410591,5.716433099999904,63,0.75,1,1000.0,0.55,0.01,200,0.5,0.2,30,300,10,False
data101.vrp,tabu,greedy,True,37,2623.244873647066,23,1814.7565118527189,14,808.4883617943472,30.82016360410591,5.573562799999991,63,0.75,1,1000.0,0.55,0.01,200,0.5,0.2,30,350,10,False
data101.vrp,tabu,greedy,True,37,2623.244873647066,23,1814.7565118527189,14,808.4883617943472,30.82016360410591,6.521700399999986,73,0.75,1,1000.0,0.55,0.01,200,0.5,0.2,30,300,20,False
data101.vrp,tabu,greedy,True,37,2623.244873647066,23,1814.7565118527189,14,808.4883617943472,30.82016360410591,6.749421199999915,73,0.75,1,1000.0,0.55,0.01,200,0.5,0.2,30,350,20,False
data101.vrp,tabu,greedy,True,37,2623.244873647066,23,1814.7565118527189,14,808.4883617943472,30.82016360410591,5.784470900000088,63,0.75,1,1000.0,0.55,0.01,200,0.5,0.2,30,400,10,False
data101.vrp,tabu,greedy,True,37,2623.244873647066,23,1814.7565118527189,14,808.4883617943472,30.82016360410591,6.621854100000064,73,0.75,1,1000.0,0.55,0.01,200,0.5,0.2,30,400,20,False
data101.vrp,tabu,greedy,True,37,2623.244873647066,23,1814.7565118527189,14,808.4883617943472,30.82016360410591,5.839877199999933,63,0.75,1,1000.0,0.55,0.01,200,0.5,0.2,30,450,10,False
data101.vrp,tabu,greedy,True,37,2623.244873647066,23,1814.7565118527189,14,808.4883617943472,30.82016360410591,6.712993200000028,73,0.75,1,1000.0,0.55,0.01,200,0.5,0.2,30,450,20,False
data101.vrp,tabu,greedy,True,37,2623.244873647066,23,1814.7565118527189,14,808.4883617943472,30.82016360410591,5.758540899999957,63,0.75,1,1000.0,0.55,0.01,200,0.5,0.2,30,500,10,False
data101.vrp,tabu,greedy,True,37,2623.244873647066,23,1814.7565118527189,14,808.4883617943472,30.82016360410591,6.512975600000004,73,0.75,1,1000.0,0.55,0.01,200,0.5,0.2,30,500,20,False
data101.vrp,tabu,greedy,True,37,2623.244873647066,23,1788.9245531758804,14,834.3203204711856,31.804896632133314,6.873301699999956,77,0.75,1,1000.0,0.55,0.01,200,0.5,0.2,40,100,10,False
data101.vrp,tabu,greedy,True,37,2623.244873647066,23,1788.9245531758804,14,834.3203204711856,31.804896632133314,8.419210399999997,87,0.75,1,1000.0,0.55,0.01,200,0.5,0.2,40,100,20,False
data101.vrp,tabu,greedy,True,37,2623.244873647066,23,1788.9245531758804,14,834.3203204711856,31.804896632133314,7.4918830999999955,77,0.75,1,1000.0,0.55,0.01,200,0.5,0.2,40,150,10,False
data101.vrp,tabu,greedy,True,37,2623.244873647066,23,1788.9245531758804,14,834.3203204711856,31.804896632133314,8.32811079999999,87,0.75,1,1000.0,0.55,0.01,200,0.5,0.2,40,150,20,False
data101.vrp,tabu,greedy,True,37,2623.244873647066,23,1788.9245531758804,14,834.3203204711856,31.804896632133314,7.605598200000031,77,0.75,1,1000.0,0.55,0.01,200,0.5,0.2,40,200,10,False
data101.vrp,tabu,greedy,True,37,2623.244873647066,23,1788.9245531758804,14,834.3203204711856,31.804896632133314,8.7554619,87,0.75,1,1000.0,0.55,0.01,200,0.5,0.2,40,200,20,False
data101.vrp,tabu,greedy,True,37,2623.244873647066,23,1788.9245531758804,14,834.3203204711856,31.804896632133314,7.544731800000022,77,0.75,1,1000.0,0.55,0.01,200,0.5,0.2,40,250,10,False
data101.vrp,tabu,greedy,True,37,2623.244873647066,23,1788.9245531758804,14,834.3203204711856,31.804896632133314,7.659089799999947,77,0.75,1,1000.0,0.55,0.01,200,0.5,0.2,40,300,10,False
data101.vrp,tabu,greedy,True,37,2623.244873647066,23,1788.9245531758804,14,834.3203204711856,31.804896632133314,8.559725999999955,87,0.75,1,1000.0,0.55,0.01,200,0.5,0.2,40,250,20,False
data101.vrp,tabu,greedy,True,37,2623.244873647066,23,1788.9245531758804,14,834.3203204711856,31.804896632133314,8.540217899999902,87,0.75,1,1000.0,0.55,0.01,200,0.5,0.2,40,300,20,False
data101.vrp,tabu,greedy,True,37,2623.244873647066,23,1788.9245531758804,14,834.3203204711856,31.804896632133314,7.477850800000056,77,0.75,1,1000.0,0.55,0.01,200,0.5,0.2,40,350,10,False
data101.vrp,tabu,greedy,True,37,2623.244873647066,23,1788.9245531758804,14,834.3203204711856,31.804896632133314,8.246949599999994,87,0.75,1,1000.0,0.55,0.01,200,0.5,0.2,40,350,20,False
data101.vrp,tabu,greedy,True,37,2623.244873647066,23,1788.9245531758804,14,834.3203204711856,31.804896632133314,7.451769099999979,77,0.75,1,1000.0,0.55,0.01,200,0.5,0.2,40,400,10,False
data101.vrp,tabu,greedy,True,37,2623.244873647066,23,1788.9245531758804,14,834.3203204711856,31.804896632133314,8.306798299999969,87,0.75,1,1000.0,0.55,0.01,200,0.5,0.2,40,400,20,False
data101.vrp,tabu,greedy,True,37,2623.244873647066,23,1788.9245531758804,14,834.3203204711856,31.804896632133314,7.363822700000014,77,0.75,1,1000.0,0.55,0.01,200,0.5,0.2,40,450,10,False
data101.vrp,tabu,greedy,True,37,2623.244873647066,23,1788.9245531758804,14,834.3203204711856,31.804896632133314,8.05296080000005,87,0.75,1,1000.0,0.55,0.01,200,0.5,0.2,40,450,20,False
data101.vrp,tabu,greedy,True,37,2623.244873647066,23,1788.9245531758804,14,834.3203204711856,31.804896632133314,7.171830100000079,77,0.75,1,1000.0,0.55,0.01,200,0.5,0.2,40,500,10,False
data101.vrp,tabu,greedy,True,37,2623.244873647066,23,1803.5348571061597,14,819.7100165409063,31.247941233990602,5.903331200000025,63,0.75,1,1000.0,0.55,0.01,200,0.5,0.2,50,100,10,False
data101.vrp,tabu,greedy,True,37,2623.244873647066,23,1788.9245531758804,14,834.3203204711856,31.804896632133314,8.204832799999963,87,0.75,1,1000.0,0.55,0.01,200,0.5,0.2,40,500,20,False
data101.vrp,tabu,greedy,True,37,2623.244873647066,23,1803.5348571061597,14,819.7100165409063,31.247941233990602,5.8911860000000615,63,0.75,1,1000.0,0.55,0.01,200,0.5,0.2,50,150,10,False
data101.vrp,tabu,greedy,True,37,2623.244873647066,22,1786.865957472958,15,836.3789161741081,31.8833717956075,9.159706700000015,101,0.75,1,1000.0,0.55,0.01,200,0.5,0.2,50,100,20,False
data101.vrp,tabu,greedy,True,37,2623.244873647066,23,1803.5348571061597,14,819.7100165409063,31.247941233990602,6.007313499999896,63,0.75,1,1000.0,0.55,0.01,200,0.5,0.2,50,200,10,False
data101.vrp,tabu,greedy,True,37,2623.244873647066,22,1786.865957472958,15,836.3789161741081,31.8833717956075,9.206900700000006,101,0.75,1,1000.0,0.55,0.01,200,0.5,0.2,50,150,20,False
data101.vrp,tabu,greedy,True,37,2623.244873647066,22,1786.865957472958,15,836.3789161741081,31.8833717956075,8.97455279999997,101,0.75,1,1000.0,0.55,0.01,200,0.5,0.2,50,200,20,False
data101.vrp,tabu,greedy,True,37,2623.244873647066,23,1803.5348571061597,14,819.7100165409063,31.247941233990602,5.807615899999973,63,0.75,1,1000.0,0.55,0.01,200,0.5,0.2,50,250,10,False
data101.vrp,tabu,greedy,True,37,2623.244873647066,23,1803.5348571061597,14,819.7100165409063,31.247941233990602,6.004896099999996,63,0.75,1,1000.0,0.55,0.01,200,0.5,0.2,50,300,10,False
data101.vrp,tabu,greedy,True,37,2623.244873647066,22,1786.865957472958,15,836.3789161741081,31.8833717956075,9.268999000000008,101,0.75,1,1000.0,0.55,0.01,200,0.5,0.2,50,250,20,False
data101.vrp,tabu,greedy,True,37,2623.244873647066,23,1803.5348571061597,14,819.7100165409063,31.247941233990602,6.019403899999929,63,0.75,1,1000.0,0.55,0.01,200,0.5,0.2,50,350,10,False
data101.vrp,tabu,greedy,True,37,2623.244873647066,22,1786.865957472958,15,836.3789161741081,31.8833717956075,9.128729499999963,101,0.75,1,1000.0,0.55,0.01,200,0.5,0.2,50,300,20,False
data101.vrp,tabu,greedy,True,37,2623.244873647066,23,1803.5348571061597,14,819.7100165409063,31.247941233990602,6.231522700000028,63,0.75,1,1000.0,0.55,0.01,200,0.5,0.2,50,400,10,False
data101.vrp,tabu,greedy,True,37,2623.244873647066,22,1786.865957472958,15,836.3789161741081,31.8833717956075,9.088446900000008,101,0.75,1,1000.0,0.55,0.01,200,0.5,0.2,50,350,20,False
data101.vrp,tabu,greedy,True,37,2623.244873647066,23,1803.5348571061597,14,819.7100165409063,31.247941233990602,6.12098960000003,63,0.75,1,1000.0,0.55,0.01,200,0.5,0.2,50,450,10,False
data101.vrp,tabu,greedy,True,37,2623.244873647066,22,1786.865957472958,15,836.3789161741081,31.8833717956075,9.259872299999984,101,0.75,1,1000.0,0.55,0.01,200,0.5,0.2,50,400,20,False
data101.vrp,tabu,greedy,True,37,2623.244873647066,23,1803.5348571061597,14,819.7100165409063,31.247941233990602,5.824441100000058,63,0.75,1,1000.0,0.55,0.01,200,0.5,0.2,50,500,10,False
data101.vrp,tabu,greedy,True,37,2623.244873647066,22,1786.865957472958,15,836.3789161741081,31.8833717956075,9.231154500000002,101,0.75,1,1000.0,0.55,0.01,200,0.5,0.2,50,450,20,False
data101.vrp,tabu,greedy,True,37,2623.244873647066,23,1803.5348571061597,14,819.7100165409063,31.247941233990602,5.91009489999999,63,0.75,1,1000.0,0.55,0.01,200,0.5,0.2,60,100,10,False
data101.vrp,tabu,greedy,True,37,2623.244873647066,22,1786.865957472958,15,836.3789161741081,31.8833717956075,9.064921099999992,101,0.75,1,1000.0,0.55,0.01,200,0.5,0.2,50,500,20,False
data101.vrp,tabu,greedy,True,37,2623.244873647066,23,1803.5348571061597,14,819.7100165409063,31.247941233990602,6.24621430000002,63,0.75,1,1000.0,0.55,0.01,200,0.5,0.2,60,150,10,False
data101.vrp,tabu,greedy,True,37,2623.244873647066,22,1753.7120004429526,15,869.5328732041135,33.147224719254375,9.445163799999932,101,0.75,1,1000.0,0.55,0.01,200,0.5,0.2,60,100,20,False
data101.vrp,tabu,greedy,True,37,2623.244873647066,23,1803.5348571061597,14,819.7100165409063,31.247941233990602,6.268679900000052,63,0.75,1,1000.0,0.55,0.01,200,0.5,0.2,60,200,10,False
data101.vrp,tabu,greedy,True,37,2623.244873647066,23,1803.5348571061597,14,819.7100165409063,31.247941233990602,6.349151000000006,63,0.75,1,1000.0,0.55,0.01,200,0.5,0.2,60,250,10,False
data101.vrp,tabu,greedy,True,37,2623.244873647066,21,1677.9495332310337,16,945.2953404160323,36.03534500009523,13.52505460000009,151,0.75,1,1000.0,0.55,0.01,200,0.5,0.2,60,150,20,False
data101.vrp,tabu,greedy,True,37,2623.244873647066,23,1803.5348571061597,14,819.7100165409063,31.247941233990602,5.942473399999926,63,0.75,1,1000.0,0.55,0.01,200,0.5,0.2,60,300,10,False
data101.vrp,tabu,greedy,True,37,2623.244873647066,21,1677.9495332310337,16,945.2953404160323,36.03534500009523,14.688432499999976,161,0.75,1,1000.0,0.55,0.01,200,0.5,0.2,60,200,20,False
data101.vrp,tabu,greedy,True,37,2623.244873647066,23,1803.5348571061597,14,819.7100165409063,31.247941233990602,6.123694999999998,63,0.75,1,1000.0,0.55,0.01,200,0.5,0.2,60,350,10,False
data101.vrp,tabu,greedy,True,37,2623.244873647066,21,1677.9495332310337,16,945.2953404160323,36.03534500009523,14.304817699999944,161,0.75,1,1000.0,0.55,0.01,200,0.5,0.2,60,250,20,False
data101.vrp,tabu,greedy,True,37,2623.244873647066,23,1803.5348571061597,14,819.7100165409063,31.247941233990602,5.710918400000082,63,0.75,1,1000.0,0.55,0.01,200,0.5,0.2,60,400,10,False
data101.vrp,tabu,greedy,True,37,2623.244873647066,21,1677.9495332310337,16,945.2953404160323,36.03534500009523,14.078378199999975,161,0.75,1,1000.0,0.55,0.01,200,0.5,0.2,60,300,20,False
data101.vrp,tabu,greedy,True,37,2623.244873647066,23,1803.5348571061597,14,819.7100165409063,31.247941233990602,5.764809199999945,63,0.75,1,1000.0,0.55,0.01,200,0.5,0.2,60,450,10,False
data101.vrp,tabu,greedy,True,37,2623.244873647066,21,1677.9495332310337,16,945.2953404160323,36.03534500009523,14.225646900000015,161,0.75,1,1000.0,0.55,0.01,200,0.5,0.2,60,350,20,False
data101.vrp,tabu,greedy,True,37,2623.244873647066,23,1803.5348571061597,14,819.7100165409063,31.247941233990602,5.597940299999891,63,0.75,1,1000.0,0.55,0.01,200,0.5,0.2,60,500,10,False
data101.vrp,tabu,greedy,True,37,2623.244873647066,21,1677.9495332310337,16,945.2953404160323,36.03534500009523,13.499127700000031,161,0.75,1,1000.0,0.55,0.01,200,0.5,0.2,60,400,20,False
data101.vrp,tabu,greedy,True,37,2623.244873647066,23,1803.5348571061597,14,819.7100165409063,31.247941233990602,5.666306200000008,63,0.75,1,1000.0,0.55,0.01,200,0.5,0.2,70,100,10,False
data101.vrp,tabu,greedy,True,37,2623.244873647066,21,1677.9495332310337,16,945.2953404160323,36.03534500009523,13.701358300000038,161,0.75,1,1000.0,0.55,0.01,200,0.5,0.2,60,450,20,False
data101.vrp,tabu,greedy,True,37,2623.244873647066,22,1777.418967202587,15,845.825906444479,32.24349792661702,8.537882699999955,96,0.75,1,1000.0,0.55,0.01,200,0.5,0.2,70,100,20,False
data101.vrp,tabu,greedy,True,37,2623.244873647066,23,1803.5348571061597,14,819.7100165409063,31.247941233990602,6.203773700000056,63,0.75,1,1000.0,0.55,0.01,200,0.5,0.2,70,150,10,False
data101.vrp,tabu,greedy,True,37,2623.244873647066,21,1677.9495332310337,16,945.2953404160323,36.03534500009523,14.0678269,161,0.75,1,1000.0,0.55,0.01,200,0.5,0.2,60,500,20,False
data101.vrp,tabu,greedy,True,37,2623.244873647066,23,1803.5348571061597,14,819.7100165409063,31.247941233990602,5.776479600000016,63,0.75,1,1000.0,0.55,0.01,200,0.5,0.2,70,200,10,False
data101.vrp,tabu,greedy,True,37,2623.244873647066,22,1777.418967202587,15,845.825906444479,32.24349792661702,8.531007300000056,96,0.75,1,1000.0,0.55,0.01,200,0.5,0.2,70,150,20,False
data101.vrp,tabu,greedy,True,37,2623.244873647066,23,1803.5348571061597,14,819.7100165409063,31.247941233990602,5.594200300000011,63,0.75,1,1000.0,0.55,0.01,200,0.5,0.2,70,250,10,False
data101.vrp,tabu,greedy,True,37,2623.244873647066,22,1777.418967202587,15,845.825906444479,32.24349792661702,8.282103800000073,96,0.75,1,1000.0,0.55,0.01,200,0.5,0.2,70,200,20,False
data101.vrp,tabu,greedy,True,37,2623.244873647066,23,1803.5348571061597,14,819.7100165409063,31.247941233990602,5.552761799999985,63,0.75,1,1000.0,0.55,0.01,200,0.5,0.2,70,300,10,False
data101.vrp,tabu,greedy,True,37,2623.244873647066,22,1777.418967202587,15,845.825906444479,32.24349792661702,8.263820099999975,96,0.75,1,1000.0,0.55,0.01,200,0.5,0.2,70,250,20,False
data101.vrp,tabu,greedy,True,37,2623.244873647066,22,1777.418967202587,15,845.825906444479,32.24349792661702,8.30306280000002,96,0.75,1,1000.0,0.55,0.01,200,0.5,0.2,70,300,20,False
data101.vrp,tabu,greedy,True,37,2623.244873647066,23,1803.5348571061597,14,819.7100165409063,31.247941233990602,5.637624099999925,63,0.75,1,1000.0,0.55,0.01,200,0.5,0.2,70,350,10,False
data101.vrp,tabu,greedy,True,37,2623.244873647066,23,1803.5348571061597,14,819.7100165409063,31.247941233990602,5.7074124000000666,63,0.75,1,1000.0,0.55,0.01,200,0.5,0.2,70,400,10,False
data101.vrp,tabu,greedy,True,37,2623.244873647066,22,1777.418967202587,15,845.825906444479,32.24349792661702,8.688958400000047,96,0.75,1,1000.0,0.55,0.01,200,0.5,0.2,70,350,20,False
data101.vrp,tabu,greedy,True,37,2623.244873647066,23,1803.5348571061597,14,819.7100165409063,31.247941233990602,5.74381249999999,63,0.75,1,1000.0,0.55,0.01,200,0.5,0.2,70,450,10,False
data101.vrp,tabu,greedy,True,37,2623.244873647066,22,1777.418967202587,15,845.825906444479,32.24349792661702,8.653410399999984,96,0.75,1,1000.0,0.55,0.01,200,0.5,0.2,70,400,20,False
data101.vrp,tabu,greedy,True,37,2623.244873647066,23,1803.5348571061597,14,819.7100165409063,31.247941233990602,5.840725299999917,63,0.75,1,1000.0,0.55,0.01,200,0.5,0.2,70,500,10,False
data101.vrp,tabu,greedy,True,37,2623.244873647066,22,1777.418967202587,15,845.825906444479,32.24349792661702,8.450253700000076,96,0.75,1,1000.0,0.55,0.01,200,0.5,0.2,70,450,20,False
data101.vrp,tabu,greedy,True,37,2623.244873647066,23,1803.5348571061597,14,819.7100165409063,31.247941233990602,6.169411000000082,63,0.75,1,1000.0,0.55,0.01,200,0.5,0.2,80,100,10,False
data101.vrp,tabu,greedy,True,37,2623.244873647066,22,1777.418967202587,15,845.825906444479,32.24349792661702,9.190987800000016,96,0.75,1,1000.0,0.55,0.01,200,0.5,0.2,70,500,20,False
data101.vrp,tabu,greedy,True,37,2623.244873647066,23,1803.5348571061597,14,819.7100165409063,31.247941233990602,6.914986699999986,63,0.75,1,1000.0,0.55,0.01,200,0.5,0.2,80,150,10,False
data101.vrp,tabu,greedy,True,37,2623.244873647066,21,1721.1348698388751,16,902.1100038081909,34.389088600562026,10.115682500000048,101,0.75,1,1000.0,0.55,0.01,200,0.5,0.2,80,100,20,False
data101.vrp,tabu,greedy,True,37,2623.244873647066,23,1803.5348571061597,14,819.7100165409063,31.247941233990602,6.536678300000062,63,0.75,1,1000.0,0.55,0.01,200,0.5,0.2,80,200,10,False
data101.vrp,tabu,greedy,True,37,2623.244873647066,21,1721.1348698388751,16,902.1100038081909,34.389088600562026,11.60090230000003,119,0.75,1,1000.0,0.55,0.01,200,0.5,0.2,80,150,20,False
data101.vrp,tabu,greedy,True,37,2623.244873647066,23,1803.5348571061597,14,819.7100165409063,31.247941233990602,5.4888789000000315,63,0.75,1,1000.0,0.55,0.01,200,0.5,0.2,80,250,10,False
data101.vrp,tabu,greedy,True,37,2623.244873647066,23,1803.5348571061597,14,819.7100165409063,31.247941233990602,5.321692399999961,63,0.75,1,1000.0,0.55,0.01,200,0.5,0.2,80,300,10,False
data101.vrp,tabu,greedy,True,37,2623.244873647066,21,1721.1348698388751,16,902.1100038081909,34.389088600562026,10.54562670000007,119,0.75,1,1000.0,0.55,0.01,200,0.5,0.2,80,200,20,False
data101.vrp,tabu,greedy,True,37,2623.244873647066,23,1803.5348571061597,14,819.7100165409063,31.247941233990602,5.741927800000099,63,0.75,1,1000.0,0.55,0.01,200,0.5,0.2,80,350,10,False
data101.vrp,tabu,greedy,True,37,2623.244873647066,21,1721.1348698388751,16,902.1100038081909,34.389088600562026,10.030469799999992,119,0.75,1,1000.0,0.55,0.01,200,0.5,0.2,80,250,20,False
data101.vrp,tabu,greedy,True,37,2623.244873647066,23,1803.5348571061597,14,819.7100165409063,31.247941233990602,6.027020300000004,63,0.75,1,1000.0,0.55,0.01,200,0.5,0.2,80,400,10,False
data101.vrp,tabu,greedy,True,37,2623.244873647066,21,1721.1348698388751,16,902.1100038081909,34.389088600562026,10.377783700000009,119,0.75,1,1000.0,0.55,0.01,200,0.5,0.2,80,300,20,False
data101.vrp,tabu,greedy,True,37,2623.244873647066,23,1803.5348571061597,14,819.7100165409063,31.247941233990602,5.948627999999985,63,0.75,1,1000.0,0.55,0.01,200,0.5,0.2,80,450,10,False
data101.vrp,tabu,greedy,True,37,2623.244873647066,21,1721.1348698388751,16,902.1100038081909,34.389088600562026,10.451915399999962,119,0.75,1,1000.0,0.55,0.01,200,0.5,0.2,80,350,20,False
data101.vrp,tabu,greedy,True,37,2623.244873647066,23,1803.5348571061597,14,819.7100165409063,31.247941233990602,5.787066500000037,63,0.75,1,1000.0,0.55,0.01,200,0.5,0.2,80,500,10,False
data101.vrp,tabu,greedy,True,37,2623.244873647066,21,1721.1348698388751,16,902.1100038081909,34.389088600562026,10.447912999999971,119,0.75,1,1000.0,0.55,0.01,200,0.5,0.2,80,400,20,False
data101.vrp,tabu,greedy,True,37,2623.244873647066,23,1803.5348571061597,14,819.7100165409063,31.247941233990602,5.6561130999999705,63,0.75,1,1000.0,0.55,0.01,200,0.5,0.2,90,100,10,False
data101.vrp,tabu,greedy,True,37,2623.244873647066,21,1721.1348698388751,16,902.1100038081909,34.389088600562026,10.422826099999952,119,0.75,1,1000.0,0.55,0.01,200,0.5,0.2,80,450,20,False
data101.vrp,tabu,greedy,True,37,2623.244873647066,23,1803.5348571061597,14,819.7100165409063,31.247941233990602,5.613588500000105,63,0.75,1,1000.0,0.55,0.01,200,0.5,0.2,90,150,10,False
data101.vrp,tabu,greedy,True,37,2623.244873647066,21,1721.1348698388751,16,902.1100038081909,34.389088600562026,10.365208499999994,119,0.75,1,1000.0,0.55,0.01,200,0.5,0.2,80,500,20,False
data101.vrp,tabu,greedy,True,37,2623.244873647066,21,1725.3393636696537,16,897.9055099774123,34.22881024176233,8.74641059999999,101,0.75,1,1000.0,0.55,0.01,200,0.5,0.2,90,100,20,False
data101.vrp,tabu,greedy,True,37,2623.244873647066,23,1803.5348571061597,14,819.7100165409063,31.247941233990602,5.825806400000033,63,0.75,1,1000.0,0.55,0.01,200,0.5,0.2,90,200,10,False
data101.vrp,tabu,greedy,True,37,2623.244873647066,23,1803.5348571061597,14,819.7100165409063,31.247941233990602,5.690447000000063,63,0.75,1,1000.0,0.55,0.01,200,0.5,0.2,90,250,10,False
data101.vrp,tabu,greedy,True,37,2623.244873647066,21,1725.3393636696537,16,897.9055099774123,34.22881024176233,9.828533600000014,113,0.75,1,1000.0,0.55,0.01,200,0.5,0.2,90,150,20,False
data101.vrp,tabu,greedy,True,37,2623.244873647066,21,1725.3393636696537,16,897.9055099774123,34.22881024176233,9.547660500000006,113,0.75,1,1000.0,0.55,0.01,200,0.5,0.2,90,200,20,False
data101.vrp,tabu,greedy,True,37,2623.244873647066,23,1803.5348571061597,14,819.7100165409063,31.247941233990602,5.847489399999972,63,0.75,1,1000.0,0.55,0.01,200,0.5,0.2,90,300,10,False
data101.vrp,tabu,greedy,True,37,2623.244873647066,21,1725.3393636696537,16,897.9055099774123,34.22881024176233,9.529197899999986,113,0.75,1,1000.0,0.55,0.01,200,0.5,0.2,90,250,20,False
data101.vrp,tabu,greedy,True,37,2623.244873647066,23,1803.5348571061597,14,819.7100165409063,31.247941233990602,5.33296299999995,63,0.75,1,1000.0,0.55,0.01,200,0.5,0.2,90,350,10,False
data101.vrp,tabu,greedy,True,37,2623.244873647066,23,1803.5348571061597,14,819.7100165409063,31.247941233990602,5.642292500000053,63,0.75,1,1000.0,0.55,0.01,200,0.5,0.2,90,400,10,False
data101.vrp,tabu,greedy,True,37,2623.244873647066,21,1725.3393636696537,16,897.9055099774123,34.22881024176233,9.39988059999996,113,0.75,1,1000.0,0.55,0.01,200,0.5,0.2,90,300,20,False
data101.vrp,tabu,greedy,True,37,2623.244873647066,23,1803.5348571061597,14,819.7100165409063,31.247941233990602,5.748358099999905,63,0.75,1,1000.0,0.55,0.01,200,0.5,0.2,90,450,10,False
data101.vrp,tabu,greedy,True,37,2623.244873647066,21,1725.3393636696537,16,897.9055099774123,34.22881024176233,9.57660450000003,113,0.75,1,1000.0,0.55,0.01,200,0.5,0.2,90,350,20,False
data101.vrp,tabu,greedy,True,37,2623.244873647066,23,1803.5348571061597,14,819.7100165409063,31.247941233990602,5.896729900000082,63,0.75,1,1000.0,0.55,0.01,200,0.5,0.2,90,500,10,False
data101.vrp,tabu,greedy,True,37,2623.244873647066,21,1725.3393636696537,16,897.9055099774123,34.22881024176233,9.758416500000067,113,0.75,1,1000.0,0.55,0.01,200,0.5,0.2,90,400,20,False
data101.vrp,tabu,greedy,True,37,2623.244873647066,23,1803.5348571061597,14,819.7100165409063,31.247941233990602,5.47795700000006,63,0.75,1,1000.0,0.55,0.01,200,0.5,0.2,100,100,10,False
data101.vrp,tabu,greedy,True,37,2623.244873647066,21,1725.3393636696537,16,897.9055099774123,34.22881024176233,9.755776200000014,113,0.75,1,1000.0,0.55,0.01,200,0.5,0.2,90,450,20,False
data101.vrp,tabu,greedy,True,37,2623.244873647066,23,1803.5348571061597,14,819.7100165409063,31.247941233990602,5.576782099999946,63,0.75,1,1000.0,0.55,0.01,200,0.5,0.2,100,150,10,False
data101.vrp,tabu,greedy,True,37,2623.244873647066,21,1725.3393636696537,16,897.9055099774123,34.22881024176233,9.610016900000005,113,0.75,1,1000.0,0.55,0.01,200,0.5,0.2,90,500,20,False
data101.vrp,tabu,greedy,True,37,2623.244873647066,21,1725.3393636696537,16,897.9055099774123,34.22881024176233,8.730852500000083,101,0.75,1,1000.0,0.55,0.01,200,0.5,0.2,100,100,20,False
data101.vrp,tabu,greedy,True,37,2623.244873647066,23,1803.5348571061597,14,819.7100165409063,31.247941233990602,6.017522699999972,63,0.75,1,1000.0,0.55,0.01,200,0.5,0.2,100,200,10,False
data101.vrp,tabu,greedy,True,37,2623.244873647066,23,1803.5348571061597,14,819.7100165409063,31.247941233990602,5.633425999999986,63,0.75,1,1000.0,0.55,0.01,200,0.5,0.2,100,250,10,False
data101.vrp,tabu,greedy,True,37,2623.244873647066,21,1725.3393636696537,16,897.9055099774123,34.22881024176233,9.455607900000018,108,0.75,1,1000.0,0.55,0.01,200,0.5,0.2,100,150,20,False
data101.vrp,tabu,greedy,True,37,2623.244873647066,21,1725.3393636696537,16,897.9055099774123,34.22881024176233,8.985055999999986,108,0.75,1,1000.0,0.55,0.01,200,0.5,0.2,100,200,20,False
data101.vrp,tabu,greedy,True,37,2623.244873647066,23,1803.5348571061597,14,819.7100165409063,31.247941233990602,5.615001799999959,63,0.75,1,1000.0,0.55,0.01,200,0.5,0.2,100,300,10,False
data101.vrp,tabu,greedy,True,37,2623.244873647066,21,1725.3393636696537,16,897.9055099774123,34.22881024176233,9.097163300000034,108,0.75,1,1000.0,0.55,0.01,200,0.5,0.2,100,250,20,False
data101.vrp,tabu,greedy,True,37,2623.244873647066,23,1803.5348571061597,14,819.7100165409063,31.247941233990602,5.394088000000011,63,0.75,1,1000.0,0.55,0.01,200,0.5,0.2,100,350,10,False
data101.vrp,tabu,greedy,True,37,2623.244873647066,23,1803.5348571061597,14,819.7100165409063,31.247941233990602,5.778495800000087,63,0.75,1,1000.0,0.55,0.01,200,0.5,0.2,100,400,10,False
data101.vrp,tabu,greedy,True,37,2623.244873647066,21,1725.3393636696537,16,897.9055099774123,34.22881024176233,9.238372400000003,108,0.75,1,1000.0,0.55,0.01,200,0.5,0.2,100,300,20,False
data101.vrp,tabu,greedy,True,37,2623.244873647066,23,1803.5348571061597,14,819.7100165409063,31.247941233990602,5.892362899999966,63,0.75,1,1000.0,0.55,0.01,200,0.5,0.2,100,450,10,False
data101.vrp,tabu,greedy,True,37,2623.244873647066,21,1725.3393636696537,16,897.9055099774123,34.22881024176233,9.27792599999998,108,0.75,1,1000.0,0.55,0.01,200,0.5,0.2,100,350,20,False
data101.vrp,tabu,greedy,True,37,2623.244873647066,23,1803.5348571061597,14,819.7100165409063,31.247941233990602,5.303082399999994,63,0.75,1,1000.0,0.55,0.01,200,0.5,0.2,100,500,10,False
data101.vrp,tabu,greedy,True,37,2623.244873647066,21,1725.3393636696537,16,897.9055099774123,34.22881024176233,9.219591499999979,108,0.75,1,1000.0,0.55,0.01,200,0.5,0.2,100,400,20,False
data101.vrp,tabu,greedy,True,37,2623.244873647066,21,1725.3393636696537,16,897.9055099774123,34.22881024176233,8.606227499999932,108,0.75,1,1000.0,0.55,0.01,200,0.5,0.2,100,450,20,False
data101.vrp,tabu,greedy,True,37,2623.244873647066,21,1725.3393636696537,16,897.9055099774123,34.22881024176233,7.994349100000022,108,0.75,1,1000.0,0.55,0.01,200,0.5,0.2,100,500,20,False
data101.vrp,tabu,greedy,True,37,2623.244873647066,21,1677.9495332310337,16,945.2953404160323,36.03534500009523,10.651497100000029,161,0.75,1,1000.0,0.55,0.01,200,0.5,0.2,60,400,20,False
data101.vrp,tabu,random,True,73,4567.752626931998,21,1777.888848325393,52,2789.8637786066047,61.07738326627509,18.081032399999998,168,0.7,1,1000.0,0.55,0.01,200,0.5,0.2,50,300,30,False
data101.vrp,tabu,random,True,73,4567.752626931998,21,1777.888848325393,52,2789.8637786066047,61.07738326627509,18.1051006,168,0.8,1,1000.0,0.55,0.01,200,0.5,0.2,50,300,30,False
data101.vrp,tabu,random,True,73,4567.752626931998,21,1777.888848325393,52,2789.8637786066047,61.07738326627509,18.2178548,168,0.6,1,1000.0,0.55,0.01,200,0.5,0.2,50,300,30,False
data101.vrp,tabu,random,True,73,4567.752626931998,21,1777.888848325393,52,2789.8637786066047,61.07738326627509,18.389541899999998,168,0.5,1,1000.0,0.55,0.01,200,0.5,0.2,50,300,30,False
data101.vrp,tabu,random,True,73,4567.752626931998,21,1777.888848325393,52,2789.8637786066047,61.07738326627509,18.3777263,168,0.9,1,1000.0,0.55,0.01,200,0.5,0.2,50,300,30,False
data101.vrp,tabu,random,True,73,4567.752626931998,21,1777.888848325393,52,2789.8637786066047,61.07738326627509,18.5942387,168,1.0,1,1000.0,0.55,0.01,200,0.5,0.2,50,300,30,False
data101.vrp,tabu,random,True,73,4567.752626931998,21,1777.888848325393,52,2789.8637786066047,61.07738326627509,19.380404999999996,178,0.5,1,1000.0,0.55,0.01,200,0.5,0.2,50,300,40,False
data101.vrp,tabu,random,True,73,4567.752626931998,21,1777.888848325393,52,2789.8637786066047,61.07738326627509,19.576440399999996,178,0.6,1,1000.0,0.55,0.01,200,0.5,0.2,50,300,40,False
data101.vrp,tabu,random,True,73,4567.752626931998,21,1777.888848325393,52,2789.8637786066047,61.07738326627509,19.450099500000004,178,0.7,1,1000.0,0.55,0.01,200,0.5,0.2,50,300,40,False
data101.vrp,tabu,random,True,73,4567.752626931998,21,1777.888848325393,52,2789.8637786066047,61.07738326627509,19.4321394,178,0.8,1,1000.0,0.55,0.01,200,0.5,0.2,50,300,40,False
data101.vrp,tabu,random,True,73,4567.752626931998,21,1777.888848325393,52,2789.8637786066047,61.07738326627509,21.141959300000003,178,0.9,1,1000.0,0.55,0.01,200,0.5,0.2,50,300,40,False
data101.vrp,tabu,random,True,73,4567.752626931998,21,1777.888848325393,52,2789.8637786066047,61.07738326627509,21.484531099999998,178,1.0,1,1000.0,0.55,0.01,200,0.5,0.2,50,300,40,False
data101.vrp,tabu,random,True,73,4567.752626931998,21,1777.888848325393,52,2789.8637786066047,61.07738326627509,22.0451222,188,0.6,1,1000.0,0.55,0.01,200,0.5,0.2,50,300,50,False
data101.vrp,tabu,random,True,73,4567.752626931998,21,1777.888848325393,52,2789.8637786066047,61.07738326627509,22.3895974,188,0.5,1,1000.0,0.55,0.01,200,0.5,0.2,50,300,50,False
data101.vrp,tabu,random,True,73,4567.752626931998,21,1777.888848325393,52,2789.8637786066047,61.07738326627509,22.4702324,188,0.7,1,1000.0,0.55,0.01,200,0.5,0.2,50,300,50,False
data101.vrp,tabu,random,True,73,4567.752626931998,21,1777.888848325393,52,2789.8637786066047,61.07738326627509,21.32635090000001,188,0.8,1,1000.0,0.55,0.01,200,0.5,0.2,50,300,50,False
data101.vrp,tabu,random,True,73,4567.752626931998,21,1777.888848325393,52,2789.8637786066047,61.07738326627509,21.178066900000005,188,0.9,1,1000.0,0.55,0.01,200,0.5,0.2,50,300,50,False
data101.vrp,tabu,random,True,73,4567.752626931998,21,1777.888848325393,52,2789.8637786066047,61.07738326627509,21.216186299999997,188,1.0,1,1000.0,0.55,0.01,200,0.5,0.2,50,300,50,False
data101.vrp,tabu,random,True,73,4567.752626931998,21,1777.888848325393,52,2789.8637786066047,61.07738326627509,22.2520691,198,0.5,1,1000.0,0.55,0.01,200,0.5,0.2,50,300,60,False
data101.vrp,tabu,random,True,73,4567.752626931998,21,1777.888848325393,52,2789.8637786066047,61.07738326627509,22.381930700000005,198,0.6,1,1000.0,0.55,0.01,200,0.5,0.2,50,300,60,False
data101.vrp,tabu,random,True,73,4567.752626931998,21,1777.888848325393,52,2789.8637786066047,61.07738326627509,21.2284947,198,0.7,1,1000.0,0.55,0.01,200,0.5,0.2,50,300,60,False
data101.vrp,tabu,random,True,73,4567.752626931998,21,1777.888848325393,52,2789.8637786066047,61.07738326627509,21.129971499999996,198,0.8,1,1000.0,0.55,0.01,200,0.5,0.2,50,300,60,False
data101.vrp,tabu,random,True,73,4567.752626931998,21,1777.888848325393,52,2789.8637786066047,61.07738326627509,20.94576380000001,198,0.9,1,1000.0,0.55,0.01,200,0.5,0.2,50,300,60,False
data101.vrp,tabu,random,True,73,4567.752626931998,21,1777.888848325393,52,2789.8637786066047,61.07738326627509,20.65292939999999,198,1.0,1,1000.0,0.55,0.01,200,0.5,0.2,50,300,60,False
data101.vrp,tabu,random,True,73,4567.752626931998,21,1777.888848325393,52,2789.8637786066047,61.07738326627509,21.785101499999996,208,0.5,1,1000.0,0.55,0.01,200,0.5,0.2,50,300,70,False
data101.vrp,tabu,random,True,73,4567.752626931998,21,1777.888848325393,52,2789.8637786066047,61.07738326627509,21.4839513,208,0.6,1,1000.0,0.55,0.01,200,0.5,0.2,50,300,70,False
data101.vrp,tabu,random,True,73,4567.752626931998,21,1777.888848325393,52,2789.8637786066047,61.07738326627509,21.61158259999999,208,0.7,1,1000.0,0.55,0.01,200,0.5,0.2,50,300,70,False
data101.vrp,tabu,random,True,73,4567.752626931998,21,1777.888848325393,52,2789.8637786066047,61.07738326627509,22.044955099999996,208,0.8,1,1000.0,0.55,0.01,200,0.5,0.2,50,300,70,False
data101.vrp,tabu,random,True,73,4567.752626931998,21,1777.888848325393,52,2789.8637786066047,61.07738326627509,21.7330307,208,0.9,1,1000.0,0.55,0.01,200,0.5,0.2,50,300,70,False
data101.vrp,tabu,random,True,73,4567.752626931998,21,1777.888848325393,52,2789.8637786066047,61.07738326627509,21.8541319,208,1.0,1,1000.0,0.55,0.01,200,0.5,0.2,50,300,70,False
data101.vrp,tabu,random,True,73,4567.752626931998,21,1777.888848325393,52,2789.8637786066047,61.07738326627509,23.540083399999986,218,0.5,1,1000.0,0.55,0.01,200,0.5,0.2,50,300,80,False
data101.vrp,tabu,random,True,73,4567.752626931998,21,1777.888848325393,52,2789.8637786066047,61.07738326627509,23.583763000000005,218,0.6,1,1000.0,0.55,0.01,200,0.5,0.2,50,300,80,False
data101.vrp,tabu,random,True,73,4567.752626931998,21,1777.888848325393,52,2789.8637786066047,61.07738326627509,23.8976423,218,0.7,1,1000.0,0.55,0.01,200,0.5,0.2,50,300,80,False
data101.vrp,tabu,random,True,73,4567.752626931998,21,1777.888848325393,52,2789.8637786066047,61.07738326627509,23.60891199999999,218,0.8,1,1000.0,0.55,0.01,200,0.5,0.2,50,300,80,False
data101.vrp,tabu,random,True,73,4567.752626931998,21,1777.888848325393,52,2789.8637786066047,61.07738326627509,23.633066100000008,218,0.9,1,1000.0,0.55,0.01,200,0.5,0.2,50,300,80,False
data101.vrp,tabu,random,True,73,4567.752626931998,21,1777.888848325393,52,2789.8637786066047,61.07738326627509,22.8690771,218,1.0,1,1000.0,0.55,0.01,200,0.5,0.2,50,300,80,False
data101.vrp,tabu,random,True,73,4567.752626931998,21,1717.5206054230657,52,2850.232021508932,62.39900130982651,29.668011699999994,301,0.5,1,1000.0,0.55,0.01,200,0.5,0.2,50,300,90,False
data101.vrp,tabu,random,True,73,4567.752626931998,21,1717.5206054230657,52,2850.232021508932,62.39900130982651,29.485901100000007,301,0.6,1,1000.0,0.55,0.01,200,0.5,0.2,50,300,90,False
data101.vrp,tabu,random,True,73,4567.752626931998,21,1717.5206054230657,52,2850.232021508932,62.39900130982651,29.412461300000018,301,0.7,1,1000.0,0.55,0.01,200,0.5,0.2,50,300,90,False
data101.vrp,tabu,random,True,73,4567.752626931998,21,1717.5206054230657,52,2850.232021508932,62.39900130982651,29.887778999999995,301,0.8,1,1000.0,0.55,0.01,200,0.5,0.2,50,300,90,False
data101.vrp,tabu,random,True,73,4567.752626931998,21,1717.5206054230657,52,2850.232021508932,62.39900130982651,29.496542999999974,301,0.9,1,1000.0,0.55,0.01,200,0.5,0.2,50,300,90,False
data101.vrp,tabu,random,True,73,4567.752626931998,21,1717.5206054230657,52,2850.232021508932,62.39900130982651,29.176342000000005,301,1.0,1,1000.0,0.55,0.01,200,0.5,0.2,50,300,90,False
data101.vrp,tabu,random,True,73,4567.752626931998,21,1717.5206054230657,52,2850.232021508932,62.39900130982651,29.20419899999999,301,0.5,1,1000.0,0.55,0.01,200,0.5,0.2,50,300,100,False
data101.vrp,tabu,random,True,73,4567.752626931998,21,1717.5206054230657,52,2850.232021508932,62.39900130982651,29.039010500000018,301,0.6,1,1000.0,0.55,0.01,200,0.5,0.2,50,300,100,False
data101.vrp,tabu,random,True,73,4567.752626931998,21,1717.5206054230657,52,2850.232021508932,62.39900130982651,29.44867240000002,301,0.7,1,1000.0,0.55,0.01,200,0.5,0.2,50,300,100,False
data101.vrp,tabu,random,True,73,4567.752626931998,21,1777.888848325393,52,2789.8637786066047,61.07738326627509,19.333931500000006,168,0.5,1,1000.0,0.55,0.01,200,0.5,0.2,50,350,30,False
data101.vrp,tabu,random,True,73,4567.752626931998,21,1717.5206054230657,52,2850.232021508932,62.39900130982651,28.541934999999995,301,0.8,1,1000.0,0.55,0.01,200,0.5,0.2,50,300,100,False
data101.vrp,tabu,random,True,73,4567.752626931998,21,1777.888848325393,52,2789.8637786066047,61.07738326627509,19.09222109999999,168,0.6,1,1000.0,0.55,0.01,200,0.5,0.2,50,350,30,False
data101.vrp,tabu,random,True,73,4567.752626931998,21,1717.5206054230657,52,2850.232021508932,62.39900130982651,29.18973349999999,301,0.9,1,1000.0,0.55,0.01,200,0.5,0.2,50,300,100,False
data101.vrp,tabu,random,True,73,4567.752626931998,21,1717.5206054230657,52,2850.232021508932,62.39900130982651,29.052116400000017,301,1.0,1,1000.0,0.55,0.01,200,0.5,0.2,50,300,100,False
data101.vrp,tabu,random,True,73,4567.752626931998,21,1777.888848325393,52,2789.8637786066047,61.07738326627509,19.268776000000003,168,0.7,1,1000.0,0.55,0.01,200,0.5,0.2,50,350,30,False
data101.vrp,tabu,random,True,73,4567.752626931998,21,1777.888848325393,52,2789.8637786066047,61.07738326627509,19.223296500000004,168,0.8,1,1000.0,0.55,0.01,200,0.5,0.2,50,350,30,False
data101.vrp,tabu,random,True,73,4567.752626931998,21,1777.888848325393,52,2789.8637786066047,61.07738326627509,19.42863110000002,168,0.9,1,1000.0,0.55,0.01,200,0.5,0.2,50,350,30,False
data101.vrp,tabu,random,True,73,4567.752626931998,21,1777.888848325393,52,2789.8637786066047,61.07738326627509,19.265903199999997,168,1.0,1,1000.0,0.55,0.01,200,0.5,0.2,50,350,30,False
data101.vrp,tabu,random,True,73,4567.752626931998,21,1777.888848325393,52,2789.8637786066047,61.07738326627509,19.962239799999992,178,0.5,1,1000.0,0.55,0.01,200,0.5,0.2,50,350,40,False
data101.vrp,tabu,random,True,73,4567.752626931998,21,1777.888848325393,52,2789.8637786066047,61.07738326627509,19.344053599999995,178,0.6,1,1000.0,0.55,0.01,200,0.5,0.2,50,350,40,False
data101.vrp,tabu,random,True,73,4567.752626931998,21,1777.888848325393,52,2789.8637786066047,61.07738326627509,19.435909100000003,178,0.7,1,1000.0,0.55,0.01,200,0.5,0.2,50,350,40,False
data101.vrp,tabu,random,True,73,4567.752626931998,21,1777.888848325393,52,2789.8637786066047,61.07738326627509,19.921685800000034,178,0.8,1,1000.0,0.55,0.01,200,0.5,0.2,50,350,40,False
data101.vrp,tabu,random,True,73,4567.752626931998,21,1777.888848325393,52,2789.8637786066047,61.07738326627509,19.971017699999976,178,0.9,1,1000.0,0.55,0.01,200,0.5,0.2,50,350,40,False
data101.vrp,tabu,random,True,73,4567.752626931998,21,1777.888848325393,52,2789.8637786066047,61.07738326627509,19.67757039999998,178,1.0,1,1000.0,0.55,0.01,200,0.5,0.2,50,350,40,False
data101.vrp,tabu,random,True,73,4567.752626931998,21,1777.888848325393,52,2789.8637786066047,61.07738326627509,20.29071909999999,188,0.6,1,1000.0,0.55,0.01,200,0.5,0.2,50,350,50,False
data101.vrp,tabu,random,True,73,4567.752626931998,21,1777.888848325393,52,2789.8637786066047,61.07738326627509,20.854621699999996,188,0.5,1,1000.0,0.55,0.01,200,0.5,0.2,50,350,50,False
data101.vrp,tabu,random,True,73,4567.752626931998,21,1777.888848325393,52,2789.8637786066047,61.07738326627509,20.833518200000015,188,0.7,1,1000.0,0.55,0.01,200,0.5,0.2,50,350,50,False
data101.vrp,tabu,random,True,73,4567.752626931998,21,1777.888848325393,52,2789.8637786066047,61.07738326627509,21.668478200000038,188,0.8,1,1000.0,0.55,0.01,200,0.5,0.2,50,350,50,False
data101.vrp,tabu,random,True,73,4567.752626931998,21,1777.888848325393,52,2789.8637786066047,61.07738326627509,21.888057300000014,188,0.9,1,1000.0,0.55,0.01,200,0.5,0.2,50,350,50,False
data101.vrp,tabu,random,True,73,4567.752626931998,21,1777.888848325393,52,2789.8637786066047,61.07738326627509,21.6505545,188,1.0,1,1000.0,0.55,0.01,200,0.5,0.2,50,350,50,False
data101.vrp,tabu,random,True,73,4567.752626931998,21,1777.888848325393,52,2789.8637786066047,61.07738326627509,22.73862489999999,198,0.5,1,1000.0,0.55,0.01,200,0.5,0.2,50,350,60,False
data101.vrp,tabu,random,True,73,4567.752626931998,21,1777.888848325393,52,2789.8637786066047,61.07738326627509,22.856985500000008,198,0.6,1,1000.0,0.55,0.01,200,0.5,0.2,50,350,60,False
data101.vrp,tabu,random,True,73,4567.752626931998,21,1777.888848325393,52,2789.8637786066047,61.07738326627509,21.75347350000004,198,0.7,1,1000.0,0.55,0.01,200,0.5,0.2,50,350,60,False
data101.vrp,tabu,random,True,73,4567.752626931998,21,1777.888848325393,52,2789.8637786066047,61.07738326627509,21.76437900000002,198,0.8,1,1000.0,0.55,0.01,200,0.5,0.2,50,350,60,False
data101.vrp,tabu,random,True,73,4567.752626931998,21,1777.888848325393,52,2789.8637786066047,61.07738326627509,21.25310010000004,198,0.9,1,1000.0,0.55,0.01,200,0.5,0.2,50,350,60,False
data101.vrp,tabu,random,True,73,4567.752626931998,21,1777.888848325393,52,2789.8637786066047,61.07738326627509,21.333981400000027,198,1.0,1,1000.0,0.55,0.01,200,0.5,0.2,50,350,60,False
data101.vrp,tabu,random,True,73,4567.752626931998,21,1777.888848325393,52,2789.8637786066047,61.07738326627509,22.295785000000024,208,0.5,1,1000.0,0.55,0.01,200,0.5,0.2,50,350,70,False
data101.vrp,tabu,random,True,73,4567.752626931998,21,1777.888848325393,52,2789.8637786066047,61.07738326627509,22.463872000000038,208,0.6,1,1000.0,0.55,0.01,200,0.5,0.2,50,350,70,False
data101.vrp,tabu,random,True,73,4567.752626931998,21,1777.888848325393,52,2789.8637786066047,61.07738326627509,22.487797099999966,208,0.7,1,1000.0,0.55,0.01,200,0.5,0.2,50,350,70,False
data101.vrp,tabu,random,True,73,4567.752626931998,21,1777.888848325393,52,2789.8637786066047,61.07738326627509,21.842801299999962,208,0.8,1,1000.0,0.55,0.01,200,0.5,0.2,50,350,70,False
data101.vrp,tabu,random,True,73,4567.752626931998,21,1777.888848325393,52,2789.8637786066047,61.07738326627509,21.88449750000001,208,0.9,1,1000.0,0.55,0.01,200,0.5,0.2,50,350,70,False
data101.vrp,tabu,random,True,73,4567.752626931998,21,1777.888848325393,52,2789.8637786066047,61.07738326627509,22.595196399999963,208,1.0,1,1000.0,0.55,0.01,200,0.5,0.2,50,350,70,False
data101.vrp,tabu,random,True,73,4567.752626931998,21,1777.888848325393,52,2789.8637786066047,61.07738326627509,22.747564900000043,218,0.5,1,1000.0,0.55,0.01,200,0.5,0.2,50,350,80,False
data101.vrp,tabu,random,True,73,4567.752626931998,21,1777.888848325393,52,2789.8637786066047,61.07738326627509,22.95750879999997,218,0.6,1,1000.0,0.55,0.01,200,0.5,0.2,50,350,80,False
data101.vrp,tabu,random,True,73,4567.752626931998,21,1777.888848325393,52,2789.8637786066047,61.07738326627509,22.79544870000001,218,0.7,1,1000.0,0.55,0.01,200,0.5,0.2,50,350,80,False
data101.vrp,tabu,random,True,73,4567.752626931998,21,1777.888848325393,52,2789.8637786066047,61.07738326627509,22.22765579999998,218,0.8,1,1000.0,0.55,0.01,200,0.5,0.2,50,350,80,False
data101.vrp,tabu,random,True,73,4567.752626931998,21,1777.888848325393,52,2789.8637786066047,61.07738326627509,22.917970799999978,218,0.9,1,1000.0,0.55,0.01,200,0.5,0.2,50,350,80,False
data101.vrp,tabu,random,True,73,4567.752626931998,21,1777.888848325393,52,2789.8637786066047,61.07738326627509,23.29311560000002,218,1.0,1,1000.0,0.55,0.01,200,0.5,0.2,50,350,80,False
data101.vrp,tabu,random,True,73,4567.752626931998,21,1717.5206054230657,52,2850.232021508932,62.39900130982651,31.924737700000037,340,0.5,1,1000.0,0.55,0.01,200,0.5,0.2,50,350,90,False
data101.vrp,tabu,random,True,73,4567.752626931998,21,1717.5206054230657,52,2850.232021508932,62.39900130982651,32.10680080000003,340,0.6,1,1000.0,0.55,0.01,200,0.5,0.2,50,350,90,False
data101.vrp,tabu,random,True,73,4567.752626931998,21,1717.5206054230657,52,2850.232021508932,62.39900130982651,32.061491000000046,340,0.7,1,1000.0,0.55,0.01,200,0.5,0.2,50,350,90,False
data101.vrp,tabu,random,True,73,4567.752626931998,21,1717.5206054230657,52,2850.232021508932,62.39900130982651,32.270001699999966,340,0.8,1,1000.0,0.55,0.01,200,0.5,0.2,50,350,90,False
data101.vrp,tabu,random,True,73,4567.752626931998,21,1717.5206054230657,52,2850.232021508932,62.39900130982651,31.579134799999963,340,0.9,1,1000.0,0.55,0.01,200,0.5,0.2,50,350,90,False
data101.vrp,tabu,random,True,73,4567.752626931998,21,1717.5206054230657,52,2850.232021508932,62.39900130982651,31.159844399999997,340,1.0,1,1000.0,0.55,0.01,200,0.5,0.2,50,350,90,False
data101.vrp,tabu,random,True,73,4567.752626931998,21,1717.5206054230657,52,2850.232021508932,62.39900130982651,31.58533460000001,350,0.5,1,1000.0,0.55,0.01,200,0.5,0.2,50,350,100,False
data101.vrp,tabu,random,True,73,4567.752626931998,21,1717.5206054230657,52,2850.232021508932,62.39900130982651,31.895392800000025,350,0.6,1,1000.0,0.55,0.01,200,0.5,0.2,50,350,100,False
data101.vrp,tabu,random,True,73,4567.752626931998,21,1717.5206054230657,52,2850.232021508932,62.39900130982651,31.873591900000008,350,0.7,1,1000.0,0.55,0.01,200,0.5,0.2,50,350,100,False
data101.vrp,tabu,random,True,73,4567.752626931998,21,1717.5206054230657,52,2850.232021508932,62.39900130982651,31.521959200000026,350,0.8,1,1000.0,0.55,0.01,200,0.5,0.2,50,350,100,False
data101.vrp,tabu,random,True,73,4567.752626931998,21,1777.888848325393,52,2789.8637786066047,61.07738326627509,19.056099899999992,168,0.5,1,1000.0,0.55,0.01,200,0.5,0.2,50,400,30,False
data101.vrp,tabu,random,True,73,4567.752626931998,21,1717.5206054230657,52,2850.232021508932,62.39900130982651,31.996849399999974,350,0.9,1,1000.0,0.55,0.01,200,0.5,0.2,50,350,100,False
data101.vrp,tabu,random,True,73,4567.752626931998,21,1777.888848325393,52,2789.8637786066047,61.07738326627509,19.205006200000014,168,0.6,1,1000.0,0.55,0.01,200,0.5,0.2,50,400,30,False
data101.vrp,tabu,random,True,73,4567.752626931998,21,1777.888848325393,52,2789.8637786066047,61.07738326627509,19.070433699999967,168,0.7,1,1000.0,0.55,0.01,200,0.5,0.2,50,400,30,False
data101.vrp,tabu,random,True,73,4567.752626931998,21,1717.5206054230657,52,2850.232021508932,62.39900130982651,32.65809810000002,350,1.0,1,1000.0,0.55,0.01,200,0.5,0.2,50,350,100,False
data101.vrp,tabu,random,True,73,4567.752626931998,21,1777.888848325393,52,2789.8637786066047,61.07738326627509,19.486715599999968,168,0.8,1,1000.0,0.55,0.01,200,0.5,0.2,50,400,30,False
data101.vrp,tabu,random,True,73,4567.752626931998,21,1777.888848325393,52,2789.8637786066047,61.07738326627509,19.396819600000015,168,0.9,1,1000.0,0.55,0.01,200,0.5,0.2,50,400,30,False
data101.vrp,tabu,random,True,73,4567.752626931998,21,1777.888848325393,52,2789.8637786066047,61.07738326627509,20.02614970000002,168,1.0,1,1000.0,0.55,0.01,200,0.5,0.2,50,400,30,False
data101.vrp,tabu,random,True,73,4567.752626931998,21,1777.888848325393,52,2789.8637786066047,61.07738326627509,20.13588329999999,178,0.5,1,1000.0,0.55,0.01,200,0.5,0.2,50,400,40,False
data101.vrp,tabu,random,True,73,4567.752626931998,21,1777.888848325393,52,2789.8637786066047,61.07738326627509,20.3251492,178,0.6,1,1000.0,0.55,0.01,200,0.5,0.2,50,400,40,False
data101.vrp,tabu,random,True,73,4567.752626931998,21,1777.888848325393,52,2789.8637786066047,61.07738326627509,20.11390640000002,178,0.7,1,1000.0,0.55,0.01,200,0.5,0.2,50,400,40,False
data101.vrp,tabu,random,True,73,4567.752626931998,21,1777.888848325393,52,2789.8637786066047,61.07738326627509,20.1027699,178,0.8,1,1000.0,0.55,0.01,200,0.5,0.2,50,400,40,False
data101.vrp,tabu,random,True,73,4567.752626931998,21,1777.888848325393,52,2789.8637786066047,61.07738326627509,20.054552699999988,178,0.9,1,1000.0,0.55,0.01,200,0.5,0.2,50,400,40,False
data101.vrp,tabu,random,True,73,4567.752626931998,21,1777.888848325393,52,2789.8637786066047,61.07738326627509,20.07443310000002,178,1.0,1,1000.0,0.55,0.01,200,0.5,0.2,50,400,40,False
data101.vrp,tabu,random,True,73,4567.752626931998,21,1777.888848325393,52,2789.8637786066047,61.07738326627509,20.774176699999998,188,0.5,1,1000.0,0.55,0.01,200,0.5,0.2,50,400,50,False
data101.vrp,tabu,random,True,73,4567.752626931998,21,1777.888848325393,52,2789.8637786066047,61.07738326627509,21.161203999999998,188,0.6,1,1000.0,0.55,0.01,200,0.5,0.2,50,400,50,False
data101.vrp,tabu,random,True,73,4567.752626931998,21,1777.888848325393,52,2789.8637786066047,61.07738326627509,21.25029710000001,188,0.7,1,1000.0,0.55,0.01,200,0.5,0.2,50,400,50,False
data101.vrp,tabu,random,True,73,4567.752626931998,21,1777.888848325393,52,2789.8637786066047,61.07738326627509,21.407933300000025,188,0.8,1,1000.0,0.55,0.01,200,0.5,0.2,50,400,50,False
data101.vrp,tabu,random,True,73,4567.752626931998,21,1777.888848325393,52,2789.8637786066047,61.07738326627509,20.908129299999985,188,0.9,1,1000.0,0.55,0.01,200,0.5,0.2,50,400,50,False
data101.vrp,tabu,random,True,73,4567.752626931998,21,1777.888848325393,52,2789.8637786066047,61.07738326627509,21.031634499999996,188,1.0,1,1000.0,0.55,0.01,200,0.5,0.2,50,400,50,False
data101.vrp,tabu,random,True,73,4567.752626931998,21,1777.888848325393,52,2789.8637786066047,61.07738326627509,21.944314200000008,198,0.5,1,1000.0,0.55,0.01,200,0.5,0.2,50,400,60,False
data101.vrp,tabu,random,True,73,4567.752626931998,21,1777.888848325393,52,2789.8637786066047,61.07738326627509,21.934168999999997,198,0.6,1,1000.0,0.55,0.01,200,0.5,0.2,50,400,60,False
data101.vrp,tabu,random,True,73,4567.752626931998,21,1777.888848325393,52,2789.8637786066047,61.07738326627509,22.34227629999998,198,0.7,1,1000.0,0.55,0.01,200,0.5,0.2,50,400,60,False
data101.vrp,tabu,random,True,73,4567.752626931998,21,1777.888848325393,52,2789.8637786066047,61.07738326627509,22.40764790000003,198,0.8,1,1000.0,0.55,0.01,200,0.5,0.2,50,400,60,False
data101.vrp,tabu,random,True,73,4567.752626931998,21,1777.888848325393,52,2789.8637786066047,61.07738326627509,22.20186460000002,198,0.9,1,1000.0,0.55,0.01,200,0.5,0.2,50,400,60,False
data101.vrp,tabu,random,True,73,4567.752626931998,21,1777.888848325393,52,2789.8637786066047,61.07738326627509,21.839544500000102,198,1.0,1,1000.0,0.55,0.01,200,0.5,0.2,50,400,60,False
data101.vrp,tabu,random,True,73,4567.752626931998,21,1777.888848325393,52,2789.8637786066047,61.07738326627509,22.42507009999997,208,0.5,1,1000.0,0.55,0.01,200,0.5,0.2,50,400,70,False
data101.vrp,tabu,random,True,73,4567.752626931998,21,1777.888848325393,52,2789.8637786066047,61.07738326627509,22.854431800000043,208,0.6,1,1000.0,0.55,0.01,200,0.5,0.2,50,400,70,False
data101.vrp,tabu,random,True,73,4567.752626931998,21,1777.888848325393,52,2789.8637786066047,61.07738326627509,23.25035390000005,208,0.7,1,1000.0,0.55,0.01,200,0.5,0.2,50,400,70,False
data101.vrp,tabu,random,True,73,4567.752626931998,21,1777.888848325393,52,2789.8637786066047,61.07738326627509,23.31148189999999,208,0.8,1,1000.0,0.55,0.01,200,0.5,0.2,50,400,70,False
data101.vrp,tabu,random,True,73,4567.752626931998,21,1777.888848325393,52,2789.8637786066047,61.07738326627509,24.04917820000003,208,0.9,1,1000.0,0.55,0.01,200,0.5,0.2,50,400,70,False
data101.vrp,tabu,random,True,73,4567.752626931998,21,1777.888848325393,52,2789.8637786066047,61.07738326627509,23.57094189999998,208,1.0,1,1000.0,0.55,0.01,200,0.5,0.2,50,400,70,False
data101.vrp,tabu,random,True,73,4567.752626931998,21,1777.888848325393,52,2789.8637786066047,61.07738326627509,24.717380599999956,218,0.5,1,1000.0,0.55,0.01,200,0.5,0.2,50,400,80,False
data101.vrp,tabu,random,True,73,4567.752626931998,21,1777.888848325393,52,2789.8637786066047,61.07738326627509,24.533337899999992,218,0.6,1,1000.0,0.55,0.01,200,0.5,0.2,50,400,80,False
data101.vrp,tabu,random,True,73,4567.752626931998,21,1777.888848325393,52,2789.8637786066047,61.07738326627509,23.9233028000001,218,0.7,1,1000.0,0.55,0.01,200,0.5,0.2,50,400,80,False
data101.vrp,tabu,random,True,73,4567.752626931998,21,1777.888848325393,52,2789.8637786066047,61.07738326627509,23.513426200000026,218,0.8,1,1000.0,0.55,0.01,200,0.5,0.2,50,400,80,False
data101.vrp,tabu,random,True,73,4567.752626931998,21,1777.888848325393,52,2789.8637786066047,61.07738326627509,23.111767699999973,218,0.9,1,1000.0,0.55,0.01,200,0.5,0.2,50,400,80,False
data101.vrp,tabu,random,True,73,4567.752626931998,21,1777.888848325393,52,2789.8637786066047,61.07738326627509,23.48379659999989,218,1.0,1,1000.0,0.55,0.01,200,0.5,0.2,50,400,80,False
data101.vrp,tabu,random,True,73,4567.752626931998,21,1717.5206054230657,52,2850.232021508932,62.39900130982651,31.572517699999935,340,0.5,1,1000.0,0.55,0.01,200,0.5,0.2,50,400,90,False
data101.vrp,tabu,random,True,73,4567.752626931998,21,1717.5206054230657,52,2850.232021508932,62.39900130982651,31.38567790000002,340,0.6,1,1000.0,0.55,0.01,200,0.5,0.2,50,400,90,False
data101.vrp,tabu,random,True,73,4567.752626931998,21,1717.5206054230657,52,2850.232021508932,62.39900130982651,31.430633599999965,340,0.7,1,1000.0,0.55,0.01,200,0.5,0.2,50,400,90,False
data101.vrp,tabu,random,True,73,4567.752626931998,21,1717.5206054230657,52,2850.232021508932,62.39900130982651,31.886597900000083,340,0.8,1,1000.0,0.55,0.01,200,0.5,0.2,50,400,90,False
data101.vrp,tabu,random,True,73,4567.752626931998,21,1717.5206054230657,52,2850.232021508932,62.39900130982651,31.28855090000002,340,0.9,1,1000.0,0.55,0.01,200,0.5,0.2,50,400,90,False
data101.vrp,tabu,random,True,73,4567.752626931998,21,1717.5206054230657,52,2850.232021508932,62.39900130982651,32.24387150000007,340,1.0,1,1000.0,0.55,0.01,200,0.5,0.2,50,400,90,False
data101.vrp,tabu,random,True,73,4567.752626931998,21,1717.5206054230657,52,2850.232021508932,62.39900130982651,33.35701280000001,350,0.5,1,1000.0,0.55,0.01,200,0.5,0.2,50,400,100,False
data101.vrp,tabu,random,True,73,4567.752626931998,21,1717.5206054230657,52,2850.232021508932,62.39900130982651,33.12887509999996,350,0.6,1,1000.0,0.55,0.01,200,0.5,0.2,50,400,100,False
data101.vrp,tabu,random,True,73,4567.752626931998,21,1717.5206054230657,52,2850.232021508932,62.39900130982651,33.37620909999998,350,0.7,1,1000.0,0.55,0.01,200,0.5,0.2,50,400,100,False
data101.vrp,tabu,random,True,73,4567.752626931998,21,1717.5206054230657,52,2850.232021508932,62.39900130982651,33.346351700000014,350,0.8,1,1000.0,0.55,0.01,200,0.5,0.2,50,400,100,False
data101.vrp,tabu,random,True,73,4567.752626931998,21,1777.888848325393,52,2789.8637786066047,61.07738326627509,19.164814999999976,168,0.5,1,1000.0,0.55,0.01,200,0.5,0.2,50,450,30,False
data101.vrp,tabu,random,True,73,4567.752626931998,21,1717.5206054230657,52,2850.232021508932,62.39900130982651,33.10416329999998,350,0.9,1,1000.0,0.55,0.01,200,0.5,0.2,50,400,100,False
data101.vrp,tabu,random,True,73,4567.752626931998,21,1777.888848325393,52,2789.8637786066047,61.07738326627509,19.64824060000001,168,0.6,1,1000.0,0.55,0.01,200,0.5,0.2,50,450,30,False
data101.vrp,tabu,random,True,73,4567.752626931998,21,1717.5206054230657,52,2850.232021508932,62.39900130982651,32.41026690000001,350,1.0,1,1000.0,0.55,0.01,200,0.5,0.2,50,400,100,False
data101.vrp,tabu,random,True,73,4567.752626931998,21,1777.888848325393,52,2789.8637786066047,61.07738326627509,19.652550500000075,168,0.7,1,1000.0,0.55,0.01,200,0.5,0.2,50,450,30,False
data101.vrp,tabu,random,True,73,4567.752626931998,21,1777.888848325393,52,2789.8637786066047,61.07738326627509,19.48380259999999,168,0.8,1,1000.0,0.55,0.01,200,0.5,0.2,50,450,30,False
data101.vrp,tabu,random,True,73,4567.752626931998,21,1777.888848325393,52,2789.8637786066047,61.07738326627509,19.216772099999957,168,0.9,1,1000.0,0.55,0.01,200,0.5,0.2,50,450,30,False
data101.vrp,tabu,random,True,73,4567.752626931998,21,1777.888848325393,52,2789.8637786066047,61.07738326627509,19.5436823,168,1.0,1,1000.0,0.55,0.01,200,0.5,0.2,50,450,30,False
data101.vrp,tabu,random,True,73,4567.752626931998,21,1777.888848325393,52,2789.8637786066047,61.07738326627509,19.853347100000065,178,0.5,1,1000.0,0.55,0.01,200,0.5,0.2,50,450,40,False
data101.vrp,tabu,random,True,73,4567.752626931998,21,1777.888848325393,52,2789.8637786066047,61.07738326627509,20.415049599999975,178,0.6,1,1000.0,0.55,0.01,200,0.5,0.2,50,450,40,False
data101.vrp,tabu,random,True,73,4567.752626931998,21,1777.888848325393,52,2789.8637786066047,61.07738326627509,20.180030200000033,178,0.7,1,1000.0,0.55,0.01,200,0.5,0.2,50,450,40,False
data101.vrp,tabu,random,True,73,4567.752626931998,21,1777.888848325393,52,2789.8637786066047,61.07738326627509,20.351193700000067,178,0.8,1,1000.0,0.55,0.01,200,0.5,0.2,50,450,40,False
data101.vrp,tabu,random,True,73,4567.752626931998,21,1777.888848325393,52,2789.8637786066047,61.07738326627509,20.241237599999977,178,0.9,1,1000.0,0.55,0.01,200,0.5,0.2,50,450,40,False
data101.vrp,tabu,random,True,73,4567.752626931998,21,1777.888848325393,52,2789.8637786066047,61.07738326627509,20.05176199999994,178,1.0,1,1000.0,0.55,0.01,200,0.5,0.2,50,450,40,False
data101.vrp,tabu,random,True,73,4567.752626931998,21,1777.888848325393,52,2789.8637786066047,61.07738326627509,20.873671700000045,188,0.5,1,1000.0,0.55,0.01,200,0.5,0.2,50,450,50,False
data101.vrp,tabu,random,True,73,4567.752626931998,21,1777.888848325393,52,2789.8637786066047,61.07738326627509,20.749440899999968,188,0.6,1,1000.0,0.55,0.01,200,0.5,0.2,50,450,50,False
data101.vrp,tabu,random,True,73,4567.752626931998,21,1777.888848325393,52,2789.8637786066047,61.07738326627509,20.784710800000084,188,0.7,1,1000.0,0.55,0.01,200,0.5,0.2,50,450,50,False
data101.vrp,tabu,random,True,73,4567.752626931998,21,1777.888848325393,52,2789.8637786066047,61.07738326627509,20.55042709999998,188,0.8,1,1000.0,0.55,0.01,200,0.5,0.2,50,450,50,False
data101.vrp,tabu,random,True,73,4567.752626931998,21,1777.888848325393,52,2789.8637786066047,61.07738326627509,20.594968300000005,188,0.9,1,1000.0,0.55,0.01,200,0.5,0.2,50,450,50,False
data101.vrp,tabu,random,True,73,4567.752626931998,21,1777.888848325393,52,2789.8637786066047,61.07738326627509,20.45825430000002,188,1.0,1,1000.0,0.55,0.01,200,0.5,0.2,50,450,50,False
data101.vrp,tabu,random,True,73,4567.752626931998,21,1777.888848325393,52,2789.8637786066047,61.07738326627509,21.523389400000042,198,0.5,1,1000.0,0.55,0.01,200,0.5,0.2,50,450,60,False
data101.vrp,tabu,random,True,73,4567.752626931998,21,1777.888848325393,52,2789.8637786066047,61.07738326627509,21.28958160000002,198,0.7,1,1000.0,0.55,0.01,200,0.5,0.2,50,450,60,False
data101.vrp,tabu,random,True,73,4567.752626931998,21,1777.888848325393,52,2789.8637786066047,61.07738326627509,21.559447500000033,198,0.6,1,1000.0,0.55,0.01,200,0.5,0.2,50,450,60,False
data101.vrp,tabu,random,True,73,4567.752626931998,21,1777.888848325393,52,2789.8637786066047,61.07738326627509,21.683832800000005,198,0.8,1,1000.0,0.55,0.01,200,0.5,0.2,50,450,60,False
data101.vrp,tabu,random,True,73,4567.752626931998,21,1777.888848325393,52,2789.8637786066047,61.07738326627509,21.45204030000002,198,0.9,1,1000.0,0.55,0.01,200,0.5,0.2,50,450,60,False
data101.vrp,tabu,random,True,73,4567.752626931998,21,1777.888848325393,52,2789.8637786066047,61.07738326627509,21.369472000000087,198,1.0,1,1000.0,0.55,0.01,200,0.5,0.2,50,450,60,False
data101.vrp,tabu,random,True,73,4567.752626931998,21,1777.888848325393,52,2789.8637786066047,61.07738326627509,22.03786130000003,208,0.6,1,1000.0,0.55,0.01,200,0.5,0.2,50,450,70,False
data101.vrp,tabu,random,True,73,4567.752626931998,21,1777.888848325393,52,2789.8637786066047,61.07738326627509,22.255594100000053,208,0.5,1,1000.0,0.55,0.01,200,0.5,0.2,50,450,70,False
data101.vrp,tabu,random,True,73,4567.752626931998,21,1777.888848325393,52,2789.8637786066047,61.07738326627509,22.180911100000003,208,0.7,1,1000.0,0.55,0.01,200,0.5,0.2,50,450,70,False
data101.vrp,tabu,random,True,73,4567.752626931998,21,1777.888848325393,52,2789.8637786066047,61.07738326627509,21.85001449999993,208,0.8,1,1000.0,0.55,0.01,200,0.5,0.2,50,450,70,False
data101.vrp,tabu,random,True,73,4567.752626931998,21,1777.888848325393,52,2789.8637786066047,61.07738326627509,23.020499500000028,208,0.9,1,1000.0,0.55,0.01,200,0.5,0.2,50,450,70,False
data101.vrp,tabu,random,True,73,4567.752626931998,21,1777.888848325393,52,2789.8637786066047,61.07738326627509,23.29775319999999,208,1.0,1,1000.0,0.55,0.01,200,0.5,0.2,50,450,70,False
data101.vrp,tabu,random,True,73,4567.752626931998,21,1777.888848325393,52,2789.8637786066047,61.07738326627509,24.238202699999988,218,0.5,1,1000.0,0.55,0.01,200,0.5,0.2,50,450,80,False
data101.vrp,tabu,random,True,73,4567.752626931998,21,1777.888848325393,52,2789.8637786066047,61.07738326627509,23.888189900000043,218,0.6,1,1000.0,0.55,0.01,200,0.5,0.2,50,450,80,False
data101.vrp,tabu,random,True,73,4567.752626931998,21,1777.888848325393,52,2789.8637786066047,61.07738326627509,24.20595620000006,218,0.7,1,1000.0,0.55,0.01,200,0.5,0.2,50,450,80,False
data101.vrp,tabu,random,True,73,4567.752626931998,21,1777.888848325393,52,2789.8637786066047,61.07738326627509,23.508106699999985,218,0.8,1,1000.0,0.55,0.01,200,0.5,0.2,50,450,80,False
data101.vrp,tabu,random,True,73,4567.752626931998,21,1777.888848325393,52,2789.8637786066047,61.07738326627509,23.235164300000065,218,0.9,1,1000.0,0.55,0.01,200,0.5,0.2,50,450,80,False
data101.vrp,tabu,random,True,73,4567.752626931998,21,1777.888848325393,52,2789.8637786066047,61.07738326627509,23.20556140000008,218,1.0,1,1000.0,0.55,0.01,200,0.5,0.2,50,450,80,False
data101.vrp,tabu,random,True,73,4567.752626931998,21,1717.5206054230657,52,2850.232021508932,62.39900130982651,31.387016000000017,340,0.5,1,1000.0,0.55,0.01,200,0.5,0.2,50,450,90,False
data101.vrp,tabu,random,True,73,4567.752626931998,21,1717.5206054230657,52,2850.232021508932,62.39900130982651,31.94463250000001,340,0.6,1,1000.0,0.55,0.01,200,0.5,0.2,50,450,90,False
data101.vrp,tabu,random,True,73,4567.752626931998,21,1717.5206054230657,52,2850.232021508932,62.39900130982651,31.535863199999994,340,0.7,1,1000.0,0.55,0.01,200,0.5,0.2,50,450,90,False
data101.vrp,tabu,random,True,73,4567.752626931998,21,1717.5206054230657,52,2850.232021508932,62.39900130982651,31.65869829999997,340,0.8,1,1000.0,0.55,0.01,200,0.5,0.2,50,450,90,False
data101.vrp,tabu,random,True,73,4567.752626931998,21,1717.5206054230657,52,2850.232021508932,62.39900130982651,31.648076599999968,340,0.9,1,1000.0,0.55,0.01,200,0.5,0.2,50,450,90,False
data101.vrp,tabu,random,True,73,4567.752626931998,21,1717.5206054230657,52,2850.232021508932,62.39900130982651,32.40397400000006,340,1.0,1,1000.0,0.55,0.01,200,0.5,0.2,50,450,90,False
data101.vrp,tabu,random,True,73,4567.752626931998,21,1717.5206054230657,52,2850.232021508932,62.39900130982651,34.467040699999984,350,0.5,1,1000.0,0.55,0.01,200,0.5,0.2,50,450,100,False
data101.vrp,tabu,random,True,73,4567.752626931998,21,1717.5206054230657,52,2850.232021508932,62.39900130982651,34.19688499999995,350,0.6,1,1000.0,0.55,0.01,200,0.5,0.2,50,450,100,False
data101.vrp,tabu,random,True,73,4567.752626931998,21,1717.5206054230657,52,2850.232021508932,62.39900130982651,34.00074719999998,350,0.7,1,1000.0,0.55,0.01,200,0.5,0.2,50,450,100,False
data101.vrp,tabu,random,True,73,4567.752626931998,21,1717.5206054230657,52,2850.232021508932,62.39900130982651,33.80048649999992,350,0.8,1,1000.0,0.55,0.01,200,0.5,0.2,50,450,100,False
data101.vrp,tabu,random,True,73,4567.752626931998,21,1717.5206054230657,52,2850.232021508932,62.39900130982651,32.398929899999985,350,0.9,1,1000.0,0.55,0.01,200,0.5,0.2,50,450,100,False
data101.vrp,tabu,random,True,73,4567.752626931998,21,1777.888848325393,52,2789.8637786066047,61.07738326627509,19.520534099999963,168,0.5,1,1000.0,0.55,0.01,200,0.5,0.2,50,500,30,False
data101.vrp,tabu,random,True,73,4567.752626931998,21,1717.5206054230657,52,2850.232021508932,62.39900130982651,32.711960400000066,350,1.0,1,1000.0,0.55,0.01,200,0.5,0.2,50,450,100,False
data101.vrp,tabu,random,True,73,4567.752626931998,21,1777.888848325393,52,2789.8637786066047,61.07738326627509,19.61202590000005,168,0.6,1,1000.0,0.55,0.01,200,0.5,0.2,50,500,30,False
data101.vrp,tabu,random,True,73,4567.752626931998,21,1777.888848325393,52,2789.8637786066047,61.07738326627509,19.71498299999996,168,0.7,1,1000.0,0.55,0.01,200,0.5,0.2,50,500,30,False
data101.vrp,tabu,random,True,73,4567.752626931998,21,1777.888848325393,52,2789.8637786066047,61.07738326627509,20.876723800000036,168,0.8,1,1000.0,0.55,0.01,200,0.5,0.2,50,500,30,False
data101.vrp,tabu,random,True,73,4567.752626931998,21,1777.888848325393,52,2789.8637786066047,61.07738326627509,20.695691699999998,168,0.9,1,1000.0,0.55,0.01,200,0.5,0.2,50,500,30,False
data101.vrp,tabu,random,True,73,4567.752626931998,21,1777.888848325393,52,2789.8637786066047,61.07738326627509,20.825650399999972,168,1.0,1,1000.0,0.55,0.01,200,0.5,0.2,50,500,30,False
data101.vrp,tabu,random,True,73,4567.752626931998,21,1777.888848325393,52,2789.8637786066047,61.07738326627509,21.219820400000003,178,0.5,1,1000.0,0.55,0.01,200,0.5,0.2,50,500,40,False
data101.vrp,tabu,random,True,73,4567.752626931998,21,1777.888848325393,52,2789.8637786066047,61.07738326627509,20.97023390000004,178,0.6,1,1000.0,0.55,0.01,200,0.5,0.2,50,500,40,False
data101.vrp,tabu,random,True,73,4567.752626931998,21,1777.888848325393,52,2789.8637786066047,61.07738326627509,20.622527399999967,178,0.7,1,1000.0,0.55,0.01,200,0.5,0.2,50,500,40,False
data101.vrp,tabu,random,True,73,4567.752626931998,21,1777.888848325393,52,2789.8637786066047,61.07738326627509,20.35417499999994,178,0.8,1,1000.0,0.55,0.01,200,0.5,0.2,50,500,40,False
data101.vrp,tabu,random,True,73,4567.752626931998,21,1777.888848325393,52,2789.8637786066047,61.07738326627509,20.41933670000003,178,0.9,1,1000.0,0.55,0.01,200,0.5,0.2,50,500,40,False
data101.vrp,tabu,random,True,73,4567.752626931998,21,1777.888848325393,52,2789.8637786066047,61.07738326627509,20.163761099999988,178,1.0,1,1000.0,0.55,0.01,200,0.5,0.2,50,500,40,False
data101.vrp,tabu,random,True,73,4567.752626931998,21,1777.888848325393,52,2789.8637786066047,61.07738326627509,20.68013730000007,188,0.5,1,1000.0,0.55,0.01,200,0.5,0.2,50,500,50,False
data101.vrp,tabu,random,True,73,4567.752626931998,21,1777.888848325393,52,2789.8637786066047,61.07738326627509,21.01037199999996,188,0.6,1,1000.0,0.55,0.01,200,0.5,0.2,50,500,50,False
data101.vrp,tabu,random,True,73,4567.752626931998,21,1777.888848325393,52,2789.8637786066047,61.07738326627509,20.892702699999973,188,0.7,1,1000.0,0.55,0.01,200,0.5,0.2,50,500,50,False
data101.vrp,tabu,random,True,73,4567.752626931998,21,1777.888848325393,52,2789.8637786066047,61.07738326627509,21.08873399999993,188,0.8,1,1000.0,0.55,0.01,200,0.5,0.2,50,500,50,False
data101.vrp,tabu,random,True,73,4567.752626931998,21,1777.888848325393,52,2789.8637786066047,61.07738326627509,20.650276299999973,188,0.9,1,1000.0,0.55,0.01,200,0.5,0.2,50,500,50,False
data101.vrp,tabu,random,True,73,4567.752626931998,21,1777.888848325393,52,2789.8637786066047,61.07738326627509,20.831208700000047,188,1.0,1,1000.0,0.55,0.01,200,0.5,0.2,50,500,50,False
data101.vrp,tabu,random,True,73,4567.752626931998,21,1777.888848325393,52,2789.8637786066047,61.07738326627509,21.623156999999992,198,0.5,1,1000.0,0.55,0.01,200,0.5,0.2,50,500,60,False
data101.vrp,tabu,random,True,73,4567.752626931998,21,1777.888848325393,52,2789.8637786066047,61.07738326627509,21.773965999999973,198,0.6,1,1000.0,0.55,0.01,200,0.5,0.2,50,500,60,False
data101.vrp,tabu,random,True,73,4567.752626931998,21,1777.888848325393,52,2789.8637786066047,61.07738326627509,21.86814060000006,198,0.7,1,1000.0,0.55,0.01,200,0.5,0.2,50,500,60,False
data101.vrp,tabu,random,True,73,4567.752626931998,21,1777.888848325393,52,2789.8637786066047,61.07738326627509,21.528850000000034,198,0.8,1,1000.0,0.55,0.01,200,0.5,0.2,50,500,60,False
data101.vrp,tabu,random,True,73,4567.752626931998,21,1777.888848325393,52,2789.8637786066047,61.07738326627509,21.75867310000001,198,0.9,1,1000.0,0.55,0.01,200,0.5,0.2,50,500,60,False
data101.vrp,tabu,random,True,73,4567.752626931998,21,1777.888848325393,52,2789.8637786066047,61.07738326627509,20.86576089999994,198,1.0,1,1000.0,0.55,0.01,200,0.5,0.2,50,500,60,False
data101.vrp,tabu,random,True,73,4567.752626931998,21,1777.888848325393,52,2789.8637786066047,61.07738326627509,21.891524199999935,208,0.5,1,1000.0,0.55,0.01,200,0.5,0.2,50,500,70,False
data101.vrp,tabu,random,True,73,4567.752626931998,21,1777.888848325393,52,2789.8637786066047,61.07738326627509,22.257951200000093,208,0.6,1,1000.0,0.55,0.01,200,0.5,0.2,50,500,70,False
data101.vrp,tabu,random,True,73,4567.752626931998,21,1777.888848325393,52,2789.8637786066047,61.07738326627509,21.777415300000143,208,0.7,1,1000.0,0.55,0.01,200,0.5,0.2,50,500,70,False
data101.vrp,tabu,random,True,73,4567.752626931998,21,1777.888848325393,52,2789.8637786066047,61.07738326627509,21.943218199999933,208,0.8,1,1000.0,0.55,0.01,200,0.5,0.2,50,500,70,False
data101.vrp,tabu,random,True,73,4567.752626931998,21,1777.888848325393,52,2789.8637786066047,61.07738326627509,22.956695800000034,208,0.9,1,1000.0,0.55,0.01,200,0.5,0.2,50,500,70,False
data101.vrp,tabu,random,True,73,4567.752626931998,21,1777.888848325393,52,2789.8637786066047,61.07738326627509,24.03593060000003,208,1.0,1,1000.0,0.55,0.01,200,0.5,0.2,50,500,70,False
data101.vrp,tabu,random,True,73,4567.752626931998,21,1777.888848325393,52,2789.8637786066047,61.07738326627509,25.003797799999802,218,0.5,1,1000.0,0.55,0.01,200,0.5,0.2,50,500,80,False
data101.vrp,tabu,random,True,73,4567.752626931998,21,1777.888848325393,52,2789.8637786066047,61.07738326627509,25.081647399999838,218,0.6,1,1000.0,0.55,0.01,200,0.5,0.2,50,500,80,False
data101.vrp,tabu,random,True,73,4567.752626931998,21,1777.888848325393,52,2789.8637786066047,61.07738326627509,24.575728199999958,218,0.7,1,1000.0,0.55,0.01,200,0.5,0.2,50,500,80,False
data101.vrp,tabu,random,True,73,4567.752626931998,21,1777.888848325393,52,2789.8637786066047,61.07738326627509,23.96642070000007,218,0.8,1,1000.0,0.55,0.01,200,0.5,0.2,50,500,80,False
data101.vrp,tabu,random,True,73,4567.752626931998,21,1777.888848325393,52,2789.8637786066047,61.07738326627509,23.57570520000013,218,0.9,1,1000.0,0.55,0.01,200,0.5,0.2,50,500,80,False
data101.vrp,tabu,random,True,73,4567.752626931998,21,1777.888848325393,52,2789.8637786066047,61.07738326627509,23.67806530000007,218,1.0,1,1000.0,0.55,0.01,200,0.5,0.2,50,500,80,False
data101.vrp,tabu,random,True,73,4567.752626931998,21,1717.5206054230657,52,2850.232021508932,62.39900130982651,32.85724490000007,340,0.5,1,1000.0,0.55,0.01,200,0.5,0.2,50,500,90,False
data101.vrp,tabu,random,True,73,4567.752626931998,21,1717.5206054230657,52,2850.232021508932,62.39900130982651,32.53096310000001,340,0.6,1,1000.0,0.55,0.01,200,0.5,0.2,50,500,90,False
data101.vrp,tabu,random,True,73,4567.752626931998,21,1717.5206054230657,52,2850.232021508932,62.39900130982651,32.41852529999983,340,0.7,1,1000.0,0.55,0.01,200,0.5,0.2,50,500,90,False
data101.vrp,tabu,random,True,73,4567.752626931998,21,1717.5206054230657,52,2850.232021508932,62.39900130982651,31.552714799999876,340,0.8,1,1000.0,0.55,0.01,200,0.5,0.2,50,500,90,False
data101.vrp,tabu,random,True,73,4567.752626931998,21,1717.5206054230657,52,2850.232021508932,62.39900130982651,31.794040200000154,340,0.9,1,1000.0,0.55,0.01,200,0.5,0.2,50,500,90,False
data101.vrp,tabu,random,True,73,4567.752626931998,21,1717.5206054230657,52,2850.232021508932,62.39900130982651,32.18616129999987,340,1.0,1,1000.0,0.55,0.01,200,0.5,0.2,50,500,90,False
data101.vrp,tabu,random,True,73,4567.752626931998,21,1717.5206054230657,52,2850.232021508932,62.39900130982651,32.661313400000154,350,0.5,1,1000.0,0.55,0.01,200,0.5,0.2,50,500,100,False
data101.vrp,tabu,random,True,73,4567.752626931998,21,1717.5206054230657,52,2850.232021508932,62.39900130982651,32.97262879999994,350,0.6,1,1000.0,0.55,0.01,200,0.5,0.2,50,500,100,False
data101.vrp,tabu,random,True,73,4567.752626931998,21,1717.5206054230657,52,2850.232021508932,62.39900130982651,32.81168159999993,350,0.7,1,1000.0,0.55,0.01,200,0.5,0.2,50,500,100,False
data101.vrp,tabu,random,True,73,4567.752626931998,21,1717.5206054230657,52,2850.232021508932,62.39900130982651,33.10859340000002,350,0.8,1,1000.0,0.55,0.01,200,0.5,0.2,50,500,100,False
data101.vrp,tabu,random,True,73,4567.752626931998,22,1720.0067829884517,51,2847.745843943546,62.344572408604336,18.473135599999978,158,0.5,1,1000.0,0.55,0.01,200,0.5,0.2,60,300,30,False
data101.vrp,tabu,random,True,73,4567.752626931998,21,1717.5206054230657,52,2850.232021508932,62.39900130982651,33.156698000000006,350,0.9,1,1000.0,0.55,0.01,200,0.5,0.2,50,500,100,False
data101.vrp,tabu,random,True,73,4567.752626931998,21,1717.5206054230657,52,2850.232021508932,62.39900130982651,32.39062100000001,350,1.0,1,1000.0,0.55,0.01,200,0.5,0.2,50,500,100,False
data101.vrp,tabu,random,True,73,4567.752626931998,22,1720.0067829884517,51,2847.745843943546,62.344572408604336,18.693707800000084,158,0.6,1,1000.0,0.55,0.01,200,0.5,0.2,60,300,30,False
data101.vrp,tabu,random,True,73,4567.752626931998,22,1720.0067829884517,51,2847.745843943546,62.344572408604336,19.086788399999932,158,0.7,1,1000.0,0.55,0.01,200,0.5,0.2,60,300,30,False
data101.vrp,tabu,random,True,73,4567.752626931998,22,1720.0067829884517,51,2847.745843943546,62.344572408604336,20.58450199999993,158,0.8,1,1000.0,0.55,0.01,200,0.5,0.2,60,300,30,False
data101.vrp,tabu,random,True,73,4567.752626931998,22,1720.0067829884517,51,2847.745843943546,62.344572408604336,20.736671800000067,158,0.9,1,1000.0,0.55,0.01,200,0.5,0.2,60,300,30,False
data101.vrp,tabu,random,True,73,4567.752626931998,22,1720.0067829884517,51,2847.745843943546,62.344572408604336,21.081018600000107,158,1.0,1,1000.0,0.55,0.01,200,0.5,0.2,60,300,30,False
data101.vrp,tabu,random,True,73,4567.752626931998,21,1717.5206054230657,52,2850.232021508932,62.39900130982651,30.7482202,350,0.75,1,1000.0,0.55,0.01,200,0.5,0.2,50,500,100,False
data101.vrp,tabu,random,True,73,4567.752626931998,20,1701.6339681177385,53,2866.118658814259,62.746801171221314,39.569301700000004,475,0.75,1,1000.0,0.55,0.01,200,0.5,0.2,50,500,200,False
data101.vrp,tabu,random,True,73,4567.752626931998,20,1701.6339681177385,53,2866.118658814259,62.746801171221314,39.6167983,475,0.75,1,1000.0,0.55,0.01,200,0.5,0.2,50,500,400,False
data101.vrp,tabu,random,True,73,4567.752626931998,20,1701.6339681177385,53,2866.118658814259,62.746801171221314,39.846496900000005,475,0.75,1,1000.0,0.55,0.01,200,0.5,0.2,50,500,500,False
data101.vrp,tabu,random,True,73,4567.752626931998,20,1701.6339681177385,53,2866.118658814259,62.746801171221314,40.180759,475,0.75,1,1000.0,0.55,0.01,200,0.5,0.2,50,500,300,False
data101.vrp,tabu,random,True,73,4567.752626931998,21,1717.5206054230657,52,2850.232021508932,62.39900130982651,31.7064445,350,0.75,1,1000.0,0.55,0.01,200,0.5,0.2,50,750,100,False
data101.vrp,tabu,random,True,73,4567.752626931998,20,1701.6339681177385,53,2866.118658814259,62.746801171221314,40.241063800000006,475,0.75,1,1000.0,0.55,0.01,200,0.5,0.2,50,750,300,False
data101.vrp,tabu,random,True,73,4567.752626931998,20,1701.6339681177385,53,2866.118658814259,62.746801171221314,40.751605100000006,475,0.75,1,1000.0,0.55,0.01,200,0.5,0.2,50,750,200,False
data101.vrp,tabu,random,True,73,4567.752626931998,20,1701.6339681177385,53,2866.118658814259,62.746801171221314,40.902080600000005,475,0.75,1,1000.0,0.55,0.01,200,0.5,0.2,50,750,400,False
data101.vrp,tabu,random,True,73,4567.752626931998,20,1701.6339681177385,53,2866.118658814259,62.746801171221314,40.86238409999999,475,0.75,1,1000.0,0.55,0.01,200,0.5,0.2,50,750,500,False
data101.vrp,tabu,random,True,73,4567.752626931998,21,1717.5206054230657,52,2850.232021508932,62.39900130982651,31.105894100000008,350,0.75,1,1000.0,0.55,0.01,200,0.5,0.2,50,1000,100,False
data101.vrp,tabu,random,True,73,4567.752626931998,20,1701.6339681177385,53,2866.118658814259,62.746801171221314,40.7232494,475,0.75,1,1000.0,0.55,0.01,200,0.5,0.2,50,1000,200,False
data101.vrp,tabu,random,True,73,4567.752626931998,20,1701.6339681177385,53,2866.118658814259,62.746801171221314,40.69722709999999,475,0.75,1,1000.0,0.55,0.01,200,0.5,0.2,50,1000,300,False
data101.vrp,tabu,random,True,73,4567.752626931998,20,1701.6339681177385,53,2866.118658814259,62.746801171221314,40.8644874,475,0.75,1,1000.0,0.55,0.01,200,0.5,0.2,50,1000,400,False
data101.vrp,tabu,random,True,73,4567.752626931998,20,1701.6339681177385,53,2866.118658814259,62.746801171221314,41.1463213,475,0.75,1,1000.0,0.55,0.01,200,0.5,0.2,50,1000,500,False
data101.vrp,tabu,random,True,73,4567.752626931998,21,1717.5206054230657,52,2850.232021508932,62.39900130982651,31.2900851,350,0.75,1,1000.0,0.55,0.01,200,0.5,0.2,50,1250,100,False
data101.vrp,tabu,random,True,73,4567.752626931998,21,1717.5206054230657,52,2850.232021508932,62.39900130982651,30.606574599999988,350,0.75,1,1000.0,0.55,0.01,200,0.5,0.2,50,1500,100,False
data101.vrp,tabu,random,True,73,4567.752626931998,20,1701.6339681177385,53,2866.118658814259,62.746801171221314,39.22199300000001,475,0.75,1,1000.0,0.55,0.01,200,0.5,0.2,50,1250,200,False
data101.vrp,tabu,random,True,73,4567.752626931998,20,1701.6339681177385,53,2866.118658814259,62.746801171221314,39.664905700000006,475,0.75,1,1000.0,0.55,0.01,200,0.5,0.2,50,1250,300,False
data101.vrp,tabu,random,True,73,4567.752626931998,20,1701.6339681177385,53,2866.118658814259,62.746801171221314,40.38680500000001,475,0.75,1,1000.0,0.55,0.01,200,0.5,0.2,50,1250,400,False
data101.vrp,tabu,random,True,73,4567.752626931998,20,1701.6339681177385,53,2866.118658814259,62.746801171221314,40.42393019999999,475,0.75,1,1000.0,0.55,0.01,200,0.5,0.2,50,1250,500,False
data101.vrp,tabu,random,True,73,4567.752626931998,21,1762.7418081408996,52,2805.0108187910982,61.408991420691876,31.515029700000014,346,0.75,1,1000.0,0.55,0.01,200,0.5,0.2,60,500,100,False
data101.vrp,tabu,random,True,73,4567.752626931998,20,1701.6339681177385,53,2866.118658814259,62.746801171221314,40.1518318,475,0.75,1,1000.0,0.55,0.01,200,0.5,0.2,50,1500,200,False
data101.vrp,tabu,random,True,73,4567.752626931998,20,1701.6339681177385,53,2866.118658814259,62.746801171221314,40.39404809999999,475,0.75,1,1000.0,0.55,0.01,200,0.5,0.2,50,1500,300,False
data101.vrp,tabu,random,True,73,4567.752626931998,20,1701.6339681177385,53,2866.118658814259,62.746801171221314,40.6741341,475,0.75,1,1000.0,0.55,0.01,200,0.5,0.2,50,1500,400,False
data101.vrp,tabu,random,True,73,4567.752626931998,20,1701.6339681177385,53,2866.118658814259,62.746801171221314,40.79497599999999,475,0.75,1,1000.0,0.55,0.01,200,0.5,0.2,50,1500,500,False
data101.vrp,tabu,random,True,73,4567.752626931998,21,1762.7418081408996,52,2805.0108187910982,61.408991420691876,38.077889200000016,446,0.75,1,1000.0,0.55,0.01,200,0.5,0.2,60,500,200,False
data101.vrp,tabu,random,True,73,4567.752626931998,21,1762.7418081408996,52,2805.0108187910982,61.408991420691876,31.7820768,346,0.75,1,1000.0,0.55,0.01,200,0.5,0.2,60,750,100,False
data101.vrp,tabu,random,True,73,4567.752626931998,21,1762.7418081408996,52,2805.0108187910982,61.408991420691876,42.620447799999994,501,0.75,1,1000.0,0.55,0.01,200,0.5,0.2,60,500,300,False
data101.vrp,tabu,random,True,73,4567.752626931998,21,1762.7418081408996,52,2805.0108187910982,61.408991420691876,42.421579399999985,501,0.75,1,1000.0,0.55,0.01,200,0.5,0.2,60,500,400,False
data101.vrp,tabu,random,True,73,4567.752626931998,21,1762.7418081408996,52,2805.0108187910982,61.408991420691876,42.770507899999984,501,0.75,1,1000.0,0.55,0.01,200,0.5,0.2,60,500,500,False
data101.vrp,tabu,random,True,73,4567.752626931998,21,1762.7418081408996,52,2805.0108187910982,61.408991420691876,38.78359590000002,446,0.75,1,1000.0,0.55,0.01,200,0.5,0.2,60,750,200,False
data101.vrp,tabu,random,True,73,4567.752626931998,21,1762.7418081408996,52,2805.0108187910982,61.408991420691876,30.913012900000012,346,0.75,1,1000.0,0.55,0.01,200,0.5,0.2,60,1000,100,False
data101.vrp,tabu,random,True,73,4567.752626931998,21,1762.7418081408996,52,2805.0108187910982,61.408991420691876,45.7197779,546,0.75,1,1000.0,0.55,0.01,200,0.5,0.2,60,750,300,False
data101.vrp,tabu,random,True,73,4567.752626931998,21,1762.7418081408996,52,2805.0108187910982,61.408991420691876,51.924781800000005,642,0.75,1,1000.0,0.55,0.01,200,0.5,0.2,60,750,400,False
data101.vrp,tabu,random,True,73,4567.752626931998,21,1762.7418081408996,52,2805.0108187910982,61.408991420691876,51.86690129999997,642,0.75,1,1000.0,0.55,0.01,200,0.5,0.2,60,750,500,False
data101.vrp,tabu,random,True,73,4567.752626931998,21,1762.7418081408996,52,2805.0108187910982,61.408991420691876,39.8567511,446,0.75,1,1000.0,0.55,0.01,200,0.5,0.2,60,1000,200,False
data101.vrp,tabu,random,True,73,4567.752626931998,21,1762.7418081408996,52,2805.0108187910982,61.408991420691876,45.9236123,546,0.75,1,1000.0,0.55,0.01,200,0.5,0.2,60,1000,300,False
data101.vrp,tabu,random,True,73,4567.752626931998,21,1762.7418081408996,52,2805.0108187910982,61.408991420691876,32.111955100000046,346,0.75,1,1000.0,0.55,0.01,200,0.5,0.2,60,1250,100,False
data101.vrp,tabu,random,True,73,4567.752626931998,21,1762.7418081408996,52,2805.0108187910982,61.408991420691876,53.23096290000001,642,0.75,1,1000.0,0.55,0.01,200,0.5,0.2,60,1000,400,False
data101.vrp,tabu,random,True,73,4567.752626931998,21,1762.7418081408996,52,2805.0108187910982,61.408991420691876,52.00347019999998,642,0.75,1,1000.0,0.55,0.01,200,0.5,0.2,60,1000,500,False
data101.vrp,tabu,random,True,73,4567.752626931998,21,1762.7418081408996,52,2805.0108187910982,61.408991420691876,38.57595620000001,446,0.75,1,1000.0,0.55,0.01,200,0.5,0.2,60,1250,200,False
data101.vrp,tabu,random,True,73,4567.752626931998,21,1762.7418081408996,52,2805.0108187910982,61.408991420691876,45.29476600000004,546,0.75,1,1000.0,0.55,0.01,200,0.5,0.2,60,1250,300,False
data101.vrp,tabu,random,True,73,4567.752626931998,21,1762.7418081408996,52,2805.0108187910982,61.408991420691876,32.087360200000035,346,0.75,1,1000.0,0.55,0.01,200,0.5,0.2,60,1500,100,False
data101.vrp,tabu,random,True,73,4567.752626931998,21,1762.7418081408996,52,2805.0108187910982,61.408991420691876,52.198240999999996,642,0.75,1,1000.0,0.55,0.01,200,0.5,0.2,60,1250,400,False
data101.vrp,tabu,random,True,73,4567.752626931998,21,1762.7418081408996,52,2805.0108187910982,61.408991420691876,52.90376169999996,642,0.75,1,1000.0,0.55,0.01,200,0.5,0.2,60,1250,500,False
data101.vrp,tabu,random,True,73,4567.752626931998,21,1762.7418081408996,52,2805.0108187910982,61.408991420691876,39.123334099999965,446,0.75,1,1000.0,0.55,0.01,200,0.5,0.2,60,1500,200,False
data101.vrp,tabu,random,True,73,4567.752626931998,21,1762.7418081408996,52,2805.0108187910982,61.408991420691876,45.42025050000001,546,0.75,1,1000.0,0.55,0.01,200,0.5,0.2,60,1500,300,False
data101.vrp,tabu,random,True,73,4567.752626931998,21,1761.216583905089,52,2806.536043026909,61.44238255108755,26.343656599999974,272,0.75,1,1000.0,0.55,0.01,200,0.5,0.2,70,500,100,False
data101.vrp,tabu,random,True,73,4567.752626931998,21,1761.216583905089,52,2806.536043026909,61.44238255108755,26.30198029999997,272,0.75,1,1000.0,0.55,0.01,200,0.5,0.2,70,500,200,False
data101.vrp,tabu,random,True,73,4567.752626931998,21,1762.7418081408996,52,2805.0108187910982,61.408991420691876,51.8345587,642,0.75,1,1000.0,0.55,0.01,200,0.5,0.2,60,1500,400,False
data101.vrp,tabu,random,True,73,4567.752626931998,21,1762.7418081408996,52,2805.0108187910982,61.408991420691876,51.80782119999998,642,0.75,1,1000.0,0.55,0.01,200,0.5,0.2,60,1500,500,False
data101.vrp,tabu,random,True,73,4567.752626931998,21,1761.216583905089,52,2806.536043026909,61.44238255108755,27.415830000000028,272,0.75,1,1000.0,0.55,0.01,200,0.5,0.2,70,500,300,False
data101.vrp,tabu,random,True,73,4567.752626931998,21,1761.216583905089,52,2806.536043026909,61.44238255108755,27.58299599999998,272,0.75,1,1000.0,0.55,0.01,200,0.5,0.2,70,500,400,False
data101.vrp,tabu,random,True,73,4567.752626931998,21,1761.216583905089,52,2806.536043026909,61.44238255108755,27.427009800000008,272,0.75,1,1000.0,0.55,0.01,200,0.5,0.2,70,500,500,False
data101.vrp,tabu,random,True,73,4567.752626931998,21,1761.216583905089,52,2806.536043026909,61.44238255108755,27.404313300000013,272,0.75,1,1000.0,0.55,0.01,200,0.5,0.2,70,750,100,False
data101.vrp,tabu,random,True,73,4567.752626931998,21,1761.216583905089,52,2806.536043026909,61.44238255108755,27.034590999999978,272,0.75,1,1000.0,0.55,0.01,200,0.5,0.2,70,750,200,False
data101.vrp,tabu,random,True,73,4567.752626931998,21,1761.216583905089,52,2806.536043026909,61.44238255108755,28.660036200000036,272,0.75,1,1000.0,0.55,0.01,200,0.5,0.2,70,750,300,False
data101.vrp,tabu,random,True,73,4567.752626931998,21,1761.216583905089,52,2806.536043026909,61.44238255108755,28.43696289999997,272,0.75,1,1000.0,0.55,0.01,200,0.5,0.2,70,750,400,False
data101.vrp,tabu,random,True,73,4567.752626931998,21,1761.216583905089,52,2806.536043026909,61.44238255108755,28.376915800000006,272,0.75,1,1000.0,0.55,0.01,200,0.5,0.2,70,750,500,False
data101.vrp,tabu,random,True,73,4567.752626931998,21,1761.216583905089,52,2806.536043026909,61.44238255108755,28.49632230000003,272,0.75,1,1000.0,0.55,0.01,200,0.5,0.2,70,1000,100,False
data101.vrp,tabu,random,True,73,4567.752626931998,21,1761.216583905089,52,2806.536043026909,61.44238255108755,28.1666285,272,0.75,1,1000.0,0.55,0.01,200,0.5,0.2,70,1000,200,False
data101.vrp,tabu,random,True,73,4567.752626931998,21,1761.216583905089,52,2806.536043026909,61.44238255108755,27.11493109999998,272,0.75,1,1000.0,0.55,0.01,200,0.5,0.2,70,1000,300,False
data101.vrp,tabu,random,True,73,4567.752626931998,21,1761.216583905089,52,2806.536043026909,61.44238255108755,27.77705900000001,272,0.75,1,1000.0,0.55,0.01,200,0.5,0.2,70,1000,400,False
data101.vrp,tabu,random,True,73,4567.752626931998,21,1761.216583905089,52,2806.536043026909,61.44238255108755,27.920044899999994,272,0.75,1,1000.0,0.55,0.01,200,0.5,0.2,70,1000,500,False
data101.vrp,tabu,random,True,73,4567.752626931998,21,1761.216583905089,52,2806.536043026909,61.44238255108755,26.874132299999985,272,0.75,1,1000.0,0.55,0.01,200,0.5,0.2,70,1250,100,False
data101.vrp,tabu,random,True,73,4567.752626931998,21,1761.216583905089,52,2806.536043026909,61.44238255108755,26.773090300000035,272,0.75,1,1000.0,0.55,0.01,200,0.5,0.2,70,1250,200,False
data101.vrp,tabu,random,True,73,4567.752626931998,21,1761.216583905089,52,2806.536043026909,61.44238255108755,26.596435600000063,272,0.75,1,1000.0,0.55,0.01,200,0.5,0.2,70,1250,300,False
data101.vrp,tabu,random,True,73,4567.752626931998,21,1761.216583905089,52,2806.536043026909,61.44238255108755,26.65487989999997,272,0.75,1,1000.0,0.55,0.01,200,0.5,0.2,70,1250,400,False
data101.vrp,tabu,random,True,73,4567.752626931998,21,1761.216583905089,52,2806.536043026909,61.44238255108755,26.69107619999994,272,0.75,1,1000.0,0.55,0.01,200,0.5,0.2,70,1250,500,False
data101.vrp,tabu,random,True,73,4567.752626931998,21,1761.216583905089,52,2806.536043026909,61.44238255108755,26.505835999999988,272,0.75,1,1000.0,0.55,0.01,200,0.5,0.2,70,1500,100,False
data101.vrp,tabu,random,True,73,4567.752626931998,21,1761.216583905089,52,2806.536043026909,61.44238255108755,27.138415800000075,272,0.75,1,1000.0,0.55,0.01,200,0.5,0.2,70,1500,200,False
data101.vrp,tabu,random,True,73,4567.752626931998,21,1761.216583905089,52,2806.536043026909,61.44238255108755,27.781659099999956,272,0.75,1,1000.0,0.55,0.01,200,0.5,0.2,70,1500,300,False
data101.vrp,tabu,random,True,73,4567.752626931998,21,1761.216583905089,52,2806.536043026909,61.44238255108755,27.85302690000003,272,0.75,1,1000.0,0.55,0.01,200,0.5,0.2,70,1500,400,False
data101.vrp,tabu,random,True,73,4567.752626931998,21,1761.216583905089,52,2806.536043026909,61.44238255108755,28.091206000000057,272,0.75,1,1000.0,0.55,0.01,200,0.5,0.2,70,1500,500,False
data101.vrp,tabu,random,True,73,4567.752626931998,22,1738.34062567358,51,2829.412001258418,61.94319684861824,22.315107099999977,198,0.75,1,1000.0,0.55,0.01,200,0.5,0.2,80,500,100,False
data101.vrp,tabu,random,True,73,4567.752626931998,22,1738.34062567358,51,2829.412001258418,61.94319684861824,21.69625910000002,198,0.75,1,1000.0,0.55,0.01,200,0.5,0.2,80,500,200,False
data101.vrp,tabu,random,True,73,4567.752626931998,22,1738.34062567358,51,2829.412001258418,61.94319684861824,21.38553449999995,198,0.75,1,1000.0,0.55,0.01,200,0.5,0.2,80,500,300,False
data101.vrp,tabu,random,True,73,4567.752626931998,22,1738.34062567358,51,2829.412001258418,61.94319684861824,21.496056700000054,198,0.75,1,1000.0,0.55,0.01,200,0.5,0.2,80,500,400,False
data101.vrp,tabu,random,True,73,4567.752626931998,22,1738.34062567358,51,2829.412001258418,61.94319684861824,21.72486230000004,198,0.75,1,1000.0,0.55,0.01,200,0.5,0.2,80,500,500,False
data101.vrp,tabu,random,True,73,4567.752626931998,22,1738.34062567358,51,2829.412001258418,61.94319684861824,21.95028609999997,198,0.75,1,1000.0,0.55,0.01,200,0.5,0.2,80,750,100,False
data101.vrp,tabu,random,True,73,4567.752626931998,22,1738.34062567358,51,2829.412001258418,61.94319684861824,21.844880399999965,198,0.75,1,1000.0,0.55,0.01,200,0.5,0.2,80,750,200,False
data101.vrp,tabu,random,True,73,4567.752626931998,22,1738.34062567358,51,2829.412001258418,61.94319684861824,22.164431400000012,198,0.75,1,1000.0,0.55,0.01,200,0.5,0.2,80,750,300,False
data101.vrp,tabu,random,True,73,4567.752626931998,22,1738.34062567358,51,2829.412001258418,61.94319684861824,22.4734512,198,0.75,1,1000.0,0.55,0.01,200,0.5,0.2,80,750,400,False
data101.vrp,tabu,random,True,73,4567.752626931998,22,1738.34062567358,51,2829.412001258418,61.94319684861824,21.78937200000007,198,0.75,1,1000.0,0.55,0.01,200,0.5,0.2,80,750,500,False
data101.vrp,tabu,random,True,73,4567.752626931998,22,1738.34062567358,51,2829.412001258418,61.94319684861824,21.92627170000003,198,0.75,1,1000.0,0.55,0.01,200,0.5,0.2,80,1000,100,False
data101.vrp,tabu,random,True,73,4567.752626931998,22,1738.34062567358,51,2829.412001258418,61.94319684861824,21.797151900000017,198,0.75,1,1000.0,0.55,0.01,200,0.5,0.2,80,1000,200,False
data101.vrp,tabu,random,True,73,4567.752626931998,22,1738.34062567358,51,2829.412001258418,61.94319684861824,21.566619400000036,198,0.75,1,1000.0,0.55,0.01,200,0.5,0.2,80,1000,300,False
data101.vrp,tabu,random,True,73,4567.752626931998,22,1738.34062567358,51,2829.412001258418,61.94319684861824,21.61390719999997,198,0.75,1,1000.0,0.55,0.01,200,0.5,0.2,80,1000,400,False
data101.vrp,tabu,random,True,73,4567.752626931998,22,1738.34062567358,51,2829.412001258418,61.94319684861824,21.493042599999967,198,0.75,1,1000.0,0.55,0.01,200,0.5,0.2,80,1000,500,False
data101.vrp,tabu,random,True,73,4567.752626931998,22,1738.34062567358,51,2829.412001258418,61.94319684861824,21.14469680000002,198,0.75,1,1000.0,0.55,0.01,200,0.5,0.2,80,1250,100,False
data101.vrp,tabu,random,True,73,4567.752626931998,22,1738.34062567358,51,2829.412001258418,61.94319684861824,21.15442340000004,198,0.75,1,1000.0,0.55,0.01,200,0.5,0.2,80,1250,200,False
data101.vrp,tabu,random,True,73,4567.752626931998,22,1738.34062567358,51,2829.412001258418,61.94319684861824,20.976362300000005,198,0.75,1,1000.0,0.55,0.01,200,0.5,0.2,80,1250,300,False
data101.vrp,tabu,random,True,73,4567.752626931998,22,1738.34062567358,51,2829.412001258418,61.94319684861824,20.98384020000003,198,0.75,1,1000.0,0.55,0.01,200,0.5,0.2,80,1250,400,False
data101.vrp,tabu,random,True,73,4567.752626931998,22,1738.34062567358,51,2829.412001258418,61.94319684861824,20.909141599999998,198,0.75,1,1000.0,0.55,0.01,200,0.5,0.2,80,1250,500,False
data101.vrp,tabu,random,True,73,4567.752626931998,22,1738.34062567358,51,2829.412001258418,61.94319684861824,20.7215602,198,0.75,1,1000.0,0.55,0.01,200,0.5,0.2,80,1500,100,False
data101.vrp,tabu,random,True,73,4567.752626931998,22,1738.34062567358,51,2829.412001258418,61.94319684861824,20.818313999999987,198,0.75,1,1000.0,0.55,0.01,200,0.5,0.2,80,1500,200,False
data101.vrp,tabu,random,True,73,4567.752626931998,22,1738.34062567358,51,2829.412001258418,61.94319684861824,20.898895100000004,198,0.75,1,1000.0,0.55,0.01,200,0.5,0.2,80,1500,300,False
data101.vrp,tabu,random,True,73,4567.752626931998,22,1738.34062567358,51,2829.412001258418,61.94319684861824,21.22494030000007,198,0.75,1,1000.0,0.55,0.01,200,0.5,0.2,80,1500,400,False
data101.vrp,tabu,random,True,73,4567.752626931998,22,1738.34062567358,51,2829.412001258418,61.94319684861824,21.022226499999988,198,0.75,1,1000.0,0.55,0.01,200,0.5,0.2,80,1500,500,False
data101.vrp,tabu,random,True,73,4567.752626931998,22,1736.6876709358664,51,2831.064955996131,61.97938433232668,17.834414899999956,154,0.75,1,1000.0,0.55,0.01,200,0.5,0.2,90,500,100,False
data101.vrp,tabu,random,True,73,4567.752626931998,22,1736.6876709358664,51,2831.064955996131,61.97938433232668,17.797123000000056,154,0.75,1,1000.0,0.55,0.01,200,0.5,0.2,90,500,200,False
data101.vrp,tabu,random,True,73,4567.752626931998,22,1736.6876709358664,51,2831.064955996131,61.97938433232668,18.060239499999966,154,0.75,1,1000.0,0.55,0.01,200,0.5,0.2,90,500,300,False
data101.vrp,tabu,random,True,73,4567.752626931998,22,1736.6876709358664,51,2831.064955996131,61.97938433232668,18.27040169999998,154,0.75,1,1000.0,0.55,0.01,200,0.5,0.2,90,500,400,False
data101.vrp,tabu,random,True,73,4567.752626931998,22,1736.6876709358664,51,2831.064955996131,61.97938433232668,17.690771499999983,154,0.75,1,1000.0,0.55,0.01,200,0.5,0.2,90,500,500,False
data101.vrp,tabu,random,True,73,4567.752626931998,22,1736.6876709358664,51,2831.064955996131,61.97938433232668,17.569272400000045,154,0.75,1,1000.0,0.55,0.01,200,0.5,0.2,90,750,100,False
data101.vrp,tabu,random,True,73,4567.752626931998,22,1736.6876709358664,51,2831.064955996131,61.97938433232668,17.87002940000002,154,0.75,1,1000.0,0.55,0.01,200,0.5,0.2,90,750,200,False
data101.vrp,tabu,random,True,73,4567.752626931998,22,1736.6876709358664,51,2831.064955996131,61.97938433232668,18.529210199999966,154,0.75,1,1000.0,0.55,0.01,200,0.5,0.2,90,750,300,False
data101.vrp,tabu,random,True,73,4567.752626931998,22,1736.6876709358664,51,2831.064955996131,61.97938433232668,18.928713700000003,154,0.75,1,1000.0,0.55,0.01,200,0.5,0.2,90,750,400,False
data101.vrp,tabu,random,True,73,4567.752626931998,22,1736.6876709358664,51,2831.064955996131,61.97938433232668,18.92509830000006,154,0.75,1,1000.0,0.55,0.01,200,0.5,0.2,90,750,500,False
data101.vrp,tabu,random,True,73,4567.752626931998,22,1736.6876709358664,51,2831.064955996131,61.97938433232668,18.57209480000006,154,0.75,1,1000.0,0.55,0.01,200,0.5,0.2,90,1000,100,False
data101.vrp,tabu,random,True,73,4567.752626931998,22,1736.6876709358664,51,2831.064955996131,61.97938433232668,18.407477299999982,154,0.75,1,1000.0,0.55,0.01,200,0.5,0.2,90,1000,200,False
data101.vrp,tabu,random,True,73,4567.752626931998,22,1736.6876709358664,51,2831.064955996131,61.97938433232668,17.60644590000004,154,0.75,1,1000.0,0.55,0.01,200,0.5,0.2,90,1000,300,False
data101.vrp,tabu,random,True,73,4567.752626931998,22,1736.6876709358664,51,2831.064955996131,61.97938433232668,17.751851200000033,154,0.75,1,1000.0,0.55,0.01,200,0.5,0.2,90,1000,400,False
data101.vrp,tabu,random,True,73,4567.752626931998,22,1736.6876709358664,51,2831.064955996131,61.97938433232668,17.609294500000033,154,0.75,1,1000.0,0.55,0.01,200,0.5,0.2,90,1000,500,False
data101.vrp,tabu,random,True,73,4567.752626931998,22,1736.6876709358664,51,2831.064955996131,61.97938433232668,17.82224259999998,154,0.75,1,1000.0,0.55,0.01,200,0.5,0.2,90,1250,100,False
data101.vrp,tabu,random,True,73,4567.752626931998,22,1736.6876709358664,51,2831.064955996131,61.97938433232668,17.645940699999983,154,0.75,1,1000.0,0.55,0.01,200,0.5,0.2,90,1250,200,False
data101.vrp,tabu,random,True,73,4567.752626931998,22,1736.6876709358664,51,2831.064955996131,61.97938433232668,17.698449199999914,154,0.75,1,1000.0,0.55,0.01,200,0.5,0.2,90,1250,300,False
data101.vrp,tabu,random,True,73,4567.752626931998,22,1736.6876709358664,51,2831.064955996131,61.97938433232668,17.85685799999999,154,0.75,1,1000.0,0.55,0.01,200,0.5,0.2,90,1250,400,False
data101.vrp,tabu,random,True,73,4567.752626931998,22,1736.6876709358664,51,2831.064955996131,61.97938433232668,17.863216999999963,154,0.75,1,1000.0,0.55,0.01,200,0.5,0.2,90,1250,500,False
data101.vrp,tabu,random,True,73,4567.752626931998,22,1736.6876709358664,51,2831.064955996131,61.97938433232668,17.636427300000037,154,0.75,1,1000.0,0.55,0.01,200,0.5,0.2,90,1500,100,False
data101.vrp,tabu,random,True,73,4567.752626931998,22,1736.6876709358664,51,2831.064955996131,61.97938433232668,17.938487399999985,154,0.75,1,1000.0,0.55,0.01,200,0.5,0.2,90,1500,200,False
data101.vrp,tabu,random,True,73,4567.752626931998,22,1736.6876709358664,51,2831.064955996131,61.97938433232668,17.639701299999956,154,0.75,1,1000.0,0.55,0.01,200,0.5,0.2,90,1500,300,False
data101.vrp,tabu,random,True,73,4567.752626931998,22,1736.6876709358664,51,2831.064955996131,61.97938433232668,17.619768099999987,154,0.75,1,1000.0,0.55,0.01,200,0.5,0.2,90,1500,400,False
data101.vrp,tabu,random,True,73,4567.752626931998,22,1736.6876709358664,51,2831.064955996131,61.97938433232668,17.552557099999945,154,0.75,1,1000.0,0.55,0.01,200,0.5,0.2,90,1500,500,False
data101.vrp,tabu,random,True,73,4567.752626931998,20,1716.0410149834722,53,2851.7116119485254,62.4313933975869,18.837863200000015,171,0.75,1,1000.0,0.55,0.01,200,0.5,0.2,100,500,100,False
data101.vrp,tabu,random,True,73,4567.752626931998,20,1716.0410149834722,53,2851.7116119485254,62.4313933975869,18.65295279999998,171,0.75,1,1000.0,0.55,0.01,200,0.5,0.2,100,500,200,False
data101.vrp,tabu,random,True,73,4567.752626931998,20,1716.0410149834722,53,2851.7116119485254,62.4313933975869,18.926909600000045,171,0.75,1,1000.0,0.55,0.01,200,0.5,0.2,100,500,300,False
data101.vrp,tabu,random,True,73,4567.752626931998,20,1716.0410149834722,53,2851.7116119485254,62.4313933975869,19.287276299999917,171,0.75,1,1000.0,0.55,0.01,200,0.5,0.2,100,500,400,False
data101.vrp,tabu,random,True,73,4567.752626931998,20,1716.0410149834722,53,2851.7116119485254,62.4313933975869,19.085265299999946,171,0.75,1,1000.0,0.55,0.01,200,0.5,0.2,100,500,500,False
data101.vrp,tabu,random,True,73,4567.752626931998,20,1716.0410149834722,53,2851.7116119485254,62.4313933975869,19.249729199999933,171,0.75,1,1000.0,0.55,0.01,200,0.5,0.2,100,750,100,False
data101.vrp,tabu,random,True,73,4567.752626931998,20,1716.0410149834722,53,2851.7116119485254,62.4313933975869,18.72905710000009,171,0.75,1,1000.0,0.55,0.01,200,0.5,0.2,100,750,200,False
data101.vrp,tabu,random,True,73,4567.752626931998,20,1716.0410149834722,53,2851.7116119485254,62.4313933975869,19.503354100000024,171,0.75,1,1000.0,0.55,0.01,200,0.5,0.2,100,750,300,False
data101.vrp,tabu,random,True,73,4567.752626931998,20,1716.0410149834722,53,2851.7116119485254,62.4313933975869,19.95335060000002,171,0.75,1,1000.0,0.55,0.01,200,0.5,0.2,100,750,400,False
data101.vrp,tabu,random,True,73,4567.752626931998,20,1716.0410149834722,53,2851.7116119485254,62.4313933975869,19.820425999999998,171,0.75,1,1000.0,0.55,0.01,200,0.5,0.2,100,750,500,False
data101.vrp,tabu,random,True,73,4567.752626931998,20,1716.0410149834722,53,2851.7116119485254,62.4313933975869,19.92168479999998,171,0.75,1,1000.0,0.55,0.01,200,0.5,0.2,100,1000,100,False
data101.vrp,tabu,random,True,73,4567.752626931998,20,1716.0410149834722,53,2851.7116119485254,62.4313933975869,20.253850899999975,171,0.75,1,1000.0,0.55,0.01,200,0.5,0.2,100,1000,200,False
data101.vrp,tabu,random,True,73,4567.752626931998,20,1716.0410149834722,53,2851.7116119485254,62.4313933975869,20.144294299999956,171,0.75,1,1000.0,0.55,0.01,200,0.5,0.2,100,1000,300,False
data101.vrp,tabu,random,True,73,4567.752626931998,20,1716.0410149834722,53,2851.7116119485254,62.4313933975869,20.039096900000004,171,0.75,1,1000.0,0.55,0.01,200,0.5,0.2,100,1000,400,False
data101.vrp,tabu,random,True,73,4567.752626931998,20,1716.0410149834722,53,2851.7116119485254,62.4313933975869,20.207400399999983,171,0.75,1,1000.0,0.55,0.01,200,0.5,0.2,100,1000,500,False
data101.vrp,tabu,random,True,73,4567.752626931998,20,1716.0410149834722,53,2851.7116119485254,62.4313933975869,19.98715059999995,171,0.75,1,1000.0,0.55,0.01,200,0.5,0.2,100,1250,100,False
data101.vrp,tabu,random,True,73,4567.752626931998,20,1716.0410149834722,53,2851.7116119485254,62.4313933975869,19.76319220000005,171,0.75,1,1000.0,0.55,0.01,200,0.5,0.2,100,1250,200,False
data101.vrp,tabu,random,True,73,4567.752626931998,20,1716.0410149834722,53,2851.7116119485254,62.4313933975869,19.62696230000006,171,0.75,1,1000.0,0.55,0.01,200,0.5,0.2,100,1250,300,False
data101.vrp,tabu,random,True,73,4567.752626931998,20,1716.0410149834722,53,2851.7116119485254,62.4313933975869,19.54840820000004,171,0.75,1,1000.0,0.55,0.01,200,0.5,0.2,100,1250,400,False
data101.vrp,tabu,random,True,73,4567.752626931998,20,1716.0410149834722,53,2851.7116119485254,62.4313933975869,19.565920499999947,171,0.75,1,1000.0,0.55,0.01,200,0.5,0.2,100,1250,500,False
data101.vrp,tabu,random,True,73,4567.752626931998,20,1716.0410149834722,53,2851.7116119485254,62.4313933975869,19.943741899999964,171,0.75,1,1000.0,0.55,0.01,200,0.5,0.2,100,1500,100,False
data101.vrp,tabu,random,True,73,4567.752626931998,20,1716.0410149834722,53,2851.7116119485254,62.4313933975869,19.356217000000015,171,0.75,1,1000.0,0.55,0.01,200,0.5,0.2,100,1500,200,False
data101.vrp,tabu,random,True,73,4567.752626931998,20,1716.0410149834722,53,2851.7116119485254,62.4313933975869,19.382253200000036,171,0.75,1,1000.0,0.55,0.01,200,0.5,0.2,100,1500,300,False
data101.vrp,tabu,greedy,True,37,2623.244873647066,22,1786.865957472958,15,836.3789161741081,31.8833717956075,14.063470000000052,181,0.75,1,1000.0,0.55,0.01,200,0.5,0.2,50,500,100,False
data101.vrp,tabu,random,True,73,4567.752626931998,20,1716.0410149834722,53,2851.7116119485254,62.4313933975869,19.371953500000018,171,0.75,1,1000.0,0.55,0.01,200,0.5,0.2,100,1500,400,False
data101.vrp,tabu,random,True,73,4567.752626931998,20,1716.0410149834722,53,2851.7116119485254,62.4313933975869,19.80982359999996,171,0.75,1,1000.0,0.55,0.01,200,0.5,0.2,100,1500,500,False
data101.vrp,tabu,greedy,True,37,2623.244873647066,20,1703.58475704856,17,919.660116598506,35.058111647804864,28.332005900000013,379,0.75,1,1000.0,0.55,0.01,200,0.5,0.2,50,500,200,False
data101.vrp,tabu,greedy,True,37,2623.244873647066,22,1786.865957472958,15,836.3789161741081,31.8833717956075,13.977968999999916,181,0.75,1,1000.0,0.55,0.01,200,0.5,0.2,50,750,100,False
data101.vrp,tabu,greedy,True,37,2623.244873647066,20,1703.58475704856,17,919.660116598506,35.058111647804864,28.424465699999928,379,0.75,1,1000.0,0.55,0.01,200,0.5,0.2,50,500,300,False
data101.vrp,tabu,greedy,True,37,2623.244873647066,20,1703.58475704856,17,919.660116598506,35.058111647804864,28.12320269999998,379,0.75,1,1000.0,0.55,0.01,200,0.5,0.2,50,500,400,False
data101.vrp,tabu,greedy,True,37,2623.244873647066,20,1703.58475704856,17,919.660116598506,35.058111647804864,28.19653470000003,379,0.75,1,1000.0,0.55,0.01,200,0.5,0.2,50,500,500,False
data101.vrp,tabu,greedy,True,37,2623.244873647066,22,1786.865957472958,15,836.3789161741081,31.8833717956075,14.235654000000068,181,0.75,1,1000.0,0.55,0.01,200,0.5,0.2,50,1000,100,False
data101.vrp,tabu,greedy,True,37,2623.244873647066,20,1703.58475704856,17,919.660116598506,35.058111647804864,29.005541900000026,379,0.75,1,1000.0,0.55,0.01,200,0.5,0.2,50,750,200,False
data101.vrp,tabu,greedy,True,37,2623.244873647066,20,1703.58475704856,17,919.660116598506,35.058111647804864,28.731216899999936,379,0.75,1,1000.0,0.55,0.01,200,0.5,0.2,50,750,300,False
data101.vrp,tabu,greedy,True,37,2623.244873647066,20,1703.58475704856,17,919.660116598506,35.058111647804864,28.423704399999906,379,0.75,1,1000.0,0.55,0.01,200,0.5,0.2,50,750,400,False
data101.vrp,tabu,greedy,True,37,2623.244873647066,20,1703.58475704856,17,919.660116598506,35.058111647804864,28.915589599999976,379,0.75,1,1000.0,0.55,0.01,200,0.5,0.2,50,750,500,False
data101.vrp,tabu,greedy,True,37,2623.244873647066,22,1786.865957472958,15,836.3789161741081,31.8833717956075,13.981062500000007,181,0.75,1,1000.0,0.55,0.01,200,0.5,0.2,50,1250,100,False
data101.vrp,tabu,greedy,True,37,2623.244873647066,20,1703.58475704856,17,919.660116598506,35.058111647804864,28.237698499999965,379,0.75,1,1000.0,0.55,0.01,200,0.5,0.2,50,1000,200,False
data101.vrp,tabu,greedy,True,37,2623.244873647066,20,1703.58475704856,17,919.660116598506,35.058111647804864,28.05324239999993,379,0.75,1,1000.0,0.55,0.01,200,0.5,0.2,50,1000,300,False
data101.vrp,tabu,greedy,True,37,2623.244873647066,20,1703.58475704856,17,919.660116598506,35.058111647804864,28.47779539999999,379,0.75,1,1000.0,0.55,0.01,200,0.5,0.2,50,1000,400,False
data101.vrp,tabu,greedy,True,37,2623.244873647066,20,1703.58475704856,17,919.660116598506,35.058111647804864,29.100024099999928,379,0.75,1,1000.0,0.55,0.01,200,0.5,0.2,50,1000,500,False
data101.vrp,tabu,greedy,True,37,2623.244873647066,22,1786.865957472958,15,836.3789161741081,31.8833717956075,14.422494400000005,181,0.75,1,1000.0,0.55,0.01,200,0.5,0.2,50,1500,100,False
data101.vrp,tabu,greedy,True,37,2623.244873647066,20,1703.58475704856,17,919.660116598506,35.058111647804864,30.510276299999987,379,0.75,1,1000.0,0.55,0.01,200,0.5,0.2,50,1250,200,False
data101.vrp,tabu,greedy,True,37,2623.244873647066,20,1703.58475704856,17,919.660116598506,35.058111647804864,30.349566900000013,379,0.75,1,1000.0,0.55,0.01,200,0.5,0.2,50,1250,300,False
data101.vrp,tabu,greedy,True,37,2623.244873647066,20,1703.58475704856,17,919.660116598506,35.058111647804864,30.384781100000055,379,0.75,1,1000.0,0.55,0.01,200,0.5,0.2,50,1250,400,False
data101.vrp,tabu,greedy,True,37,2623.244873647066,20,1703.58475704856,17,919.660116598506,35.058111647804864,29.994831800000043,379,0.75,1,1000.0,0.55,0.01,200,0.5,0.2,50,1250,500,False
data101.vrp,tabu,greedy,True,37,2623.244873647066,21,1677.9495332310337,16,945.2953404160323,36.03534500009523,17.965580799999998,241,0.75,1,1000.0,0.55,0.01,200,0.5,0.2,60,500,100,False
data101.vrp,tabu,greedy,True,37,2623.244873647066,20,1703.58475704856,17,919.660116598506,35.058111647804864,28.52973200000008,379,0.75,1,1000.0,0.55,0.01,200,0.5,0.2,50,1500,200,False
data101.vrp,tabu,greedy,True,37,2623.244873647066,20,1703.58475704856,17,919.660116598506,35.058111647804864,29.28779910000003,379,0.75,1,1000.0,0.55,0.01,200,0.5,0.2,50,1500,300,False
data101.vrp,tabu,greedy,True,37,2623.244873647066,20,1703.58475704856,17,919.660116598506,35.058111647804864,29.426699999999983,379,0.75,1,1000.0,0.55,0.01,200,0.5,0.2,50,1500,400,False
data101.vrp,tabu,greedy,True,37,2623.244873647066,20,1703.58475704856,17,919.660116598506,35.058111647804864,29.416946399999915,379,0.75,1,1000.0,0.55,0.01,200,0.5,0.2,50,1500,500,False
data101.vrp,tabu,greedy,True,37,2623.244873647066,21,1677.9495332310337,16,945.2953404160323,36.03534500009523,25.650189400000045,341,0.75,1,1000.0,0.55,0.01,200,0.5,0.2,60,500,200,False
data101.vrp,tabu,greedy,True,37,2623.244873647066,21,1677.9495332310337,16,945.2953404160323,36.03534500009523,18.275923999999918,241,0.75,1,1000.0,0.55,0.01,200,0.5,0.2,60,750,100,False
data101.vrp,tabu,greedy,True,37,2623.244873647066,21,1677.9495332310337,16,945.2953404160323,36.03534500009523,28.61218580000002,371,0.75,1,1000.0,0.55,0.01,200,0.5,0.2,60,500,300,False
data101.vrp,tabu,greedy,True,37,2623.244873647066,21,1677.9495332310337,16,945.2953404160323,36.03534500009523,28.350686800000062,371,0.75,1,1000.0,0.55,0.01,200,0.5,0.2,60,500,400,False
data101.vrp,tabu,greedy,True,37,2623.244873647066,21,1677.9495332310337,16,945.2953404160323,36.03534500009523,28.011271100000044,371,0.75,1,1000.0,0.55,0.01,200,0.5,0.2,60,500,500,False
data101.vrp,tabu,greedy,True,37,2623.244873647066,21,1677.9495332310337,16,945.2953404160323,36.03534500009523,26.686763100000007,341,0.75,1,1000.0,0.55,0.01,200,0.5,0.2,60,750,200,False
data101.vrp,tabu,greedy,True,37,2623.244873647066,21,1677.9495332310337,16,945.2953404160323,36.03534500009523,18.506863199999884,241,0.75,1,1000.0,0.55,0.01,200,0.5,0.2,60,1000,100,False
data101.vrp,tabu,greedy,True,37,2623.244873647066,21,1677.9495332310337,16,945.2953404160323,36.03534500009523,28.553386800000112,371,0.75,1,1000.0,0.55,0.01,200,0.5,0.2,60,750,300,False
data101.vrp,tabu,greedy,True,37,2623.244873647066,21,1677.9495332310337,16,945.2953404160323,36.03534500009523,28.12037149999992,371,0.75,1,1000.0,0.55,0.01,200,0.5,0.2,60,750,400,False
data101.vrp,tabu,greedy,True,37,2623.244873647066,21,1677.9495332310337,16,945.2953404160323,36.03534500009523,28.235616800000003,371,0.75,1,1000.0,0.55,0.01,200,0.5,0.2,60,750,500,False
data101.vrp,tabu,greedy,True,37,2623.244873647066,21,1677.9495332310337,16,945.2953404160323,36.03534500009523,25.963433399999985,341,0.75,1,1000.0,0.55,0.01,200,0.5,0.2,60,1000,200,False
data101.vrp,tabu,greedy,True,37,2623.244873647066,21,1677.9495332310337,16,945.2953404160323,36.03534500009523,18.753478200000018,241,0.75,1,1000.0,0.55,0.01,200,0.5,0.2,60,1250,100,False
data101.vrp,tabu,greedy,True,37,2623.244873647066,21,1677.9495332310337,16,945.2953404160323,36.03534500009523,28.446431399999938,371,0.75,1,1000.0,0.55,0.01,200,0.5,0.2,60,1000,300,False
data101.vrp,tabu,greedy,True,37,2623.244873647066,21,1677.9495332310337,16,945.2953404160323,36.03534500009523,28.58791169999995,371,0.75,1,1000.0,0.55,0.01,200,0.5,0.2,60,1000,400,False
data101.vrp,tabu,greedy,True,37,2623.244873647066,21,1677.9495332310337,16,945.2953404160323,36.03534500009523,27.890010600000096,371,0.75,1,1000.0,0.55,0.01,200,0.5,0.2,60,1000,500,False
data101.vrp,tabu,greedy,True,37,2623.244873647066,21,1677.9495332310337,16,945.2953404160323,36.03534500009523,25.433590700000195,341,0.75,1,1000.0,0.55,0.01,200,0.5,0.2,60,1250,200,False
data101.vrp,tabu,greedy,True,37,2623.244873647066,21,1677.9495332310337,16,945.2953404160323,36.03534500009523,18.315543499999876,241,0.75,1,1000.0,0.55,0.01,200,0.5,0.2,60,1500,100,False
data101.vrp,tabu,greedy,True,37,2623.244873647066,21,1677.9495332310337,16,945.2953404160323,36.03534500009523,28.0112380999999,371,0.75,1,1000.0,0.55,0.01,200,0.5,0.2,60,1250,300,False
data101.vrp,tabu,greedy,True,37,2623.244873647066,21,1677.9495332310337,16,945.2953404160323,36.03534500009523,28.633940100000018,371,0.75,1,1000.0,0.55,0.01,200,0.5,0.2,60,1250,400,False
data101.vrp,tabu,greedy,True,37,2623.244873647066,21,1677.9495332310337,16,945.2953404160323,36.03534500009523,28.256910999999945,371,0.75,1,1000.0,0.55,0.01,200,0.5,0.2,60,1250,500,False
data101.vrp,tabu,greedy,True,37,2623.244873647066,22,1777.418967202587,15,845.825906444479,32.24349792661702,13.630544500000042,167,0.75,1,1000.0,0.55,0.01,200,0.5,0.2,70,500,100,False
data101.vrp,tabu,greedy,True,37,2623.244873647066,21,1677.9495332310337,16,945.2953404160323,36.03534500009523,26.971150299999863,341,0.75,1,1000.0,0.55,0.01,200,0.5,0.2,60,1500,200,False
data101.vrp,tabu,greedy,True,37,2623.244873647066,21,1677.9495332310337,16,945.2953404160323,36.03534500009523,28.93822729999988,371,0.75,1,1000.0,0.55,0.01,200,0.5,0.2,60,1500,300,False
data101.vrp,tabu,greedy,True,37,2623.244873647066,21,1677.9495332310337,16,945.2953404160323,36.03534500009523,29.038284900000008,371,0.75,1,1000.0,0.55,0.01,200,0.5,0.2,60,1500,400,False
data101.vrp,tabu,greedy,True,37,2623.244873647066,22,1777.418967202587,15,845.825906444479,32.24349792661702,13.959881800000176,167,0.75,1,1000.0,0.55,0.01,200,0.5,0.2,70,500,200,False
data101.vrp,tabu,greedy,True,37,2623.244873647066,21,1677.9495332310337,16,945.2953404160323,36.03534500009523,29.141652000000022,371,0.75,1,1000.0,0.55,0.01,200,0.5,0.2,60,1500,500,False
data101.vrp,tabu,greedy,True,37,2623.244873647066,22,1777.418967202587,15,845.825906444479,32.24349792661702,13.632433400000082,167,0.75,1,1000.0,0.55,0.01,200,0.5,0.2,70,500,300,False
data101.vrp,tabu,greedy,True,37,2623.244873647066,22,1777.418967202587,15,845.825906444479,32.24349792661702,13.558353099999977,167,0.75,1,1000.0,0.55,0.01,200,0.5,0.2,70,500,400,False
data101.vrp,tabu,greedy,True,37,2623.244873647066,22,1777.418967202587,15,845.825906444479,32.24349792661702,13.237864800000125,167,0.75,1,1000.0,0.55,0.01,200,0.5,0.2,70,500,500,False
data101.vrp,tabu,greedy,True,37,2623.244873647066,22,1777.418967202587,15,845.825906444479,32.24349792661702,13.809232199999997,167,0.75,1,1000.0,0.55,0.01,200,0.5,0.2,70,750,100,False
data101.vrp,tabu,greedy,True,37,2623.244873647066,22,1777.418967202587,15,845.825906444479,32.24349792661702,13.621319699999958,167,0.75,1,1000.0,0.55,0.01,200,0.5,0.2,70,750,200,False
data101.vrp,tabu,greedy,True,37,2623.244873647066,22,1777.418967202587,15,845.825906444479,32.24349792661702,13.709978300000103,167,0.75,1,1000.0,0.55,0.01,200,0.5,0.2,70,750,300,False
data101.vrp,tabu,greedy,True,37,2623.244873647066,22,1777.418967202587,15,845.825906444479,32.24349792661702,13.86250710000013,167,0.75,1,1000.0,0.55,0.01,200,0.5,0.2,70,750,400,False
data101.vrp,tabu,greedy,True,37,2623.244873647066,22,1777.418967202587,15,845.825906444479,32.24349792661702,13.919399899999917,167,0.75,1,1000.0,0.55,0.01,200,0.5,0.2,70,750,500,False
data101.vrp,tabu,greedy,True,37,2623.244873647066,21,1725.3393636696537,16,897.9055099774123,34.22881024176233,7.9652114,108,0.75,1,1000.0,0.55,0.01,200,0.5,0.2,100,1000,300,False
data101.vrp,tabu,greedy,True,37,2623.244873647066,21,1725.3393636696537,16,897.9055099774123,34.22881024176233,8.0604601,108,0.75,1,1000.0,0.55,0.01,200,0.5,0.2,100,1000,100,False
data101.vrp,tabu,greedy,True,37,2623.244873647066,21,1725.3393636696537,16,897.9055099774123,34.22881024176233,8.1932571,108,0.75,1,1000.0,0.55,0.01,200,0.5,0.2,100,1000,400,False
data101.vrp,tabu,greedy,True,37,2623.244873647066,21,1725.3393636696537,16,897.9055099774123,34.22881024176233,8.3147865,108,0.75,1,1000.0,0.55,0.01,200,0.5,0.2,100,1000,200,False
data101.vrp,tabu,greedy,True,37,2623.244873647066,21,1725.3393636696537,16,897.9055099774123,34.22881024176233,8.3951319,108,0.75,1,1000.0,0.55,0.01,200,0.5,0.2,100,1250,100,False
data101.vrp,tabu,greedy,True,37,2623.244873647066,21,1725.3393636696537,16,897.9055099774123,34.22881024176233,8.6927304,108,0.75,1,1000.0,0.55,0.01,200,0.5,0.2,100,1250,300,False
data101.vrp,tabu,greedy,True,37,2623.244873647066,21,1725.3393636696537,16,897.9055099774123,34.22881024176233,8.8281208,108,0.75,1,1000.0,0.55,0.01,200,0.5,0.2,100,1250,200,False
data101.vrp,tabu,greedy,True,37,2623.244873647066,21,1725.3393636696537,16,897.9055099774123,34.22881024176233,8.849659,108,0.75,1,1000.0,0.55,0.01,200,0.5,0.2,100,1500,100,False
data101.vrp,tabu,greedy,True,37,2623.244873647066,21,1725.3393636696537,16,897.9055099774123,34.22881024176233,8.9360281,108,0.75,1,1000.0,0.55,0.01,200,0.5,0.2,100,1250,400,False
data101.vrp,tabu,greedy,True,37,2623.244873647066,21,1725.3393636696537,16,897.9055099774123,34.22881024176233,8.9071249,108,0.75,1,1000.0,0.55,0.01,200,0.5,0.2,100,1500,200,False
data101.vrp,tabu,greedy,True,37,2623.244873647066,21,1725.3393636696537,16,897.9055099774123,34.22881024176233,8.123686,103,0.75,1,1000.0,0.55,0.01,200,0.5,0.2,150,1000,200,False
data101.vrp,tabu,greedy,True,37,2623.244873647066,21,1725.3393636696537,16,897.9055099774123,34.22881024176233,8.595171100000002,108,0.75,1,1000.0,0.55,0.01,200,0.5,0.2,100,1500,300,False
data101.vrp,tabu,greedy,True,37,2623.244873647066,21,1725.3393636696537,16,897.9055099774123,34.22881024176233,8.408418900000001,103,0.75,1,1000.0,0.55,0.01,200,0.5,0.2,150,1000,100,False
data101.vrp,tabu,greedy,True,37,2623.244873647066,21,1725.3393636696537,16,897.9055099774123,34.22881024176233,8.7561793,108,0.75,1,1000.0,0.55,0.01,200,0.5,0.2,100,1500,400,False
data101.vrp,tabu,greedy,True,37,2623.244873647066,21,1725.3393636696537,16,897.9055099774123,34.22881024176233,8.614028399999999,103,0.75,1,1000.0,0.55,0.01,200,0.5,0.2,150,1000,300,False
data101.vrp,tabu,greedy,True,37,2623.244873647066,21,1725.3393636696537,16,897.9055099774123,34.22881024176233,8.173015799999998,103,0.75,1,1000.0,0.55,0.01,200,0.5,0.2,150,1250,100,False
data101.vrp,tabu,greedy,True,37,2623.244873647066,21,1725.3393636696537,16,897.9055099774123,34.22881024176233,8.390626699999995,103,0.75,1,1000.0,0.55,0.01,200,0.5,0.2,150,1000,400,False
data101.vrp,tabu,greedy,True,37,2623.244873647066,21,1725.3393636696537,16,897.9055099774123,34.22881024176233,8.125097400000001,103,0.75,1,1000.0,0.55,0.01,200,0.5,0.2,150,1250,200,False
data101.vrp,tabu,greedy,True,37,2623.244873647066,21,1725.3393636696537,16,897.9055099774123,34.22881024176233,8.544543100000002,103,0.75,1,1000.0,0.55,0.01,200,0.5,0.2,150,1250,300,False
data101.vrp,tabu,greedy,True,37,2623.244873647066,21,1725.3393636696537,16,897.9055099774123,34.22881024176233,8.591649700000001,103,0.75,1,1000.0,0.55,0.01,200,0.5,0.2,150,1250,400,False
data101.vrp,tabu,greedy,True,37,2623.244873647066,21,1725.3393636696537,16,897.9055099774123,34.22881024176233,8.155063300000002,103,0.75,1,1000.0,0.55,0.01,200,0.5,0.2,150,1500,100,False
data101.vrp,tabu,greedy,True,37,2623.244873647066,21,1725.3393636696537,16,897.9055099774123,34.22881024176233,8.1835271,103,0.75,1,1000.0,0.55,0.01,200,0.5,0.2,150,1500,200,False
data101.vrp,tabu,greedy,True,37,2623.244873647066,21,1725.3393636696537,16,897.9055099774123,34.22881024176233,8.259527300000002,103,0.75,1,1000.0,0.55,0.01,200,0.5,0.2,150,1500,300,False
data101.vrp,tabu,greedy,True,37,2623.244873647066,21,1725.3393636696537,16,897.9055099774123,34.22881024176233,8.222887300000004,103,0.75,1,1000.0,0.55,0.01,200,0.5,0.2,150,1500,400,False
data101.vrp,tabu,greedy,True,37,2623.244873647066,21,1725.3393636696537,16,897.9055099774123,34.22881024176233,8.787341300000001,103,0.75,1,1000.0,0.55,0.01,200,0.5,0.2,200,1000,100,False
data101.vrp,tabu,greedy,True,37,2623.244873647066,21,1725.3393636696537,16,897.9055099774123,34.22881024176233,8.4348058,103,0.75,1,1000.0,0.55,0.01,200,0.5,0.2,200,1000,200,False
data101.vrp,tabu,greedy,True,37,2623.244873647066,21,1725.3393636696537,16,897.9055099774123,34.22881024176233,8.309316000000003,103,0.75,1,1000.0,0.55,0.01,200,0.5,0.2,200,1000,300,False
data101.vrp,tabu,greedy,True,37,2623.244873647066,21,1725.3393636696537,16,897.9055099774123,34.22881024176233,8.3260596,103,0.75,1,1000.0,0.55,0.01,200,0.5,0.2,200,1000,400,False
data101.vrp,tabu,greedy,True,37,2623.244873647066,21,1725.3393636696537,16,897.9055099774123,34.22881024176233,8.433843600000003,103,0.75,1,1000.0,0.55,0.01,200,0.5,0.2,200,1250,100,False
data101.vrp,tabu,greedy,True,37,2623.244873647066,21,1725.3393636696537,16,897.9055099774123,34.22881024176233,8.257138400000002,103,0.75,1,1000.0,0.55,0.01,200,0.5,0.2,200,1250,200,False
data101.vrp,tabu,greedy,True,37,2623.244873647066,21,1725.3393636696537,16,897.9055099774123,34.22881024176233,8.137100400000001,103,0.75,1,1000.0,0.55,0.01,200,0.5,0.2,200,1250,300,False
data101.vrp,tabu,greedy,True,37,2623.244873647066,21,1725.3393636696537,16,897.9055099774123,34.22881024176233,8.194076799999998,103,0.75,1,1000.0,0.55,0.01,200,0.5,0.2,200,1250,400,False
data101.vrp,tabu,greedy,True,37,2623.244873647066,21,1725.3393636696537,16,897.9055099774123,34.22881024176233,8.2213833,103,0.75,1,1000.0,0.55,0.01,200,0.5,0.2,200,1500,100,False
data101.vrp,tabu,greedy,True,37,2623.244873647066,21,1725.3393636696537,16,897.9055099774123,34.22881024176233,8.301904199999996,103,0.75,1,1000.0,0.55,0.01,200,0.5,0.2,200,1500,200,False
data101.vrp,tabu,greedy,True,37,2623.244873647066,21,1725.3393636696537,16,897.9055099774123,34.22881024176233,8.2769422,103,0.75,1,1000.0,0.55,0.01,200,0.5,0.2,200,1500,300,False
data101.vrp,tabu,greedy,True,37,2623.244873647066,21,1725.3393636696537,16,897.9055099774123,34.22881024176233,7.036088599999999,103,0.75,1,1000.0,0.55,0.01,200,0.5,0.2,200,1500,400,False
data101.vrp,tabu,greedy,True,37,2623.244873647066,21,1725.3393636696537,16,897.9055099774123,34.22881024176233,6.833695699999993,103,0.75,1,1000.0,0.55,0.01,200,0.5,0.2,200,1500,400,False
data101.vrp,tabu,greedy,True,37,2623.244873647066,21,1725.3393636696537,16,897.9055099774123,34.22881024176233,8.0027211,103,0.75,1,1000.0,0.55,0.01,200,0.5,0.2,500,1250,500,False
data101.vrp,tabu,greedy,True,37,2623.244873647066,21,1725.3393636696537,16,897.9055099774123,34.22881024176233,8.1120205,103,0.75,1,1000.0,0.55,0.01,200,0.5,0.2,250,1000,500,False
data101.vrp,tabu,greedy,True,37,2623.244873647066,21,1725.3393636696537,16,897.9055099774123,34.22881024176233,8.142982100000001,103,0.75,1,1000.0,0.55,0.01,200,0.5,0.2,250,1250,500,False
data101.vrp,tabu,greedy,True,37,2623.244873647066,21,1725.3393636696537,16,897.9055099774123,34.22881024176233,8.2215443,103,0.75,1,1000.0,0.55,0.01,200,0.5,0.2,250,1500,500,False
data101.vrp,tabu,greedy,True,37,2623.244873647066,21,1725.3393636696537,16,897.9055099774123,34.22881024176233,8.3863669,103,0.75,1,1000.0,0.55,0.01,200,0.5,0.2,500,1000,500,False
data101.vrp,tabu,greedy,True,37,2623.244873647066,21,1725.3393636696537,16,897.9055099774123,34.22881024176233,7.142599599999999,103,0.75,1,1000.0,0.55,0.01,200,0.5,0.2,500,1500,500,False
data101.vrp,tabu,greedy,True,37,2623.244873647066,21,1725.3393636696537,16,897.9055099774123,34.22881024176233,6.9814349,103,0.75,1,1000.0,0.55,0.01,200,0.5,0.2,500,1500,500,False
data101.vrp,tabu,greedy,True,37,2623.244873647066,21,1677.9495332310337,16,945.2953404160323,36.03534500009523,25.3840544,371,0.75,1,1000.0,0.55,0.01,200,0.5,0.2,60,500,500,False
data101.vrp,tabu,greedy,True,37,2623.244873647066,21,1677.9495332310337,16,945.2953404160323,36.03534500009523,26.0375803,371,0.75,1,1000.0,0.55,0.01,200,0.5,0.2,60,1000,500,False
data101.vrp,tabu,greedy,True,37,2623.244873647066,21,1677.9495332310337,16,945.2953404160323,36.03534500009523,31.5792657,408,0.75,1,1000.0,0.55,0.01,200,0.5,0.2,60,1250,100,False
data101.vrp,tabu,greedy,True,37,2623.244873647066,21,1677.9495332310337,16,945.2953404160323,36.03534500009523,33.4895073,420,0.75,1,1000.0,0.55,0.01,200,0.5,0.2,60,1000,100,False
data101.vrp,tabu,greedy,True,37,2623.244873647066,21,1677.9495332310337,16,945.2953404160323,36.03534500009523,36.7852047,430,0.75,1,1000.0,0.55,0.01,200,0.5,0.2,60,500,100,False
data101.vrp,tabu,greedy,True,37,2623.244873647066,21,1725.3393636696537,16,897.9055099774123,34.22881024176233,8.1679344,103,0.75,1,1000.0,0.55,0.01,200,0.5,0.2,250,500,100,False
data101.vrp,tabu,greedy,True,37,2623.244873647066,21,1725.3393636696537,16,897.9055099774123,34.22881024176233,8.2446749,103,0.75,1,1000.0,0.55,0.01,200,0.5,0.2,250,500,500,False
data101.vrp,tabu,greedy,True,37,2623.244873647066,21,1725.3393636696537,16,897.9055099774123,34.22881024176233,8.270961100000001,103,0.75,1,1000.0,0.55,0.01,200,0.5,0.2,250,1000,100,False
data101.vrp,tabu,greedy,True,37,2623.244873647066,21,1725.3393636696537,16,897.9055099774123,34.22881024176233,8.578715600000002,103,0.75,1,1000.0,0.55,0.01,200,0.5,0.2,250,1000,500,False
data101.vrp,tabu,greedy,True,37,2623.244873647066,21,1677.9495332310337,16,945.2953404160323,36.03534500009523,28.5481571,371,0.75,1,1000.0,0.55,0.01,200,0.5,0.2,60,1250,500,False
data101.vrp,tabu,greedy,True,37,2623.244873647066,20,1737.1796883468548,17,886.0651853002112,33.77744846474532,30.2451984,382,0.75,1,1000.0,0.55,0.01,200,0.5,0.2,60,1500,100,False
data101.vrp,tabu,greedy,True,37,2623.244873647066,21,1725.3393636696537,16,897.9055099774123,34.22881024176233,8.793365199999997,103,0.75,1,1000.0,0.55,0.01,200,0.5,0.2,250,1250,100,False
data101.vrp,tabu,greedy,True,37,2623.244873647066,21,1677.9495332310337,16,945.2953404160323,36.03534500009523,28.765116999999996,371,0.75,1,1000.0,0.55,0.01,200,0.5,0.2,60,1500,500,False
data101.vrp,tabu,greedy,True,37,2623.244873647066,21,1725.3393636696537,16,897.9055099774123,34.22881024176233,9.2795335,103,0.75,1,1000.0,0.55,0.01,200,0.5,0.2,250,1250,500,False
data101.vrp,tabu,greedy,True,37,2623.244873647066,21,1725.3393636696537,16,897.9055099774123,34.22881024176233,9.680631400000003,103,0.75,1,1000.0,0.55,0.01,200,0.5,0.2,250,1500,100,False
data101.vrp,tabu,greedy,True,37,2623.244873647066,21,1725.3393636696537,16,897.9055099774123,34.22881024176233,10.081936899999995,103,0.75,1,1000.0,0.55,0.01,200,0.5,0.2,250,1500,500,False
data101.vrp,tabu,greedy,True,37,2623.244873647066,21,1725.3393636696537,16,897.9055099774123,34.22881024176233,10.345205700000001,103,0.75,1,1000.0,0.55,0.01,200,0.5,0.2,500,500,100,False
data101.vrp,tabu,greedy,True,37,2623.244873647066,21,1725.3393636696537,16,897.9055099774123,34.22881024176233,11.1033611,103,0.75,1,1000.0,0.55,0.01,200,0.5,0.2,500,500,500,False
data101.vrp,tabu,greedy,True,37,2623.244873647066,21,1725.3393636696537,16,897.9055099774123,34.22881024176233,10.926788399999992,103,0.75,1,1000.0,0.55,0.01,200,0.5,0.2,500,1000,100,False
data101.vrp,tabu,greedy,True,37,2623.244873647066,21,1725.3393636696537,16,897.9055099774123,34.22881024176233,10.973944300000014,103,0.75,1,1000.0,0.55,0.01,200,0.5,0.2,500,1000,500,False
data101.vrp,tabu,greedy,True,37,2623.244873647066,21,1725.3393636696537,16,897.9055099774123,34.22881024176233,10.742198200000004,103,0.75,1,1000.0,0.55,0.01,200,0.5,0.2,500,1250,100,False
data101.vrp,tabu,greedy,True,37,2623.244873647066,21,1725.3393636696537,16,897.9055099774123,34.22881024176233,9.902986600000006,103,0.75,1,1000.0,0.55,0.01,200,0.5,0.2,500,1250,500,False
data101.vrp,tabu,greedy,True,37,2623.244873647066,21,1725.3393636696537,16,897.9055099774123,34.22881024176233,9.28883780000001,103,0.75,1,1000.0,0.55,0.01,200,0.5,0.2,500,1500,100,False
data101.vrp,tabu,greedy,True,37,2623.244873647066,21,1725.3393636696537,16,897.9055099774123,34.22881024176233,8.320127599999992,103,0.75,1,1000.0,0.55,0.01,200,0.5,0.2,500,1500,500,False
data101.vrp,tabu,greedy,True,37,2623.244873647066,20,1712.7303498049143,17,910.5145238421517,34.70947500895234,27.196129499999998,375,0.75,1,1000.0,0.55,0.01,200,0.5,0.2,60,1500,100,False
data101.vrp,tabu,greedy,True,37,2623.244873647066,20,1738.2083479726916,17,885.0365256743744,33.73823521263262,31.246155299999998,403,0.75,1,1000.0,0.55,0.01,200,0.5,0.2,55,1000,500,False
data101.vrp,tabu,greedy,True,37,2623.244873647066,20,1738.2083479726916,17,885.0365256743744,33.73823521263262,31.724119599999998,403,0.75,1,1000.0,0.55,0.01,200,0.5,0.2,55,500,500,False
data101.vrp,tabu,greedy,True,37,2623.244873647066,21,1714.04057272895,16,909.2043009181159,34.659528359396354,39.0619241,462,0.75,1,1000.0,0.55,0.01,200,0.5,0.2,55,500,100,False
data101.vrp,tabu,greedy,True,37,2623.244873647066,20,1690.0341229252049,17,933.2107507218611,35.574671663207305,39.5039519,477,0.75,1,1000.0,0.55,0.01,200,0.5,0.2,55,1000,100,False
data101.vrp,tabu,greedy,True,37,2623.244873647066,20,1738.2083479726916,17,885.0365256743744,33.73823521263262,31.159508799999998,403,0.75,1,1000.0,0.55,0.01,200,0.5,0.2,55,1250,500,False
data101.vrp,tabu,greedy,True,37,2623.244873647066,20,1738.2083479726916,17,885.0365256743744,33.73823521263262,31.171031,403,0.75,1,1000.0,0.55,0.01,200,0.5,0.2,55,1500,500,False
data101.vrp,tabu,greedy,True,37,2623.244873647066,21,1677.9495332310337,16,945.2953404160323,36.03534500009523,37.64956289999999,192,0.75,1,1000.0,0.55,0.01,200,0.5,0.2,60,500,100,False
data101.vrp,tabu,greedy,True,37,2623.244873647066,21,1754.7149845366253,16,868.5298891104408,33.10899023707741,90.9195573,242,0.75,1,1000.0,0.55,0.01,200,0.5,0.2,55,1250,100,False
data101.vrp,tabu,greedy,True,37,2623.244873647066,21,1677.9495332310337,16,945.2953404160323,36.03534500009523,28.8137283,371,0.75,1,1000.0,0.55,0.01,200,0.5,0.2,60,500,500,False
data101.vrp,tabu,greedy,True,37,2623.244873647066,21,1677.9495332310337,16,945.2953404160323,36.03534500009523,28.369961899999993,371,0.75,1,1000.0,0.55,0.01,200,0.5,0.2,60,1000,500,False
data101.vrp,tabu,greedy,True,37,2623.244873647066,20,1680.5784119672485,17,942.6664616798175,35.93513023316194,25.2538579,298,0.75,1,1000.0,0.55,0.01,200,0.5,0.2,60,1250,100,False
data101.vrp,tabu,greedy,True,37,2623.244873647066,21,1677.9495332310337,16,945.2953404160323,36.03534500009523,28.778734200000002,371,0.75,1,1000.0,0.55,0.01,200,0.5,0.2,60,1250,500,False
data101.vrp,tabu,greedy,True,37,2623.244873647066,20,1695.2323593317396,17,928.0125143153264,35.376511115606284,13.386851899999982,172,0.75,1,1000.0,0.55,0.01,200,0.5,0.2,65,500,100,False
data101.vrp,tabu,greedy,True,37,2623.244873647066,20,1706.359187558452,17,916.885686088614,34.952348341536215,29.065517699999987,327,0.75,1,1000.0,0.55,0.01,200,0.5,0.2,60,1500,100,False
data101.vrp,tabu,greedy,True,37,2623.244873647066,20,1680.6156874232322,17,942.6291862238338,35.93370926570449,107.9241811,599,0.75,1,1000.0,0.55,0.01,200,0.5,0.2,55,1500,100,False
data101.vrp,tabu,greedy,True,37,2623.244873647066,21,1677.9495332310337,16,945.2953404160323,36.03534500009523,72.13870929999999,396,0.75,1,1000.0,0.55,0.01,200,0.5,0.2,60,1000,100,False
data101.vrp,tabu,greedy,True,37,2623.244873647066,21,1677.9495332310337,16,945.2953404160323,36.03534500009523,28.68251860000001,371,0.75,1,1000.0,0.55,0.01,200,0.5,0.2,60,1500,500,False
data101.vrp,tabu,greedy,True,37,2623.244873647066,20,1695.2323593317396,17,928.0125143153264,35.376511115606284,14.62752359999999,172,0.75,1,1000.0,0.55,0.01,200,0.5,0.2,65,500,500,False
data101.vrp,tabu,greedy,True,37,2623.244873647066,20,1695.2323593317396,17,928.0125143153264,35.376511115606284,14.430392299999994,172,0.75,1,1000.0,0.55,0.01,200,0.5,0.2,65,1000,100,False
data101.vrp,tabu,greedy,True,37,2623.244873647066,20,1695.2323593317396,17,928.0125143153264,35.376511115606284,14.448108200000007,172,0.75,1,1000.0,0.55,0.01,200,0.5,0.2,65,1000,500,False
data101.vrp,tabu,greedy,True,37,2623.244873647066,20,1695.2323593317396,17,928.0125143153264,35.376511115606284,14.521813199999997,172,0.75,1,1000.0,0.55,0.01,200,0.5,0.2,65,1250,100,False
data101.vrp,tabu,greedy,True,37,2623.244873647066,20,1695.2323593317396,17,928.0125143153264,35.376511115606284,13.876565999999997,172,0.75,1,1000.0,0.55,0.01,200,0.5,0.2,65,1250,500,False
data101.vrp,tabu,greedy,True,37,2623.244873647066,20,1695.2323593317396,17,928.0125143153264,35.376511115606284,13.223008399999998,172,0.75,1,1000.0,0.55,0.01,200,0.5,0.2,65,1500,100,False
data101.vrp,tabu,greedy,True,37,2623.244873647066,20,1695.2323593317396,17,928.0125143153264,35.376511115606284,12.939591300000018,172,0.75,1,1000.0,0.55,0.01,200,0.5,0.2,65,1500,500,False
data101.vrp,tabu,greedy,True,37,2623.244873647066,21,1677.9495332310337,16,945.2953404160323,36.03534500009523,73.73932489999999,243,0.75,1,1000.0,0.55,0.01,200,0.5,0.2,60,1250,100,False
data101.vrp,tabu,greedy,True,37,2623.244873647066,20,1739.2016971686119,17,884.0431764784541,33.70036801975637,23.9400902,254,0.75,1,1000.0,0.55,0.01,200,0.5,0.2,58,1500,100,False
data101.vrp,tabu,greedy,True,37,2623.244873647066,20,1683.6537795539002,17,939.5910940931658,35.81789498693896,27.0222347,338,0.75,1,1000.0,0.55,0.01,200,0.5,0.2,58,1000,100,False
data101.vrp,tabu,greedy,True,37,2623.244873647066,20,1717.73244324993,17,905.5124303971361,34.518791573514555,30.4621319,359,0.75,1,1000.0,0.55,0.01,200,0.5,0.2,59,1000,100,False
data101.vrp,tabu,greedy,True,37,2623.244873647066,20,1713.1013653538505,17,910.1435082932155,34.69533162673655,50.54421860000001,513,0.75,1,1000.0,0.55,0.01,200,0.5,0.2,59,1500,100,False
data101.vrp,tabu,greedy,True,37,2623.244873647066,22,1744.1057417598133,15,879.1391318872527,33.51342227784462,92.505248,170,0.75,1,1000.0,0.55,0.01,200,0.5,0.2,59,1250,100,False
data101.vrp,tabu,greedy,True,37,2623.244873647066,21,1754.0821786829342,16,869.1626949641318,33.13311325586411,92.61992070000001,187,0.75,1,1000.0,0.55,0.01,200,0.5,0.2,58,1250,100,False
data101.vrp,tabu,greedy,True,37,2623.244873647066,21,1677.9495332310337,16,945.2953404160323,36.03534500009523,75.6343928,243,0.75,1,1000.0,0.55,0.01,200,0.5,0.2,60,1000,100,False
data101.vrp,tabu,greedy,True,37,2623.244873647066,21,1677.9495332310337,16,945.2953404160323,36.03534500009523,93.8675742,243,0.75,1,1000.0,0.55,0.01,200,0.5,0.2,60,1250,100,False
data101.vrp,tabu,greedy,True,37,2623.244873647066,20,1693.9233564108958,17,929.3215172361702,35.42641125775443,34.70962220000001,406,0.75,1,1000.0,0.55,0.01,200,0.5,0.2,61,1000,100,False
data101.vrp,tabu,greedy,True,37,2623.244873647066,20,1707.8038476509673,17,915.4410259960987,34.89727684946819,55.103218600000005,537,0.75,1,1000.0,0.55,0.01,200,0.5,0.2,60,1500,100,False
data101.vrp,tabu,greedy,True,37,2623.244873647066,20,1753.2194020518941,17,870.0254715951719,33.16600292772462,33.742851900000005,350,0.75,1,1000.0,0.55,0.01,200,0.5,0.2,62,1500,100,False
data101.vrp,tabu,greedy,True,37,2623.244873647066,20,1749.1984008846755,17,874.0464727623905,33.31928641290792,39.386905999999996,474,0.75,1,1000.0,0.55,0.01,200,0.5,0.2,62,1000,100,False
data101.vrp,tabu,greedy,True,37,2623.244873647066,21,1674.1594989445603,16,949.0853747025058,36.17982386001974,40.65535399999999,427,0.75,1,1000.0,0.55,0.01,200,0.5,0.2,62,1250,100,False
data101.vrp,tabu,greedy,True,37,2623.244873647066,21,1674.1594989445603,16,949.0853747025058,36.17982386001974,89.21537149999999,249,0.75,1,1000.0,0.55,0.01,200,0.5,0.2,61,1250,100,False
data101.vrp,tabu,greedy,True,37,2623.244873647066,21,1674.1594989445603,16,949.0853747025058,36.17982386001974,102.31154589999998,198,0.75,1,1000.0,0.55,0.01,200,0.5,0.2,61,1500,100,False
data101.vrp,tabu,greedy,True,37,2623.244873647066,20,1788.874601943665,17,834.3702717034009,31.806800809387877,28.976555700000006,458,0.75,1,1000.0,0.55,0.01,200,0.5,0.2,58,1000,100,False
data101.vrp,tabu,greedy,True,37,2623.244873647066,21,1677.9495332310337,16,945.2953404160323,36.03534500009523,17.941208,241,0.75,1,1000.0,0.55,0.01,200,0.5,0.2,60,3000,100,False
data101.vrp,tabu,greedy,True,37,2623.244873647066,21,1677.9495332310337,16,945.2953404160323,36.03534500009523,18.26479,241,0.75,1,1000.0,0.55,0.01,200,0.5,0.2,60,2000,100,False
data101.vrp,tabu,greedy,True,37,2623.244873647066,21,1677.9495332310337,16,945.2953404160323,36.03534500009523,27.3923236,371,0.75,1,1000.0,0.55,0.01,200,0.5,0.2,60,2000,1000,False
data101.vrp,tabu,greedy,True,37,2623.244873647066,21,1677.9495332310337,16,945.2953404160323,36.03534500009523,27.431493099999997,371,0.75,1,1000.0,0.55,0.01,200,0.5,0.2,60,2000,1500,False
data101.vrp,tabu,greedy,True,37,2623.244873647066,21,1677.9495332310337,16,945.2953404160323,36.03534500009523,27.9981063,371,0.75,1,1000.0,0.55,0.01,200,0.5,0.2,60,2000,2000,False
data101.vrp,tabu,greedy,True,37,2623.244873647066,21,1677.9495332310337,16,945.2953404160323,36.03534500009523,19.061106,241,0.75,1,1000.0,0.55,0.01,200,0.5,0.2,60,4000,100,False
data101.vrp,tabu,greedy,True,37,2623.244873647066,21,1677.9495332310337,16,945.2953404160323,36.03534500009523,29.079026199999998,371,0.75,1,1000.0,0.55,0.01,200,0.5,0.2,60,3000,1000,False
data101.vrp,tabu,greedy,True,37,2623.244873647066,21,1677.9495332310337,16,945.2953404160323,36.03534500009523,29.1969155,371,0.75,1,1000.0,0.55,0.01,200,0.5,0.2,60,3000,1500,False
data101.vrp,tabu,greedy,True,37,2623.244873647066,21,1677.9495332310337,16,945.2953404160323,36.03534500009523,28.547065999999997,371,0.75,1,1000.0,0.55,0.01,200,0.5,0.2,60,3000,2000,False
data101.vrp,tabu,greedy,True,37,2623.244873647066,21,1677.9495332310337,16,945.2953404160323,36.03534500009523,29.337722300000003,371,0.75,1,1000.0,0.55,0.01,200,0.5,0.2,60,4000,1000,False
data101.vrp,tabu,greedy,True,37,2623.244873647066,21,1677.9495332310337,16,945.2953404160323,36.03534500009523,19.71606599999999,241,0.75,1,1000.0,0.55,0.01,200,0.5,0.2,60,5000,100,False
data101.vrp,tabu,greedy,True,37,2623.244873647066,21,1677.9495332310337,16,945.2953404160323,36.03534500009523,29.1061361,371,0.75,1,1000.0,0.55,0.01,200,0.5,0.2,60,4000,1500,False
data101.vrp,tabu,greedy,True,37,2623.244873647066,21,1677.9495332310337,16,945.2953404160323,36.03534500009523,29.538614600000002,371,0.75,1,1000.0,0.55,0.01,200,0.5,0.2,60,4000,2000,False
data101.vrp,tabu,greedy,True,37,2623.244873647066,21,1677.9495332310337,16,945.2953404160323,36.03534500009523,28.5381171,371,0.75,1,1000.0,0.55,0.01,200,0.5,0.2,60,5000,1000,False
data101.vrp,tabu,greedy,True,37,2623.244873647066,21,1677.9495332310337,16,945.2953404160323,36.03534500009523,29.2406066,371,0.75,1,1000.0,0.55,0.01,200,0.5,0.2,60,5000,1500,False
data101.vrp,tabu,greedy,True,37,2623.244873647066,21,1677.9495332310337,16,945.2953404160323,36.03534500009523,28.610043399999995,371,0.75,1,1000.0,0.55,0.01,200,0.5,0.2,60,5000,2000,False
data101.vrp,tabu,greedy,True,37,2623.244873647066,21,1797.8552245638657,16,825.3896490832003,31.464452951953014,22.195204900000007,286,0.75,1,1000.0,0.55,0.01,200,0.5,0.2,66,2000,100,False
data101.vrp,tabu,greedy,True,37,2623.244873647066,21,1797.8552245638657,16,825.3896490832003,31.464452951953014,22.659146800000002,286,0.75,1,1000.0,0.55,0.01,200,0.5,0.2,66,2000,1000,False
data101.vrp,tabu,greedy,True,37,2623.244873647066,21,1797.8552245638657,16,825.3896490832003,31.464452951953014,22.35395240000001,286,0.75,1,1000.0,0.55,0.01,200,0.5,0.2,66,2000,1500,False
data101.vrp,tabu,greedy,True,37,2623.244873647066,21,1797.8552245638657,16,825.3896490832003,31.464452951953014,22.447810599999997,286,0.75,1,1000.0,0.55,0.01,200,0.5,0.2,66,2000,2000,False
data101.vrp,tabu,greedy,True,37,2623.244873647066,21,1797.8552245638657,16,825.3896490832003,31.464452951953014,22.578224899999995,286,0.75,1,1000.0,0.55,0.01,200,0.5,0.2,66,3000,100,False
data101.vrp,tabu,greedy,True,37,2623.244873647066,21,1797.8552245638657,16,825.3896490832003,31.464452951953014,22.490931500000002,286,0.75,1,1000.0,0.55,0.01,200,0.5,0.2,66,3000,1000,False
data101.vrp,tabu,greedy,True,37,2623.244873647066,21,1797.8552245638657,16,825.3896490832003,31.464452951953014,22.58999200000001,286,0.75,1,1000.0,0.55,0.01,200,0.5,0.2,66,3000,1500,False
data101.vrp,tabu,greedy,True,37,2623.244873647066,21,1797.8552245638657,16,825.3896490832003,31.464452951953014,22.18853680000001,286,0.75,1,1000.0,0.55,0.01,200,0.5,0.2,66,3000,2000,False
data101.vrp,tabu,greedy,True,37,2623.244873647066,21,1797.8552245638657,16,825.3896490832003,31.464452951953014,22.45174019999999,286,0.75,1,1000.0,0.55,0.01,200,0.5,0.2,66,4000,100,False
data101.vrp,tabu,greedy,True,37,2623.244873647066,21,1797.8552245638657,16,825.3896490832003,31.464452951953014,22.905044399999994,286,0.75,1,1000.0,0.55,0.01,200,0.5,0.2,66,4000,1000,False
data101.vrp,tabu,greedy,True,37,2623.244873647066,21,1797.8552245638657,16,825.3896490832003,31.464452951953014,22.13245339999999,286,0.75,1,1000.0,0.55,0.01,200,0.5,0.2,66,4000,1500,False
data101.vrp,tabu,greedy,True,37,2623.244873647066,21,1797.8552245638657,16,825.3896490832003,31.464452951953014,22.78092360000001,286,0.75,1,1000.0,0.55,0.01,200,0.5,0.2,66,4000,2000,False
data101.vrp,tabu,greedy,True,37,2623.244873647066,21,1797.8552245638657,16,825.3896490832003,31.464452951953014,21.983610700000014,286,0.75,1,1000.0,0.55,0.01,200,0.5,0.2,66,5000,100,False
data101.vrp,tabu,greedy,True,37,2623.244873647066,21,1797.8552245638657,16,825.3896490832003,31.464452951953014,21.67462839999999,286,0.75,1,1000.0,0.55,0.01,200,0.5,0.2,66,5000,1000,False
data101.vrp,tabu,greedy,True,37,2623.244873647066,21,1797.8552245638657,16,825.3896490832003,31.464452951953014,20.206164599999994,286,0.75,1,1000.0,0.55,0.01,200,0.5,0.2,66,5000,1500,False
data101.vrp,tabu,greedy,True,37,2623.244873647066,21,1797.8552245638657,16,825.3896490832003,31.464452951953014,19.800104500000003,286,0.75,1,1000.0,0.55,0.01,200,0.5,0.2,66,5000,2000,False
data101.vrp,tabu,greedy,True,37,2623.244873647066,21,1677.9495332310337,16,945.2953404160323,36.03534500009523,14.9631397,241,0.75,1,1000.0,0.55,0.01,200,0.5,0.2,60,3000,100,False
data101.vrp,tabu,greedy,True,37,2623.244873647066,21,1677.9495332310337,16,945.2953404160323,36.03534500009523,27.1125514,371,0.75,1,1000.0,0.55,0.01,200,0.5,0.2,60,5000,1000,False
data101.vrp,tabu,greedy,True,37,2623.244873647066,21,1677.9495332310337,16,945.2953404160323,36.03534500009523,27.9794509,371,0.75,1,1000.0,0.55,0.01,200,0.5,0.2,60,1250,1000,False
data101.vrp,tabu,greedy,True,37,2623.244873647066,20,1702.1301521628466,17,921.1147214842194,35.113562242613085,29.0881671,319,0.75,1,1000.0,0.55,0.01,200,0.5,0.2,60,5000,100,False
data101.vrp,tabu,greedy,True,37,2623.244873647066,20,1724.175393255519,17,899.0694803915469,34.27318163940911,30.187941799999997,361,0.75,1,1000.0,0.55,0.01,200,0.5,0.2,60,1250,100,False
data101.vrp,tabu,greedy,True,37,2623.244873647066,21,1674.1594989445603,16,949.0853747025058,36.17982386001974,32.1555961,378,0.75,1,1000.0,0.55,0.01,200,0.5,0.2,61,1250,100,False
data101.vrp,tabu,greedy,True,37,2623.244873647066,20,1832.5931517933448,17,790.6517218537213,30.140217933771755,23.419020399999997,331,0.75,1,1000.0,0.55,0.01,200,0.5,0.2,61,1250,1000,False
data101.vrp,tabu,greedy,True,37,2623.244873647066,20,1832.5931517933448,17,790.6517218537213,30.140217933771755,23.4709378,331,0.75,1,1000.0,0.55,0.01,200,0.5,0.2,61,5000,1000,False
data101.vrp,tabu,greedy,True,37,2623.244873647066,21,1674.1594989445603,16,949.0853747025058,36.17982386001974,280.4330621,402,0.75,1,1000.0,0.55,0.01,200,0.5,0.2,61,5000,100,False
data101.vrp,tabu,greedy,True,37,2623.244873647066,21,1677.9495332310337,16,945.2953404160323,36.03534500009523,24636.471918,396,0.75,1,1000.0,0.55,0.01,200,0.5,0.2,60,5000,100,False
data101.vrp,milp,greedy,False,10,1371.1751926284178,11,1065.6871345823095,-1,305.48805804610834,22.279287117243975,240.4352495,5,0.75,42,1000.0,0.55,0.01,200,0.5,0.2,10,200,50,False,,60.0,0.0
data111.vrp,sa,random,True,71,4448.776235076591,21,1747.80601328866,50,2700.9702217879303,60.712656224244334,3.3067013,1640,0.75,2,1000.0,0.55,0.01,200,0.5,0.2,10,200,50,False
data112.vrp,sa,random,True,71,4448.776235076591,21,1747.80601328866,50,2700.9702217879303,60.712656224244334,3.3108513999999998,1640,0.75,2,1000.0,0.55,0.01,200,0.5,0.2,10,200,50,False
data111.vrp,sa,random,True,72,4495.8579072864895,21,1714.169653398661,51,2781.6882538878285,61.872245770479395,3.3405533999999997,1623,0.75,3,1000.0,0.55,0.01,200,0.5,0.2,10,200,50,False
data112.vrp,sa,random,True,72,4495.8579072864895,21,1714.169653398661,51,2781.6882538878285,61.872245770479395,3.4671992,1623,0.75,3,1000.0,0.55,0.01,200,0.5,0.2,10,200,50,False
data112.vrp,sa,random,True,73,4567.752626931998,20,1700.7396790674086,53,2867.0129478645895,62.76637948737306,3.6106892000000004,1637,0.75,1,1000.0,0.55,0.01,200,0.5,0.2,10,200,50,False
data111.vrp,sa,random,True,73,4567.752626931998,20,1700.7396790674086,53,2867.0129478645895,62.76637948737306,3.6794904,1637,0.75,1,1000.0,0.55,0.01,200,0.5,0.2,10,200,50,False
data112.vrp,sa,random,True,34,3938.388542284393,16,1420.0701488561963,18,2518.318393428197,63.942863087030275,0.6215600000000001,1724,0.75,1,1000.0,0.55,0.01,200,0.5,0.2,10,200,50,False
data112.vrp,sa,random,True,31,3823.149206938433,17,1420.526289727428,14,2402.622917211005,62.84407924364058,0.5997533000000002,1714,0.75,3,1000.0,0.55,0.01,200,0.5,0.2,10,200,50,False
data111.vrp,sa,random,True,39,3967.5880028700194,19,1526.8866062259726,20,2440.701396644047,61.51599901195703,0.6078237,1720,0.75,3,1000.0,0.55,0.01,200,0.5,0.2,10,200,50,False
data112.vrp,sa,random,True,31,3707.30291204295,16,1434.0656919065123,15,2273.237220136438,61.31781713201701,0.6485592,1689,0.75,2,1000.0,0.55,0.01,200,0.5,0.2,10,200,50,False
data111.vrp,sa,random,True,41,3987.010345609094,18,1510.8892632350041,23,2476.1210823740903,62.10470672846509,0.7144491000000002,1721,0.75,1,1000.0,0.55,0.01,200,0.5,0.2,10,200,50,False
data111.vrp,sa,random,True,41,3942.473918920051,17,1530.351088914506,24,2412.122830005545,61.182974944480804,0.7163590000000002,1734,0.75,2,1000.0,0.55,0.01,200,0.5,0.2,10,200,50,False
data112.vrp,sa,random,True,34,3938.388542284393,16,1420.0701488561963,18,2518.318393428197,63.942863087030275,0.7311421000000002,1724,0.75,1,1000.0,0.55,0.01,200,0.5,0.2,10,200,50,False
data111.vrp,sa,random,True,41,3987.010345609094,18,1510.8892632350041,23,2476.1210823740903,62.10470672846509,0.8577490000000001,1721,0.75,1,1000.0,0.55,0.01,200,0.5,0.2,10,200,50,False
data111.vrp,sa,random,True,41,3942.473918920051,17,1530.351088914506,24,2412.122830005545,61.182974944480804,0.8501259000000001,1734,0.75,2,1000.0,0.55,0.01,200,0.5,0.2,10,200,50,False
data112.vrp,sa,random,True,31,3707.30291204295,16,1434.0656919065123,15,2273.237220136438,61.31781713201701,0.8187263,1689,0.75,2,1000.0,0.55,0.01,200,0.5,0.2,10,200,50,False
data111.vrp,sa,greedy,True,19,1678.1638567240575,17,1431.1742279057423,2,246.98962881831517,14.717849382149337,0.9563794000000003,1800,0.75,2,1000.0,0.55,0.01,200,0.5,0.2,10,200,50,False
data111.vrp,sa,greedy,True,19,1678.1638567240575,16,1391.8961204333202,3,286.2677362907373,17.05839004598516,1.0602789000000001,1742,0.75,1,1000.0,0.55,0.01,200,0.5,0.2,10,200,50,False
data112.vrp,sa,greedy,True,15,1474.655651549161,14,1285.3699374450293,1,189.28571410413156,12.835926401209829,1.3440322000000002,1784,0.75,1,1000.0,0.55,0.01,200,0.5,0.2,10,200,50,False
data111.vrp,sa,random,True,39,3967.5880028700194,19,1526.8866062259726,20,2440.701396644047,61.51599901195703,0.703506,1720,0.75,3,1000.0,0.55,0.01,200,0.5,0.2,10,200,50,False
data112.vrp,sa,random,True,31,3823.149206938433,17,1420.526289727428,14,2402.622917211005,62.84407924364058,0.6629940000000003,1714,0.75,3,1000.0,0.55,0.01,200,0.5,0.2,10,200,50,False
data112.vrp,sa,greedy,True,15,1474.655651549161,14,1259.501772569139,1,215.153878980022,14.590109816756048,1.3499495999999997,1737,0.75,2,1000.0,0.55,0.01,200,0.5,0.2,10,200,50,False
data111.vrp,sa,greedy,True,19,1678.1638567240575,17,1497.4815311281532,2,180.68232559590433,10.76666768098642,0.8131904000000003,1683,0.75,3,1000.0,0.55,0.01,200,0.5,0.2,10,200,50,False
data112.vrp,sa,greedy,True,15,1474.655651549161,14,1194.5135441403509,1,280.14210740881003,18.99712025071847,1.0825479999999996,1747,0.75,3,1000.0,0.55,0.01,200,0.5,0.2,10,200,50,False
data102.vrp,sa,random,True,59,4306.217752088,22,1756.6425315041786,37,2549.5752205838216,59.20683456723903,1.0488420999999999,1775,0.75,1,1000.0,0.55,0.01,200,0.5,0.2,10,200,50,False
data102.vrp,sa,greedy,True,34,2442.783334468638,20,1696.8225485966439,14,745.960785871994,30.537329092850467,1.2102562,1762,0.75,1,1000.0,0.55,0.01,200,0.5,0.2,10,200,50,False
data102.vrp,sa,random,True,61,4250.835602292883,21,1733.9346576536311,40,2516.900944639252,59.20955736988855,1.0677764,1726,0.75,2,1000.0,0.55,0.01,200,0.5,0.2,10,200,50,False
data102.vrp,sa,greedy,True,34,2442.783334468638,21,1698.9655869550015,13,743.8177475136363,30.44959972577486,1.0843075,1766,0.75,2,1000.0,0.55,0.01,200,0.5,0.2,10,200,50,False
data102.vrp,sa,random,True,56,4315.313712499407,22,1772.5862386461824,34,2542.727473853225,58.92335165548116,1.1835047000000003,1764,0.75,3,1000.0,0.55,0.01,200,0.5,0.2,10,200,50,False
data102.vrp,sa,greedy,True,34,2442.783334468638,21,1728.6623550272336,13,714.1209794414042,29.233905822300123,1.1530055,1724,0.75,3,1000.0,0.55,0.01,200,0.5,0.2,10,200,50,False
data101.vrp,sa,random,True,71,4448.776235076591,21,1747.80601328866,50,2700.9702217879303,60.712656224244334,4.0534461,1640,0.75,2,1000.0,0.55,0.01,200,0.5,0.2,10,200,50,False
data101.vrp,sa,greedy,True,37,2623.244873647066,22,1761.4620282307726,15,861.7828454162934,32.851788030683046,4.2371385,1666,0.75,2,1000.0,0.55,0.01,200,0.5,0.2,10,200,50,False
data101.vrp,sa,random,True,72,4495.8579072864895,21,1714.169653398661,51,2781.6882538878285,61.872245770479395,4.3152958,1623,0.75,3,1000.0,0.55,0.01,200,0.5,0.2,10,200,50,False
data101.vrp,sa,greedy,True,37,2623.244873647066,21,1723.993791221086,16,899.25108242598,34.280104440869906,4.3531845,1641,0.75,1,1000.0,0.55,0.01,200,0.5,0.2,10,200,50,False
data101.vrp,sa,random,True,73,4567.752626931998,20,1700.7396790674086,53,2867.0129478645895,62.76637948737306,4.6212169,1637,0.75,1,1000.0,0.55,0.01,200,0.5,0.2,10,200,50,False
data101.vrp,sa,greedy,True,37,2623.244873647066,21,1729.1690029272268,16,894.0758707198393,34.08282161157209,4.704633599999999,1675,0.75,3,1000.0,0.55,0.01,200,0.5,0.2,10,200,50,False
